pool_id	lane	lane_id	run_accession	sample_accession	experiment_accession	source_stem	r1_url	r1_bytes	r1_md5	r2_url	r2_bytes	r2_md5
CD4i_R1_L01-23	1	CD4i_R1L01	SRR36093557	SAMN53299868	SRX31139089	418762-CD4i_R1L01_GEX-Z0104-CATGCAGCGCTAATGAT_S1_L001	https://sra-pub-src-2.s3.amazonaws.com/SRR36093557/418762-CD4i_R1L01_GEX-Z0104-CATGCAGCGCTAATGAT_S1_L001_R1_001.fastq.gz.1	35563488516	144651b906d90b0312178e428fe3b54c	https://sra-pub-src-2.s3.amazonaws.com/SRR36093557/418762-CD4i_R1L01_GEX-Z0104-CATGCAGCGCTAATGAT_S1_L001_R2_001.fastq.gz.1	59249078426	fcf9e06e87e679b662a6b9e966e2401b
CD4i_R1_L01-23	1	CD4i_R1L01	SRR36093557	SAMN53299868	SRX31139089	418786-CD4i_R1L01_GEX-Z0104-CATGCAGCGCTAATGAT_S1_L001	https://sra-pub-src-2.s3.amazonaws.com/SRR36093557/418786-CD4i_R1L01_GEX-Z0104-CATGCAGCGCTAATGAT_S1_L001_R1_001.fastq.gz.1	31711590982	41656821c43597fa3bc123e9b071ec47	https://sra-pub-src-2.s3.amazonaws.com/SRR36093557/418786-CD4i_R1L01_GEX-Z0104-CATGCAGCGCTAATGAT_S1_L001_R2_001.fastq.gz.1	52475533443	d599a984fdcf132b451d16b8eb58c66d
CD4i_R1_L01-23	1	CD4i_R1L01	SRR36093557	SAMN53299868	SRX31139089	419170-CD4i_R1L01_GEX-Z0104-CATGCAGCGCTAATGAT_S1_L001	https://sra-pub-src-2.s3.amazonaws.com/SRR36093557/419170-CD4i_R1L01_GEX-Z0104-CATGCAGCGCTAATGAT_S1_L001_R1_001.fastq.gz.1	35994954961	95538c5a39fa782871090b7e11bbf1ce	https://sra-pub-src-2.s3.amazonaws.com/SRR36093557/419170-CD4i_R1L01_GEX-Z0104-CATGCAGCGCTAATGAT_S1_L001_R2_001.fastq.gz.1	59558310861	09cd6941d76b6d78d01f17b6f745def3
CD4i_R1_L01-23	1	CD4i_R1L01	SRR36093557	SAMN53299868	SRX31139089	420398-CD4i_R1L01_GEX-Z0104-CATGCAGCGCTAATGAT_S1_L001	https://sra-pub-src-2.s3.amazonaws.com/SRR36093557/420398-CD4i_R1L01_GEX-Z0104-CATGCAGCGCTAATGAT_S1_L001_R1_001.fastq.gz.1	35846273020	3e6f21d4ee97e136e04ea3461e149f6a	https://sra-pub-src-2.s3.amazonaws.com/SRR36093557/420398-CD4i_R1L01_GEX-Z0104-CATGCAGCGCTAATGAT_S1_L001_R2_001.fastq.gz.1	59149122067	44c647eb7e1b374ac46b27c9c6026eaf
CD4i_R1_L01-23	1	CD4i_R1L01	SRR36093557	SAMN53299868	SRX31139089	420444-CD4i_R1L01_GEX-Z0104-CATGCAGCGCTAATGAT_S1_L001	https://sra-pub-src-2.s3.amazonaws.com/SRR36093557/420444-CD4i_R1L01_GEX-Z0104-CATGCAGCGCTAATGAT_S1_L001_R1_001.fastq.gz.1	35337903127	0f437ee044a5669f15e1d90c39532d16	https://sra-pub-src-2.s3.amazonaws.com/SRR36093557/420444-CD4i_R1L01_GEX-Z0104-CATGCAGCGCTAATGAT_S1_L001_R2_001.fastq.gz.1	59063075337	84cea8f74439664bd1f6a6647abb1fb6
CD4i_R1_L01-23	1	CD4i_R1L01	SRR36093557	SAMN53299868	SRX31139089	420501-CD4i_R1L01_GEX-Z0104-CATGCAGCGCTAATGAT_S1_L001	https://sra-pub-src-2.s3.amazonaws.com/SRR36093557/420501-CD4i_R1L01_GEX-Z0104-CATGCAGCGCTAATGAT_S1_L001_R1_001.fastq.gz.1	29757524394	2f9af313a16aed6d0983d351dde4b04a	https://sra-pub-src-2.s3.amazonaws.com/SRR36093557/420501-CD4i_R1L01_GEX-Z0104-CATGCAGCGCTAATGAT_S1_L001_R2_001.fastq.gz.1	49448591604	e28ff39861582ab115fa16e5d1d7cea4
CD4i_R1_L01-23	1	CD4i_R1L01	SRR36093557	SAMN53299868	SRX31139089	420578-CD4i_R1L01_GEX-Z0104-CATGCAGCGCTAATGAT_S1_L001	https://sra-pub-src-2.s3.amazonaws.com/SRR36093557/420578-CD4i_R1L01_GEX-Z0104-CATGCAGCGCTAATGAT_S1_L001_R1_001.fastq.gz.1	28453348453	4a41b359d8a22def9f7ea1650b86f1ee	https://sra-pub-src-2.s3.amazonaws.com/SRR36093557/420578-CD4i_R1L01_GEX-Z0104-CATGCAGCGCTAATGAT_S1_L001_R2_001.fastq.gz.1	47274096744	bc326ce2f778108e66b7b2dd470e715d
CD4i_R1_L01-23	1	CD4i_R1L01	SRR36093557	SAMN53299868	SRX31139089	420593-CD4i_R1L01_GEX-Z0104-CATGCAGCGCTAATGAT_S1_L001	https://sra-pub-src-2.s3.amazonaws.com/SRR36093557/420593-CD4i_R1L01_GEX-Z0104-CATGCAGCGCTAATGAT_S1_L001_R1_001.fastq.gz.1	30128648863	9d970dbc60691422035375c44a5d6f1f	https://sra-pub-src-2.s3.amazonaws.com/SRR36093557/420593-CD4i_R1L01_GEX-Z0104-CATGCAGCGCTAATGAT_S1_L001_R2_001.fastq.gz.1	49469586522	058e6130dfd2904580a58b9891952637
CD4i_R1_L01-23	1	CD4i_R1L01	SRR36093557	SAMN53299868	SRX31139089	43418692-CD4i_R1L01_GEX-Z0104-CATGCAGCGCTAATGAT_S1_L001	https://sra-pub-src-2.s3.amazonaws.com/SRR36093557/43418692-CD4i_R1L01_GEX-Z0104-CATGCAGCGCTAATGAT_S1_L001_R1_001.fastq.gz.1	31588535257	383af596aaecbdf9f62c6facc593c130	https://sra-pub-src-2.s3.amazonaws.com/SRR36093557/43418692-CD4i_R1L01_GEX-Z0104-CATGCAGCGCTAATGAT_S1_L001_R2_001.fastq.gz.1	52944633179	9f40aeab07d61959088deca659e8fe80
CD4i_R1_L01-23	1	CD4i_R1L01	SRR36093557	SAMN53299868	SRX31139089	43418740-CD4i_R1L01_GEX-Z0104-CATGCAGCGCTAATGAT_S1_L001	https://sra-pub-src-2.s3.amazonaws.com/SRR36093557/43418740-CD4i_R1L01_GEX-Z0104-CATGCAGCGCTAATGAT_S1_L001_R1_001.fastq.gz.1	36116755130	86d4db1dc9f680bd788deef8db226260	https://sra-pub-src-2.s3.amazonaws.com/SRR36093557/43418740-CD4i_R1L01_GEX-Z0104-CATGCAGCGCTAATGAT_S1_L001_R2_001.fastq.gz.1	60062834058	b0799a187a518f9944a6ea7b15e92858
CD4i_R1_L01-23	2	CD4i_R1L02	SRR36093556	SAMN53299869	SRX31139090	418762-CD4i_R1L02_GEX-Z0103-CATATAATCACAGAT_S1_L001	https://sra-pub-src-2.s3.amazonaws.com/SRR36093556/418762-CD4i_R1L02_GEX-Z0103-CATATAATCACAGAT_S1_L001_R1_001.fastq.gz.1	35988367751	16a0aa0e4628fc5fc8985a26744f31f7	https://sra-pub-src-2.s3.amazonaws.com/SRR36093556/418762-CD4i_R1L02_GEX-Z0103-CATATAATCACAGAT_S1_L001_R2_001.fastq.gz.1	59978953653	2e8c52c567829a06cc63352595c6ded4
CD4i_R1_L01-23	2	CD4i_R1L02	SRR36093556	SAMN53299869	SRX31139090	418786-CD4i_R1L02_GEX-Z0103-CATATAATCACAGAT_S1_L001	https://sra-pub-src-2.s3.amazonaws.com/SRR36093556/418786-CD4i_R1L02_GEX-Z0103-CATATAATCACAGAT_S1_L001_R1_001.fastq.gz.1	32125876835	69837213b490227446151b6e2a79bc54	https://sra-pub-src-2.s3.amazonaws.com/SRR36093556/418786-CD4i_R1L02_GEX-Z0103-CATATAATCACAGAT_S1_L001_R2_001.fastq.gz.1	53164395236	393280f23d2508bcc602283072b0b741
CD4i_R1_L01-23	2	CD4i_R1L02	SRR36093556	SAMN53299869	SRX31139090	419170-CD4i_R1L02_GEX-Z0103-CATATAATCACAGAT_S1_L001	https://sra-pub-src-2.s3.amazonaws.com/SRR36093556/419170-CD4i_R1L02_GEX-Z0103-CATATAATCACAGAT_S1_L001_R1_001.fastq.gz.1	36302328811	b919254b72eb1c2145f4e5070b046415	https://sra-pub-src-2.s3.amazonaws.com/SRR36093556/419170-CD4i_R1L02_GEX-Z0103-CATATAATCACAGAT_S1_L001_R2_001.fastq.gz.1	59993258730	799900917b39fde2d885377184799d5b
CD4i_R1_L01-23	2	CD4i_R1L02	SRR36093556	SAMN53299869	SRX31139090	420398-CD4i_R1L02_GEX-Z0103-CATATAATCACAGAT_S1_L001	https://sra-pub-src-2.s3.amazonaws.com/SRR36093556/420398-CD4i_R1L02_GEX-Z0103-CATATAATCACAGAT_S1_L001_R1_001.fastq.gz.1	36156510340	fbc32bc7aefc34ae406fe76a2db825ea	https://sra-pub-src-2.s3.amazonaws.com/SRR36093556/420398-CD4i_R1L02_GEX-Z0103-CATATAATCACAGAT_S1_L001_R2_001.fastq.gz.1	59635799333	dce67db5b932b420f29e922992c91624
CD4i_R1_L01-23	2	CD4i_R1L02	SRR36093556	SAMN53299869	SRX31139090	420444-CD4i_R1L02_GEX-Z0103-CATATAATCACAGAT_S1_L001	https://sra-pub-src-2.s3.amazonaws.com/SRR36093556/420444-CD4i_R1L02_GEX-Z0103-CATATAATCACAGAT_S1_L001_R1_001.fastq.gz.1	35853755591	a5fbda8aad5e600043aaa093f502cbc5	https://sra-pub-src-2.s3.amazonaws.com/SRR36093556/420444-CD4i_R1L02_GEX-Z0103-CATATAATCACAGAT_S1_L001_R2_001.fastq.gz.1	59928058113	fa28f079296a437220a487cda010d38f
CD4i_R1_L01-23	2	CD4i_R1L02	SRR36093556	SAMN53299869	SRX31139090	420501-CD4i_R1L02_GEX-Z0103-CATATAATCACAGAT_S1_L001	https://sra-pub-src-2.s3.amazonaws.com/SRR36093556/420501-CD4i_R1L02_GEX-Z0103-CATATAATCACAGAT_S1_L001_R1_001.fastq.gz.1	30164253798	eea038390f4f238cc0e43fcfd2a15ffe	https://sra-pub-src-2.s3.amazonaws.com/SRR36093556/420501-CD4i_R1L02_GEX-Z0103-CATATAATCACAGAT_S1_L001_R2_001.fastq.gz.1	50151199923	8d64faf4e840715d57be2e90e34a7173
CD4i_R1_L01-23	2	CD4i_R1L02	SRR36093556	SAMN53299869	SRX31139090	420578-CD4i_R1L02_GEX-Z0103-CATATAATCACAGAT_S1_L001	https://sra-pub-src-2.s3.amazonaws.com/SRR36093556/420578-CD4i_R1L02_GEX-Z0103-CATATAATCACAGAT_S1_L001_R1_001.fastq.gz.1	28771323327	f0d6ebfed3a67735ca6d34b9f6d6c0b8	https://sra-pub-src-2.s3.amazonaws.com/SRR36093556/420578-CD4i_R1L02_GEX-Z0103-CATATAATCACAGAT_S1_L001_R2_001.fastq.gz.1	47797913164	1af39bdef8126daf080d88cb0e453d00
CD4i_R1_L01-23	2	CD4i_R1L02	SRR36093556	SAMN53299869	SRX31139090	420593-CD4i_R1L02_GEX-Z0103-CATATAATCACAGAT_S1_L001	https://sra-pub-src-2.s3.amazonaws.com/SRR36093556/420593-CD4i_R1L02_GEX-Z0103-CATATAATCACAGAT_S1_L001_R1_001.fastq.gz.1	30503953751	ba6fa359693c221d08e590b964ffc1a1	https://sra-pub-src-2.s3.amazonaws.com/SRR36093556/420593-CD4i_R1L02_GEX-Z0103-CATATAATCACAGAT_S1_L001_R2_001.fastq.gz.1	50045774728	0c0beb4a50a4ceed6f73da0c10aabdb3
CD4i_R1_L01-23	2	CD4i_R1L02	SRR36093556	SAMN53299869	SRX31139090	43418692-CD4i_R1L02_GEX-Z0103-CATATAATCACAGAT_S1_L001	https://sra-pub-src-2.s3.amazonaws.com/SRR36093556/43418692-CD4i_R1L02_GEX-Z0103-CATATAATCACAGAT_S1_L001_R1_001.fastq.gz.1	31906676718	3e42a7a29229ad8ef4b7aba700015192	https://sra-pub-src-2.s3.amazonaws.com/SRR36093556/43418692-CD4i_R1L02_GEX-Z0103-CATATAATCACAGAT_S1_L001_R2_001.fastq.gz.1	53473298277	5057069daca65c4ce0c1807a54f57f15
CD4i_R1_L01-23	2	CD4i_R1L02	SRR36093556	SAMN53299869	SRX31139090	43418740-CD4i_R1L02_GEX-Z0103-CATATAATCACAGAT_S1_L001	https://sra-pub-src-2.s3.amazonaws.com/SRR36093556/43418740-CD4i_R1L02_GEX-Z0103-CATATAATCACAGAT_S1_L001_R1_001.fastq.gz.1	36392504133	ae54814cd7a8fdf8a42bac1da12c1db6	https://sra-pub-src-2.s3.amazonaws.com/SRR36093556/43418740-CD4i_R1L02_GEX-Z0103-CATATAATCACAGAT_S1_L001_R2_001.fastq.gz.1	60464807267	b0269445aafab0d5472b2b129a4f6465
CD4i_R1_L01-23	3	CD4i_R1L03	SRR36093555	SAMN53299870	SRX31139091	418762-CD4i_R1L03_GEX-Z0102-CTACCTGATGCAGAT_S1_L001	https://sra-pub-src-2.s3.amazonaws.com/SRR36093555/418762-CD4i_R1L03_GEX-Z0102-CTACCTGATGCAGAT_S1_L001_R1_001.fastq.gz.1	37190723395	29208cfcaed65b77e2e9b8b74a21e116	https://sra-pub-src-2.s3.amazonaws.com/SRR36093555/418762-CD4i_R1L03_GEX-Z0102-CTACCTGATGCAGAT_S1_L001_R2_001.fastq.gz.1	62128591042	cdfb6cacf4b314d5e998eb6cec605fc8
CD4i_R1_L01-23	3	CD4i_R1L03	SRR36093555	SAMN53299870	SRX31139091	418786-CD4i_R1L03_GEX-Z0102-CTACCTGATGCAGAT_S1_L001	https://sra-pub-src-2.s3.amazonaws.com/SRR36093555/418786-CD4i_R1L03_GEX-Z0102-CTACCTGATGCAGAT_S1_L001_R1_001.fastq.gz.1	33395514117	b405586bd0dd7754c180f51e5feb52c0	https://sra-pub-src-2.s3.amazonaws.com/SRR36093555/418786-CD4i_R1L03_GEX-Z0102-CTACCTGATGCAGAT_S1_L001_R2_001.fastq.gz.1	55532465354	f1d537071edd17f93d9d4da8876e30d0
CD4i_R1_L01-23	3	CD4i_R1L03	SRR36093555	SAMN53299870	SRX31139091	419170-CD4i_R1L03_GEX-Z0102-CTACCTGATGCAGAT_S1_L001	https://sra-pub-src-2.s3.amazonaws.com/SRR36093555/419170-CD4i_R1L03_GEX-Z0102-CTACCTGATGCAGAT_S1_L001_R1_001.fastq.gz.1	37703292585	a8e5fcd8b6d90cd37ea5198b2e4999e8	https://sra-pub-src-2.s3.amazonaws.com/SRR36093555/419170-CD4i_R1L03_GEX-Z0102-CTACCTGATGCAGAT_S1_L001_R2_001.fastq.gz.1	62515086310	479b54d5f72ca907f36f3576b408e225
CD4i_R1_L01-23	3	CD4i_R1L03	SRR36093555	SAMN53299870	SRX31139091	420398-CD4i_R1L03_GEX-Z0102-CTACCTGATGCAGAT_S1_L001	https://sra-pub-src-2.s3.amazonaws.com/SRR36093555/420398-CD4i_R1L03_GEX-Z0102-CTACCTGATGCAGAT_S1_L001_R1_001.fastq.gz.1	37461861986	c5ef52763c0c09ea0d2c2fda5c26cdeb	https://sra-pub-src-2.s3.amazonaws.com/SRR36093555/420398-CD4i_R1L03_GEX-Z0102-CTACCTGATGCAGAT_S1_L001_R2_001.fastq.gz.1	61914494327	d56fbd152739fce8e9aae9e03dfa740c
CD4i_R1_L01-23	3	CD4i_R1L03	SRR36093555	SAMN53299870	SRX31139091	420444-CD4i_R1L03_GEX-Z0102-CTACCTGATGCAGAT_S1_L001	https://sra-pub-src-2.s3.amazonaws.com/SRR36093555/420444-CD4i_R1L03_GEX-Z0102-CTACCTGATGCAGAT_S1_L001_R1_001.fastq.gz.1	36977340436	a5f09ead81a8cec02138d8ed9a6ea829	https://sra-pub-src-2.s3.amazonaws.com/SRR36093555/420444-CD4i_R1L03_GEX-Z0102-CTACCTGATGCAGAT_S1_L001_R2_001.fastq.gz.1	61960493119	9ba2f76b9ccee1ba53120a11129aa33f
CD4i_R1_L01-23	3	CD4i_R1L03	SRR36093555	SAMN53299870	SRX31139091	420501-CD4i_R1L03_GEX-Z0102-CTACCTGATGCAGAT_S1_L001	https://sra-pub-src-2.s3.amazonaws.com/SRR36093555/420501-CD4i_R1L03_GEX-Z0102-CTACCTGATGCAGAT_S1_L001_R1_001.fastq.gz.1	31163762675	1cb37c28b4c83ccba226a2d5399a7f22	https://sra-pub-src-2.s3.amazonaws.com/SRR36093555/420501-CD4i_R1L03_GEX-Z0102-CTACCTGATGCAGAT_S1_L001_R2_001.fastq.gz.1	51995601411	801b06d9d28b9b7158081b5ad06310eb
CD4i_R1_L01-23	3	CD4i_R1L03	SRR36093555	SAMN53299870	SRX31139091	420578-CD4i_R1L03_GEX-Z0102-CTACCTGATGCAGAT_S1_L001	https://sra-pub-src-2.s3.amazonaws.com/SRR36093555/420578-CD4i_R1L03_GEX-Z0102-CTACCTGATGCAGAT_S1_L001_R1_001.fastq.gz.1	29776298420	2ed0b5d986ed92f0dda33751d288bb7d	https://sra-pub-src-2.s3.amazonaws.com/SRR36093555/420578-CD4i_R1L03_GEX-Z0102-CTACCTGATGCAGAT_S1_L001_R2_001.fastq.gz.1	49669973590	176d1612516837fa4846faba8534cae3
CD4i_R1_L01-23	3	CD4i_R1L03	SRR36093555	SAMN53299870	SRX31139091	420593-CD4i_R1L03_GEX-Z0102-CTACCTGATGCAGAT_S1_L001	https://sra-pub-src-2.s3.amazonaws.com/SRR36093555/420593-CD4i_R1L03_GEX-Z0102-CTACCTGATGCAGAT_S1_L001_R1_001.fastq.gz.1	31687670312	c5f8258d071566e5f47555c63821cfca	https://sra-pub-src-2.s3.amazonaws.com/SRR36093555/420593-CD4i_R1L03_GEX-Z0102-CTACCTGATGCAGAT_S1_L001_R2_001.fastq.gz.1	52225935594	5f1d51d285682cfdfdd846af9ca6ba7e
CD4i_R1_L01-23	3	CD4i_R1L03	SRR36093555	SAMN53299870	SRX31139091	43418692-CD4i_R1L03_GEX-Z0102-CTACCTGATGCAGAT_S1_L001	https://sra-pub-src-2.s3.amazonaws.com/SRR36093555/43418692-CD4i_R1L03_GEX-Z0102-CTACCTGATGCAGAT_S1_L001_R1_001.fastq.gz.1	33082102260	343fd80c0aae2f088471af0b07a99ea6	https://sra-pub-src-2.s3.amazonaws.com/SRR36093555/43418692-CD4i_R1L03_GEX-Z0102-CTACCTGATGCAGAT_S1_L001_R2_001.fastq.gz.1	55661809078	339205c76f544b660c7fd25399742492
CD4i_R1_L01-23	3	CD4i_R1L03	SRR36093555	SAMN53299870	SRX31139091	43418740-CD4i_R1L03_GEX-Z0102-CTACCTGATGCAGAT_S1_L001	https://sra-pub-src-2.s3.amazonaws.com/SRR36093555/43418740-CD4i_R1L03_GEX-Z0102-CTACCTGATGCAGAT_S1_L001_R1_001.fastq.gz.1	37798091449	3b35b8699bf576af3f96e2f65df67a30	https://sra-pub-src-2.s3.amazonaws.com/SRR36093555/43418740-CD4i_R1L03_GEX-Z0102-CTACCTGATGCAGAT_S1_L001_R2_001.fastq.gz.1	62942686178	1376a8dec7b0ecc736583cc9d9d53b9d
CD4i_R1_L01-23	4	CD4i_R1L04	SRR36093554	SAMN53299871	SRX31139092	418762-CD4i_R1L04_GEX-Z0101-CTATTGCATGCTCTGAT_S1_L001	https://sra-pub-src-2.s3.amazonaws.com/SRR36093554/418762-CD4i_R1L04_GEX-Z0101-CTATTGCATGCTCTGAT_S1_L001_R1_001.fastq.gz.1	36716053684	fb6adc53ca2a597f2c91ddd38b7a1e83	https://sra-pub-src-2.s3.amazonaws.com/SRR36093554/418762-CD4i_R1L04_GEX-Z0101-CTATTGCATGCTCTGAT_S1_L001_R2_001.fastq.gz.1	61504062464	fc39b0f37f7ee1c57c549c251186e28e
CD4i_R1_L01-23	4	CD4i_R1L04	SRR36093554	SAMN53299871	SRX31139092	418786-CD4i_R1L04_GEX-Z0101-CTATTGCATGCTCTGAT_S1_L001	https://sra-pub-src-2.s3.amazonaws.com/SRR36093554/418786-CD4i_R1L04_GEX-Z0101-CTATTGCATGCTCTGAT_S1_L001_R1_001.fastq.gz.1	32781841808	1dda3073f3e9818cb83805937c6b46b7	https://sra-pub-src-2.s3.amazonaws.com/SRR36093554/418786-CD4i_R1L04_GEX-Z0101-CTATTGCATGCTCTGAT_S1_L001_R2_001.fastq.gz.1	54500221611	c90f545283de5b6d430789d2d2b94e61
CD4i_R1_L01-23	4	CD4i_R1L04	SRR36093554	SAMN53299871	SRX31139092	419170-CD4i_R1L04_GEX-Z0101-CTATTGCATGCTCTGAT_S1_L001	https://sra-pub-src-2.s3.amazonaws.com/SRR36093554/419170-CD4i_R1L04_GEX-Z0101-CTATTGCATGCTCTGAT_S1_L001_R1_001.fastq.gz.1	37024768189	45ed9f8ed0160a3657557553d1eb3efa	https://sra-pub-src-2.s3.amazonaws.com/SRR36093554/419170-CD4i_R1L04_GEX-Z0101-CTATTGCATGCTCTGAT_S1_L001_R2_001.fastq.gz.1	61453750757	bd9171b27b76156dc3d114fdd9348866
CD4i_R1_L01-23	4	CD4i_R1L04	SRR36093554	SAMN53299871	SRX31139092	420398-CD4i_R1L04_GEX-Z0101-CTATTGCATGCTCTGAT_S1_L001	https://sra-pub-src-2.s3.amazonaws.com/SRR36093554/420398-CD4i_R1L04_GEX-Z0101-CTATTGCATGCTCTGAT_S1_L001_R1_001.fastq.gz.1	36846599844	dfb6638421f8afd5806f49d56c2cdd0a	https://sra-pub-src-2.s3.amazonaws.com/SRR36093554/420398-CD4i_R1L04_GEX-Z0101-CTATTGCATGCTCTGAT_S1_L001_R2_001.fastq.gz.1	60993273949	3979c063cf799534db6e447f15e41257
CD4i_R1_L01-23	4	CD4i_R1L04	SRR36093554	SAMN53299871	SRX31139092	420444-CD4i_R1L04_GEX-Z0101-CTATTGCATGCTCTGAT_S1_L001	https://sra-pub-src-2.s3.amazonaws.com/SRR36093554/420444-CD4i_R1L04_GEX-Z0101-CTATTGCATGCTCTGAT_S1_L001_R1_001.fastq.gz.1	36453840084	414d9076b413c37475717a426758ee51	https://sra-pub-src-2.s3.amazonaws.com/SRR36093554/420444-CD4i_R1L04_GEX-Z0101-CTATTGCATGCTCTGAT_S1_L001_R2_001.fastq.gz.1	61189257608	10f4c9c2414f74f8fa4535c8dd77dafd
CD4i_R1_L01-23	4	CD4i_R1L04	SRR36093554	SAMN53299871	SRX31139092	420501-CD4i_R1L04_GEX-Z0101-CTATTGCATGCTCTGAT_S1_L001	https://sra-pub-src-2.s3.amazonaws.com/SRR36093554/420501-CD4i_R1L04_GEX-Z0101-CTATTGCATGCTCTGAT_S1_L001_R1_001.fastq.gz.1	30582641062	21b2080d1cd9ab9800a2a99538467fb8	https://sra-pub-src-2.s3.amazonaws.com/SRR36093554/420501-CD4i_R1L04_GEX-Z0101-CTATTGCATGCTCTGAT_S1_L001_R2_001.fastq.gz.1	50996208382	fd4a8bb3561d81804e48cde52324530b
CD4i_R1_L01-23	4	CD4i_R1L04	SRR36093554	SAMN53299871	SRX31139092	420578-CD4i_R1L04_GEX-Z0101-CTATTGCATGCTCTGAT_S1_L001	https://sra-pub-src-2.s3.amazonaws.com/SRR36093554/420578-CD4i_R1L04_GEX-Z0101-CTATTGCATGCTCTGAT_S1_L001_R1_001.fastq.gz.1	29268857459	85bb77f5417ea629d2846ea01b0928a2	https://sra-pub-src-2.s3.amazonaws.com/SRR36093554/420578-CD4i_R1L04_GEX-Z0101-CTATTGCATGCTCTGAT_S1_L001_R2_001.fastq.gz.1	48809117461	897bf5770e9d88462aaa4424e6c8de14
CD4i_R1_L01-23	4	CD4i_R1L04	SRR36093554	SAMN53299871	SRX31139092	420593-CD4i_R1L04_GEX-Z0101-CTATTGCATGCTCTGAT_S1_L001	https://sra-pub-src-2.s3.amazonaws.com/SRR36093554/420593-CD4i_R1L04_GEX-Z0101-CTATTGCATGCTCTGAT_S1_L001_R1_001.fastq.gz.1	31083621378	6b417411aaf76696ed2d9154b11d004a	https://sra-pub-src-2.s3.amazonaws.com/SRR36093554/420593-CD4i_R1L04_GEX-Z0101-CTATTGCATGCTCTGAT_S1_L001_R2_001.fastq.gz.1	51275120855	b3b2c5587a9624b3e8b529d97cfa7d47
CD4i_R1_L01-23	4	CD4i_R1L04	SRR36093554	SAMN53299871	SRX31139092	43418692-CD4i_R1L04_GEX-Z0101-CTATTGCATGCTCTGAT_S1_L001	https://sra-pub-src-2.s3.amazonaws.com/SRR36093554/43418692-CD4i_R1L04_GEX-Z0101-CTATTGCATGCTCTGAT_S1_L001_R1_001.fastq.gz.1	32474668520	ee96ec5a28636947da275a5671f37e5a	https://sra-pub-src-2.s3.amazonaws.com/SRR36093554/43418692-CD4i_R1L04_GEX-Z0101-CTATTGCATGCTCTGAT_S1_L001_R2_001.fastq.gz.1	54599238116	d4afe43d83ecae8023b040d1b1f4550f
CD4i_R1_L01-23	4	CD4i_R1L04	SRR36093554	SAMN53299871	SRX31139092	43418740-CD4i_R1L04_GEX-Z0101-CTATTGCATGCTCTGAT_S1_L001	https://sra-pub-src-2.s3.amazonaws.com/SRR36093554/43418740-CD4i_R1L04_GEX-Z0101-CTATTGCATGCTCTGAT_S1_L001_R1_001.fastq.gz.1	37273525360	df78c86b62387cb7a65e945d22afc243	https://sra-pub-src-2.s3.amazonaws.com/SRR36093554/43418740-CD4i_R1L04_GEX-Z0101-CTATTGCATGCTCTGAT_S1_L001_R2_001.fastq.gz.1	62227822389	2accae22060994d8fc1a7ece4273f97b
CD4i_R1_L01-23	5	CD4i_R1L05	SRR36093553	SAMN53299872	SRX31139093	418762-CD4i_R1L05_GEX-Z0100-CGGATCATGCGTGAT_S1_L001	https://sra-pub-src-2.s3.amazonaws.com/SRR36093553/418762-CD4i_R1L05_GEX-Z0100-CGGATCATGCGTGAT_S1_L001_R1_001.fastq.gz.1	37949436201	d2557c7ab523e977d3f0694a16580b12	https://sra-pub-src-2.s3.amazonaws.com/SRR36093553/418762-CD4i_R1L05_GEX-Z0100-CGGATCATGCGTGAT_S1_L001_R2_001.fastq.gz.1	63152000101	c3b3f46b63a2b00c36770b2dc1250e68
CD4i_R1_L01-23	5	CD4i_R1L05	SRR36093553	SAMN53299872	SRX31139093	418786-CD4i_R1L05_GEX-Z0100-CGGATCATGCGTGAT_S1_L001	https://sra-pub-src-2.s3.amazonaws.com/SRR36093553/418786-CD4i_R1L05_GEX-Z0100-CGGATCATGCGTGAT_S1_L001_R1_001.fastq.gz.1	34062046091	09b34feaf137e82c6c638f36da69ee87	https://sra-pub-src-2.s3.amazonaws.com/SRR36093553/418786-CD4i_R1L05_GEX-Z0100-CGGATCATGCGTGAT_S1_L001_R2_001.fastq.gz.1	56437427874	c5806493848ea779e216669a2260827b
CD4i_R1_L01-23	5	CD4i_R1L05	SRR36093553	SAMN53299872	SRX31139093	419170-CD4i_R1L05_GEX-Z0100-CGGATCATGCGTGAT_S1_L001	https://sra-pub-src-2.s3.amazonaws.com/SRR36093553/419170-CD4i_R1L05_GEX-Z0100-CGGATCATGCGTGAT_S1_L001_R1_001.fastq.gz.1	38467979471	d1f02a5ac8e4ecd283cd8c265110b72b	https://sra-pub-src-2.s3.amazonaws.com/SRR36093553/419170-CD4i_R1L05_GEX-Z0100-CGGATCATGCGTGAT_S1_L001_R2_001.fastq.gz.1	63545931115	55b891e5ad9a31cfea15daf83aac90bd
CD4i_R1_L01-23	5	CD4i_R1L05	SRR36093553	SAMN53299872	SRX31139093	420398-CD4i_R1L05_GEX-Z0100-CGGATCATGCGTGAT_S1_L001	https://sra-pub-src-2.s3.amazonaws.com/SRR36093553/420398-CD4i_R1L05_GEX-Z0100-CGGATCATGCGTGAT_S1_L001_R1_001.fastq.gz.1	38266169358	f1d89fdb1a28d12cadcd462c407a9bca	https://sra-pub-src-2.s3.amazonaws.com/SRR36093553/420398-CD4i_R1L05_GEX-Z0100-CGGATCATGCGTGAT_S1_L001_R2_001.fastq.gz.1	63097411252	81f4071611a61d9bee0a5811909c89f7
CD4i_R1_L01-23	5	CD4i_R1L05	SRR36093553	SAMN53299872	SRX31139093	420444-CD4i_R1L05_GEX-Z0100-CGGATCATGCGTGAT_S1_L001	https://sra-pub-src-2.s3.amazonaws.com/SRR36093553/420444-CD4i_R1L05_GEX-Z0100-CGGATCATGCGTGAT_S1_L001_R1_001.fastq.gz.1	37808383366	c329df835d64e7f4511978d5069f9a6a	https://sra-pub-src-2.s3.amazonaws.com/SRR36093553/420444-CD4i_R1L05_GEX-Z0100-CGGATCATGCGTGAT_S1_L001_R2_001.fastq.gz.1	63167267515	4137f7aac9de1a68d429f558c51a688f
CD4i_R1_L01-23	5	CD4i_R1L05	SRR36093553	SAMN53299872	SRX31139093	420501-CD4i_R1L05_GEX-Z0100-CGGATCATGCGTGAT_S1_L001	https://sra-pub-src-2.s3.amazonaws.com/SRR36093553/420501-CD4i_R1L05_GEX-Z0100-CGGATCATGCGTGAT_S1_L001_R1_001.fastq.gz.1	31928883915	1783fea90c141204088ebdc9fd7affc2	https://sra-pub-src-2.s3.amazonaws.com/SRR36093553/420501-CD4i_R1L05_GEX-Z0100-CGGATCATGCGTGAT_S1_L001_R2_001.fastq.gz.1	53204812331	42976d11f4f03b5d515d2380f12a7971
CD4i_R1_L01-23	5	CD4i_R1L05	SRR36093553	SAMN53299872	SRX31139093	420578-CD4i_R1L05_GEX-Z0100-CGGATCATGCGTGAT_S1_L001	https://sra-pub-src-2.s3.amazonaws.com/SRR36093553/420578-CD4i_R1L05_GEX-Z0100-CGGATCATGCGTGAT_S1_L001_R1_001.fastq.gz.1	30493754097	e8eb68eeca35e7d440e0220569498a6e	https://sra-pub-src-2.s3.amazonaws.com/SRR36093553/420578-CD4i_R1L05_GEX-Z0100-CGGATCATGCGTGAT_S1_L001_R2_001.fastq.gz.1	50720198695	83afd29eb423d3ef95f26df5dc1ea3ec
CD4i_R1_L01-23	5	CD4i_R1L05	SRR36093553	SAMN53299872	SRX31139093	420593-CD4i_R1L05_GEX-Z0100-CGGATCATGCGTGAT_S1_L001	https://sra-pub-src-2.s3.amazonaws.com/SRR36093553/420593-CD4i_R1L05_GEX-Z0100-CGGATCATGCGTGAT_S1_L001_R1_001.fastq.gz.1	32241810840	0053740fa9a4522b94bb87315a8a9942	https://sra-pub-src-2.s3.amazonaws.com/SRR36093553/420593-CD4i_R1L05_GEX-Z0100-CGGATCATGCGTGAT_S1_L001_R2_001.fastq.gz.1	52892833912	f2142ad365ca9dbb0bede333c1f51441
CD4i_R1_L01-23	5	CD4i_R1L05	SRR36093553	SAMN53299872	SRX31139093	43418692-CD4i_R1L05_GEX-Z0100-CGGATCATGCGTGAT_S1_L001	https://sra-pub-src-2.s3.amazonaws.com/SRR36093553/43418692-CD4i_R1L05_GEX-Z0100-CGGATCATGCGTGAT_S1_L001_R1_001.fastq.gz.1	34001964249	63c0de06919c33a0c4bbb2d6463d142e	https://sra-pub-src-2.s3.amazonaws.com/SRR36093553/43418692-CD4i_R1L05_GEX-Z0100-CGGATCATGCGTGAT_S1_L001_R2_001.fastq.gz.1	57204958003	0d1e0b74173ee400b5ebbd393032f921
CD4i_R1_L01-23	5	CD4i_R1L05	SRR36093553	SAMN53299872	SRX31139093	43418740-CD4i_R1L05_GEX-Z0100-CGGATCATGCGTGAT_S1_L001	https://sra-pub-src-2.s3.amazonaws.com/SRR36093553/43418740-CD4i_R1L05_GEX-Z0100-CGGATCATGCGTGAT_S1_L001_R1_001.fastq.gz.1	38429662499	4e7152b34547e0694ae5e429e07227e7	https://sra-pub-src-2.s3.amazonaws.com/SRR36093553/43418740-CD4i_R1L05_GEX-Z0100-CGGATCATGCGTGAT_S1_L001_R2_001.fastq.gz.1	63752967262	45ba7e33f51c762bcf769321384a31ee
CD4i_R1_L01-23	6	CD4i_R1L06	SRR36159523	SAMN53373065	SRX31199599	418762-CD4i_R1L06_GEX-Z0099-CTCATCTGCGCAATGAT_S1_L001	https://sra-pub-src-2.s3.amazonaws.com/SRR36159523/418762-CD4i_R1L06_GEX-Z0099-CTCATCTGCGCAATGAT_S1_L001_R1_001.fastq.gz.1	36371863412	301940769370205ec300986a5754d0e1	https://sra-pub-src-2.s3.amazonaws.com/SRR36159523/418762-CD4i_R1L06_GEX-Z0099-CTCATCTGCGCAATGAT_S1_L001_R2_001.fastq.gz.1	60861877347	7d6df9ae1310f9df4133d39e13a3b74f
CD4i_R1_L01-23	6	CD4i_R1L06	SRR36159523	SAMN53373065	SRX31199599	418786-CD4i_R1L06_GEX-Z0099-CTCATCTGCGCAATGAT_S1_L001	https://sra-pub-src-2.s3.amazonaws.com/SRR36159523/418786-CD4i_R1L06_GEX-Z0099-CTCATCTGCGCAATGAT_S1_L001_R1_001.fastq.gz.1	32435230561	dc0b9cc79fb27159314bce8c1bd34f66	https://sra-pub-src-2.s3.amazonaws.com/SRR36159523/418786-CD4i_R1L06_GEX-Z0099-CTCATCTGCGCAATGAT_S1_L001_R2_001.fastq.gz.1	53888854409	838fc31af01ae949184ff45094c878a4
CD4i_R1_L01-23	6	CD4i_R1L06	SRR36159523	SAMN53373065	SRX31199599	419170-CD4i_R1L06_GEX-Z0099-CTCATCTGCGCAATGAT_S1_L001	https://sra-pub-src-2.s3.amazonaws.com/SRR36159523/419170-CD4i_R1L06_GEX-Z0099-CTCATCTGCGCAATGAT_S1_L001_R1_001.fastq.gz.1	36710440913	003868babd94b4274cecf521fb2ca7ca	https://sra-pub-src-2.s3.amazonaws.com/SRR36159523/419170-CD4i_R1L06_GEX-Z0099-CTCATCTGCGCAATGAT_S1_L001_R2_001.fastq.gz.1	60895933436	e4a1f38b904c70b2072683dfdab75537
CD4i_R1_L01-23	6	CD4i_R1L06	SRR36159523	SAMN53373065	SRX31199599	420398-CD4i_R1L06_GEX-Z0099-CTCATCTGCGCAATGAT_S1_L001	https://sra-pub-src-2.s3.amazonaws.com/SRR36159523/420398-CD4i_R1L06_GEX-Z0099-CTCATCTGCGCAATGAT_S1_L001_R1_001.fastq.gz.1	36643952391	887198eb7011edc4a26b368907ee0587	https://sra-pub-src-2.s3.amazonaws.com/SRR36159523/420398-CD4i_R1L06_GEX-Z0099-CTCATCTGCGCAATGAT_S1_L001_R2_001.fastq.gz.1	60682177023	881b795f9f526acf4d9dd8d2c28f1a50
CD4i_R1_L01-23	6	CD4i_R1L06	SRR36159523	SAMN53373065	SRX31199599	420444-CD4i_R1L06_GEX-Z0099-CTCATCTGCGCAATGAT_S1_L001	https://sra-pub-src-2.s3.amazonaws.com/SRR36159523/420444-CD4i_R1L06_GEX-Z0099-CTCATCTGCGCAATGAT_S1_L001_R1_001.fastq.gz.1	36102229014	d07a98a12fb4a687fab236857c84926f	https://sra-pub-src-2.s3.amazonaws.com/SRR36159523/420444-CD4i_R1L06_GEX-Z0099-CTCATCTGCGCAATGAT_S1_L001_R2_001.fastq.gz.1	60546451575	9c6b23ba6a986578897a8f5d21cde5be
CD4i_R1_L01-23	6	CD4i_R1L06	SRR36159523	SAMN53373065	SRX31199599	420501-CD4i_R1L06_GEX-Z0099-CTCATCTGCGCAATGAT_S1_L001	https://sra-pub-src-2.s3.amazonaws.com/SRR36159523/420501-CD4i_R1L06_GEX-Z0099-CTCATCTGCGCAATGAT_S1_L001_R1_001.fastq.gz.1	30424526389	2d05de302c331a045074fa5f759dd24d	https://sra-pub-src-2.s3.amazonaws.com/SRR36159523/420501-CD4i_R1L06_GEX-Z0099-CTCATCTGCGCAATGAT_S1_L001_R2_001.fastq.gz.1	50751301273	755b85e45e4f835d2e924aaa750ba672
CD4i_R1_L01-23	6	CD4i_R1L06	SRR36159523	SAMN53373065	SRX31199599	420578-CD4i_R1L06_GEX-Z0099-CTCATCTGCGCAATGAT_S1_L001	https://sra-pub-src-2.s3.amazonaws.com/SRR36159523/420578-CD4i_R1L06_GEX-Z0099-CTCATCTGCGCAATGAT_S1_L001_R1_001.fastq.gz.1	29123504486	550099e06c79c8f2b74fe846bcec2f98	https://sra-pub-src-2.s3.amazonaws.com/SRR36159523/420578-CD4i_R1L06_GEX-Z0099-CTCATCTGCGCAATGAT_S1_L001_R2_001.fastq.gz.1	48558139640	cf2ccd86afff8dc9b437916c0a180c36
CD4i_R1_L01-23	6	CD4i_R1L06	SRR36159523	SAMN53373065	SRX31199599	420593-CD4i_R1L06_GEX-Z0099-CTCATCTGCGCAATGAT_S1_L001	https://sra-pub-src-2.s3.amazonaws.com/SRR36159523/420593-CD4i_R1L06_GEX-Z0099-CTCATCTGCGCAATGAT_S1_L001_R1_001.fastq.gz.1	30811256267	1a8de462787988cc3944bf7001100b56	https://sra-pub-src-2.s3.amazonaws.com/SRR36159523/420593-CD4i_R1L06_GEX-Z0099-CTCATCTGCGCAATGAT_S1_L001_R2_001.fastq.gz.1	50792190089	d1df9249634fc46bb32cf92b62ee689f
CD4i_R1_L01-23	6	CD4i_R1L06	SRR36159523	SAMN53373065	SRX31199599	43418692-CD4i_R1L06_GEX-Z0099-CTCATCTGCGCAATGAT_S1_L001	https://sra-pub-src-2.s3.amazonaws.com/SRR36159523/43418692-CD4i_R1L06_GEX-Z0099-CTCATCTGCGCAATGAT_S1_L001_R1_001.fastq.gz.1	32396871303	d1cd44e4d333628343c98d9a5fd01ab7	https://sra-pub-src-2.s3.amazonaws.com/SRR36159523/43418692-CD4i_R1L06_GEX-Z0099-CTCATCTGCGCAATGAT_S1_L001_R2_001.fastq.gz.1	54594861633	7c1249ad0e9a916f5cd9f4987d83f890
CD4i_R1_L01-23	6	CD4i_R1L06	SRR36159523	SAMN53373065	SRX31199599	43418740-CD4i_R1L06_GEX-Z0099-CTCATCTGCGCAATGAT_S1_L001	https://sra-pub-src-2.s3.amazonaws.com/SRR36159523/43418740-CD4i_R1L06_GEX-Z0099-CTCATCTGCGCAATGAT_S1_L001_R1_001.fastq.gz.1	36824232020	f6c86e88f97d1bfb4ad90a74e8a399d3	https://sra-pub-src-2.s3.amazonaws.com/SRR36159523/43418740-CD4i_R1L06_GEX-Z0099-CTCATCTGCGCAATGAT_S1_L001_R2_001.fastq.gz.1	61359237947	bb1d097807a6477e7a874bbd6c1fd417
CD4i_R1_L01-23	7	CD4i_R1L07	SRR36159522	SAMN53373066	SRX31199600	418762-CD4i_R1L07_GEX-Z0098-CAACAGATGTATGAT_S1_L001	https://sra-pub-src-2.s3.amazonaws.com/SRR36159522/418762-CD4i_R1L07_GEX-Z0098-CAACAGATGTATGAT_S1_L001_R1_001.fastq.gz.1	36212518720	10bdd756d7e98ef9fa476ad700783fc1	https://sra-pub-src-2.s3.amazonaws.com/SRR36159522/418762-CD4i_R1L07_GEX-Z0098-CAACAGATGTATGAT_S1_L001_R2_001.fastq.gz.1	60280489613	b4052f6d630bff7a591596aa825a36f6
CD4i_R1_L01-23	7	CD4i_R1L07	SRR36159522	SAMN53373066	SRX31199600	418786-CD4i_R1L07_GEX-Z0098-CAACAGATGTATGAT_S1_L001	https://sra-pub-src-2.s3.amazonaws.com/SRR36159522/418786-CD4i_R1L07_GEX-Z0098-CAACAGATGTATGAT_S1_L001_R1_001.fastq.gz.1	32263280898	ad4a866e749297ca52c36bf539ab96f7	https://sra-pub-src-2.s3.amazonaws.com/SRR36159522/418786-CD4i_R1L07_GEX-Z0098-CAACAGATGTATGAT_S1_L001_R2_001.fastq.gz.1	53301655331	2bb1b3c48d1709bb3fe01cb0fc4c2a39
CD4i_R1_L01-23	7	CD4i_R1L07	SRR36159522	SAMN53373066	SRX31199600	419170-CD4i_R1L07_GEX-Z0098-CAACAGATGTATGAT_S1_L001	https://sra-pub-src-2.s3.amazonaws.com/SRR36159522/419170-CD4i_R1L07_GEX-Z0098-CAACAGATGTATGAT_S1_L001_R1_001.fastq.gz.1	36812873617	c51240bfd1847989ac3d0dfc3e9c4c00	https://sra-pub-src-2.s3.amazonaws.com/SRR36159522/419170-CD4i_R1L07_GEX-Z0098-CAACAGATGTATGAT_S1_L001_R2_001.fastq.gz.1	61062205123	b1c08d50e2987fd61a7e55ae261cf4c3
CD4i_R1_L01-23	7	CD4i_R1L07	SRR36159522	SAMN53373066	SRX31199600	420398-CD4i_R1L07_GEX-Z0098-CAACAGATGTATGAT_S1_L001	https://sra-pub-src-2.s3.amazonaws.com/SRR36159522/420398-CD4i_R1L07_GEX-Z0098-CAACAGATGTATGAT_S1_L001_R1_001.fastq.gz.1	36514515220	7c5719f8c20fa8128aa759be13692afb	https://sra-pub-src-2.s3.amazonaws.com/SRR36159522/420398-CD4i_R1L07_GEX-Z0098-CAACAGATGTATGAT_S1_L001_R2_001.fastq.gz.1	60225332964	0f1faf044591d7ae409ae5046a665d9f
CD4i_R1_L01-23	7	CD4i_R1L07	SRR36159522	SAMN53373066	SRX31199600	420444-CD4i_R1L07_GEX-Z0098-CAACAGATGTATGAT_S1_L001	https://sra-pub-src-2.s3.amazonaws.com/SRR36159522/420444-CD4i_R1L07_GEX-Z0098-CAACAGATGTATGAT_S1_L001_R1_001.fastq.gz.1	36072703805	17d58ee2bf1c85e0155f77b64f679dd5	https://sra-pub-src-2.s3.amazonaws.com/SRR36159522/420444-CD4i_R1L07_GEX-Z0098-CAACAGATGTATGAT_S1_L001_R2_001.fastq.gz.1	60271270934	f80578696a2ea2bdb31e5e84f73c2bf4
CD4i_R1_L01-23	7	CD4i_R1L07	SRR36159522	SAMN53373066	SRX31199600	420501-CD4i_R1L07_GEX-Z0098-CAACAGATGTATGAT_S1_L001	https://sra-pub-src-2.s3.amazonaws.com/SRR36159522/420501-CD4i_R1L07_GEX-Z0098-CAACAGATGTATGAT_S1_L001_R1_001.fastq.gz.1	30271006875	bf2ff39fed7e2cca0fdcddb5982eb0a7	https://sra-pub-src-2.s3.amazonaws.com/SRR36159522/420501-CD4i_R1L07_GEX-Z0098-CAACAGATGTATGAT_S1_L001_R2_001.fastq.gz.1	50275592144	3d8472106bfd12b67df38290d25b7284
CD4i_R1_L01-23	7	CD4i_R1L07	SRR36159522	SAMN53373066	SRX31199600	420578-CD4i_R1L07_GEX-Z0098-CAACAGATGTATGAT_S1_L001	https://sra-pub-src-2.s3.amazonaws.com/SRR36159522/420578-CD4i_R1L07_GEX-Z0098-CAACAGATGTATGAT_S1_L001_R1_001.fastq.gz.1	28887189902	11b9270b3f27e25c303e97e3b2e4e909	https://sra-pub-src-2.s3.amazonaws.com/SRR36159522/420578-CD4i_R1L07_GEX-Z0098-CAACAGATGTATGAT_S1_L001_R2_001.fastq.gz.1	47929252589	e22a2d1b367df00bf7fb1c104791c8c1
CD4i_R1_L01-23	7	CD4i_R1L07	SRR36159522	SAMN53373066	SRX31199600	420593-CD4i_R1L07_GEX-Z0098-CAACAGATGTATGAT_S1_L001	https://sra-pub-src-2.s3.amazonaws.com/SRR36159522/420593-CD4i_R1L07_GEX-Z0098-CAACAGATGTATGAT_S1_L001_R1_001.fastq.gz.1	30726500141	7a22990098dedea4b1904a7e4403d307	https://sra-pub-src-2.s3.amazonaws.com/SRR36159522/420593-CD4i_R1L07_GEX-Z0098-CAACAGATGTATGAT_S1_L001_R2_001.fastq.gz.1	50385432681	0c6287ef21ebaa65d9e87193c4db4f56
CD4i_R1_L01-23	7	CD4i_R1L07	SRR36159522	SAMN53373066	SRX31199600	43418692-CD4i_R1L07_GEX-Z0098-CAACAGATGTATGAT_S1_L001	https://sra-pub-src-2.s3.amazonaws.com/SRR36159522/43418692-CD4i_R1L07_GEX-Z0098-CAACAGATGTATGAT_S1_L001_R1_001.fastq.gz.1	32048165828	7571e01d822ee6ca25bb4187f646408c	https://sra-pub-src-2.s3.amazonaws.com/SRR36159522/43418692-CD4i_R1L07_GEX-Z0098-CAACAGATGTATGAT_S1_L001_R2_001.fastq.gz.1	53649227315	093d498df90eca1fa3f28e09de80449e
CD4i_R1_L01-23	7	CD4i_R1L07	SRR36159522	SAMN53373066	SRX31199600	43418740-CD4i_R1L07_GEX-Z0098-CAACAGATGTATGAT_S1_L001	https://sra-pub-src-2.s3.amazonaws.com/SRR36159522/43418740-CD4i_R1L07_GEX-Z0098-CAACAGATGTATGAT_S1_L001_R1_001.fastq.gz.1	36603374195	1906ea5a21fe371ed95739a7a5549b5f	https://sra-pub-src-2.s3.amazonaws.com/SRR36159522/43418740-CD4i_R1L07_GEX-Z0098-CAACAGATGTATGAT_S1_L001_R2_001.fastq.gz.1	60741962817	6426efd6f4dd9aa60a69dcd18de2d199
CD4i_R1_L01-23	8	CD4i_R1L08	SRR36159521	SAMN53373067	SRX31199601	418762-CD4i_R1L08_GEX-Z0097-CAGTCAGTTGCAGAT_S1_L001	https://sra-pub-src-2.s3.amazonaws.com/SRR36159521/418762-CD4i_R1L08_GEX-Z0097-CAGTCAGTTGCAGAT_S1_L001_R1_001.fastq.gz.1	29764648418	8250e73feacd4328300c2eeee40411c2	https://sra-pub-src-2.s3.amazonaws.com/SRR36159521/418762-CD4i_R1L08_GEX-Z0097-CAGTCAGTTGCAGAT_S1_L001_R2_001.fastq.gz.1	49290217803	338759d649678a71d2c01ba54d8b81e8
CD4i_R1_L01-23	8	CD4i_R1L08	SRR36159521	SAMN53373067	SRX31199601	418786-CD4i_R1L08_GEX-Z0097-CAGTCAGTTGCAGAT_S1_L001	https://sra-pub-src-2.s3.amazonaws.com/SRR36159521/418786-CD4i_R1L08_GEX-Z0097-CAGTCAGTTGCAGAT_S1_L001_R1_001.fastq.gz.1	26640227152	f797dfb20395d148b0e2ba145a5bef46	https://sra-pub-src-2.s3.amazonaws.com/SRR36159521/418786-CD4i_R1L08_GEX-Z0097-CAGTCAGTTGCAGAT_S1_L001_R2_001.fastq.gz.1	43854367728	534f881560a02c8d5ad842355ef60e9a
CD4i_R1_L01-23	8	CD4i_R1L08	SRR36159521	SAMN53373067	SRX31199601	419170-CD4i_R1L08_GEX-Z0097-CAGTCAGTTGCAGAT_S1_L001	https://sra-pub-src-2.s3.amazonaws.com/SRR36159521/419170-CD4i_R1L08_GEX-Z0097-CAGTCAGTTGCAGAT_S1_L001_R1_001.fastq.gz.1	30098622888	00a14de7bf90d9f8844b00a9a7da7b9b	https://sra-pub-src-2.s3.amazonaws.com/SRR36159521/419170-CD4i_R1L08_GEX-Z0097-CAGTCAGTTGCAGAT_S1_L001_R2_001.fastq.gz.1	49454412038	fd5677f013c882e7bc51bb18f94bf45a
CD4i_R1_L01-23	8	CD4i_R1L08	SRR36159521	SAMN53373067	SRX31199601	420398-CD4i_R1L08_GEX-Z0097-CAGTCAGTTGCAGAT_S1_L001	https://sra-pub-src-2.s3.amazonaws.com/SRR36159521/420398-CD4i_R1L08_GEX-Z0097-CAGTCAGTTGCAGAT_S1_L001_R1_001.fastq.gz.1	29975628470	d09bdbddd062f4caa92dad9c14e9da1a	https://sra-pub-src-2.s3.amazonaws.com/SRR36159521/420398-CD4i_R1L08_GEX-Z0097-CAGTCAGTTGCAGAT_S1_L001_R2_001.fastq.gz.1	49144968002	6d4a248fadfe3fb8330251c851847462
CD4i_R1_L01-23	8	CD4i_R1L08	SRR36159521	SAMN53373067	SRX31199601	420444-CD4i_R1L08_GEX-Z0097-CAGTCAGTTGCAGAT_S1_L001	https://sra-pub-src-2.s3.amazonaws.com/SRR36159521/420444-CD4i_R1L08_GEX-Z0097-CAGTCAGTTGCAGAT_S1_L001_R1_001.fastq.gz.1	29568298286	30a31fe8bbc0e4f386a8e0af50224c78	https://sra-pub-src-2.s3.amazonaws.com/SRR36159521/420444-CD4i_R1L08_GEX-Z0097-CAGTCAGTTGCAGAT_S1_L001_R2_001.fastq.gz.1	49142657089	98834bcad82c8b4557d0839f1eeb0a53
CD4i_R1_L01-23	8	CD4i_R1L08	SRR36159521	SAMN53373067	SRX31199601	420501-CD4i_R1L08_GEX-Z0097-CAGTCAGTTGCAGAT_S1_L001	https://sra-pub-src-2.s3.amazonaws.com/SRR36159521/420501-CD4i_R1L08_GEX-Z0097-CAGTCAGTTGCAGAT_S1_L001_R1_001.fastq.gz.1	24954970238	c11b5687de772a47aa41665fb06fca92	https://sra-pub-src-2.s3.amazonaws.com/SRR36159521/420501-CD4i_R1L08_GEX-Z0097-CAGTCAGTTGCAGAT_S1_L001_R2_001.fastq.gz.1	41316022359	297ad25bec7067a8787f9127fa52b631
CD4i_R1_L01-23	8	CD4i_R1L08	SRR36159521	SAMN53373067	SRX31199601	420578-CD4i_R1L08_GEX-Z0097-CAGTCAGTTGCAGAT_S1_L001	https://sra-pub-src-2.s3.amazonaws.com/SRR36159521/420578-CD4i_R1L08_GEX-Z0097-CAGTCAGTTGCAGAT_S1_L001_R1_001.fastq.gz.1	23834624131	8ba60c8f3e245a1d44cae8441f0f0b17	https://sra-pub-src-2.s3.amazonaws.com/SRR36159521/420578-CD4i_R1L08_GEX-Z0097-CAGTCAGTTGCAGAT_S1_L001_R2_001.fastq.gz.1	39408452026	407281aa714b27feb6b74417b3af6220
CD4i_R1_L01-23	8	CD4i_R1L08	SRR36159521	SAMN53373067	SRX31199601	420593-CD4i_R1L08_GEX-Z0097-CAGTCAGTTGCAGAT_S1_L001	https://sra-pub-src-2.s3.amazonaws.com/SRR36159521/420593-CD4i_R1L08_GEX-Z0097-CAGTCAGTTGCAGAT_S1_L001_R1_001.fastq.gz.1	25276315783	f46bce6e150e879b8518981e30059ff0	https://sra-pub-src-2.s3.amazonaws.com/SRR36159521/420593-CD4i_R1L08_GEX-Z0097-CAGTCAGTTGCAGAT_S1_L001_R2_001.fastq.gz.1	41296162258	614f3bec8956b1706053c766b06b867f
CD4i_R1_L01-23	8	CD4i_R1L08	SRR36159521	SAMN53373067	SRX31199601	43418692-CD4i_R1L08_GEX-Z0097-CAGTCAGTTGCAGAT_S1_L001	https://sra-pub-src-2.s3.amazonaws.com/SRR36159521/43418692-CD4i_R1L08_GEX-Z0097-CAGTCAGTTGCAGAT_S1_L001_R1_001.fastq.gz.1	26556355472	39948b74503e9d3ee1c69a4d3c8a3ba7	https://sra-pub-src-2.s3.amazonaws.com/SRR36159521/43418692-CD4i_R1L08_GEX-Z0097-CAGTCAGTTGCAGAT_S1_L001_R2_001.fastq.gz.1	44324084847	37b0cdf12829b1baa9945b4f455ef35b
CD4i_R1_L01-23	8	CD4i_R1L08	SRR36159521	SAMN53373067	SRX31199601	43418740-CD4i_R1L08_GEX-Z0097-CAGTCAGTTGCAGAT_S1_L001	https://sra-pub-src-2.s3.amazonaws.com/SRR36159521/43418740-CD4i_R1L08_GEX-Z0097-CAGTCAGTTGCAGAT_S1_L001_R1_001.fastq.gz.1	30217378999	08bcd62bfc81eeaade3cbaa33838e54a	https://sra-pub-src-2.s3.amazonaws.com/SRR36159521/43418740-CD4i_R1L08_GEX-Z0097-CAGTCAGTTGCAGAT_S1_L001_R2_001.fastq.gz.1	49954956239	ae7bd0aba85f6267ba6bed273c3d2fb5
CD4i_R1_L01-23	9	CD4i_R1L09	SRR36159520	SAMN53373068	SRX31199602	421790-CD4i_R1L09_GEX-Z0112-CATCCAGCGCATGTGAT_S1_L001	https://sra-pub-src-2.s3.amazonaws.com/SRR36159520/421790-CD4i_R1L09_GEX-Z0112-CATCCAGCGCATGTGAT_S1_L001_R1_001.fastq.gz.1	39807435103	ca3e07b3b867bdcbd5b50e994d869568	https://sra-pub-src-2.s3.amazonaws.com/SRR36159520/421790-CD4i_R1L09_GEX-Z0112-CATCCAGCGCATGTGAT_S1_L001_R2_001.fastq.gz.1	65785787453	2d697e0f5177540311affb4ca8a5908a
CD4i_R1_L01-23	9	CD4i_R1L09	SRR36159520	SAMN53373068	SRX31199602	421803-CD4i_R1L09_GEX-Z0112-CATCCAGCGCATGTGAT_S1_L001	https://sra-pub-src-2.s3.amazonaws.com/SRR36159520/421803-CD4i_R1L09_GEX-Z0112-CATCCAGCGCATGTGAT_S1_L001_R1_001.fastq.gz.1	38259020387	6eaa3e548f02c44287ad18e7a65c2a5a	https://sra-pub-src-2.s3.amazonaws.com/SRR36159520/421803-CD4i_R1L09_GEX-Z0112-CATCCAGCGCATGTGAT_S1_L001_R2_001.fastq.gz.1	65176711229	2e8c73303c32d47e1ece10d1bff5eaa8
CD4i_R1_L01-23	9	CD4i_R1L09	SRR36159520	SAMN53373068	SRX31199602	421859-CD4i_R1L09_GEX-Z0112-CATCCAGCGCATGTGAT_S1_L001	https://sra-pub-src-2.s3.amazonaws.com/SRR36159520/421859-CD4i_R1L09_GEX-Z0112-CATCCAGCGCATGTGAT_S1_L001_R1_001.fastq.gz.1	31383644401	2a78a0153ee7074f58d16c2061ff17bb	https://sra-pub-src-2.s3.amazonaws.com/SRR36159520/421859-CD4i_R1L09_GEX-Z0112-CATCCAGCGCATGTGAT_S1_L001_R2_001.fastq.gz.1	52068200185	950d63aa4e3e7fa718277a45fd5c87af
CD4i_R1_L01-23	9	CD4i_R1L09	SRR36159520	SAMN53373068	SRX31199602	421862-CD4i_R1L09_GEX-Z0112-CATCCAGCGCATGTGAT_S1_L001	https://sra-pub-src-2.s3.amazonaws.com/SRR36159520/421862-CD4i_R1L09_GEX-Z0112-CATCCAGCGCATGTGAT_S1_L001_R1_001.fastq.gz.1	32669988032	a45fc806f64c75d64992ef1192d346c5	https://sra-pub-src-2.s3.amazonaws.com/SRR36159520/421862-CD4i_R1L09_GEX-Z0112-CATCCAGCGCATGTGAT_S1_L001_R2_001.fastq.gz.1	54111640071	178fee48235606df8207d725126f91e9
CD4i_R1_L01-23	9	CD4i_R1L09	SRR36159520	SAMN53373068	SRX31199602	421920-CD4i_R1L09_GEX-Z0112-CATCCAGCGCATGTGAT_S1_L001	https://sra-pub-src-2.s3.amazonaws.com/SRR36159520/421920-CD4i_R1L09_GEX-Z0112-CATCCAGCGCATGTGAT_S1_L001_R1_001.fastq.gz.1	36256737475	aa99afdc1ab7ea4f5eaed5580031779b	https://sra-pub-src-2.s3.amazonaws.com/SRR36159520/421920-CD4i_R1L09_GEX-Z0112-CATCCAGCGCATGTGAT_S1_L001_R2_001.fastq.gz.1	60909933491	b40439833570e4e08bdf70133742945c
CD4i_R1_L01-23	9	CD4i_R1L09	SRR36159520	SAMN53373068	SRX31199602	421953-CD4i_R1L09_GEX-Z0112-CATCCAGCGCATGTGAT_S1_L001	https://sra-pub-src-2.s3.amazonaws.com/SRR36159520/421953-CD4i_R1L09_GEX-Z0112-CATCCAGCGCATGTGAT_S1_L001_R1_001.fastq.gz.1	30372911537	89a0d68fc36753f07336ba68e7c9137a	https://sra-pub-src-2.s3.amazonaws.com/SRR36159520/421953-CD4i_R1L09_GEX-Z0112-CATCCAGCGCATGTGAT_S1_L001_R2_001.fastq.gz.1	50801174731	080d80e13eddc2b17754e8189f7aad47
CD4i_R1_L01-23	9	CD4i_R1L09	SRR36159520	SAMN53373068	SRX31199602	422277-CD4i_R1L09_GEX-Z0112-CATCCAGCGCATGTGAT_S1_L001	https://sra-pub-src-2.s3.amazonaws.com/SRR36159520/422277-CD4i_R1L09_GEX-Z0112-CATCCAGCGCATGTGAT_S1_L001_R1_001.fastq.gz.1	35960649022	bcdbee3e309be33b426210feb5b7a793	https://sra-pub-src-2.s3.amazonaws.com/SRR36159520/422277-CD4i_R1L09_GEX-Z0112-CATCCAGCGCATGTGAT_S1_L001_R2_001.fastq.gz.1	61235894866	2fc5a39ce46bac1b5d9696f722715042
CD4i_R1_L01-23	9	CD4i_R1L09	SRR36159520	SAMN53373068	SRX31199602	422504-CD4i_R1L09_GEX-Z0112-CATCCAGCGCATGTGAT_S1_L001	https://sra-pub-src-2.s3.amazonaws.com/SRR36159520/422504-CD4i_R1L09_GEX-Z0112-CATCCAGCGCATGTGAT_S1_L001_R1_001.fastq.gz.1	35614857291	830b0503f9483017d0d63ed8603b86ae	https://sra-pub-src-2.s3.amazonaws.com/SRR36159520/422504-CD4i_R1L09_GEX-Z0112-CATCCAGCGCATGTGAT_S1_L001_R2_001.fastq.gz.1	59219964368	a7d9b03ac8b83371960a0ceb066365a3
CD4i_R1_L01-23	9	CD4i_R1L09	SRR36159520	SAMN53373068	SRX31199602	422625-CD4i_R1L09_GEX-Z0112-CATCCAGCGCATGTGAT_S1_L001	https://sra-pub-src-2.s3.amazonaws.com/SRR36159520/422625-CD4i_R1L09_GEX-Z0112-CATCCAGCGCATGTGAT_S1_L001_R1_001.fastq.gz.1	37056026547	6f48f3a99d18d63a6ce558b6eeeb0682	https://sra-pub-src-2.s3.amazonaws.com/SRR36159520/422625-CD4i_R1L09_GEX-Z0112-CATCCAGCGCATGTGAT_S1_L001_R2_001.fastq.gz.1	61872196715	9ca9989ec6543a3ce38f13cd877d53f2
CD4i_R1_L01-23	9	CD4i_R1L09	SRR36159520	SAMN53373068	SRX31199602	43418959-CD4i_R1L09_GEX-Z0112-CATCCAGCGCATGTGAT_S1_L001	https://sra-pub-src-2.s3.amazonaws.com/SRR36159520/43418959-CD4i_R1L09_GEX-Z0112-CATCCAGCGCATGTGAT_S1_L001_R1_001.fastq.gz.1	38342303553	99cce9871c557f2e09fa811936caf84c	https://sra-pub-src-2.s3.amazonaws.com/SRR36159520/43418959-CD4i_R1L09_GEX-Z0112-CATCCAGCGCATGTGAT_S1_L001_R2_001.fastq.gz.1	64025983051	f7873899bd643af6bf1a803b87a2b6be
CD4i_R1_L01-23	10	CD4i_R1L10	SRR36159519	SAMN53373069	SRX31199603	421790-CD4i_R1L10_GEX-Z0111-CTTATCTGATCTGAT_S1_L001	https://sra-pub-src-2.s3.amazonaws.com/SRR36159519/421790-CD4i_R1L10_GEX-Z0111-CTTATCTGATCTGAT_S1_L001_R1_001.fastq.gz.1	37278562273	cbfacf6e1ea8ea4b60b6e830770a0353	https://sra-pub-src-2.s3.amazonaws.com/SRR36159519/421790-CD4i_R1L10_GEX-Z0111-CTTATCTGATCTGAT_S1_L001_R2_001.fastq.gz.1	61823226170	fb441dc3030e7db61a960da2f31b7211
CD4i_R1_L01-23	10	CD4i_R1L10	SRR36159519	SAMN53373069	SRX31199603	421803-CD4i_R1L10_GEX-Z0111-CTTATCTGATCTGAT_S1_L001	https://sra-pub-src-2.s3.amazonaws.com/SRR36159519/421803-CD4i_R1L10_GEX-Z0111-CTTATCTGATCTGAT_S1_L001_R1_001.fastq.gz.1	36000670080	b306efb96ac80e4e45fc4b0ce7f1f0b8	https://sra-pub-src-2.s3.amazonaws.com/SRR36159519/421803-CD4i_R1L10_GEX-Z0111-CTTATCTGATCTGAT_S1_L001_R2_001.fastq.gz.1	61603532586	322ce99ac25ec2d6acff4d2d481c456a
CD4i_R1_L01-23	10	CD4i_R1L10	SRR36159519	SAMN53373069	SRX31199603	421859-CD4i_R1L10_GEX-Z0111-CTTATCTGATCTGAT_S1_L001	https://sra-pub-src-2.s3.amazonaws.com/SRR36159519/421859-CD4i_R1L10_GEX-Z0111-CTTATCTGATCTGAT_S1_L001_R1_001.fastq.gz.1	29229349656	eca3b02f896a3a8b3967b9aabd2ed851	https://sra-pub-src-2.s3.amazonaws.com/SRR36159519/421859-CD4i_R1L10_GEX-Z0111-CTTATCTGATCTGAT_S1_L001_R2_001.fastq.gz.1	48551738734	9012578ae4258c397383067013f3e865
CD4i_R1_L01-23	10	CD4i_R1L10	SRR36159519	SAMN53373069	SRX31199603	421862-CD4i_R1L10_GEX-Z0111-CTTATCTGATCTGAT_S1_L001	https://sra-pub-src-2.s3.amazonaws.com/SRR36159519/421862-CD4i_R1L10_GEX-Z0111-CTTATCTGATCTGAT_S1_L001_R1_001.fastq.gz.1	30566216481	3a327dd7b40b221dbb546af227c59f04	https://sra-pub-src-2.s3.amazonaws.com/SRR36159519/421862-CD4i_R1L10_GEX-Z0111-CTTATCTGATCTGAT_S1_L001_R2_001.fastq.gz.1	50665388224	e4c5bd2509076d1e2a3179a964dbc8c3
CD4i_R1_L01-23	10	CD4i_R1L10	SRR36159519	SAMN53373069	SRX31199603	421920-CD4i_R1L10_GEX-Z0111-CTTATCTGATCTGAT_S1_L001	https://sra-pub-src-2.s3.amazonaws.com/SRR36159519/421920-CD4i_R1L10_GEX-Z0111-CTTATCTGATCTGAT_S1_L001_R1_001.fastq.gz.1	33756567872	ccbff519e60117bb7ef6eace813550f8	https://sra-pub-src-2.s3.amazonaws.com/SRR36159519/421920-CD4i_R1L10_GEX-Z0111-CTTATCTGATCTGAT_S1_L001_R2_001.fastq.gz.1	56741536940	0460102422e268ec109f2bceba1f5211
CD4i_R1_L01-23	10	CD4i_R1L10	SRR36159519	SAMN53373069	SRX31199603	421953-CD4i_R1L10_GEX-Z0111-CTTATCTGATCTGAT_S1_L001	https://sra-pub-src-2.s3.amazonaws.com/SRR36159519/421953-CD4i_R1L10_GEX-Z0111-CTTATCTGATCTGAT_S1_L001_R1_001.fastq.gz.1	28405976348	ab7d155f0f74a2240a1647d50f14bec7	https://sra-pub-src-2.s3.amazonaws.com/SRR36159519/421953-CD4i_R1L10_GEX-Z0111-CTTATCTGATCTGAT_S1_L001_R2_001.fastq.gz.1	47629838479	811973dd9749af6ff40cad9d9f83e928
CD4i_R1_L01-23	10	CD4i_R1L10	SRR36159519	SAMN53373069	SRX31199603	422277-CD4i_R1L10_GEX-Z0111-CTTATCTGATCTGAT_S1_L001	https://sra-pub-src-2.s3.amazonaws.com/SRR36159519/422277-CD4i_R1L10_GEX-Z0111-CTTATCTGATCTGAT_S1_L001_R1_001.fastq.gz.1	33523181842	afe6aef010a05fb36e3b5ef4bccd146d	https://sra-pub-src-2.s3.amazonaws.com/SRR36159519/422277-CD4i_R1L10_GEX-Z0111-CTTATCTGATCTGAT_S1_L001_R2_001.fastq.gz.1	57427573041	4f73f71fe4e5a171d16b66ac8b88a4b5
CD4i_R1_L01-23	10	CD4i_R1L10	SRR36159519	SAMN53373069	SRX31199603	422504-CD4i_R1L10_GEX-Z0111-CTTATCTGATCTGAT_S1_L001	https://sra-pub-src-2.s3.amazonaws.com/SRR36159519/422504-CD4i_R1L10_GEX-Z0111-CTTATCTGATCTGAT_S1_L001_R1_001.fastq.gz.1	33148224389	8c547e57a8ce274813f8132d7276c594	https://sra-pub-src-2.s3.amazonaws.com/SRR36159519/422504-CD4i_R1L10_GEX-Z0111-CTTATCTGATCTGAT_S1_L001_R2_001.fastq.gz.1	55167498166	deeec96d2b324aeb4f2aefa35211c8eb
CD4i_R1_L01-23	10	CD4i_R1L10	SRR36159519	SAMN53373069	SRX31199603	422625-CD4i_R1L10_GEX-Z0111-CTTATCTGATCTGAT_S1_L001	https://sra-pub-src-2.s3.amazonaws.com/SRR36159519/422625-CD4i_R1L10_GEX-Z0111-CTTATCTGATCTGAT_S1_L001_R1_001.fastq.gz.1	34765334862	1eaf4c068d466fa4df4a80ccedcb8eb3	https://sra-pub-src-2.s3.amazonaws.com/SRR36159519/422625-CD4i_R1L10_GEX-Z0111-CTTATCTGATCTGAT_S1_L001_R2_001.fastq.gz.1	58274019969	78b62195a09279775f815d06ffdba1c4
CD4i_R1_L01-23	10	CD4i_R1L10	SRR36159519	SAMN53373069	SRX31199603	43418959-CD4i_R1L10_GEX-Z0111-CTTATCTGATCTGAT_S1_L001	https://sra-pub-src-2.s3.amazonaws.com/SRR36159519/43418959-CD4i_R1L10_GEX-Z0111-CTTATCTGATCTGAT_S1_L001_R1_001.fastq.gz.1	35829570772	be8be04990f3889c0d6947215ebfce6b	https://sra-pub-src-2.s3.amazonaws.com/SRR36159519/43418959-CD4i_R1L10_GEX-Z0111-CTTATCTGATCTGAT_S1_L001_R2_001.fastq.gz.1	59953355278	8ef1b2230e1e6cc43e0291e54015eb5a
CD4i_R1_L01-23	11	CD4i_R1L11	SRR36197569	SAMN53397159	SRX31234203	421790-CD4i_R1L11_GEX-Z0110-CAGCATGAGCGCCAGAT_S1_L001	https://sra-pub-src-2.s3.amazonaws.com/SRR36197569/421790-CD4i_R1L11_GEX-Z0110-CAGCATGAGCGCCAGAT_S1_L001_R1_001.fastq.gz.1	42505282265	25eb32ba1cd5de0a4bd3efc2ba84ba0f	https://sra-pub-src-2.s3.amazonaws.com/SRR36197569/421790-CD4i_R1L11_GEX-Z0110-CAGCATGAGCGCCAGAT_S1_L001_R2_001.fastq.gz.1	70258644827	bde79c54f665c3abb040f2b13cc048e1
CD4i_R1_L01-23	11	CD4i_R1L11	SRR36197569	SAMN53397159	SRX31234203	421803-CD4i_R1L11_GEX-Z0110-CAGCATGAGCGCCAGAT_S1_L001	https://sra-pub-src-2.s3.amazonaws.com/SRR36197569/421803-CD4i_R1L11_GEX-Z0110-CAGCATGAGCGCCAGAT_S1_L001_R1_001.fastq.gz.1	40974987255	dc42af7f47d7481524f6d8c8ee191190	https://sra-pub-src-2.s3.amazonaws.com/SRR36197569/421803-CD4i_R1L11_GEX-Z0110-CAGCATGAGCGCCAGAT_S1_L001_R2_001.fastq.gz.1	69826346854	25526e7b9788e284facdf4e9754100e6
CD4i_R1_L01-23	11	CD4i_R1L11	SRR36197569	SAMN53397159	SRX31234203	421859-CD4i_R1L11_GEX-Z0110-CAGCATGAGCGCCAGAT_S1_L001	https://sra-pub-src-2.s3.amazonaws.com/SRR36197569/421859-CD4i_R1L11_GEX-Z0110-CAGCATGAGCGCCAGAT_S1_L001_R1_001.fastq.gz.1	33615089173	c2eb72a5808031dc9aaaf04c961d334c	https://sra-pub-src-2.s3.amazonaws.com/SRR36197569/421859-CD4i_R1L11_GEX-Z0110-CAGCATGAGCGCCAGAT_S1_L001_R2_001.fastq.gz.1	55721359942	0b3a5a105a630388dbee7d3258abc33e
CD4i_R1_L01-23	11	CD4i_R1L11	SRR36197569	SAMN53397159	SRX31234203	421862-CD4i_R1L11_GEX-Z0110-CAGCATGAGCGCCAGAT_S1_L001	https://sra-pub-src-2.s3.amazonaws.com/SRR36197569/421862-CD4i_R1L11_GEX-Z0110-CAGCATGAGCGCCAGAT_S1_L001_R1_001.fastq.gz.1	34859658124	e2579bc455fae1cb4204eeb600b81616	https://sra-pub-src-2.s3.amazonaws.com/SRR36197569/421862-CD4i_R1L11_GEX-Z0110-CAGCATGAGCGCCAGAT_S1_L001_R2_001.fastq.gz.1	57693011680	170ae2f5631e83981de999193c4a0dfc
CD4i_R1_L01-23	11	CD4i_R1L11	SRR36197569	SAMN53397159	SRX31234203	421920-CD4i_R1L11_GEX-Z0110-CAGCATGAGCGCCAGAT_S1_L001	https://sra-pub-src-2.s3.amazonaws.com/SRR36197569/421920-CD4i_R1L11_GEX-Z0110-CAGCATGAGCGCCAGAT_S1_L001_R1_001.fastq.gz.1	38501744648	073132bbb1328ff78e6acc4bad02b861	https://sra-pub-src-2.s3.amazonaws.com/SRR36197569/421920-CD4i_R1L11_GEX-Z0110-CAGCATGAGCGCCAGAT_S1_L001_R2_001.fastq.gz.1	64402131170	a8819be4c96728ddfc053e0906944035
CD4i_R1_L01-23	11	CD4i_R1L11	SRR36197569	SAMN53397159	SRX31234203	421953-CD4i_R1L11_GEX-Z0110-CAGCATGAGCGCCAGAT_S1_L001	https://sra-pub-src-2.s3.amazonaws.com/SRR36197569/421953-CD4i_R1L11_GEX-Z0110-CAGCATGAGCGCCAGAT_S1_L001_R1_001.fastq.gz.1	32443731007	3fe8900babd1404071f5cddf3afe5942	https://sra-pub-src-2.s3.amazonaws.com/SRR36197569/421953-CD4i_R1L11_GEX-Z0110-CAGCATGAGCGCCAGAT_S1_L001_R2_001.fastq.gz.1	54187536704	d1d14f3acb0717839c85afad8ad8155c
CD4i_R1_L01-23	11	CD4i_R1L11	SRR36197569	SAMN53397159	SRX31234203	422277-CD4i_R1L11_GEX-Z0110-CAGCATGAGCGCCAGAT_S1_L001	https://sra-pub-src-2.s3.amazonaws.com/SRR36197569/422277-CD4i_R1L11_GEX-Z0110-CAGCATGAGCGCCAGAT_S1_L001_R1_001.fastq.gz.1	38278944602	96dfe128a7501f5b8cce60b81f4ce9c8	https://sra-pub-src-2.s3.amazonaws.com/SRR36197569/422277-CD4i_R1L11_GEX-Z0110-CAGCATGAGCGCCAGAT_S1_L001_R2_001.fastq.gz.1	65191337208	37a69ae1b747ab7d410f919c3b75d072
CD4i_R1_L01-23	11	CD4i_R1L11	SRR36197569	SAMN53397159	SRX31234203	422504-CD4i_R1L11_GEX-Z0110-CAGCATGAGCGCCAGAT_S1_L001	https://sra-pub-src-2.s3.amazonaws.com/SRR36197569/422504-CD4i_R1L11_GEX-Z0110-CAGCATGAGCGCCAGAT_S1_L001_R1_001.fastq.gz.1	37832250954	b7b15d4415bf139e75b9d3c99074e8e0	https://sra-pub-src-2.s3.amazonaws.com/SRR36197569/422504-CD4i_R1L11_GEX-Z0110-CAGCATGAGCGCCAGAT_S1_L001_R2_001.fastq.gz.1	62714733762	33f9abc28b0ceb5aecc0ccd18cddcbc3
CD4i_R1_L01-23	11	CD4i_R1L11	SRR36197569	SAMN53397159	SRX31234203	422625-CD4i_R1L11_GEX-Z0110-CAGCATGAGCGCCAGAT_S1_L001	https://sra-pub-src-2.s3.amazonaws.com/SRR36197569/422625-CD4i_R1L11_GEX-Z0110-CAGCATGAGCGCCAGAT_S1_L001_R1_001.fastq.gz.1	39797980290	91a6fd384b853e4d32e8efbf771e5069	https://sra-pub-src-2.s3.amazonaws.com/SRR36197569/422625-CD4i_R1L11_GEX-Z0110-CAGCATGAGCGCCAGAT_S1_L001_R2_001.fastq.gz.1	66514438160	ba455280d1f8c71b741e53e5fdc2b848
CD4i_R1_L01-23	11	CD4i_R1L11	SRR36197569	SAMN53397159	SRX31234203	43418959-CD4i_R1L11_GEX-Z0110-CAGCATGAGCGCCAGAT_S1_L001	https://sra-pub-src-2.s3.amazonaws.com/SRR36197569/43418959-CD4i_R1L11_GEX-Z0110-CAGCATGAGCGCCAGAT_S1_L001_R1_001.fastq.gz.1	40904180971	ef66c3a1c547a9ad6703bfc3fd3bc76c	https://sra-pub-src-2.s3.amazonaws.com/SRR36197569/43418959-CD4i_R1L11_GEX-Z0110-CAGCATGAGCGCCAGAT_S1_L001_R2_001.fastq.gz.1	68211144109	3a466c0d5f9c408dad82ef20f121cb43
CD4i_R1_L01-23	12	CD4i_R1L12	SRR36197568	SAMN53397160	SRX31234204	421790-CD4i_R1L12_GEX-Z0109-CAATCTGCATACGAT_S1_L001	https://sra-pub-src-2.s3.amazonaws.com/SRR36197568/421790-CD4i_R1L12_GEX-Z0109-CAATCTGCATACGAT_S1_L001_R1_001.fastq.gz.1	36672705718	09eff911a9901a519f1e2aa5338f2104	https://sra-pub-src-2.s3.amazonaws.com/SRR36197568/421790-CD4i_R1L12_GEX-Z0109-CAATCTGCATACGAT_S1_L001_R2_001.fastq.gz.1	61056064734	a6632a729218fbb9f736abd62dd1e4a5
CD4i_R1_L01-23	12	CD4i_R1L12	SRR36197568	SAMN53397160	SRX31234204	421803-CD4i_R1L12_GEX-Z0109-CAATCTGCATACGAT_S1_L001	https://sra-pub-src-2.s3.amazonaws.com/SRR36197568/421803-CD4i_R1L12_GEX-Z0109-CAATCTGCATACGAT_S1_L001_R1_001.fastq.gz.1	35069730227	0f0ea39282b2ae6a57fa395da41dab04	https://sra-pub-src-2.s3.amazonaws.com/SRR36197568/421803-CD4i_R1L12_GEX-Z0109-CAATCTGCATACGAT_S1_L001_R2_001.fastq.gz.1	60074388445	d4321599b528b0454b8afd71e05e991c
CD4i_R1_L01-23	12	CD4i_R1L12	SRR36197568	SAMN53397160	SRX31234204	421859-CD4i_R1L12_GEX-Z0109-CAATCTGCATACGAT_S1_L001	https://sra-pub-src-2.s3.amazonaws.com/SRR36197568/421859-CD4i_R1L12_GEX-Z0109-CAATCTGCATACGAT_S1_L001_R1_001.fastq.gz.1	28461044149	df671d256c314e092f45df9288b57ca5	https://sra-pub-src-2.s3.amazonaws.com/SRR36197568/421859-CD4i_R1L12_GEX-Z0109-CAATCTGCATACGAT_S1_L001_R2_001.fastq.gz.1	47251470363	f0a7fe06342cb33fd264f6a019a76928
CD4i_R1_L01-23	12	CD4i_R1L12	SRR36197568	SAMN53397160	SRX31234204	421862-CD4i_R1L12_GEX-Z0109-CAATCTGCATACGAT_S1_L001	https://sra-pub-src-2.s3.amazonaws.com/SRR36197568/421862-CD4i_R1L12_GEX-Z0109-CAATCTGCATACGAT_S1_L001_R1_001.fastq.gz.1	29846302786	7a7ba9234174ff44187b4216a1e11765	https://sra-pub-src-2.s3.amazonaws.com/SRR36197568/421862-CD4i_R1L12_GEX-Z0109-CAATCTGCATACGAT_S1_L001_R2_001.fastq.gz.1	49594652544	c48529326bb7ea7b0c9bd57e731a065c
CD4i_R1_L01-23	12	CD4i_R1L12	SRR36197568	SAMN53397160	SRX31234204	421920-CD4i_R1L12_GEX-Z0109-CAATCTGCATACGAT_S1_L001	https://sra-pub-src-2.s3.amazonaws.com/SRR36197568/421920-CD4i_R1L12_GEX-Z0109-CAATCTGCATACGAT_S1_L001_R1_001.fastq.gz.1	33085679366	51cc77f23ccd816a37d83b699e429ca1	https://sra-pub-src-2.s3.amazonaws.com/SRR36197568/421920-CD4i_R1L12_GEX-Z0109-CAATCTGCATACGAT_S1_L001_R2_001.fastq.gz.1	55756879558	ca2bbbb34357d67cbf88f8c9a2d1d50a
CD4i_R1_L01-23	12	CD4i_R1L12	SRR36197568	SAMN53397160	SRX31234204	421953-CD4i_R1L12_GEX-Z0109-CAATCTGCATACGAT_S1_L001	https://sra-pub-src-2.s3.amazonaws.com/SRR36197568/421953-CD4i_R1L12_GEX-Z0109-CAATCTGCATACGAT_S1_L001_R1_001.fastq.gz.1	27537171623	593f40738019de598ba0e4c4d481d3ba	https://sra-pub-src-2.s3.amazonaws.com/SRR36197568/421953-CD4i_R1L12_GEX-Z0109-CAATCTGCATACGAT_S1_L001_R2_001.fastq.gz.1	46061305997	d1af12c5dfa6d7e8bf23c0d9e8b1d999
CD4i_R1_L01-23	12	CD4i_R1L12	SRR36197568	SAMN53397160	SRX31234204	422277-CD4i_R1L12_GEX-Z0109-CAATCTGCATACGAT_S1_L001	https://sra-pub-src-2.s3.amazonaws.com/SRR36197568/422277-CD4i_R1L12_GEX-Z0109-CAATCTGCATACGAT_S1_L001_R1_001.fastq.gz.1	32593410151	cdadcc7a4ebc99dc27c0ab64ece6ff34	https://sra-pub-src-2.s3.amazonaws.com/SRR36197568/422277-CD4i_R1L12_GEX-Z0109-CAATCTGCATACGAT_S1_L001_R2_001.fastq.gz.1	55738366913	690298149c741748541c0a475cf7b753
CD4i_R1_L01-23	12	CD4i_R1L12	SRR36197568	SAMN53397160	SRX31234204	422504-CD4i_R1L12_GEX-Z0109-CAATCTGCATACGAT_S1_L001	https://sra-pub-src-2.s3.amazonaws.com/SRR36197568/422504-CD4i_R1L12_GEX-Z0109-CAATCTGCATACGAT_S1_L001_R1_001.fastq.gz.1	32283723201	5b7f86205984353b6cd800c22c03f286	https://sra-pub-src-2.s3.amazonaws.com/SRR36197568/422504-CD4i_R1L12_GEX-Z0109-CAATCTGCATACGAT_S1_L001_R2_001.fastq.gz.1	53697054377	17b7b1d07b55b7833837b2c2513d296b
CD4i_R1_L01-23	12	CD4i_R1L12	SRR36197568	SAMN53397160	SRX31234204	422625-CD4i_R1L12_GEX-Z0109-CAATCTGCATACGAT_S1_L001	https://sra-pub-src-2.s3.amazonaws.com/SRR36197568/422625-CD4i_R1L12_GEX-Z0109-CAATCTGCATACGAT_S1_L001_R1_001.fastq.gz.1	33893339820	278cea29d9ef99f51ba8315ea95a31b1	https://sra-pub-src-2.s3.amazonaws.com/SRR36197568/422625-CD4i_R1L12_GEX-Z0109-CAATCTGCATACGAT_S1_L001_R2_001.fastq.gz.1	56908076536	4e92db9f829b21ddc89a55d7e733db93
CD4i_R1_L01-23	12	CD4i_R1L12	SRR36197568	SAMN53397160	SRX31234204	43418959-CD4i_R1L12_GEX-Z0109-CAATCTGCATACGAT_S1_L001	https://sra-pub-src-2.s3.amazonaws.com/SRR36197568/43418959-CD4i_R1L12_GEX-Z0109-CAATCTGCATACGAT_S1_L001_R1_001.fastq.gz.1	35020240098	d8f5f9436ed566fb304912f360e04f1f	https://sra-pub-src-2.s3.amazonaws.com/SRR36197568/43418959-CD4i_R1L12_GEX-Z0109-CAATCTGCATACGAT_S1_L001_R2_001.fastq.gz.1	58729411192	db649a709f66863607795b177db296b1
CD4i_R1_L01-23	13	CD4i_R1L13	SRR36197567	SAMN53397161	SRX31234205	421790-CD4i_R1L13_GEX-Z0108-CATGCATGCGAGGAGAT_S1_L001	https://sra-pub-src-2.s3.amazonaws.com/SRR36197567/421790-CD4i_R1L13_GEX-Z0108-CATGCATGCGAGGAGAT_S1_L001_R1_001.fastq.gz.1	38155446740	f4712e2a5016a8d118f0c11236544e89	https://sra-pub-src-2.s3.amazonaws.com/SRR36197567/421790-CD4i_R1L13_GEX-Z0108-CATGCATGCGAGGAGAT_S1_L001_R2_001.fastq.gz.1	63054091504	23233d196a544d608f966decf8db2bd7
CD4i_R1_L01-23	13	CD4i_R1L13	SRR36197567	SAMN53397161	SRX31234205	421803-CD4i_R1L13_GEX-Z0108-CATGCATGCGAGGAGAT_S1_L001	https://sra-pub-src-2.s3.amazonaws.com/SRR36197567/421803-CD4i_R1L13_GEX-Z0108-CATGCATGCGAGGAGAT_S1_L001_R1_001.fastq.gz.1	36804349407	d118b867f1e21cddbe7f93e5a1009e1e	https://sra-pub-src-2.s3.amazonaws.com/SRR36197567/421803-CD4i_R1L13_GEX-Z0108-CATGCATGCGAGGAGAT_S1_L001_R2_001.fastq.gz.1	62773729363	d507dea07873001d7c8a3f28aea9e236
CD4i_R1_L01-23	13	CD4i_R1L13	SRR36197567	SAMN53397161	SRX31234205	421859-CD4i_R1L13_GEX-Z0108-CATGCATGCGAGGAGAT_S1_L001	https://sra-pub-src-2.s3.amazonaws.com/SRR36197567/421859-CD4i_R1L13_GEX-Z0108-CATGCATGCGAGGAGAT_S1_L001_R1_001.fastq.gz.1	29970819929	de1d57c440d6dd21856f60958c1b2b18	https://sra-pub-src-2.s3.amazonaws.com/SRR36197567/421859-CD4i_R1L13_GEX-Z0108-CATGCATGCGAGGAGAT_S1_L001_R2_001.fastq.gz.1	49636766920	cd5fe4014e48754a724f2264a346d8de
CD4i_R1_L01-23	13	CD4i_R1L13	SRR36197567	SAMN53397161	SRX31234205	421862-CD4i_R1L13_GEX-Z0108-CATGCATGCGAGGAGAT_S1_L001	https://sra-pub-src-2.s3.amazonaws.com/SRR36197567/421862-CD4i_R1L13_GEX-Z0108-CATGCATGCGAGGAGAT_S1_L001_R1_001.fastq.gz.1	31270611966	4de1486199cf83ff5ba657dbdb464ec8	https://sra-pub-src-2.s3.amazonaws.com/SRR36197567/421862-CD4i_R1L13_GEX-Z0108-CATGCATGCGAGGAGAT_S1_L001_R2_001.fastq.gz.1	51778219230	2a43f21befec11d60920786009faadd7
CD4i_R1_L01-23	13	CD4i_R1L13	SRR36197567	SAMN53397161	SRX31234205	421920-CD4i_R1L13_GEX-Z0108-CATGCATGCGAGGAGAT_S1_L001	https://sra-pub-src-2.s3.amazonaws.com/SRR36197567/421920-CD4i_R1L13_GEX-Z0108-CATGCATGCGAGGAGAT_S1_L001_R1_001.fastq.gz.1	34637288687	9aacbad8bbf638af22ab32c3c9f42cd2	https://sra-pub-src-2.s3.amazonaws.com/SRR36197567/421920-CD4i_R1L13_GEX-Z0108-CATGCATGCGAGGAGAT_S1_L001_R2_001.fastq.gz.1	58033489741	cbe38bb79570e7ddc0baa8fb1abecac4
CD4i_R1_L01-23	13	CD4i_R1L13	SRR36197567	SAMN53397161	SRX31234205	421953-CD4i_R1L13_GEX-Z0108-CATGCATGCGAGGAGAT_S1_L001	https://sra-pub-src-2.s3.amazonaws.com/SRR36197567/421953-CD4i_R1L13_GEX-Z0108-CATGCATGCGAGGAGAT_S1_L001_R1_001.fastq.gz.1	29039935022	9a5fcb23f12f0775c4a099e2432b6923	https://sra-pub-src-2.s3.amazonaws.com/SRR36197567/421953-CD4i_R1L13_GEX-Z0108-CATGCATGCGAGGAGAT_S1_L001_R2_001.fastq.gz.1	48512543261	494c1a84da9b7640d32683b0cd9ee940
CD4i_R1_L01-23	13	CD4i_R1L13	SRR36197567	SAMN53397161	SRX31234205	422277-CD4i_R1L13_GEX-Z0108-CATGCATGCGAGGAGAT_S1_L001	https://sra-pub-src-2.s3.amazonaws.com/SRR36197567/422277-CD4i_R1L13_GEX-Z0108-CATGCATGCGAGGAGAT_S1_L001_R1_001.fastq.gz.1	34300500990	a473608499fd54386f119bb6a55b0662	https://sra-pub-src-2.s3.amazonaws.com/SRR36197567/422277-CD4i_R1L13_GEX-Z0108-CATGCATGCGAGGAGAT_S1_L001_R2_001.fastq.gz.1	58590104080	e352af7b9bd20f79b7be387ed097f206
CD4i_R1_L01-23	13	CD4i_R1L13	SRR36197567	SAMN53397161	SRX31234205	422504-CD4i_R1L13_GEX-Z0108-CATGCATGCGAGGAGAT_S1_L001	https://sra-pub-src-2.s3.amazonaws.com/SRR36197567/422504-CD4i_R1L13_GEX-Z0108-CATGCATGCGAGGAGAT_S1_L001_R1_001.fastq.gz.1	33961956411	887935a9aab65d2f6babae2828380a48	https://sra-pub-src-2.s3.amazonaws.com/SRR36197567/422504-CD4i_R1L13_GEX-Z0108-CATGCATGCGAGGAGAT_S1_L001_R2_001.fastq.gz.1	56357427487	e1782748b1d2f35d4ed9153c58a83d97
CD4i_R1_L01-23	13	CD4i_R1L13	SRR36197567	SAMN53397161	SRX31234205	422625-CD4i_R1L13_GEX-Z0108-CATGCATGCGAGGAGAT_S1_L001	https://sra-pub-src-2.s3.amazonaws.com/SRR36197567/422625-CD4i_R1L13_GEX-Z0108-CATGCATGCGAGGAGAT_S1_L001_R1_001.fastq.gz.1	35491926111	ca19f2133976e9f6c8fbfd0fc12e69f9	https://sra-pub-src-2.s3.amazonaws.com/SRR36197567/422625-CD4i_R1L13_GEX-Z0108-CATGCATGCGAGGAGAT_S1_L001_R2_001.fastq.gz.1	59253444051	144f9e845a13a7f450871f496131ebc9
CD4i_R1_L01-23	13	CD4i_R1L13	SRR36197567	SAMN53397161	SRX31234205	43418959-CD4i_R1L13_GEX-Z0108-CATGCATGCGAGGAGAT_S1_L001	https://sra-pub-src-2.s3.amazonaws.com/SRR36197567/43418959-CD4i_R1L13_GEX-Z0108-CATGCATGCGAGGAGAT_S1_L001_R1_001.fastq.gz.1	36715643999	dfcb006feda7497d548d36a6e7482eab	https://sra-pub-src-2.s3.amazonaws.com/SRR36197567/43418959-CD4i_R1L13_GEX-Z0108-CATGCATGCGAGGAGAT_S1_L001_R2_001.fastq.gz.1	61317924120	90efbd8e791d4b337223cd30e5d49c9c
CD4i_R1_L01-23	14	CD4i_R1L14	SRR36197566	SAMN53397162	SRX31234206	421790-CD4i_R1L14_GEX-Z0107-CATGCATGGTACGAT_S1_L001	https://sra-pub-src-2.s3.amazonaws.com/SRR36197566/421790-CD4i_R1L14_GEX-Z0107-CATGCATGGTACGAT_S1_L001_R1_001.fastq.gz.1	38014939538	0d7e7be9e0b0a52024cbce8f2cf4b86e	https://sra-pub-src-2.s3.amazonaws.com/SRR36197566/421790-CD4i_R1L14_GEX-Z0107-CATGCATGGTACGAT_S1_L001_R2_001.fastq.gz.1	62961430587	209864ce191e63f25a2c7a5ab2b7a5da
CD4i_R1_L01-23	14	CD4i_R1L14	SRR36197566	SAMN53397162	SRX31234206	421803-CD4i_R1L14_GEX-Z0107-CATGCATGGTACGAT_S1_L001	https://sra-pub-src-2.s3.amazonaws.com/SRR36197566/421803-CD4i_R1L14_GEX-Z0107-CATGCATGGTACGAT_S1_L001_R1_001.fastq.gz.1	36558255884	6be6e4e78199c8aafc810995391b84f6	https://sra-pub-src-2.s3.amazonaws.com/SRR36197566/421803-CD4i_R1L14_GEX-Z0107-CATGCATGGTACGAT_S1_L001_R2_001.fastq.gz.1	62551315860	b4898b3520e8dd91da26ae48e07d64e3
CD4i_R1_L01-23	14	CD4i_R1L14	SRR36197566	SAMN53397162	SRX31234206	421859-CD4i_R1L14_GEX-Z0107-CATGCATGGTACGAT_S1_L001	https://sra-pub-src-2.s3.amazonaws.com/SRR36197566/421859-CD4i_R1L14_GEX-Z0107-CATGCATGGTACGAT_S1_L001_R1_001.fastq.gz.1	29807177408	fce7e631948d56caf54d840553746395	https://sra-pub-src-2.s3.amazonaws.com/SRR36197566/421859-CD4i_R1L14_GEX-Z0107-CATGCATGGTACGAT_S1_L001_R2_001.fastq.gz.1	49422095125	b5efa8e1a2acb5c35dc89b9299c59f26
CD4i_R1_L01-23	14	CD4i_R1L14	SRR36197566	SAMN53397162	SRX31234206	421862-CD4i_R1L14_GEX-Z0107-CATGCATGGTACGAT_S1_L001	https://sra-pub-src-2.s3.amazonaws.com/SRR36197566/421862-CD4i_R1L14_GEX-Z0107-CATGCATGGTACGAT_S1_L001_R1_001.fastq.gz.1	31060962869	bb1b74517c9737066f511510253e4ddc	https://sra-pub-src-2.s3.amazonaws.com/SRR36197566/421862-CD4i_R1L14_GEX-Z0107-CATGCATGGTACGAT_S1_L001_R2_001.fastq.gz.1	51395885661	af427eac8237165680e7acdc1b34f1b5
CD4i_R1_L01-23	14	CD4i_R1L14	SRR36197566	SAMN53397162	SRX31234206	421920-CD4i_R1L14_GEX-Z0107-CATGCATGGTACGAT_S1_L001	https://sra-pub-src-2.s3.amazonaws.com/SRR36197566/421920-CD4i_R1L14_GEX-Z0107-CATGCATGGTACGAT_S1_L001_R1_001.fastq.gz.1	34407746395	018c8b1b57b087e2553336f643b541be	https://sra-pub-src-2.s3.amazonaws.com/SRR36197566/421920-CD4i_R1L14_GEX-Z0107-CATGCATGGTACGAT_S1_L001_R2_001.fastq.gz.1	57713592552	306f48a53078cfead8f85cfd5dd3743c
CD4i_R1_L01-23	14	CD4i_R1L14	SRR36197566	SAMN53397162	SRX31234206	421953-CD4i_R1L14_GEX-Z0107-CATGCATGGTACGAT_S1_L001	https://sra-pub-src-2.s3.amazonaws.com/SRR36197566/421953-CD4i_R1L14_GEX-Z0107-CATGCATGGTACGAT_S1_L001_R1_001.fastq.gz.1	28795037000	58a042f84b05b997c9d0171e6e6ee13b	https://sra-pub-src-2.s3.amazonaws.com/SRR36197566/421953-CD4i_R1L14_GEX-Z0107-CATGCATGGTACGAT_S1_L001_R2_001.fastq.gz.1	48076905810	36d1bbb1bf281904058130e2d0e0af3b
CD4i_R1_L01-23	14	CD4i_R1L14	SRR36197566	SAMN53397162	SRX31234206	422277-CD4i_R1L14_GEX-Z0107-CATGCATGGTACGAT_S1_L001	https://sra-pub-src-2.s3.amazonaws.com/SRR36197566/422277-CD4i_R1L14_GEX-Z0107-CATGCATGGTACGAT_S1_L001_R1_001.fastq.gz.1	34073961009	731c6c9f9f541731e3df8fa6e6af9aa6	https://sra-pub-src-2.s3.amazonaws.com/SRR36197566/422277-CD4i_R1L14_GEX-Z0107-CATGCATGGTACGAT_S1_L001_R2_001.fastq.gz.1	58358602013	1b6f99a3a9f494ca763d1ef2d160c092
CD4i_R1_L01-23	14	CD4i_R1L14	SRR36197566	SAMN53397162	SRX31234206	422504-CD4i_R1L14_GEX-Z0107-CATGCATGGTACGAT_S1_L001	https://sra-pub-src-2.s3.amazonaws.com/SRR36197566/422504-CD4i_R1L14_GEX-Z0107-CATGCATGGTACGAT_S1_L001_R1_001.fastq.gz.1	33727877794	d3014a0096ff0590d0809e908b6a3e73	https://sra-pub-src-2.s3.amazonaws.com/SRR36197566/422504-CD4i_R1L14_GEX-Z0107-CATGCATGGTACGAT_S1_L001_R2_001.fastq.gz.1	55932009222	af08e6dc077bf8c483e7c3e4eff70e2b
CD4i_R1_L01-23	14	CD4i_R1L14	SRR36197566	SAMN53397162	SRX31234206	422625-CD4i_R1L14_GEX-Z0107-CATGCATGGTACGAT_S1_L001	https://sra-pub-src-2.s3.amazonaws.com/SRR36197566/422625-CD4i_R1L14_GEX-Z0107-CATGCATGGTACGAT_S1_L001_R1_001.fastq.gz.1	35300715940	c89b610f179ffa3b3790f6bbb30ac737	https://sra-pub-src-2.s3.amazonaws.com/SRR36197566/422625-CD4i_R1L14_GEX-Z0107-CATGCATGGTACGAT_S1_L001_R2_001.fastq.gz.1	59008072662	2ae3198a579f9075393554b327688933
CD4i_R1_L01-23	14	CD4i_R1L14	SRR36197566	SAMN53397162	SRX31234206	43418959-CD4i_R1L14_GEX-Z0107-CATGCATGGTACGAT_S1_L001	https://sra-pub-src-2.s3.amazonaws.com/SRR36197566/43418959-CD4i_R1L14_GEX-Z0107-CATGCATGGTACGAT_S1_L001_R1_001.fastq.gz.1	36363431635	02436ae3b1b6a109aa117fdd67d596e6	https://sra-pub-src-2.s3.amazonaws.com/SRR36197566/43418959-CD4i_R1L14_GEX-Z0107-CATGCATGGTACGAT_S1_L001_R2_001.fastq.gz.1	60714843875	b31dc30c025fafe833b961fb963d886c
CD4i_R1_L01-23	15	CD4i_R1L15	SRR36197565	SAMN53397163	SRX31234207	421790-CD4i_R1L15_GEX-Z0106-CTGAGAATGTGTGAT_S1_L001	https://sra-pub-src-2.s3.amazonaws.com/SRR36197565/421790-CD4i_R1L15_GEX-Z0106-CTGAGAATGTGTGAT_S1_L001_R1_001.fastq.gz.1	32312457039	0f7d3436da2056c4754159a4025e4edc	https://sra-pub-src-2.s3.amazonaws.com/SRR36197565/421790-CD4i_R1L15_GEX-Z0106-CTGAGAATGTGTGAT_S1_L001_R2_001.fastq.gz.1	53188228056	f34cf268ecb72691fbeabcd829e733e5
CD4i_R1_L01-23	15	CD4i_R1L15	SRR36197565	SAMN53397163	SRX31234207	421803-CD4i_R1L15_GEX-Z0106-CTGAGAATGTGTGAT_S1_L001	https://sra-pub-src-2.s3.amazonaws.com/SRR36197565/421803-CD4i_R1L15_GEX-Z0106-CTGAGAATGTGTGAT_S1_L001_R1_001.fastq.gz.1	31312730818	e465e197c7e87f8fd6f71188fced8d4c	https://sra-pub-src-2.s3.amazonaws.com/SRR36197565/421803-CD4i_R1L15_GEX-Z0106-CTGAGAATGTGTGAT_S1_L001_R2_001.fastq.gz.1	53099160590	afcbad698007145eb4a2ac4a6d823d07
CD4i_R1_L01-23	15	CD4i_R1L15	SRR36197565	SAMN53397163	SRX31234207	421859-CD4i_R1L15_GEX-Z0106-CTGAGAATGTGTGAT_S1_L001	https://sra-pub-src-2.s3.amazonaws.com/SRR36197565/421859-CD4i_R1L15_GEX-Z0106-CTGAGAATGTGTGAT_S1_L001_R1_001.fastq.gz.1	25445144145	aebbc3fb8a736352572efc0f89cc54be	https://sra-pub-src-2.s3.amazonaws.com/SRR36197565/421859-CD4i_R1L15_GEX-Z0106-CTGAGAATGTGTGAT_S1_L001_R2_001.fastq.gz.1	41999122843	6ec025b302a81cf4e26a3c769e322b35
CD4i_R1_L01-23	15	CD4i_R1L15	SRR36197565	SAMN53397163	SRX31234207	421862-CD4i_R1L15_GEX-Z0106-CTGAGAATGTGTGAT_S1_L001	https://sra-pub-src-2.s3.amazonaws.com/SRR36197565/421862-CD4i_R1L15_GEX-Z0106-CTGAGAATGTGTGAT_S1_L001_R1_001.fastq.gz.1	26479836461	f8cfa727f5b6879e8e98bf49aa423b90	https://sra-pub-src-2.s3.amazonaws.com/SRR36197565/421862-CD4i_R1L15_GEX-Z0106-CTGAGAATGTGTGAT_S1_L001_R2_001.fastq.gz.1	43596264057	aad31c022bdc24cb45e0c3fde158edb2
CD4i_R1_L01-23	15	CD4i_R1L15	SRR36197565	SAMN53397163	SRX31234207	421920-CD4i_R1L15_GEX-Z0106-CTGAGAATGTGTGAT_S1_L001	https://sra-pub-src-2.s3.amazonaws.com/SRR36197565/421920-CD4i_R1L15_GEX-Z0106-CTGAGAATGTGTGAT_S1_L001_R1_001.fastq.gz.1	29332246896	a83cbaaa528259edac0e91de70364127	https://sra-pub-src-2.s3.amazonaws.com/SRR36197565/421920-CD4i_R1L15_GEX-Z0106-CTGAGAATGTGTGAT_S1_L001_R2_001.fastq.gz.1	48966968383	a970e350e6ac9392fbfe88a8537cd22b
CD4i_R1_L01-23	15	CD4i_R1L15	SRR36197565	SAMN53397163	SRX31234207	421953-CD4i_R1L15_GEX-Z0106-CTGAGAATGTGTGAT_S1_L001	https://sra-pub-src-2.s3.amazonaws.com/SRR36197565/421953-CD4i_R1L15_GEX-Z0106-CTGAGAATGTGTGAT_S1_L001_R1_001.fastq.gz.1	24684934193	521a7d5d4c35c4c8108ee9e1e13b594f	https://sra-pub-src-2.s3.amazonaws.com/SRR36197565/421953-CD4i_R1L15_GEX-Z0106-CTGAGAATGTGTGAT_S1_L001_R2_001.fastq.gz.1	41162842917	4869df855b87810bac2ed060f1e441a3
CD4i_R1_L01-23	15	CD4i_R1L15	SRR36197565	SAMN53397163	SRX31234207	422277-CD4i_R1L15_GEX-Z0106-CTGAGAATGTGTGAT_S1_L001	https://sra-pub-src-2.s3.amazonaws.com/SRR36197565/422277-CD4i_R1L15_GEX-Z0106-CTGAGAATGTGTGAT_S1_L001_R1_001.fastq.gz.1	29110460562	bbdaf3c01583eece7e21f0f1ba15af8b	https://sra-pub-src-2.s3.amazonaws.com/SRR36197565/422277-CD4i_R1L15_GEX-Z0106-CTGAGAATGTGTGAT_S1_L001_R2_001.fastq.gz.1	49299004437	0747204156409f84bb80c9f2b87cef74
CD4i_R1_L01-23	15	CD4i_R1L15	SRR36197565	SAMN53397163	SRX31234207	422504-CD4i_R1L15_GEX-Z0106-CTGAGAATGTGTGAT_S1_L001	https://sra-pub-src-2.s3.amazonaws.com/SRR36197565/422504-CD4i_R1L15_GEX-Z0106-CTGAGAATGTGTGAT_S1_L001_R1_001.fastq.gz.1	28909606077	e618928448f86d8226462445ebcc4df4	https://sra-pub-src-2.s3.amazonaws.com/SRR36197565/422504-CD4i_R1L15_GEX-Z0106-CTGAGAATGTGTGAT_S1_L001_R2_001.fastq.gz.1	47878494274	6c041dc3b21af0a76961ef15ac5cdbd6
CD4i_R1_L01-23	15	CD4i_R1L15	SRR36197565	SAMN53397163	SRX31234207	422625-CD4i_R1L15_GEX-Z0106-CTGAGAATGTGTGAT_S1_L001	https://sra-pub-src-2.s3.amazonaws.com/SRR36197565/422625-CD4i_R1L15_GEX-Z0106-CTGAGAATGTGTGAT_S1_L001_R1_001.fastq.gz.1	30206924631	6b0c6d2b8b6c04d43b9d1f0803a6d54e	https://sra-pub-src-2.s3.amazonaws.com/SRR36197565/422625-CD4i_R1L15_GEX-Z0106-CTGAGAATGTGTGAT_S1_L001_R2_001.fastq.gz.1	50305679105	b3447ab351e383a834075d7be561be01
CD4i_R1_L01-23	15	CD4i_R1L15	SRR36197565	SAMN53397163	SRX31234207	43418959-CD4i_R1L15_GEX-Z0106-CTGAGAATGTGTGAT_S1_L001	https://sra-pub-src-2.s3.amazonaws.com/SRR36197565/43418959-CD4i_R1L15_GEX-Z0106-CTGAGAATGTGTGAT_S1_L001_R1_001.fastq.gz.1	31002186054	c0f94e357843b256f3683fd61ff63a1a	https://sra-pub-src-2.s3.amazonaws.com/SRR36197565/43418959-CD4i_R1L15_GEX-Z0106-CTGAGAATGTGTGAT_S1_L001_R2_001.fastq.gz.1	51488797605	97deb30271178b01f3ec6467037cec8d
CD4i_R1_L01-23	16	CD4i_R1L16	SRR36262296	SAMN53531466	SRX31296431	421790-CD4i_R1L16_GEX-Z0105-CATGGCGCAGTGCTGAT_S1_L001	https://sra-pub-src-2.s3.amazonaws.com/SRR36262296/421790-CD4i_R1L16_GEX-Z0105-CATGGCGCAGTGCTGAT_S1_L001_R1_001.fastq.gz.1	27912088079	335a00569d7556b0cd289c4e95ed945d	https://sra-pub-src-2.s3.amazonaws.com/SRR36262296/421790-CD4i_R1L16_GEX-Z0105-CATGGCGCAGTGCTGAT_S1_L001_R2_001.fastq.gz.1	45932416620	fe510536e63649576a98ba8a21ee6013
CD4i_R1_L01-23	16	CD4i_R1L16	SRR36262296	SAMN53531466	SRX31296431	421803-CD4i_R1L16_GEX-Z0105-CATGGCGCAGTGCTGAT_S1_L001	https://sra-pub-src-2.s3.amazonaws.com/SRR36262296/421803-CD4i_R1L16_GEX-Z0105-CATGGCGCAGTGCTGAT_S1_L001_R1_001.fastq.gz.1	26873645856	7a54ecfb8ed28121df5e5835703426d1	https://sra-pub-src-2.s3.amazonaws.com/SRR36262296/421803-CD4i_R1L16_GEX-Z0105-CATGGCGCAGTGCTGAT_S1_L001_R2_001.fastq.gz.1	45647320365	d089cec32d26d5ca2af8d28e12dfe25b
CD4i_R1_L01-23	16	CD4i_R1L16	SRR36262296	SAMN53531466	SRX31296431	421859-CD4i_R1L16_GEX-Z0105-CATGGCGCAGTGCTGAT_S1_L001	https://sra-pub-src-2.s3.amazonaws.com/SRR36262296/421859-CD4i_R1L16_GEX-Z0105-CATGGCGCAGTGCTGAT_S1_L001_R1_001.fastq.gz.1	22028581331	8f9b3a0899691a25938cae57f8d6ffce	https://sra-pub-src-2.s3.amazonaws.com/SRR36262296/421859-CD4i_R1L16_GEX-Z0105-CATGGCGCAGTGCTGAT_S1_L001_R2_001.fastq.gz.1	36449466001	02be6fbab98a875899f923b855fc2f12
CD4i_R1_L01-23	16	CD4i_R1L16	SRR36262296	SAMN53531466	SRX31296431	421862-CD4i_R1L16_GEX-Z0105-CATGGCGCAGTGCTGAT_S1_L001	https://sra-pub-src-2.s3.amazonaws.com/SRR36262296/421862-CD4i_R1L16_GEX-Z0105-CATGGCGCAGTGCTGAT_S1_L001_R1_001.fastq.gz.1	22908695412	7cb770607e6235c26d64e6974b3f482d	https://sra-pub-src-2.s3.amazonaws.com/SRR36262296/421862-CD4i_R1L16_GEX-Z0105-CATGGCGCAGTGCTGAT_S1_L001_R2_001.fastq.gz.1	37820522454	def7fc3181b78d45f1654324ab809c95
CD4i_R1_L01-23	16	CD4i_R1L16	SRR36262296	SAMN53531466	SRX31296431	421920-CD4i_R1L16_GEX-Z0105-CATGGCGCAGTGCTGAT_S1_L001	https://sra-pub-src-2.s3.amazonaws.com/SRR36262296/421920-CD4i_R1L16_GEX-Z0105-CATGGCGCAGTGCTGAT_S1_L001_R1_001.fastq.gz.1	25601185749	8760c0af44a01b9a4c2af57dc283ed4a	https://sra-pub-src-2.s3.amazonaws.com/SRR36262296/421920-CD4i_R1L16_GEX-Z0105-CATGGCGCAGTGCTGAT_S1_L001_R2_001.fastq.gz.1	42842944045	6acd8c92bdf9a57b4f621f819c6c5673
CD4i_R1_L01-23	16	CD4i_R1L16	SRR36262296	SAMN53531466	SRX31296431	421953-CD4i_R1L16_GEX-Z0105-CATGGCGCAGTGCTGAT_S1_L001	https://sra-pub-src-2.s3.amazonaws.com/SRR36262296/421953-CD4i_R1L16_GEX-Z0105-CATGGCGCAGTGCTGAT_S1_L001_R1_001.fastq.gz.1	21364489593	21cf26ad882bfc5aa3f42671d7549184	https://sra-pub-src-2.s3.amazonaws.com/SRR36262296/421953-CD4i_R1L16_GEX-Z0105-CATGGCGCAGTGCTGAT_S1_L001_R2_001.fastq.gz.1	35657925420	d1d8ae5b53c040ec837db8fd5ff40351
CD4i_R1_L01-23	16	CD4i_R1L16	SRR36262296	SAMN53531466	SRX31296431	422277-CD4i_R1L16_GEX-Z0105-CATGGCGCAGTGCTGAT_S1_L001	https://sra-pub-src-2.s3.amazonaws.com/SRR36262296/422277-CD4i_R1L16_GEX-Z0105-CATGGCGCAGTGCTGAT_S1_L001_R1_001.fastq.gz.1	25197838054	05f64e91cd74e4e86f7e82b7edcbb450	https://sra-pub-src-2.s3.amazonaws.com/SRR36262296/422277-CD4i_R1L16_GEX-Z0105-CATGGCGCAGTGCTGAT_S1_L001_R2_001.fastq.gz.1	42780395565	57f17963836554c68553bf4e304d93e6
CD4i_R1_L01-23	16	CD4i_R1L16	SRR36262296	SAMN53531466	SRX31296431	422504-CD4i_R1L16_GEX-Z0105-CATGGCGCAGTGCTGAT_S1_L001	https://sra-pub-src-2.s3.amazonaws.com/SRR36262296/422504-CD4i_R1L16_GEX-Z0105-CATGGCGCAGTGCTGAT_S1_L001_R1_001.fastq.gz.1	25035984428	48b95e1d8ae429a73029e670b52eea17	https://sra-pub-src-2.s3.amazonaws.com/SRR36262296/422504-CD4i_R1L16_GEX-Z0105-CATGGCGCAGTGCTGAT_S1_L001_R2_001.fastq.gz.1	41481774838	a1a2a10dbaf9da799f738e699694ab35
CD4i_R1_L01-23	16	CD4i_R1L16	SRR36262296	SAMN53531466	SRX31296431	422625-CD4i_R1L16_GEX-Z0105-CATGGCGCAGTGCTGAT_S1_L001	https://sra-pub-src-2.s3.amazonaws.com/SRR36262296/422625-CD4i_R1L16_GEX-Z0105-CATGGCGCAGTGCTGAT_S1_L001_R1_001.fastq.gz.1	26156793215	7a8cdbbbfe8fb620356d822c768e7e61	https://sra-pub-src-2.s3.amazonaws.com/SRR36262296/422625-CD4i_R1L16_GEX-Z0105-CATGGCGCAGTGCTGAT_S1_L001_R2_001.fastq.gz.1	43566929445	796d878be52d3519e34dfdbd7e19111c
CD4i_R1_L01-23	16	CD4i_R1L16	SRR36262296	SAMN53531466	SRX31296431	43418959-CD4i_R1L16_GEX-Z0105-CATGGCGCAGTGCTGAT_S1_L001	https://sra-pub-src-2.s3.amazonaws.com/SRR36262296/43418959-CD4i_R1L16_GEX-Z0105-CATGGCGCAGTGCTGAT_S1_L001_R1_001.fastq.gz.1	27055062289	3d70a58b718cee74463cd209708a1968	https://sra-pub-src-2.s3.amazonaws.com/SRR36262296/43418959-CD4i_R1L16_GEX-Z0105-CATGGCGCAGTGCTGAT_S1_L001_R2_001.fastq.gz.1	45041845144	3005d7055535d58629dba6f847ab09f4
CD4i_R1_L01-23	17	CD4i_R1L17	SRR36262292	SAMN53531467	SRX31296435	421756-CD4i_R1L17_GEX-Z0120-CTGCTGCGGAGCATGAT_S1_L001	https://sra-pub-src-2.s3.amazonaws.com/SRR36262292/421756-CD4i_R1L17_GEX-Z0120-CTGCTGCGGAGCATGAT_S1_L001_R1_001.fastq.gz.1	39788863361	233df3760b826f407ad735076ca1a0ca	https://sra-pub-src-2.s3.amazonaws.com/SRR36262292/421756-CD4i_R1L17_GEX-Z0120-CTGCTGCGGAGCATGAT_S1_L001_R2_001.fastq.gz.1	69452054145	fcd76805edc66b8c40f2ef6dc1bef0be
CD4i_R1_L01-23	17	CD4i_R1L17	SRR36262292	SAMN53531467	SRX31296435	422061-CD4i_R1L17_GEX-Z0120-CTGCTGCGGAGCATGAT_S1_L001	https://sra-pub-src-2.s3.amazonaws.com/SRR36262292/422061-CD4i_R1L17_GEX-Z0120-CTGCTGCGGAGCATGAT_S1_L001_R1_001.fastq.gz.1	42424260607	3243f51f40a71cf08a7e996bf1e8f6a1	https://sra-pub-src-2.s3.amazonaws.com/SRR36262292/422061-CD4i_R1L17_GEX-Z0120-CTGCTGCGGAGCATGAT_S1_L001_R2_001.fastq.gz.1	73575003815	f4b5167180fe34a9e5a6cbc0de23e36d
CD4i_R1_L01-23	17	CD4i_R1L17	SRR36262292	SAMN53531467	SRX31296435	422259-CD4i_R1L17_GEX-Z0120-CTGCTGCGGAGCATGAT_S1_L001	https://sra-pub-src-2.s3.amazonaws.com/SRR36262292/422259-CD4i_R1L17_GEX-Z0120-CTGCTGCGGAGCATGAT_S1_L001_R1_001.fastq.gz.1	33606707186	8a734aab5d84ecc9e9bb12b8c5af5977	https://sra-pub-src-2.s3.amazonaws.com/SRR36262292/422259-CD4i_R1L17_GEX-Z0120-CTGCTGCGGAGCATGAT_S1_L001_R2_001.fastq.gz.1	58463624114	fd3c06962821caa099436d937d78ee92
CD4i_R1_L01-23	17	CD4i_R1L17	SRR36262292	SAMN53531467	SRX31296435	422393-CD4i_R1L17_GEX-Z0120-CTGCTGCGGAGCATGAT_S1_L001	https://sra-pub-src-2.s3.amazonaws.com/SRR36262292/422393-CD4i_R1L17_GEX-Z0120-CTGCTGCGGAGCATGAT_S1_L001_R1_001.fastq.gz.1	31371316231	07f6fd845e09a0ddcc8203e7a52fbbc2	https://sra-pub-src-2.s3.amazonaws.com/SRR36262292/422393-CD4i_R1L17_GEX-Z0120-CTGCTGCGGAGCATGAT_S1_L001_R2_001.fastq.gz.1	54631953140	13d40f5245f83cfaecefd215bc1280d1
CD4i_R1_L01-23	17	CD4i_R1L17	SRR36262292	SAMN53531467	SRX31296435	422558-CD4i_R1L17_GEX-Z0120-CTGCTGCGGAGCATGAT_S1_L001	https://sra-pub-src-2.s3.amazonaws.com/SRR36262292/422558-CD4i_R1L17_GEX-Z0120-CTGCTGCGGAGCATGAT_S1_L001_R1_001.fastq.gz.1	39159648858	f91afdc39589e24d2da477314206094d	https://sra-pub-src-2.s3.amazonaws.com/SRR36262292/422558-CD4i_R1L17_GEX-Z0120-CTGCTGCGGAGCATGAT_S1_L001_R2_001.fastq.gz.1	67835226601	9ecc3f65f4e46ddae1f58e2be1f0d4f1
CD4i_R1_L01-23	17	CD4i_R1L17	SRR36262292	SAMN53531467	SRX31296435	422621-CD4i_R1L17_GEX-Z0120-CTGCTGCGGAGCATGAT_S1_L001	https://sra-pub-src-2.s3.amazonaws.com/SRR36262292/422621-CD4i_R1L17_GEX-Z0120-CTGCTGCGGAGCATGAT_S1_L001_R1_001.fastq.gz.1	41127449076	9658757e2b8f72b23ff7ff7b84ec534d	https://sra-pub-src-2.s3.amazonaws.com/SRR36262292/422621-CD4i_R1L17_GEX-Z0120-CTGCTGCGGAGCATGAT_S1_L001_R2_001.fastq.gz.1	71425648139	7e8df8b557fe77f32687c8745a9e10cd
CD4i_R1_L01-23	17	CD4i_R1L17	SRR36262292	SAMN53531467	SRX31296435	422684-CD4i_R1L17_GEX-Z0120-CTGCTGCGGAGCATGAT_S1_L001	https://sra-pub-src-2.s3.amazonaws.com/SRR36262292/422684-CD4i_R1L17_GEX-Z0120-CTGCTGCGGAGCATGAT_S1_L001_R1_001.fastq.gz.1	37811248582	6f08c546e406bef146a7cf58ad7467e0	https://sra-pub-src-2.s3.amazonaws.com/SRR36262292/422684-CD4i_R1L17_GEX-Z0120-CTGCTGCGGAGCATGAT_S1_L001_R2_001.fastq.gz.1	64272374065	df0957fa1aff8b9b1c402ac8d3d38eb2
CD4i_R1_L01-23	17	CD4i_R1L17	SRR36262292	SAMN53531467	SRX31296435	422712-CD4i_R1L17_GEX-Z0120-CTGCTGCGGAGCATGAT_S1_L001	https://sra-pub-src-2.s3.amazonaws.com/SRR36262292/422712-CD4i_R1L17_GEX-Z0120-CTGCTGCGGAGCATGAT_S1_L001_R1_001.fastq.gz.1	39667278192	d4df97f71ca2e756f8fbcf5f853b1e35	https://sra-pub-src-2.s3.amazonaws.com/SRR36262292/422712-CD4i_R1L17_GEX-Z0120-CTGCTGCGGAGCATGAT_S1_L001_R2_001.fastq.gz.1	68803779489	2083cf923a7a789b9d58069c56c6effe
CD4i_R1_L01-23	17	CD4i_R1L17	SRR36262292	SAMN53531467	SRX31296435	43420252-CD4i_R1L17_GEX-Z0120-CTGCTGCGGAGCATGAT_S1_L001	https://sra-pub-src-2.s3.amazonaws.com/SRR36262292/43420252-CD4i_R1L17_GEX-Z0120-CTGCTGCGGAGCATGAT_S1_L001_R1_001.fastq.gz.1	37663757760	2b90c864f7955cc2d41512dbd45b6ad7	https://sra-pub-src-2.s3.amazonaws.com/SRR36262292/43420252-CD4i_R1L17_GEX-Z0120-CTGCTGCGGAGCATGAT_S1_L001_R2_001.fastq.gz.1	62248489572	0246fd05201697d181129fdd474c247c
CD4i_R1_L01-23	18	CD4i_R1L18	SRR36262293	SAMN53531468	SRX31296434	421756-CD4i_R1L18_GEX-Z0119-CTGATCAGTGGCGAT_S1_L001	https://sra-pub-src-2.s3.amazonaws.com/SRR36262293/421756-CD4i_R1L18_GEX-Z0119-CTGATCAGTGGCGAT_S1_L001_R1_001.fastq.gz.1	39453011093	d6980835cce0d27f69803de43c6dea45	https://sra-pub-src-2.s3.amazonaws.com/SRR36262293/421756-CD4i_R1L18_GEX-Z0119-CTGATCAGTGGCGAT_S1_L001_R2_001.fastq.gz.1	68792332997	df8f61c0355d61dff2f6d0e12037b84b
CD4i_R1_L01-23	18	CD4i_R1L18	SRR36262293	SAMN53531468	SRX31296434	422061-CD4i_R1L18_GEX-Z0119-CTGATCAGTGGCGAT_S1_L001	https://sra-pub-src-2.s3.amazonaws.com/SRR36262293/422061-CD4i_R1L18_GEX-Z0119-CTGATCAGTGGCGAT_S1_L001_R1_001.fastq.gz.1	41960060896	c3995951186f09f1f7846485a62dcfc9	https://sra-pub-src-2.s3.amazonaws.com/SRR36262293/422061-CD4i_R1L18_GEX-Z0119-CTGATCAGTGGCGAT_S1_L001_R2_001.fastq.gz.1	72804231817	ad1295b32c215e6c40b176c7c6f62cea
CD4i_R1_L01-23	18	CD4i_R1L18	SRR36262293	SAMN53531468	SRX31296434	422259-CD4i_R1L18_GEX-Z0119-CTGATCAGTGGCGAT_S1_L001	https://sra-pub-src-2.s3.amazonaws.com/SRR36262293/422259-CD4i_R1L18_GEX-Z0119-CTGATCAGTGGCGAT_S1_L001_R1_001.fastq.gz.1	33316328801	d592aa50bcf156f0614caee5a20b2bb3	https://sra-pub-src-2.s3.amazonaws.com/SRR36262293/422259-CD4i_R1L18_GEX-Z0119-CTGATCAGTGGCGAT_S1_L001_R2_001.fastq.gz.1	57836407604	b8328d7691bfffb0b187576ab7722961
CD4i_R1_L01-23	18	CD4i_R1L18	SRR36262293	SAMN53531468	SRX31296434	422393-CD4i_R1L18_GEX-Z0119-CTGATCAGTGGCGAT_S1_L001	https://sra-pub-src-2.s3.amazonaws.com/SRR36262293/422393-CD4i_R1L18_GEX-Z0119-CTGATCAGTGGCGAT_S1_L001_R1_001.fastq.gz.1	31113823814	0f7b27429e8f25fcc3d62a8dd130ce09	https://sra-pub-src-2.s3.amazonaws.com/SRR36262293/422393-CD4i_R1L18_GEX-Z0119-CTGATCAGTGGCGAT_S1_L001_R2_001.fastq.gz.1	54121608951	809fa405b7474be202e2b46a43f3e9eb
CD4i_R1_L01-23	18	CD4i_R1L18	SRR36262293	SAMN53531468	SRX31296434	422558-CD4i_R1L18_GEX-Z0119-CTGATCAGTGGCGAT_S1_L001	https://sra-pub-src-2.s3.amazonaws.com/SRR36262293/422558-CD4i_R1L18_GEX-Z0119-CTGATCAGTGGCGAT_S1_L001_R1_001.fastq.gz.1	38777527354	c852366c1aa94b3e7b21d5deaa451872	https://sra-pub-src-2.s3.amazonaws.com/SRR36262293/422558-CD4i_R1L18_GEX-Z0119-CTGATCAGTGGCGAT_S1_L001_R2_001.fastq.gz.1	66990773293	55c9b848810a984c571c45712d8de8c3
CD4i_R1_L01-23	18	CD4i_R1L18	SRR36262293	SAMN53531468	SRX31296434	422621-CD4i_R1L18_GEX-Z0119-CTGATCAGTGGCGAT_S1_L001	https://sra-pub-src-2.s3.amazonaws.com/SRR36262293/422621-CD4i_R1L18_GEX-Z0119-CTGATCAGTGGCGAT_S1_L001_R1_001.fastq.gz.1	41029267029	241fbacbda1351e1d3e4c9bb365a409f	https://sra-pub-src-2.s3.amazonaws.com/SRR36262293/422621-CD4i_R1L18_GEX-Z0119-CTGATCAGTGGCGAT_S1_L001_R2_001.fastq.gz.1	71268663670	0b892f67f9ff068021f658fc18140c13
CD4i_R1_L01-23	18	CD4i_R1L18	SRR36262293	SAMN53531468	SRX31296434	422684-CD4i_R1L18_GEX-Z0119-CTGATCAGTGGCGAT_S1_L001	https://sra-pub-src-2.s3.amazonaws.com/SRR36262293/422684-CD4i_R1L18_GEX-Z0119-CTGATCAGTGGCGAT_S1_L001_R1_001.fastq.gz.1	37515937852	b0c5c33afd327a222ec2403419210a73	https://sra-pub-src-2.s3.amazonaws.com/SRR36262293/422684-CD4i_R1L18_GEX-Z0119-CTGATCAGTGGCGAT_S1_L001_R2_001.fastq.gz.1	63755131073	7e0cbd7a4e01a61db60962267e593c45
CD4i_R1_L01-23	18	CD4i_R1L18	SRR36262293	SAMN53531468	SRX31296434	422712-CD4i_R1L18_GEX-Z0119-CTGATCAGTGGCGAT_S1_L001	https://sra-pub-src-2.s3.amazonaws.com/SRR36262293/422712-CD4i_R1L18_GEX-Z0119-CTGATCAGTGGCGAT_S1_L001_R1_001.fastq.gz.1	39256043933	3279ce040aff2fb68a56b9fc498ef312	https://sra-pub-src-2.s3.amazonaws.com/SRR36262293/422712-CD4i_R1L18_GEX-Z0119-CTGATCAGTGGCGAT_S1_L001_R2_001.fastq.gz.1	67990109235	e5cf130dddba56967d410a5ee211bcf9
CD4i_R1_L01-23	18	CD4i_R1L18	SRR36262293	SAMN53531468	SRX31296434	43420252-CD4i_R1L18_GEX-Z0119-CTGATCAGTGGCGAT_S1_L001	https://sra-pub-src-2.s3.amazonaws.com/SRR36262293/43420252-CD4i_R1L18_GEX-Z0119-CTGATCAGTGGCGAT_S1_L001_R1_001.fastq.gz.1	36949764886	505f610d585ddc1489d6fa9b6bfc2ebc	https://sra-pub-src-2.s3.amazonaws.com/SRR36262293/43420252-CD4i_R1L18_GEX-Z0119-CTGATCAGTGGCGAT_S1_L001_R2_001.fastq.gz.1	61120025720	6a379696d794b7cba185ccde755e47c7
CD4i_R1_L01-23	19	CD4i_R1L19	SRR36262294	SAMN53531469	SRX31296433	421756-CD4i_R1L19_GEX-Z0118-CTGCCTCAGATCATGAT_S1_L001	https://sra-pub-src-2.s3.amazonaws.com/SRR36262294/421756-CD4i_R1L19_GEX-Z0118-CTGCCTCAGATCATGAT_S1_L001_R1_001.fastq.gz.1	40467480732	11ce639bafb47b0e2b38087c11dec337	https://sra-pub-src-2.s3.amazonaws.com/SRR36262294/421756-CD4i_R1L19_GEX-Z0118-CTGCCTCAGATCATGAT_S1_L001_R2_001.fastq.gz.1	70801728375	ce0cd59dcdbdfe2627c427f8b37c5008
CD4i_R1_L01-23	19	CD4i_R1L19	SRR36262294	SAMN53531469	SRX31296433	422061-CD4i_R1L19_GEX-Z0118-CTGCCTCAGATCATGAT_S1_L001	https://sra-pub-src-2.s3.amazonaws.com/SRR36262294/422061-CD4i_R1L19_GEX-Z0118-CTGCCTCAGATCATGAT_S1_L001_R1_001.fastq.gz.1	43064159366	e1a8c82067ca6face7dbc24083c1c9c3	https://sra-pub-src-2.s3.amazonaws.com/SRR36262294/422061-CD4i_R1L19_GEX-Z0118-CTGCCTCAGATCATGAT_S1_L001_R2_001.fastq.gz.1	74924499883	fdbb54e0d46348650b299a0d8c904d46
CD4i_R1_L01-23	19	CD4i_R1L19	SRR36262294	SAMN53531469	SRX31296433	422259-CD4i_R1L19_GEX-Z0118-CTGCCTCAGATCATGAT_S1_L001	https://sra-pub-src-2.s3.amazonaws.com/SRR36262294/422259-CD4i_R1L19_GEX-Z0118-CTGCCTCAGATCATGAT_S1_L001_R1_001.fastq.gz.1	34135234857	bbf30e852747aabcbc18077bdb04da6b	https://sra-pub-src-2.s3.amazonaws.com/SRR36262294/422259-CD4i_R1L19_GEX-Z0118-CTGCCTCAGATCATGAT_S1_L001_R2_001.fastq.gz.1	59487430459	c41c80cf76b2d536c24c31760fb26880
CD4i_R1_L01-23	19	CD4i_R1L19	SRR36262294	SAMN53531469	SRX31296433	422393-CD4i_R1L19_GEX-Z0118-CTGCCTCAGATCATGAT_S1_L001	https://sra-pub-src-2.s3.amazonaws.com/SRR36262294/422393-CD4i_R1L19_GEX-Z0118-CTGCCTCAGATCATGAT_S1_L001_R1_001.fastq.gz.1	31778375911	34bda88e6bafebfbef42565ab128ebf6	https://sra-pub-src-2.s3.amazonaws.com/SRR36262294/422393-CD4i_R1L19_GEX-Z0118-CTGCCTCAGATCATGAT_S1_L001_R2_001.fastq.gz.1	55550797076	9bf273c84cd92cb69cc5a11cf71be5aa
CD4i_R1_L01-23	19	CD4i_R1L19	SRR36262294	SAMN53531469	SRX31296433	422558-CD4i_R1L19_GEX-Z0118-CTGCCTCAGATCATGAT_S1_L001	https://sra-pub-src-2.s3.amazonaws.com/SRR36262294/422558-CD4i_R1L19_GEX-Z0118-CTGCCTCAGATCATGAT_S1_L001_R1_001.fastq.gz.1	39655215449	905ccb0f7f52084361e05e4868023748	https://sra-pub-src-2.s3.amazonaws.com/SRR36262294/422558-CD4i_R1L19_GEX-Z0118-CTGCCTCAGATCATGAT_S1_L001_R2_001.fastq.gz.1	68745333002	c34f295dbad11d6fb7d44d9ca38d0d61
CD4i_R1_L01-23	19	CD4i_R1L19	SRR36262294	SAMN53531469	SRX31296433	422621-CD4i_R1L19_GEX-Z0118-CTGCCTCAGATCATGAT_S1_L001	https://sra-pub-src-2.s3.amazonaws.com/SRR36262294/422621-CD4i_R1L19_GEX-Z0118-CTGCCTCAGATCATGAT_S1_L001_R1_001.fastq.gz.1	41871067501	328ffbcf30c6733db3aa6f72552e0b70	https://sra-pub-src-2.s3.amazonaws.com/SRR36262294/422621-CD4i_R1L19_GEX-Z0118-CTGCCTCAGATCATGAT_S1_L001_R2_001.fastq.gz.1	72851406829	0a3d9c7d7368fb2ec69d96ab0ba8159f
CD4i_R1_L01-23	19	CD4i_R1L19	SRR36262294	SAMN53531469	SRX31296433	422684-CD4i_R1L19_GEX-Z0118-CTGCCTCAGATCATGAT_S1_L001	https://sra-pub-src-2.s3.amazonaws.com/SRR36262294/422684-CD4i_R1L19_GEX-Z0118-CTGCCTCAGATCATGAT_S1_L001_R1_001.fastq.gz.1	38402391347	db39308f751b1f3afefa12305c73c559	https://sra-pub-src-2.s3.amazonaws.com/SRR36262294/422684-CD4i_R1L19_GEX-Z0118-CTGCCTCAGATCATGAT_S1_L001_R2_001.fastq.gz.1	65372873030	3679661e3d994b27f9d1ce60e731dbc3
CD4i_R1_L01-23	19	CD4i_R1L19	SRR36262294	SAMN53531469	SRX31296433	422712-CD4i_R1L19_GEX-Z0118-CTGCCTCAGATCATGAT_S1_L001	https://sra-pub-src-2.s3.amazonaws.com/SRR36262294/422712-CD4i_R1L19_GEX-Z0118-CTGCCTCAGATCATGAT_S1_L001_R1_001.fastq.gz.1	40110679294	0aa4d34da9f17cc7fe73d803a0c9644d	https://sra-pub-src-2.s3.amazonaws.com/SRR36262294/422712-CD4i_R1L19_GEX-Z0118-CTGCCTCAGATCATGAT_S1_L001_R2_001.fastq.gz.1	69777288489	21ba704e1251c5e75ee06a20e17ef50c
CD4i_R1_L01-23	19	CD4i_R1L19	SRR36262294	SAMN53531469	SRX31296433	43420252-CD4i_R1L19_GEX-Z0118-CTGCCTCAGATCATGAT_S1_L001	https://sra-pub-src-2.s3.amazonaws.com/SRR36262294/43420252-CD4i_R1L19_GEX-Z0118-CTGCCTCAGATCATGAT_S1_L001_R1_001.fastq.gz.1	38140487880	d24e30ccb04d98d7503ea6523376f16b	https://sra-pub-src-2.s3.amazonaws.com/SRR36262294/43420252-CD4i_R1L19_GEX-Z0118-CTGCCTCAGATCATGAT_S1_L001_R2_001.fastq.gz.1	63125334683	8efd3cec45937612a50f6e7d6d486a3e
CD4i_R1_L01-23	20	CD4i_R1L20	SRR36262295	SAMN53531470	SRX31296432	421756-CD4i_R1L20_GEX-Z0117-CTGCCGAGCAGCATGAT_S1_L001	https://sra-pub-src-2.s3.amazonaws.com/SRR36262295/421756-CD4i_R1L20_GEX-Z0117-CTGCCGAGCAGCATGAT_S1_L001_R1_001.fastq.gz.1	38015381440	e3d53b4a34dc235b1b4b85cd95e2ac3d	https://sra-pub-src-2.s3.amazonaws.com/SRR36262295/421756-CD4i_R1L20_GEX-Z0117-CTGCCGAGCAGCATGAT_S1_L001_R2_001.fastq.gz.1	65778684918	4d1fb27352ce1934f19c71e670484c67
CD4i_R1_L01-23	20	CD4i_R1L20	SRR36262295	SAMN53531470	SRX31296432	422061-CD4i_R1L20_GEX-Z0117-CTGCCGAGCAGCATGAT_S1_L001	https://sra-pub-src-2.s3.amazonaws.com/SRR36262295/422061-CD4i_R1L20_GEX-Z0117-CTGCCGAGCAGCATGAT_S1_L001_R1_001.fastq.gz.1	40360766084	41cfb40bc3ecf1b138b3f3b6be1e51df	https://sra-pub-src-2.s3.amazonaws.com/SRR36262295/422061-CD4i_R1L20_GEX-Z0117-CTGCCGAGCAGCATGAT_S1_L001_R2_001.fastq.gz.1	69494935218	24878610ae19319062ea340d11185f9e
CD4i_R1_L01-23	20	CD4i_R1L20	SRR36262295	SAMN53531470	SRX31296432	422259-CD4i_R1L20_GEX-Z0117-CTGCCGAGCAGCATGAT_S1_L001	https://sra-pub-src-2.s3.amazonaws.com/SRR36262295/422259-CD4i_R1L20_GEX-Z0117-CTGCCGAGCAGCATGAT_S1_L001_R1_001.fastq.gz.1	32175048208	74d36d7263fb91afafdb3150007cb03d	https://sra-pub-src-2.s3.amazonaws.com/SRR36262295/422259-CD4i_R1L20_GEX-Z0117-CTGCCGAGCAGCATGAT_S1_L001_R2_001.fastq.gz.1	55426754304	f4b4fd007c4bbd9b3bbfaf301e0c36bc
CD4i_R1_L01-23	20	CD4i_R1L20	SRR36262295	SAMN53531470	SRX31296432	422393-CD4i_R1L20_GEX-Z0117-CTGCCGAGCAGCATGAT_S1_L001	https://sra-pub-src-2.s3.amazonaws.com/SRR36262295/422393-CD4i_R1L20_GEX-Z0117-CTGCCGAGCAGCATGAT_S1_L001_R1_001.fastq.gz.1	30047146227	62d2cbddd4439464564afd85b78a3a42	https://sra-pub-src-2.s3.amazonaws.com/SRR36262295/422393-CD4i_R1L20_GEX-Z0117-CTGCCGAGCAGCATGAT_S1_L001_R2_001.fastq.gz.1	51999082687	a3bd2dd9ef60da5887d712371f2cfe05
CD4i_R1_L01-23	20	CD4i_R1L20	SRR36262295	SAMN53531470	SRX31296432	422558-CD4i_R1L20_GEX-Z0117-CTGCCGAGCAGCATGAT_S1_L001	https://sra-pub-src-2.s3.amazonaws.com/SRR36262295/422558-CD4i_R1L20_GEX-Z0117-CTGCCGAGCAGCATGAT_S1_L001_R1_001.fastq.gz.1	37413824282	2370deb9b457ec69e184a640966e8e49	https://sra-pub-src-2.s3.amazonaws.com/SRR36262295/422558-CD4i_R1L20_GEX-Z0117-CTGCCGAGCAGCATGAT_S1_L001_R2_001.fastq.gz.1	64381140000	d509d6a5673f39210fe3e52905025b46
CD4i_R1_L01-23	20	CD4i_R1L20	SRR36262295	SAMN53531470	SRX31296432	422621-CD4i_R1L20_GEX-Z0117-CTGCCGAGCAGCATGAT_S1_L001	https://sra-pub-src-2.s3.amazonaws.com/SRR36262295/422621-CD4i_R1L20_GEX-Z0117-CTGCCGAGCAGCATGAT_S1_L001_R1_001.fastq.gz.1	39246360436	731cfaa0ad7f3a1dcb7ac4951fdf3ae5	https://sra-pub-src-2.s3.amazonaws.com/SRR36262295/422621-CD4i_R1L20_GEX-Z0117-CTGCCGAGCAGCATGAT_S1_L001_R2_001.fastq.gz.1	67693729702	9c7ebdbe2f406881362fe17ddf5fb04e
CD4i_R1_L01-23	20	CD4i_R1L20	SRR36262295	SAMN53531470	SRX31296432	422684-CD4i_R1L20_GEX-Z0117-CTGCCGAGCAGCATGAT_S1_L001	https://sra-pub-src-2.s3.amazonaws.com/SRR36262295/422684-CD4i_R1L20_GEX-Z0117-CTGCCGAGCAGCATGAT_S1_L001_R1_001.fastq.gz.1	36112288040	f7f0e73d6d0527d3d732e0533ed99336	https://sra-pub-src-2.s3.amazonaws.com/SRR36262295/422684-CD4i_R1L20_GEX-Z0117-CTGCCGAGCAGCATGAT_S1_L001_R2_001.fastq.gz.1	61033234209	79ce4421d4edf9394dfb1c9d9c72232b
CD4i_R1_L01-23	20	CD4i_R1L20	SRR36262295	SAMN53531470	SRX31296432	422712-CD4i_R1L20_GEX-Z0117-CTGCCGAGCAGCATGAT_S1_L001	https://sra-pub-src-2.s3.amazonaws.com/SRR36262295/422712-CD4i_R1L20_GEX-Z0117-CTGCCGAGCAGCATGAT_S1_L001_R1_001.fastq.gz.1	37881374725	00891464355d64eeade8531f883c9488	https://sra-pub-src-2.s3.amazonaws.com/SRR36262295/422712-CD4i_R1L20_GEX-Z0117-CTGCCGAGCAGCATGAT_S1_L001_R2_001.fastq.gz.1	65337324302	274b4f51d9f44ab0397d1c626b102bb9
CD4i_R1_L01-23	20	CD4i_R1L20	SRR36262295	SAMN53531470	SRX31296432	43420252-CD4i_R1L20_GEX-Z0117-CTGCCGAGCAGCATGAT_S1_L001	https://sra-pub-src-2.s3.amazonaws.com/SRR36262295/43420252-CD4i_R1L20_GEX-Z0117-CTGCCGAGCAGCATGAT_S1_L001_R1_001.fastq.gz.1	35886252391	47d0097a97f7686f84636e9fe504b36b	https://sra-pub-src-2.s3.amazonaws.com/SRR36262295/43420252-CD4i_R1L20_GEX-Z0117-CTGCCGAGCAGCATGAT_S1_L001_R2_001.fastq.gz.1	59189332057	6e6f079fd5bf83b4cbad0deb7e4a0fc6
CD4i_R1_L01-23	21	CD4i_R1L21	SRR36301660	SAMN53653147	SRX31334032	421756-CD4i_R1L21_GEX-Z0116-CAGTTATGTGCTGAT_S1_L001	https://sra-pub-src-2.s3.amazonaws.com/SRR36301660/421756-CD4i_R1L21_GEX-Z0116-CAGTTATGTGCTGAT_S1_L001_R1_001.fastq.gz.1	40805740191	611a812451f0a075127d86255bf6e75a	https://sra-pub-src-2.s3.amazonaws.com/SRR36301660/421756-CD4i_R1L21_GEX-Z0116-CAGTTATGTGCTGAT_S1_L001_R2_001.fastq.gz.1	70896563293	4b98f7f86950815312eba899753c16aa
CD4i_R1_L01-23	21	CD4i_R1L21	SRR36301660	SAMN53653147	SRX31334032	422061-CD4i_R1L21_GEX-Z0116-CAGTTATGTGCTGAT_S1_L001	https://sra-pub-src-2.s3.amazonaws.com/SRR36301660/422061-CD4i_R1L21_GEX-Z0116-CAGTTATGTGCTGAT_S1_L001_R1_001.fastq.gz.1	43510985478	f201b035166c5a45ff011b6f8a8e0588	https://sra-pub-src-2.s3.amazonaws.com/SRR36301660/422061-CD4i_R1L21_GEX-Z0116-CAGTTATGTGCTGAT_S1_L001_R2_001.fastq.gz.1	75349022512	9fd70080e57513c5616aa613a25b87fe
CD4i_R1_L01-23	21	CD4i_R1L21	SRR36301660	SAMN53653147	SRX31334032	422259-CD4i_R1L21_GEX-Z0116-CAGTTATGTGCTGAT_S1_L001	https://sra-pub-src-2.s3.amazonaws.com/SRR36301660/422259-CD4i_R1L21_GEX-Z0116-CAGTTATGTGCTGAT_S1_L001_R1_001.fastq.gz.1	34525275859	f3a5235f194ec4948bbcd20ac32374f7	https://sra-pub-src-2.s3.amazonaws.com/SRR36301660/422259-CD4i_R1L21_GEX-Z0116-CAGTTATGTGCTGAT_S1_L001_R2_001.fastq.gz.1	59942590725	0c8395201d324609912f58456bb8d117
CD4i_R1_L01-23	21	CD4i_R1L21	SRR36301660	SAMN53653147	SRX31334032	422393-CD4i_R1L21_GEX-Z0116-CAGTTATGTGCTGAT_S1_L001	https://sra-pub-src-2.s3.amazonaws.com/SRR36301660/422393-CD4i_R1L21_GEX-Z0116-CAGTTATGTGCTGAT_S1_L001_R1_001.fastq.gz.1	32028715972	c3cf3424c9e7e35a75e15742efe60893	https://sra-pub-src-2.s3.amazonaws.com/SRR36301660/422393-CD4i_R1L21_GEX-Z0116-CAGTTATGTGCTGAT_S1_L001_R2_001.fastq.gz.1	55550003919	be8e7540d9b12dedb2fb5fcc5f93e7a6
CD4i_R1_L01-23	21	CD4i_R1L21	SRR36301660	SAMN53653147	SRX31334032	422558-CD4i_R1L21_GEX-Z0116-CAGTTATGTGCTGAT_S1_L001	https://sra-pub-src-2.s3.amazonaws.com/SRR36301660/422558-CD4i_R1L21_GEX-Z0116-CAGTTATGTGCTGAT_S1_L001_R1_001.fastq.gz.1	40056901391	075cfd81f9bf3ca14858efcc8ab195a1	https://sra-pub-src-2.s3.amazonaws.com/SRR36301660/422558-CD4i_R1L21_GEX-Z0116-CAGTTATGTGCTGAT_S1_L001_R2_001.fastq.gz.1	68903212091	14a28435feb45d290667eba97c5ef8e2
CD4i_R1_L01-23	21	CD4i_R1L21	SRR36301660	SAMN53653147	SRX31334032	422621-CD4i_R1L21_GEX-Z0116-CAGTTATGTGCTGAT_S1_L001	https://sra-pub-src-2.s3.amazonaws.com/SRR36301660/422621-CD4i_R1L21_GEX-Z0116-CAGTTATGTGCTGAT_S1_L001_R1_001.fastq.gz.1	42483095185	9854d0cb27d5354812c2c06ff8d4aae4	https://sra-pub-src-2.s3.amazonaws.com/SRR36301660/422621-CD4i_R1L21_GEX-Z0116-CAGTTATGTGCTGAT_S1_L001_R2_001.fastq.gz.1	73500933088	f71cf642819c3afa179410af7468b011
CD4i_R1_L01-23	21	CD4i_R1L21	SRR36301660	SAMN53653147	SRX31334032	422684-CD4i_R1L21_GEX-Z0116-CAGTTATGTGCTGAT_S1_L001	https://sra-pub-src-2.s3.amazonaws.com/SRR36301660/422684-CD4i_R1L21_GEX-Z0116-CAGTTATGTGCTGAT_S1_L001_R1_001.fastq.gz.1	38631699855	4a23c6f522d32144dd0ab01399bc09a6	https://sra-pub-src-2.s3.amazonaws.com/SRR36301660/422684-CD4i_R1L21_GEX-Z0116-CAGTTATGTGCTGAT_S1_L001_R2_001.fastq.gz.1	65402555282	d44de7088987e285ba67b38c6628ddf6
CD4i_R1_L01-23	21	CD4i_R1L21	SRR36301660	SAMN53653147	SRX31334032	422712-CD4i_R1L21_GEX-Z0116-CAGTTATGTGCTGAT_S1_L001	https://sra-pub-src-2.s3.amazonaws.com/SRR36301660/422712-CD4i_R1L21_GEX-Z0116-CAGTTATGTGCTGAT_S1_L001_R1_001.fastq.gz.1	40456310348	15de67eec145d4991ac5dab95796c0ca	https://sra-pub-src-2.s3.amazonaws.com/SRR36301660/422712-CD4i_R1L21_GEX-Z0116-CAGTTATGTGCTGAT_S1_L001_R2_001.fastq.gz.1	69843035790	f08a1bb5b678a553a286d64048b83522
CD4i_R1_L01-23	21	CD4i_R1L21	SRR36301660	SAMN53653147	SRX31334032	43420252-CD4i_R1L21_GEX-Z0116-CAGTTATGTGCTGAT_S1_L001	https://sra-pub-src-2.s3.amazonaws.com/SRR36301660/43420252-CD4i_R1L21_GEX-Z0116-CAGTTATGTGCTGAT_S1_L001_R1_001.fastq.gz.1	38081739817	a469723f238bc71d16b60ec890d5e084	https://sra-pub-src-2.s3.amazonaws.com/SRR36301660/43420252-CD4i_R1L21_GEX-Z0116-CAGTTATGTGCTGAT_S1_L001_R2_001.fastq.gz.1	62819160599	43eeb5d8d837fcce36f1fbee9fee9a87
CD4i_R1_L01-23	22	CD4i_R1L22	SRR36301659	SAMN53653148	SRX31334033	421756-CD4i_R1L22_GEX-Z0115-CGGCTAGATGCAGAT_S1_L001	https://sra-pub-src-2.s3.amazonaws.com/SRR36301659/421756-CD4i_R1L22_GEX-Z0115-CGGCTAGATGCAGAT_S1_L001_R1_001.fastq.gz.1	37756721645	883c42b4217116b8cc239838c89cba98	https://sra-pub-src-2.s3.amazonaws.com/SRR36301659/421756-CD4i_R1L22_GEX-Z0115-CGGCTAGATGCAGAT_S1_L001_R2_001.fastq.gz.1	65384624931	70eeba7a7fe52c5b25d49c0c2f279222
CD4i_R1_L01-23	22	CD4i_R1L22	SRR36301659	SAMN53653148	SRX31334033	422061-CD4i_R1L22_GEX-Z0115-CGGCTAGATGCAGAT_S1_L001	https://sra-pub-src-2.s3.amazonaws.com/SRR36301659/422061-CD4i_R1L22_GEX-Z0115-CGGCTAGATGCAGAT_S1_L001_R1_001.fastq.gz.1	40232763498	a7f90d89280f0c674c4036381b2882e3	https://sra-pub-src-2.s3.amazonaws.com/SRR36301659/422061-CD4i_R1L22_GEX-Z0115-CGGCTAGATGCAGAT_S1_L001_R2_001.fastq.gz.1	69302714478	276bd6edba93e3387cc50251fc79a291
CD4i_R1_L01-23	22	CD4i_R1L22	SRR36301659	SAMN53653148	SRX31334033	422259-CD4i_R1L22_GEX-Z0115-CGGCTAGATGCAGAT_S1_L001	https://sra-pub-src-2.s3.amazonaws.com/SRR36301659/422259-CD4i_R1L22_GEX-Z0115-CGGCTAGATGCAGAT_S1_L001_R1_001.fastq.gz.1	31969379687	3bcdb95448b598745659c6aac8b24c93	https://sra-pub-src-2.s3.amazonaws.com/SRR36301659/422259-CD4i_R1L22_GEX-Z0115-CGGCTAGATGCAGAT_S1_L001_R2_001.fastq.gz.1	55212525734	55cbe55360112632d6411b4413d39818
CD4i_R1_L01-23	22	CD4i_R1L22	SRR36301659	SAMN53653148	SRX31334033	422393-CD4i_R1L22_GEX-Z0115-CGGCTAGATGCAGAT_S1_L001	https://sra-pub-src-2.s3.amazonaws.com/SRR36301659/422393-CD4i_R1L22_GEX-Z0115-CGGCTAGATGCAGAT_S1_L001_R1_001.fastq.gz.1	29898935470	f08e0192c1710fe645fc41ce63d2bb46	https://sra-pub-src-2.s3.amazonaws.com/SRR36301659/422393-CD4i_R1L22_GEX-Z0115-CGGCTAGATGCAGAT_S1_L001_R2_001.fastq.gz.1	51766623515	8494dcbf669140c784d625b3a126da5e
CD4i_R1_L01-23	22	CD4i_R1L22	SRR36301659	SAMN53653148	SRX31334033	422558-CD4i_R1L22_GEX-Z0115-CGGCTAGATGCAGAT_S1_L001	https://sra-pub-src-2.s3.amazonaws.com/SRR36301659/422558-CD4i_R1L22_GEX-Z0115-CGGCTAGATGCAGAT_S1_L001_R1_001.fastq.gz.1	37243383157	ceea32a1c8bea6dd425ae0047db92248	https://sra-pub-src-2.s3.amazonaws.com/SRR36301659/422558-CD4i_R1L22_GEX-Z0115-CGGCTAGATGCAGAT_S1_L001_R2_001.fastq.gz.1	64022458968	76ea04d70c18bf33aa931e880cc34032
CD4i_R1_L01-23	22	CD4i_R1L22	SRR36301659	SAMN53653148	SRX31334033	422621-CD4i_R1L22_GEX-Z0115-CGGCTAGATGCAGAT_S1_L001	https://sra-pub-src-2.s3.amazonaws.com/SRR36301659/422621-CD4i_R1L22_GEX-Z0115-CGGCTAGATGCAGAT_S1_L001_R1_001.fastq.gz.1	39542182338	105c51645245f98c3bed848d00367e52	https://sra-pub-src-2.s3.amazonaws.com/SRR36301659/422621-CD4i_R1L22_GEX-Z0115-CGGCTAGATGCAGAT_S1_L001_R2_001.fastq.gz.1	68268852682	60c9004dcb691374c524f65bc33a9fb1
CD4i_R1_L01-23	22	CD4i_R1L22	SRR36301659	SAMN53653148	SRX31334033	422684-CD4i_R1L22_GEX-Z0115-CGGCTAGATGCAGAT_S1_L001	https://sra-pub-src-2.s3.amazonaws.com/SRR36301659/422684-CD4i_R1L22_GEX-Z0115-CGGCTAGATGCAGAT_S1_L001_R1_001.fastq.gz.1	35986320495	ccaa41271229c190744479ed61454fbd	https://sra-pub-src-2.s3.amazonaws.com/SRR36301659/422684-CD4i_R1L22_GEX-Z0115-CGGCTAGATGCAGAT_S1_L001_R2_001.fastq.gz.1	60762367828	32da5eb88ef253a8504e6daa19fed2a4
CD4i_R1_L01-23	22	CD4i_R1L22	SRR36301659	SAMN53653148	SRX31334033	422712-CD4i_R1L22_GEX-Z0115-CGGCTAGATGCAGAT_S1_L001	https://sra-pub-src-2.s3.amazonaws.com/SRR36301659/422712-CD4i_R1L22_GEX-Z0115-CGGCTAGATGCAGAT_S1_L001_R1_001.fastq.gz.1	37833813855	6eae315a8ba767351c2392f7361f4c80	https://sra-pub-src-2.s3.amazonaws.com/SRR36301659/422712-CD4i_R1L22_GEX-Z0115-CGGCTAGATGCAGAT_S1_L001_R2_001.fastq.gz.1	65167055104	226260528d44b79df23252f2dcb715c1
CD4i_R1_L01-23	22	CD4i_R1L22	SRR36301659	SAMN53653148	SRX31334033	43420252-CD4i_R1L22_GEX-Z0115-CGGCTAGATGCAGAT_S1_L001	https://sra-pub-src-2.s3.amazonaws.com/SRR36301659/43420252-CD4i_R1L22_GEX-Z0115-CGGCTAGATGCAGAT_S1_L001_R1_001.fastq.gz.1	35589681743	bfd6088057fda526a35dff7da5244942	https://sra-pub-src-2.s3.amazonaws.com/SRR36301659/43420252-CD4i_R1L22_GEX-Z0115-CGGCTAGATGCAGAT_S1_L001_R2_001.fastq.gz.1	58614081015	883a5fd54a1e4b5fe341b40db3f3b525
CD4i_R1_L01-23	23	CD4i_R1L23	SRR36301658	SAMN53653149	SRX31334034	421756-CD4i_R1L23_GEX-Z0114-CAACATACATCAGAT_S1_L001	https://sra-pub-src-2.s3.amazonaws.com/SRR36301658/421756-CD4i_R1L23_GEX-Z0114-CAACATACATCAGAT_S1_L001_R1_001.fastq.gz.1	38474076817	95396916fafb138d87e6cc54a681eb3d	https://sra-pub-src-2.s3.amazonaws.com/SRR36301658/421756-CD4i_R1L23_GEX-Z0114-CAACATACATCAGAT_S1_L001_R2_001.fastq.gz.1	66739495078	8c19d640dfa236a3e9adfb1ccdc24cf1
CD4i_R1_L01-23	23	CD4i_R1L23	SRR36301658	SAMN53653149	SRX31334034	422061-CD4i_R1L23_GEX-Z0114-CAACATACATCAGAT_S1_L001	https://sra-pub-src-2.s3.amazonaws.com/SRR36301658/422061-CD4i_R1L23_GEX-Z0114-CAACATACATCAGAT_S1_L001_R1_001.fastq.gz.1	41101771366	30e5315475aae9fa5415854f7420eb9d	https://sra-pub-src-2.s3.amazonaws.com/SRR36301658/422061-CD4i_R1L23_GEX-Z0114-CAACATACATCAGAT_S1_L001_R2_001.fastq.gz.1	71220067509	c49a2076a5462a8b9ecb908a437c2fc0
CD4i_R1_L01-23	23	CD4i_R1L23	SRR36301658	SAMN53653149	SRX31334034	422259-CD4i_R1L23_GEX-Z0114-CAACATACATCAGAT_S1_L001	https://sra-pub-src-2.s3.amazonaws.com/SRR36301658/422259-CD4i_R1L23_GEX-Z0114-CAACATACATCAGAT_S1_L001_R1_001.fastq.gz.1	32737031125	8e24c01ff4ea5ced27eac82a1bc3139e	https://sra-pub-src-2.s3.amazonaws.com/SRR36301658/422259-CD4i_R1L23_GEX-Z0114-CAACATACATCAGAT_S1_L001_R2_001.fastq.gz.1	56792286692	ea1f65f877920b7994e319bce6d15c28
CD4i_R1_L01-23	23	CD4i_R1L23	SRR36301658	SAMN53653149	SRX31334034	422393-CD4i_R1L23_GEX-Z0114-CAACATACATCAGAT_S1_L001	https://sra-pub-src-2.s3.amazonaws.com/SRR36301658/422393-CD4i_R1L23_GEX-Z0114-CAACATACATCAGAT_S1_L001_R1_001.fastq.gz.1	30093845323	2b781b300a778c4b685feee04ac2fa99	https://sra-pub-src-2.s3.amazonaws.com/SRR36301658/422393-CD4i_R1L23_GEX-Z0114-CAACATACATCAGAT_S1_L001_R2_001.fastq.gz.1	52036852903	df97a04b8788103faba87fde94ccdbc7
CD4i_R1_L01-23	23	CD4i_R1L23	SRR36301658	SAMN53653149	SRX31334034	422558-CD4i_R1L23_GEX-Z0114-CAACATACATCAGAT_S1_L001	https://sra-pub-src-2.s3.amazonaws.com/SRR36301658/422558-CD4i_R1L23_GEX-Z0114-CAACATACATCAGAT_S1_L001_R1_001.fastq.gz.1	37510435219	76db97c89e3ef4f8141addbaa0e41b62	https://sra-pub-src-2.s3.amazonaws.com/SRR36301658/422558-CD4i_R1L23_GEX-Z0114-CAACATACATCAGAT_S1_L001_R2_001.fastq.gz.1	64304989458	919209fee43d28b65b2f695e33cf91a0
CD4i_R1_L01-23	23	CD4i_R1L23	SRR36301658	SAMN53653149	SRX31334034	422621-CD4i_R1L23_GEX-Z0114-CAACATACATCAGAT_S1_L001	https://sra-pub-src-2.s3.amazonaws.com/SRR36301658/422621-CD4i_R1L23_GEX-Z0114-CAACATACATCAGAT_S1_L001_R1_001.fastq.gz.1	40337092445	edef7f5a492572d4c7b732e286cc14e0	https://sra-pub-src-2.s3.amazonaws.com/SRR36301658/422621-CD4i_R1L23_GEX-Z0114-CAACATACATCAGAT_S1_L001_R2_001.fastq.gz.1	69917559812	159db3fcc42ab6a866b189bf6f8270b7
CD4i_R1_L01-23	23	CD4i_R1L23	SRR36301658	SAMN53653149	SRX31334034	422684-CD4i_R1L23_GEX-Z0114-CAACATACATCAGAT_S1_L001	https://sra-pub-src-2.s3.amazonaws.com/SRR36301658/422684-CD4i_R1L23_GEX-Z0114-CAACATACATCAGAT_S1_L001_R1_001.fastq.gz.1	36330652625	f92721e21d5efa0c56343c9a35a19827	https://sra-pub-src-2.s3.amazonaws.com/SRR36301658/422684-CD4i_R1L23_GEX-Z0114-CAACATACATCAGAT_S1_L001_R2_001.fastq.gz.1	61388165365	f31781a34f1d222744f9478d83f53261
CD4i_R1_L01-23	23	CD4i_R1L23	SRR36301658	SAMN53653149	SRX31334034	422712-CD4i_R1L23_GEX-Z0114-CAACATACATCAGAT_S1_L001	https://sra-pub-src-2.s3.amazonaws.com/SRR36301658/422712-CD4i_R1L23_GEX-Z0114-CAACATACATCAGAT_S1_L001_R1_001.fastq.gz.1	38016112752	1b630fce9998a2fca21175bf14dbb939	https://sra-pub-src-2.s3.amazonaws.com/SRR36301658/422712-CD4i_R1L23_GEX-Z0114-CAACATACATCAGAT_S1_L001_R2_001.fastq.gz.1	65626183373	794e83b8812ccf0c54d53ac46c338550
CD4i_R1_L01-23	23	CD4i_R1L23	SRR36301658	SAMN53653149	SRX31334034	43420252-CD4i_R1L23_GEX-Z0114-CAACATACATCAGAT_S1_L001	https://sra-pub-src-2.s3.amazonaws.com/SRR36301658/43420252-CD4i_R1L23_GEX-Z0114-CAACATACATCAGAT_S1_L001_R1_001.fastq.gz.1	36020789055	a1eb8a26fbf7ab8b5e6d567d4f6aee8d	https://sra-pub-src-2.s3.amazonaws.com/SRR36301658/43420252-CD4i_R1L23_GEX-Z0114-CAACATACATCAGAT_S1_L001_R2_001.fastq.gz.1	59473418219	eecb8571a49c16abf897f1459109f0ea
CD4i_R2_L01-24	1	CD4i_R2L01	SRR36301656	SAMN53653150	SRX31334035	422456-CD4i_R2L01_GEX-Z0152-CATGCAACACTAGAT_S1_L001_split1	https://sra-pub-src-2.s3.amazonaws.com/SRR36301656/422456-CD4i_R2L01_GEX-Z0152-CATGCAACACTAGAT_S1_L001_R1_001_split1.fastq.gz.1	50344726645	484848184a6be41eefdd957fec1ebfa7	https://sra-pub-src-2.s3.amazonaws.com/SRR36301656/422456-CD4i_R2L01_GEX-Z0152-CATGCAACACTAGAT_S1_L001_R2_001_split1.fastq.gz.1	85426282427	bfe96f45fca65e4c3b4ed25336eedb1b
CD4i_R2_L01-24	1	CD4i_R2L01	SRR36301656	SAMN53653150	SRX31334035	422456-CD4i_R2L01_GEX-Z0152-CATGCAACACTAGAT_S1_L001_split2	https://sra-pub-src-2.s3.amazonaws.com/SRR36301656/422456-CD4i_R2L01_GEX-Z0152-CATGCAACACTAGAT_S1_L001_R1_001_split2.fastq.gz.1	50344413477	d28b1fc9170f022c2adb6b7f4785c363	https://sra-pub-src-2.s3.amazonaws.com/SRR36301656/422456-CD4i_R2L01_GEX-Z0152-CATGCAACACTAGAT_S1_L001_R2_001_split2.fastq.gz.1	85426227872	6a7f58cb08f688d60086fd7549d0d9e5
CD4i_R2_L01-24	1	CD4i_R2L01	SRR36301656	SAMN53653150	SRX31334035	422456-CD4i_R2L01_GEX-Z0152-CATGCAACACTAGAT_S1_L001_split3	https://sra-pub-src-2.s3.amazonaws.com/SRR36301656/422456-CD4i_R2L01_GEX-Z0152-CATGCAACACTAGAT_S1_L001_R1_001_split3.fastq.gz.1	50344674479	47b39846ef5e93d618d7dbb50b741800	https://sra-pub-src-2.s3.amazonaws.com/SRR36301656/422456-CD4i_R2L01_GEX-Z0152-CATGCAACACTAGAT_S1_L001_R2_001_split3.fastq.gz.1	85425697993	de688e4516fafb7ae194f0cbf727b4d8
CD4i_R2_L01-24	1	CD4i_R2L01	SRR36301656	SAMN53653150	SRX31334035	422456-CD4i_R2L01_GEX-Z0152-CATGCAACACTAGAT_S1_L001_split4	https://sra-pub-src-2.s3.amazonaws.com/SRR36301656/422456-CD4i_R2L01_GEX-Z0152-CATGCAACACTAGAT_S1_L001_R1_001_split4.fastq.gz.1	50344839513	5513f165fffe7cf5c7725d3176f99eb1	https://sra-pub-src-2.s3.amazonaws.com/SRR36301656/422456-CD4i_R2L01_GEX-Z0152-CATGCAACACTAGAT_S1_L001_R2_001_split4.fastq.gz.1	85426358521	206599d3aea85f399f46e38b350de7c2
CD4i_R2_L01-24	1	CD4i_R2L01	SRR36301656	SAMN53653150	SRX31334035	422456-CD4i_R2L01_GEX-Z0152-CATGCAACACTAGAT_S1_L001_split5	https://sra-pub-src-2.s3.amazonaws.com/SRR36301656/422456-CD4i_R2L01_GEX-Z0152-CATGCAACACTAGAT_S1_L001_R1_001_split5.fastq.gz.1	50344457419	5ed5283b0992c9e03a2f2c4f1251e58b	https://sra-pub-src-2.s3.amazonaws.com/SRR36301656/422456-CD4i_R2L01_GEX-Z0152-CATGCAACACTAGAT_S1_L001_R2_001_split5.fastq.gz.1	85425888487	32e90d7ab20804156149cb8fb82e38b1
CD4i_R2_L01-24	2	CD4i_R2L02	SRR36301657	SAMN53653151	SRX31334036	422219-CD4i_R2L02_GEX-Z0151-CAGTGAATCATCGAT_S1_L001_split1	https://sra-pub-src-2.s3.amazonaws.com/SRR36301657/422219-CD4i_R2L02_GEX-Z0151-CAGTGAATCATCGAT_S1_L001_R1_001_split1.fastq.gz.1	56389692706	6559526832ac8b95140e8bd527e1497f	https://sra-pub-src-2.s3.amazonaws.com/SRR36301657/422219-CD4i_R2L02_GEX-Z0151-CAGTGAATCATCGAT_S1_L001_R2_001_split1.fastq.gz.1	95327891161	e68a46e7423d66e2842f503202867452
CD4i_R2_L01-24	2	CD4i_R2L02	SRR36301657	SAMN53653151	SRX31334036	422219-CD4i_R2L02_GEX-Z0151-CAGTGAATCATCGAT_S1_L001_split2	https://sra-pub-src-2.s3.amazonaws.com/SRR36301657/422219-CD4i_R2L02_GEX-Z0151-CAGTGAATCATCGAT_S1_L001_R1_001_split2.fastq.gz.1	56389517064	1db363e936bf791a571833dabe4a26f6	https://sra-pub-src-2.s3.amazonaws.com/SRR36301657/422219-CD4i_R2L02_GEX-Z0151-CAGTGAATCATCGAT_S1_L001_R2_001_split2.fastq.gz.1	95327435691	db3ed3ecd6b9fd35d00a841821076f14
CD4i_R2_L01-24	2	CD4i_R2L02	SRR36301657	SAMN53653151	SRX31334036	422219-CD4i_R2L02_GEX-Z0151-CAGTGAATCATCGAT_S1_L001_split3	https://sra-pub-src-2.s3.amazonaws.com/SRR36301657/422219-CD4i_R2L02_GEX-Z0151-CAGTGAATCATCGAT_S1_L001_R1_001_split3.fastq.gz.1	56389668461	c87c62f5c48d6443d106dd8fe2ee5aa2	https://sra-pub-src-2.s3.amazonaws.com/SRR36301657/422219-CD4i_R2L02_GEX-Z0151-CAGTGAATCATCGAT_S1_L001_R2_001_split3.fastq.gz.1	95328249312	73eb226ea14a8e8f2b6fa30fa77812d6
CD4i_R2_L01-24	2	CD4i_R2L02	SRR36301657	SAMN53653151	SRX31334036	422219-CD4i_R2L02_GEX-Z0151-CAGTGAATCATCGAT_S1_L001_split4	https://sra-pub-src-2.s3.amazonaws.com/SRR36301657/422219-CD4i_R2L02_GEX-Z0151-CAGTGAATCATCGAT_S1_L001_R1_001_split4.fastq.gz.1	56389466338	b92d4ccc5d94f5afd2adcf12830f0d28	https://sra-pub-src-2.s3.amazonaws.com/SRR36301657/422219-CD4i_R2L02_GEX-Z0151-CAGTGAATCATCGAT_S1_L001_R2_001_split4.fastq.gz.1	95326751464	f8440acc6f2daf4821ded2dc8ab60d2a
CD4i_R2_L01-24	2	CD4i_R2L02	SRR36301657	SAMN53653151	SRX31334036	422219-CD4i_R2L02_GEX-Z0151-CAGTGAATCATCGAT_S1_L001_split5	https://sra-pub-src-2.s3.amazonaws.com/SRR36301657/422219-CD4i_R2L02_GEX-Z0151-CAGTGAATCATCGAT_S1_L001_R1_001_split5.fastq.gz.1	56389713043	ed0f9fa1e5f5f478f86ce4d34bab3fd2	https://sra-pub-src-2.s3.amazonaws.com/SRR36301657/422219-CD4i_R2L02_GEX-Z0151-CAGTGAATCATCGAT_S1_L001_R2_001_split5.fastq.gz.1	95327901356	6c171b2f4cd6f041d67c4e39563b40a6
CD4i_R2_L01-24	3	CD4i_R2L03	SRR36311740	SAMN53674395	SRX31343827	422015-CD4i_R2L03_GEX-Z0150-CGCGCAGATGGCATGAT_S1_L001_split1	https://sra-pub-src-2.s3.amazonaws.com/SRR36311740/422015-CD4i_R2L03_GEX-Z0150-CGCGCAGATGGCATGAT_S1_L001_R1_001_split1.fastq.gz.1	52660143399	861bc0db8ad6a51fd16dd9aa01cd6576	https://sra-pub-src-2.s3.amazonaws.com/SRR36311740/422015-CD4i_R2L03_GEX-Z0150-CGCGCAGATGGCATGAT_S1_L001_R2_001_split1.fastq.gz.1	89419043916	bd82debd5d5f2e772ae7ed4b5ee7cbe7
CD4i_R2_L01-24	3	CD4i_R2L03	SRR36311740	SAMN53674395	SRX31343827	422015-CD4i_R2L03_GEX-Z0150-CGCGCAGATGGCATGAT_S1_L001_split2	https://sra-pub-src-2.s3.amazonaws.com/SRR36311740/422015-CD4i_R2L03_GEX-Z0150-CGCGCAGATGGCATGAT_S1_L001_R1_001_split2.fastq.gz.1	52660137592	5a9700a683ca9670ba5f184877e8bc5a	https://sra-pub-src-2.s3.amazonaws.com/SRR36311740/422015-CD4i_R2L03_GEX-Z0150-CGCGCAGATGGCATGAT_S1_L001_R2_001_split2.fastq.gz.1	89419680229	4dc33e8a829801deafd9bf613c9c94a7
CD4i_R2_L01-24	3	CD4i_R2L03	SRR36311740	SAMN53674395	SRX31343827	422015-CD4i_R2L03_GEX-Z0150-CGCGCAGATGGCATGAT_S1_L001_split3	https://sra-pub-src-2.s3.amazonaws.com/SRR36311740/422015-CD4i_R2L03_GEX-Z0150-CGCGCAGATGGCATGAT_S1_L001_R1_001_split3.fastq.gz.1	52660098818	c0483863cce3c183473ed7d390f0a262	https://sra-pub-src-2.s3.amazonaws.com/SRR36311740/422015-CD4i_R2L03_GEX-Z0150-CGCGCAGATGGCATGAT_S1_L001_R2_001_split3.fastq.gz.1	89419186237	d74b066f028d7c3d16aa99518cf4e678
CD4i_R2_L01-24	3	CD4i_R2L03	SRR36311740	SAMN53674395	SRX31343827	422015-CD4i_R2L03_GEX-Z0150-CGCGCAGATGGCATGAT_S1_L001_split4	https://sra-pub-src-2.s3.amazonaws.com/SRR36311740/422015-CD4i_R2L03_GEX-Z0150-CGCGCAGATGGCATGAT_S1_L001_R1_001_split4.fastq.gz.1	52660000845	7b18d26fa3842c4f3668fadfd8bc49e2	https://sra-pub-src-2.s3.amazonaws.com/SRR36311740/422015-CD4i_R2L03_GEX-Z0150-CGCGCAGATGGCATGAT_S1_L001_R2_001_split4.fastq.gz.1	89419328506	7b1cf448b70842e5ac94167facb99db4
CD4i_R2_L01-24	4	CD4i_R2L04	SRR36311741	SAMN53674396	SRX31343828	421755-CD4i_R2L04_GEX-Z0149-CTCGCGCAATGCGAT_S1_L001_split1	https://sra-pub-src-2.s3.amazonaws.com/SRR36311741/421755-CD4i_R2L04_GEX-Z0149-CTCGCGCAATGCGAT_S1_L001_R1_001_split1.fastq.gz.1	53031187743	f8c363c2f0894f049f740c98ebe8943f	https://sra-pub-src-2.s3.amazonaws.com/SRR36311741/421755-CD4i_R2L04_GEX-Z0149-CTCGCGCAATGCGAT_S1_L001_R2_001_split1.fastq.gz.1	90198248974	f3a76510b03791fe7cb28921871e5f8c
CD4i_R2_L01-24	4	CD4i_R2L04	SRR36311741	SAMN53674396	SRX31343828	421755-CD4i_R2L04_GEX-Z0149-CTCGCGCAATGCGAT_S1_L001_split2	https://sra-pub-src-2.s3.amazonaws.com/SRR36311741/421755-CD4i_R2L04_GEX-Z0149-CTCGCGCAATGCGAT_S1_L001_R1_001_split2.fastq.gz.1	53031059437	1e854c8b438f5644edeb898ed2e55b27	https://sra-pub-src-2.s3.amazonaws.com/SRR36311741/421755-CD4i_R2L04_GEX-Z0149-CTCGCGCAATGCGAT_S1_L001_R2_001_split2.fastq.gz.1	90198393120	592f0fe052a323e3d745bcc2b4d1f4a8
CD4i_R2_L01-24	4	CD4i_R2L04	SRR36311741	SAMN53674396	SRX31343828	421755-CD4i_R2L04_GEX-Z0149-CTCGCGCAATGCGAT_S1_L001_split3	https://sra-pub-src-2.s3.amazonaws.com/SRR36311741/421755-CD4i_R2L04_GEX-Z0149-CTCGCGCAATGCGAT_S1_L001_R1_001_split3.fastq.gz.1	53031270403	c12652535c0e113c2963b29b52fcdcb8	https://sra-pub-src-2.s3.amazonaws.com/SRR36311741/421755-CD4i_R2L04_GEX-Z0149-CTCGCGCAATGCGAT_S1_L001_R2_001_split3.fastq.gz.1	90199038813	195f5fe309f366ad29c1d14b09db32f2
CD4i_R2_L01-24	4	CD4i_R2L04	SRR36311741	SAMN53674396	SRX31343828	421755-CD4i_R2L04_GEX-Z0149-CTCGCGCAATGCGAT_S1_L001_split4	https://sra-pub-src-2.s3.amazonaws.com/SRR36311741/421755-CD4i_R2L04_GEX-Z0149-CTCGCGCAATGCGAT_S1_L001_R1_001_split4.fastq.gz.1	53030942964	9696391e0fcd1cf4a3a7dc2d9de1e0dd	https://sra-pub-src-2.s3.amazonaws.com/SRR36311741/421755-CD4i_R2L04_GEX-Z0149-CTCGCGCAATGCGAT_S1_L001_R2_001_split4.fastq.gz.1	90197316194	160c5f9ddc15dcbc07efe2316d94a751
CD4i_R2_L01-24	4	CD4i_R2L04	SRR36311741	SAMN53674396	SRX31343828	421755-CD4i_R2L04_GEX-Z0149-CTCGCGCAATGCGAT_S1_L001_split5	https://sra-pub-src-2.s3.amazonaws.com/SRR36311741/421755-CD4i_R2L04_GEX-Z0149-CTCGCGCAATGCGAT_S1_L001_R1_001_split5.fastq.gz.1	53031055940	2ad20c6b7f72fb5d8f475f783440bf56	https://sra-pub-src-2.s3.amazonaws.com/SRR36311741/421755-CD4i_R2L04_GEX-Z0149-CTCGCGCAATGCGAT_S1_L001_R2_001_split5.fastq.gz.1	90198574448	2eb5930211bc48c5418f2aebc60ded54
CD4i_R2_L01-24	5	CD4i_R2L05	SRR36311739	SAMN53674397	SRX31343829	422655-CD4i_R2L05_GEX-Z0148-CTATTCAGATGCATGAT_S1_L001_split1	https://sra-pub-src-2.s3.amazonaws.com/SRR36311739/422655-CD4i_R2L05_GEX-Z0148-CTATTCAGATGCATGAT_S1_L001_R1_001_split1.fastq.gz.1	49344878254	39458eb05eb947613f8c6de84342e3e9	https://sra-pub-src-2.s3.amazonaws.com/SRR36311739/422655-CD4i_R2L05_GEX-Z0148-CTATTCAGATGCATGAT_S1_L001_R2_001_split1.fastq.gz.1	84638583988	09f9edb74977d59a339b03a8ee1e07b3
CD4i_R2_L01-24	5	CD4i_R2L05	SRR36311739	SAMN53674397	SRX31343829	422655-CD4i_R2L05_GEX-Z0148-CTATTCAGATGCATGAT_S1_L001_split2	https://sra-pub-src-2.s3.amazonaws.com/SRR36311739/422655-CD4i_R2L05_GEX-Z0148-CTATTCAGATGCATGAT_S1_L001_R1_001_split2.fastq.gz.1	49345039239	5e4c874d1fac5052d7e3904ce3157930	https://sra-pub-src-2.s3.amazonaws.com/SRR36311739/422655-CD4i_R2L05_GEX-Z0148-CTATTCAGATGCATGAT_S1_L001_R2_001_split2.fastq.gz.1	84638668191	ac64dc04383ed0ca8ee3f4a0cdfb49c4
CD4i_R2_L01-24	5	CD4i_R2L05	SRR36311739	SAMN53674397	SRX31343829	422655-CD4i_R2L05_GEX-Z0148-CTATTCAGATGCATGAT_S1_L001_split3	https://sra-pub-src-2.s3.amazonaws.com/SRR36311739/422655-CD4i_R2L05_GEX-Z0148-CTATTCAGATGCATGAT_S1_L001_R1_001_split3.fastq.gz.1	49344717355	2ff95b71be9237dbdf74b86fe7eb49f6	https://sra-pub-src-2.s3.amazonaws.com/SRR36311739/422655-CD4i_R2L05_GEX-Z0148-CTATTCAGATGCATGAT_S1_L001_R2_001_split3.fastq.gz.1	84638054092	900dc397da83acb18a5c6a05755509ff
CD4i_R2_L01-24	5	CD4i_R2L05	SRR36311739	SAMN53674397	SRX31343829	422655-CD4i_R2L05_GEX-Z0148-CTATTCAGATGCATGAT_S1_L001_split4	https://sra-pub-src-2.s3.amazonaws.com/SRR36311739/422655-CD4i_R2L05_GEX-Z0148-CTATTCAGATGCATGAT_S1_L001_R1_001_split4.fastq.gz.1	49345068465	afed3e83f650b86880feb6a19ea9bd5c	https://sra-pub-src-2.s3.amazonaws.com/SRR36311739/422655-CD4i_R2L05_GEX-Z0148-CTATTCAGATGCATGAT_S1_L001_R2_001_split4.fastq.gz.1	84638517322	344f85ff0e46aeda8b807f9015c71034
CD4i_R2_L01-24	5	CD4i_R2L05	SRR36311739	SAMN53674397	SRX31343829	422655-CD4i_R2L05_GEX-Z0148-CTATTCAGATGCATGAT_S1_L001_split5	https://sra-pub-src-2.s3.amazonaws.com/SRR36311739/422655-CD4i_R2L05_GEX-Z0148-CTATTCAGATGCATGAT_S1_L001_R1_001_split5.fastq.gz.1	49345057467	327732a66d729d90b3bfc960efbb9239	https://sra-pub-src-2.s3.amazonaws.com/SRR36311739/422655-CD4i_R2L05_GEX-Z0148-CTATTCAGATGCATGAT_S1_L001_R2_001_split5.fastq.gz.1	84638973614	2fd7ea9de6761991c83fd912936e287d
CD4i_R2_L01-24	5	CD4i_R2L05	SRR36311739	SAMN53674397	SRX31343829	422655-CD4i_R2L05_GEX-Z0148-CTATTCAGATGCATGAT_S1_L001_split6	https://sra-pub-src-2.s3.amazonaws.com/SRR36311739/422655-CD4i_R2L05_GEX-Z0148-CTATTCAGATGCATGAT_S1_L001_R1_001_split6.fastq.gz.1	49345174668	4c6f5c4def8e5a1b0f3f7a9975cd58ab	https://sra-pub-src-2.s3.amazonaws.com/SRR36311739/422655-CD4i_R2L05_GEX-Z0148-CTATTCAGATGCATGAT_S1_L001_R2_001_split6.fastq.gz.1	84638696081	8e6de02f4612b35f3933f90513368449
CD4i_R2_L01-24	6	CD4i_R2L06	SRR36311738	SAMN53674398	SRX31343830	422588-CD4i_R2L06_GEX-Z0147-CGCTGCATGAAGATGAT_S1_L001_split1	https://sra-pub-src-2.s3.amazonaws.com/SRR36311738/422588-CD4i_R2L06_GEX-Z0147-CGCTGCATGAAGATGAT_S1_L001_R1_001_split1.fastq.gz.1	55656383617	9f179f8aafcb142e208685ab74849476	https://sra-pub-src-2.s3.amazonaws.com/SRR36311738/422588-CD4i_R2L06_GEX-Z0147-CGCTGCATGAAGATGAT_S1_L001_R2_001_split1.fastq.gz.1	95647503659	334066538877392ee51143723f99db25
CD4i_R2_L01-24	6	CD4i_R2L06	SRR36311738	SAMN53674398	SRX31343830	422588-CD4i_R2L06_GEX-Z0147-CGCTGCATGAAGATGAT_S1_L001_split2	https://sra-pub-src-2.s3.amazonaws.com/SRR36311738/422588-CD4i_R2L06_GEX-Z0147-CGCTGCATGAAGATGAT_S1_L001_R1_001_split2.fastq.gz.1	55656207828	8af9dd223e2a9ec7d994c59a3507762a	https://sra-pub-src-2.s3.amazonaws.com/SRR36311738/422588-CD4i_R2L06_GEX-Z0147-CGCTGCATGAAGATGAT_S1_L001_R2_001_split2.fastq.gz.1	95646785111	93d19d92c7de2a053368b9b35c9de8fd
CD4i_R2_L01-24	6	CD4i_R2L06	SRR36311738	SAMN53674398	SRX31343830	422588-CD4i_R2L06_GEX-Z0147-CGCTGCATGAAGATGAT_S1_L001_split3	https://sra-pub-src-2.s3.amazonaws.com/SRR36311738/422588-CD4i_R2L06_GEX-Z0147-CGCTGCATGAAGATGAT_S1_L001_R1_001_split3.fastq.gz.1	55656378094	44fdb908c2e385a7413bbab491de595c	https://sra-pub-src-2.s3.amazonaws.com/SRR36311738/422588-CD4i_R2L06_GEX-Z0147-CGCTGCATGAAGATGAT_S1_L001_R2_001_split3.fastq.gz.1	95647254751	633124ea45f55ce7738f00909366522a
CD4i_R2_L01-24	6	CD4i_R2L06	SRR36311738	SAMN53674398	SRX31343830	422588-CD4i_R2L06_GEX-Z0147-CGCTGCATGAAGATGAT_S1_L001_split4	https://sra-pub-src-2.s3.amazonaws.com/SRR36311738/422588-CD4i_R2L06_GEX-Z0147-CGCTGCATGAAGATGAT_S1_L001_R1_001_split4.fastq.gz.1	55655999425	796c0ba3571aa10b58a87423490763f0	https://sra-pub-src-2.s3.amazonaws.com/SRR36311738/422588-CD4i_R2L06_GEX-Z0147-CGCTGCATGAAGATGAT_S1_L001_R2_001_split4.fastq.gz.1	95646760407	83cb351b4472fe86b34d1c1e3bb4d434
CD4i_R2_L01-24	6	CD4i_R2L06	SRR36311738	SAMN53674398	SRX31343830	422588-CD4i_R2L06_GEX-Z0147-CGCTGCATGAAGATGAT_S1_L001_split5	https://sra-pub-src-2.s3.amazonaws.com/SRR36311738/422588-CD4i_R2L06_GEX-Z0147-CGCTGCATGAAGATGAT_S1_L001_R1_001_split5.fastq.gz.1	55656263655	d3bf3509179dd539b7306fd4b0daf4a7	https://sra-pub-src-2.s3.amazonaws.com/SRR36311738/422588-CD4i_R2L06_GEX-Z0147-CGCTGCATGAAGATGAT_S1_L001_R2_001_split5.fastq.gz.1	95647287463	7c1ee6ba76fc4c3e4d6ea63fadf48f7d
CD4i_R2_L01-24	7	CD4i_R2L07	SRR36311737	SAMN53674399	SRX31343831	421896-CD4i_R2L07_GEX-Z0146-CATCTGCACATGGCGAT_S1_L001_split1	https://sra-pub-src-2.s3.amazonaws.com/SRR36311737/421896-CD4i_R2L07_GEX-Z0146-CATCTGCACATGGCGAT_S1_L001_R1_001_split1.fastq.gz.1	43389668302	2df08ba03283ca13bc5832d0a9b5da60	https://sra-pub-src-2.s3.amazonaws.com/SRR36311737/421896-CD4i_R2L07_GEX-Z0146-CATCTGCACATGGCGAT_S1_L001_R2_001_split1.fastq.gz.1	79333116591	94a82b827fdd495c9eb5badd37e7d75f
CD4i_R2_L01-24	7	CD4i_R2L07	SRR36311737	SAMN53674399	SRX31343831	421896-CD4i_R2L07_GEX-Z0146-CATCTGCACATGGCGAT_S1_L001_split2	https://sra-pub-src-2.s3.amazonaws.com/SRR36311737/421896-CD4i_R2L07_GEX-Z0146-CATCTGCACATGGCGAT_S1_L001_R1_001_split2.fastq.gz.1	43389740799	600be57b9a76412bdebf775f32aff515	https://sra-pub-src-2.s3.amazonaws.com/SRR36311737/421896-CD4i_R2L07_GEX-Z0146-CATCTGCACATGGCGAT_S1_L001_R2_001_split2.fastq.gz.1	79333325556	8a668f8d17b8f1d525649c63480cafb3
CD4i_R2_L01-24	7	CD4i_R2L07	SRR36311737	SAMN53674399	SRX31343831	421896-CD4i_R2L07_GEX-Z0146-CATCTGCACATGGCGAT_S1_L001_split3	https://sra-pub-src-2.s3.amazonaws.com/SRR36311737/421896-CD4i_R2L07_GEX-Z0146-CATCTGCACATGGCGAT_S1_L001_R1_001_split3.fastq.gz.1	43390032206	ea0923d0f3f79e63f655ea388693e46f	https://sra-pub-src-2.s3.amazonaws.com/SRR36311737/421896-CD4i_R2L07_GEX-Z0146-CATCTGCACATGGCGAT_S1_L001_R2_001_split3.fastq.gz.1	79333646851	71826635d77e81e5bcba7012bcfe9e96
CD4i_R2_L01-24	7	CD4i_R2L07	SRR36311737	SAMN53674399	SRX31343831	421896-CD4i_R2L07_GEX-Z0146-CATCTGCACATGGCGAT_S1_L001_split4	https://sra-pub-src-2.s3.amazonaws.com/SRR36311737/421896-CD4i_R2L07_GEX-Z0146-CATCTGCACATGGCGAT_S1_L001_R1_001_split4.fastq.gz.1	43389875578	8277876f1fd7d6e1a21d71ae3e2ecdff	https://sra-pub-src-2.s3.amazonaws.com/SRR36311737/421896-CD4i_R2L07_GEX-Z0146-CATCTGCACATGGCGAT_S1_L001_R2_001_split4.fastq.gz.1	79333988610	2af484f091dc2aea555c0c8e446660bf
CD4i_R2_L01-24	7	CD4i_R2L07	SRR36311737	SAMN53674399	SRX31343831	421896-CD4i_R2L07_GEX-Z0146-CATCTGCACATGGCGAT_S1_L001_split5	https://sra-pub-src-2.s3.amazonaws.com/SRR36311737/421896-CD4i_R2L07_GEX-Z0146-CATCTGCACATGGCGAT_S1_L001_R1_001_split5.fastq.gz.1	43389729381	4faa2ce95284aab94174c62408135af9	https://sra-pub-src-2.s3.amazonaws.com/SRR36311737/421896-CD4i_R2L07_GEX-Z0146-CATCTGCACATGGCGAT_S1_L001_R2_001_split5.fastq.gz.1	79333372780	4ea7bd623484d7d06877d9096335a4b2
CD4i_R2_L01-24	8	CD4i_R2L08	SRR36311736	SAMN53674400	SRX31343832	422166-CD4i_R2L08_GEX-Z0145-CATGCTATAGCAATGAT_S1_L001_split1	https://sra-pub-src-2.s3.amazonaws.com/SRR36311736/422166-CD4i_R2L08_GEX-Z0145-CATGCTATAGCAATGAT_S1_L001_R1_001_split1.fastq.gz.1	52836594041	2a0a3027d7f3aab018f074e16775a7a7	https://sra-pub-src-2.s3.amazonaws.com/SRR36311736/422166-CD4i_R2L08_GEX-Z0145-CATGCTATAGCAATGAT_S1_L001_R2_001_split1.fastq.gz.1	93336512617	8c783cb5e03ebfd3a45a6208ccc71b67
CD4i_R2_L01-24	8	CD4i_R2L08	SRR36311736	SAMN53674400	SRX31343832	422166-CD4i_R2L08_GEX-Z0145-CATGCTATAGCAATGAT_S1_L001_split2	https://sra-pub-src-2.s3.amazonaws.com/SRR36311736/422166-CD4i_R2L08_GEX-Z0145-CATGCTATAGCAATGAT_S1_L001_R1_001_split2.fastq.gz.1	52836519876	4a75a8bb1db3f1c30844de4205d1e7b2	https://sra-pub-src-2.s3.amazonaws.com/SRR36311736/422166-CD4i_R2L08_GEX-Z0145-CATGCTATAGCAATGAT_S1_L001_R2_001_split2.fastq.gz.1	93336535512	5d39cb1296c86bbdd8566f8a079b07a7
CD4i_R2_L01-24	8	CD4i_R2L08	SRR36311736	SAMN53674400	SRX31343832	422166-CD4i_R2L08_GEX-Z0145-CATGCTATAGCAATGAT_S1_L001_split3	https://sra-pub-src-2.s3.amazonaws.com/SRR36311736/422166-CD4i_R2L08_GEX-Z0145-CATGCTATAGCAATGAT_S1_L001_R1_001_split3.fastq.gz.1	52836580542	f7c3996c7b5298b7792ee69790180f01	https://sra-pub-src-2.s3.amazonaws.com/SRR36311736/422166-CD4i_R2L08_GEX-Z0145-CATGCTATAGCAATGAT_S1_L001_R2_001_split3.fastq.gz.1	93336226993	919c42d57decb68f14470f3dba6d21be
CD4i_R2_L01-24	8	CD4i_R2L08	SRR36311736	SAMN53674400	SRX31343832	422166-CD4i_R2L08_GEX-Z0145-CATGCTATAGCAATGAT_S1_L001_split4	https://sra-pub-src-2.s3.amazonaws.com/SRR36311736/422166-CD4i_R2L08_GEX-Z0145-CATGCTATAGCAATGAT_S1_L001_R1_001_split4.fastq.gz.1	52836784426	95972b0a4a5b1bcd53ec6f5038956d9e	https://sra-pub-src-2.s3.amazonaws.com/SRR36311736/422166-CD4i_R2L08_GEX-Z0145-CATGCTATAGCAATGAT_S1_L001_R2_001_split4.fastq.gz.1	93336519820	bc3a3d840befcac7ce7332e0111bd811
CD4i_R2_L01-24	8	CD4i_R2L08	SRR36311736	SAMN53674400	SRX31343832	422166-CD4i_R2L08_GEX-Z0145-CATGCTATAGCAATGAT_S1_L001_split5	https://sra-pub-src-2.s3.amazonaws.com/SRR36311736/422166-CD4i_R2L08_GEX-Z0145-CATGCTATAGCAATGAT_S1_L001_R1_001_split5.fastq.gz.1	52836568383	31f658be085027631a6f6df247440b78	https://sra-pub-src-2.s3.amazonaws.com/SRR36311736/422166-CD4i_R2L08_GEX-Z0145-CATGCTATAGCAATGAT_S1_L001_R2_001_split5.fastq.gz.1	93336158960	cc0bb03b8449af21474c40be7e336213
CD4i_R2_L01-24	9	CD4i_R2L09	SRR36365969	SAMN53795497	SRX31394614	421808-CD4i_R2L09_GEX-Z0160-CAGCACAGAGGAGAT_S1_L001_split1	https://sra-pub-src-2.s3.amazonaws.com/SRR36365969/421808-CD4i_R2L09_GEX-Z0160-CAGCACAGAGGAGAT_S1_L001_R1_001_split1.fastq.gz.1	48335430516	414b546637b5e11f6d0970f280cbad6f	https://sra-pub-src-2.s3.amazonaws.com/SRR36365969/421808-CD4i_R2L09_GEX-Z0160-CAGCACAGAGGAGAT_S1_L001_R2_001_split1.fastq.gz.1	82190101214	44f52a8e87dee5946affb1d4d61cfb5a
CD4i_R2_L01-24	9	CD4i_R2L09	SRR36365969	SAMN53795497	SRX31394614	421808-CD4i_R2L09_GEX-Z0160-CAGCACAGAGGAGAT_S1_L001_split2	https://sra-pub-src-2.s3.amazonaws.com/SRR36365969/421808-CD4i_R2L09_GEX-Z0160-CAGCACAGAGGAGAT_S1_L001_R1_001_split2.fastq.gz.1	48335445062	0ba677f6d437ea3c357b319293620ec8	https://sra-pub-src-2.s3.amazonaws.com/SRR36365969/421808-CD4i_R2L09_GEX-Z0160-CAGCACAGAGGAGAT_S1_L001_R2_001_split2.fastq.gz.1	82189890601	fcc9dba0e2701f6453ad4d58940fc76f
CD4i_R2_L01-24	9	CD4i_R2L09	SRR36365969	SAMN53795497	SRX31394614	421808-CD4i_R2L09_GEX-Z0160-CAGCACAGAGGAGAT_S1_L001_split3	https://sra-pub-src-2.s3.amazonaws.com/SRR36365969/421808-CD4i_R2L09_GEX-Z0160-CAGCACAGAGGAGAT_S1_L001_R1_001_split3.fastq.gz.1	48335410880	2a6db1b743865a2e864792e9ebdcb233	https://sra-pub-src-2.s3.amazonaws.com/SRR36365969/421808-CD4i_R2L09_GEX-Z0160-CAGCACAGAGGAGAT_S1_L001_R2_001_split3.fastq.gz.1	82189580432	38741eb85474aaa4007c5c4ce2782678
CD4i_R2_L01-24	9	CD4i_R2L09	SRR36365969	SAMN53795497	SRX31394614	421808-CD4i_R2L09_GEX-Z0160-CAGCACAGAGGAGAT_S1_L001_split4	https://sra-pub-src-2.s3.amazonaws.com/SRR36365969/421808-CD4i_R2L09_GEX-Z0160-CAGCACAGAGGAGAT_S1_L001_R1_001_split4.fastq.gz.1	48335581625	c49ac0e87a86e96df467d39efe6b791a	https://sra-pub-src-2.s3.amazonaws.com/SRR36365969/421808-CD4i_R2L09_GEX-Z0160-CAGCACAGAGGAGAT_S1_L001_R2_001_split4.fastq.gz.1	82190221492	a5d3de894d6c222c5a6f25a0c407bf5a
CD4i_R2_L01-24	9	CD4i_R2L09	SRR36365969	SAMN53795497	SRX31394614	421808-CD4i_R2L09_GEX-Z0160-CAGCACAGAGGAGAT_S1_L001_split5	https://sra-pub-src-2.s3.amazonaws.com/SRR36365969/421808-CD4i_R2L09_GEX-Z0160-CAGCACAGAGGAGAT_S1_L001_R1_001_split5.fastq.gz.1	48335129253	37b6cc47c5a6243db8088b5eeea9a07d	https://sra-pub-src-2.s3.amazonaws.com/SRR36365969/421808-CD4i_R2L09_GEX-Z0160-CAGCACAGAGGAGAT_S1_L001_R2_001_split5.fastq.gz.1	82190274762	e995c3396c625321a08ee71d6bc678f2
CD4i_R2_L01-24	9	CD4i_R2L09	SRR36365969	SAMN53795497	SRX31394614	421808-CD4i_R2L09_GEX-Z0160-CAGCACAGAGGAGAT_S1_L001_split6	https://sra-pub-src-2.s3.amazonaws.com/SRR36365969/421808-CD4i_R2L09_GEX-Z0160-CAGCACAGAGGAGAT_S1_L001_R1_001_split6.fastq.gz.1	48335265911	35b36bfb57b6dc4bb73e09337dc05341	https://sra-pub-src-2.s3.amazonaws.com/SRR36365969/421808-CD4i_R2L09_GEX-Z0160-CAGCACAGAGGAGAT_S1_L001_R2_001_split6.fastq.gz.1	82190120081	4beccee45b1f4a51cbb774b0354902e5
CD4i_R2_L01-24	10	CD4i_R2L10	SRR36365968	SAMN53795499	SRX31394615	422266-CD4i_R2L10_GEX-Z0159-CGCATGCATCCTGAGAT_S1_L001_split1	https://sra-pub-src-2.s3.amazonaws.com/SRR36365968/422266-CD4i_R2L10_GEX-Z0159-CGCATGCATCCTGAGAT_S1_L001_R1_001_split1.fastq.gz.1	55589386905	1389d876c077467e39d60b1722de039c	https://sra-pub-src-2.s3.amazonaws.com/SRR36365968/422266-CD4i_R2L10_GEX-Z0159-CGCATGCATCCTGAGAT_S1_L001_R2_001_split1.fastq.gz.1	95167478237	3cd93cdc18b46b67ec30c6abd982dfe6
CD4i_R2_L01-24	10	CD4i_R2L10	SRR36365968	SAMN53795499	SRX31394615	422266-CD4i_R2L10_GEX-Z0159-CGCATGCATCCTGAGAT_S1_L001_split2	https://sra-pub-src-2.s3.amazonaws.com/SRR36365968/422266-CD4i_R2L10_GEX-Z0159-CGCATGCATCCTGAGAT_S1_L001_R1_001_split2.fastq.gz.1	55589662323	03b647f34b27f1803cb8a7d24da6321e	https://sra-pub-src-2.s3.amazonaws.com/SRR36365968/422266-CD4i_R2L10_GEX-Z0159-CGCATGCATCCTGAGAT_S1_L001_R2_001_split2.fastq.gz.1	95167146098	ca667636176458479a65a6038ed13682
CD4i_R2_L01-24	10	CD4i_R2L10	SRR36365968	SAMN53795499	SRX31394615	422266-CD4i_R2L10_GEX-Z0159-CGCATGCATCCTGAGAT_S1_L001_split3	https://sra-pub-src-2.s3.amazonaws.com/SRR36365968/422266-CD4i_R2L10_GEX-Z0159-CGCATGCATCCTGAGAT_S1_L001_R1_001_split3.fastq.gz.1	55589605762	9fa72999ff824df1523d1a6deb700a86	https://sra-pub-src-2.s3.amazonaws.com/SRR36365968/422266-CD4i_R2L10_GEX-Z0159-CGCATGCATCCTGAGAT_S1_L001_R2_001_split3.fastq.gz.1	95167275751	c9f81b165e37df7626c6517ce51076f2
CD4i_R2_L01-24	10	CD4i_R2L10	SRR36365968	SAMN53795499	SRX31394615	422266-CD4i_R2L10_GEX-Z0159-CGCATGCATCCTGAGAT_S1_L001_split4	https://sra-pub-src-2.s3.amazonaws.com/SRR36365968/422266-CD4i_R2L10_GEX-Z0159-CGCATGCATCCTGAGAT_S1_L001_R1_001_split4.fastq.gz.1	55589380074	1b1525494246642ff4c7cd6296f87339	https://sra-pub-src-2.s3.amazonaws.com/SRR36365968/422266-CD4i_R2L10_GEX-Z0159-CGCATGCATCCTGAGAT_S1_L001_R2_001_split4.fastq.gz.1	95167502639	95f770e1790a4150372879869f90da7f
CD4i_R2_L01-24	10	CD4i_R2L10	SRR36365968	SAMN53795499	SRX31394615	422266-CD4i_R2L10_GEX-Z0159-CGCATGCATCCTGAGAT_S1_L001_split5	https://sra-pub-src-2.s3.amazonaws.com/SRR36365968/422266-CD4i_R2L10_GEX-Z0159-CGCATGCATCCTGAGAT_S1_L001_R1_001_split5.fastq.gz.1	55589524168	44cf8edd671ce618975c9418a0d7ceed	https://sra-pub-src-2.s3.amazonaws.com/SRR36365968/422266-CD4i_R2L10_GEX-Z0159-CGCATGCATCCTGAGAT_S1_L001_R2_001_split5.fastq.gz.1	95167713506	fbbfecada597400adee13a516ec9e1c4
CD4i_R2_L01-24	11	CD4i_R2L11	SRR36365966	SAMN53795501	SRX31394616	422170-CD4i_R2L11_GEX-Z0158-CATAATATCTGCGAT_S1_L001_split1	https://sra-pub-src-2.s3.amazonaws.com/SRR36365966/422170-CD4i_R2L11_GEX-Z0158-CATAATATCTGCGAT_S1_L001_R1_001_split1.fastq.gz.1	56356959313	1b880797e5d26549b480947ba582c27c	https://sra-pub-src-2.s3.amazonaws.com/SRR36365966/422170-CD4i_R2L11_GEX-Z0158-CATAATATCTGCGAT_S1_L001_R2_001_split1.fastq.gz.1	97365110742	bfe9d2e5b42a5c28e9971b540336319a
CD4i_R2_L01-24	11	CD4i_R2L11	SRR36365966	SAMN53795501	SRX31394616	422170-CD4i_R2L11_GEX-Z0158-CATAATATCTGCGAT_S1_L001_split2	https://sra-pub-src-2.s3.amazonaws.com/SRR36365966/422170-CD4i_R2L11_GEX-Z0158-CATAATATCTGCGAT_S1_L001_R1_001_split2.fastq.gz.1	56356853407	65ffc919277d21af072159fa2529a2e3	https://sra-pub-src-2.s3.amazonaws.com/SRR36365966/422170-CD4i_R2L11_GEX-Z0158-CATAATATCTGCGAT_S1_L001_R2_001_split2.fastq.gz.1	97364771265	44d1a98e93e06f17f3b581637e0fcb28
CD4i_R2_L01-24	11	CD4i_R2L11	SRR36365966	SAMN53795501	SRX31394616	422170-CD4i_R2L11_GEX-Z0158-CATAATATCTGCGAT_S1_L001_split3	https://sra-pub-src-2.s3.amazonaws.com/SRR36365966/422170-CD4i_R2L11_GEX-Z0158-CATAATATCTGCGAT_S1_L001_R1_001_split3.fastq.gz.1	56356690433	68712aaddd7e2f4cd62071d1fef1989f	https://sra-pub-src-2.s3.amazonaws.com/SRR36365966/422170-CD4i_R2L11_GEX-Z0158-CATAATATCTGCGAT_S1_L001_R2_001_split3.fastq.gz.1	97365185687	55c3fe74201eaec3abe11b9da933673e
CD4i_R2_L01-24	11	CD4i_R2L11	SRR36365966	SAMN53795501	SRX31394616	422170-CD4i_R2L11_GEX-Z0158-CATAATATCTGCGAT_S1_L001_split4	https://sra-pub-src-2.s3.amazonaws.com/SRR36365966/422170-CD4i_R2L11_GEX-Z0158-CATAATATCTGCGAT_S1_L001_R1_001_split4.fastq.gz.1	56356845609	71a63976ce511ffcc2a69924e3d07122	https://sra-pub-src-2.s3.amazonaws.com/SRR36365966/422170-CD4i_R2L11_GEX-Z0158-CATAATATCTGCGAT_S1_L001_R2_001_split4.fastq.gz.1	97364631466	d057a053c92b391c2ead3f6ad2a06ea2
CD4i_R2_L01-24	11	CD4i_R2L11	SRR36365966	SAMN53795501	SRX31394616	422170-CD4i_R2L11_GEX-Z0158-CATAATATCTGCGAT_S1_L001_split5	https://sra-pub-src-2.s3.amazonaws.com/SRR36365966/422170-CD4i_R2L11_GEX-Z0158-CATAATATCTGCGAT_S1_L001_R1_001_split5.fastq.gz.1	56356676906	d291e408a2cb8aa915848cd4ae36439e	https://sra-pub-src-2.s3.amazonaws.com/SRR36365966/422170-CD4i_R2L11_GEX-Z0158-CATAATATCTGCGAT_S1_L001_R2_001_split5.fastq.gz.1	97364116780	0434929c6819114ade9b35fe4ee94925
CD4i_R2_L01-24	12	CD4i_R2L12	SRR36365965	SAMN53795503	SRX31394617	422099-CD4i_R2L12_GEX-Z0157-CATGGATAGCTGCAGAT_S1_L001_split1	https://sra-pub-src-2.s3.amazonaws.com/SRR36365965/422099-CD4i_R2L12_GEX-Z0157-CATGGATAGCTGCAGAT_S1_L001_R1_001_split1.fastq.gz.1	56465940615	a4dbb51190e3a0169b10edacf4103661	https://sra-pub-src-2.s3.amazonaws.com/SRR36365965/422099-CD4i_R2L12_GEX-Z0157-CATGGATAGCTGCAGAT_S1_L001_R2_001_split1.fastq.gz.1	96692634350	2d68c06524174bc710bac7c2e7a0498c
CD4i_R2_L01-24	12	CD4i_R2L12	SRR36365965	SAMN53795503	SRX31394617	422099-CD4i_R2L12_GEX-Z0157-CATGGATAGCTGCAGAT_S1_L001_split2	https://sra-pub-src-2.s3.amazonaws.com/SRR36365965/422099-CD4i_R2L12_GEX-Z0157-CATGGATAGCTGCAGAT_S1_L001_R1_001_split2.fastq.gz.1	56465863728	34ae478a2781ecf2a7478fffffe5b05d	https://sra-pub-src-2.s3.amazonaws.com/SRR36365965/422099-CD4i_R2L12_GEX-Z0157-CATGGATAGCTGCAGAT_S1_L001_R2_001_split2.fastq.gz.1	96692022677	e79821a6f5719f7c246c7b7dc20f252e
CD4i_R2_L01-24	12	CD4i_R2L12	SRR36365965	SAMN53795503	SRX31394617	422099-CD4i_R2L12_GEX-Z0157-CATGGATAGCTGCAGAT_S1_L001_split3	https://sra-pub-src-2.s3.amazonaws.com/SRR36365965/422099-CD4i_R2L12_GEX-Z0157-CATGGATAGCTGCAGAT_S1_L001_R1_001_split3.fastq.gz.1	56465932670	48df69b3c3227e0596f640dae239a739	https://sra-pub-src-2.s3.amazonaws.com/SRR36365965/422099-CD4i_R2L12_GEX-Z0157-CATGGATAGCTGCAGAT_S1_L001_R2_001_split3.fastq.gz.1	96692755188	a7791856c907962d22a74915967ab3f1
CD4i_R2_L01-24	12	CD4i_R2L12	SRR36365965	SAMN53795503	SRX31394617	422099-CD4i_R2L12_GEX-Z0157-CATGGATAGCTGCAGAT_S1_L001_split4	https://sra-pub-src-2.s3.amazonaws.com/SRR36365965/422099-CD4i_R2L12_GEX-Z0157-CATGGATAGCTGCAGAT_S1_L001_R1_001_split4.fastq.gz.1	56465893514	e240b755001d86b08ed8f5af2b368c70	https://sra-pub-src-2.s3.amazonaws.com/SRR36365965/422099-CD4i_R2L12_GEX-Z0157-CATGGATAGCTGCAGAT_S1_L001_R2_001_split4.fastq.gz.1	96693410753	7a1e91c6f8889e243f95129970523df0
CD4i_R2_L01-24	12	CD4i_R2L12	SRR36365965	SAMN53795503	SRX31394617	422099-CD4i_R2L12_GEX-Z0157-CATGGATAGCTGCAGAT_S1_L001_split5	https://sra-pub-src-2.s3.amazonaws.com/SRR36365965/422099-CD4i_R2L12_GEX-Z0157-CATGGATAGCTGCAGAT_S1_L001_R1_001_split5.fastq.gz.1	56466192286	98841b304f4a2c7ed9754de61c36abec	https://sra-pub-src-2.s3.amazonaws.com/SRR36365965/422099-CD4i_R2L12_GEX-Z0157-CATGGATAGCTGCAGAT_S1_L001_R2_001_split5.fastq.gz.1	96693121835	99d63c91d12bf498e6704040a99f039b
CD4i_R2_L01-24	13	CD4i_R2L13	SRR36365967	SAMN53795505	SRX31394618	422564-CD4i_R2L13_GEX-Z0156-CAATAGCTATGAGAT_S1_L001_split1	https://sra-pub-src-2.s3.amazonaws.com/SRR36365967/422564-CD4i_R2L13_GEX-Z0156-CAATAGCTATGAGAT_S1_L001_R1_001_split1.fastq.gz.1	47250519549	fc5d0a1cb1bdfcef8e1c89cce2bc5aef	https://sra-pub-src-2.s3.amazonaws.com/SRR36365967/422564-CD4i_R2L13_GEX-Z0156-CAATAGCTATGAGAT_S1_L001_R2_001_split1.fastq.gz.1	84947353386	e2488771e8e3aa6a954c6b248c193afd
CD4i_R2_L01-24	13	CD4i_R2L13	SRR36365967	SAMN53795505	SRX31394618	422564-CD4i_R2L13_GEX-Z0156-CAATAGCTATGAGAT_S1_L001_split2	https://sra-pub-src-2.s3.amazonaws.com/SRR36365967/422564-CD4i_R2L13_GEX-Z0156-CAATAGCTATGAGAT_S1_L001_R1_001_split2.fastq.gz.1	47250294489	869cfecbcfcef60163ac6117a1aedcae	https://sra-pub-src-2.s3.amazonaws.com/SRR36365967/422564-CD4i_R2L13_GEX-Z0156-CAATAGCTATGAGAT_S1_L001_R2_001_split2.fastq.gz.1	84948048368	3774b02f125ac189c2d7cabe23ceac19
CD4i_R2_L01-24	13	CD4i_R2L13	SRR36365967	SAMN53795505	SRX31394618	422564-CD4i_R2L13_GEX-Z0156-CAATAGCTATGAGAT_S1_L001_split3	https://sra-pub-src-2.s3.amazonaws.com/SRR36365967/422564-CD4i_R2L13_GEX-Z0156-CAATAGCTATGAGAT_S1_L001_R1_001_split3.fastq.gz.1	47250709699	7854fedba603ffcf94f5bf210cd97396	https://sra-pub-src-2.s3.amazonaws.com/SRR36365967/422564-CD4i_R2L13_GEX-Z0156-CAATAGCTATGAGAT_S1_L001_R2_001_split3.fastq.gz.1	84948279174	e2463c0daeab4a32f22f409697b45f1d
CD4i_R2_L01-24	13	CD4i_R2L13	SRR36365967	SAMN53795505	SRX31394618	422564-CD4i_R2L13_GEX-Z0156-CAATAGCTATGAGAT_S1_L001_split4	https://sra-pub-src-2.s3.amazonaws.com/SRR36365967/422564-CD4i_R2L13_GEX-Z0156-CAATAGCTATGAGAT_S1_L001_R1_001_split4.fastq.gz.1	47250443518	8f6b2c9e5cd97c0df3d2c9b01d38cea8	https://sra-pub-src-2.s3.amazonaws.com/SRR36365967/422564-CD4i_R2L13_GEX-Z0156-CAATAGCTATGAGAT_S1_L001_R2_001_split4.fastq.gz.1	84948224317	63f9fe722d045a35379f22d15b2cb5f5
CD4i_R2_L01-24	13	CD4i_R2L13	SRR36365967	SAMN53795505	SRX31394618	422564-CD4i_R2L13_GEX-Z0156-CAATAGCTATGAGAT_S1_L001_split5	https://sra-pub-src-2.s3.amazonaws.com/SRR36365967/422564-CD4i_R2L13_GEX-Z0156-CAATAGCTATGAGAT_S1_L001_R1_001_split5.fastq.gz.1	47250463563	8c2db9e9e0cb70adedc5b3c44581a73c	https://sra-pub-src-2.s3.amazonaws.com/SRR36365967/422564-CD4i_R2L13_GEX-Z0156-CAATAGCTATGAGAT_S1_L001_R2_001_split5.fastq.gz.1	84947633450	e819213d803b12769183fe8b56b01ead
CD4i_R2_L01-24	14	CD4i_R2L14	SRR36365964	SAMN53795507	SRX31394619	422244-CD4i_R2L14_GEX-Z0155-CTTCATATCTGAGAT_S1_L001_split1	https://sra-pub-src-2.s3.amazonaws.com/SRR36365964/422244-CD4i_R2L14_GEX-Z0155-CTTCATATCTGAGAT_S1_L001_R1_001_split1.fastq.gz.1	52621514492	a8d5142512529023b309f9cab0d669ee	https://sra-pub-src-2.s3.amazonaws.com/SRR36365964/422244-CD4i_R2L14_GEX-Z0155-CTTCATATCTGAGAT_S1_L001_R2_001_split1.fastq.gz.1	93599033214	d91ca0e93af24697060a96773ffe9015
CD4i_R2_L01-24	14	CD4i_R2L14	SRR36365964	SAMN53795507	SRX31394619	422244-CD4i_R2L14_GEX-Z0155-CTTCATATCTGAGAT_S1_L001_split2	https://sra-pub-src-2.s3.amazonaws.com/SRR36365964/422244-CD4i_R2L14_GEX-Z0155-CTTCATATCTGAGAT_S1_L001_R1_001_split2.fastq.gz.1	52621610523	87e5186f8e35ab232649ab3b14fdad77	https://sra-pub-src-2.s3.amazonaws.com/SRR36365964/422244-CD4i_R2L14_GEX-Z0155-CTTCATATCTGAGAT_S1_L001_R2_001_split2.fastq.gz.1	93598845342	0d51e629384eb946655254638030aa8d
CD4i_R2_L01-24	14	CD4i_R2L14	SRR36365964	SAMN53795507	SRX31394619	422244-CD4i_R2L14_GEX-Z0155-CTTCATATCTGAGAT_S1_L001_split3	https://sra-pub-src-2.s3.amazonaws.com/SRR36365964/422244-CD4i_R2L14_GEX-Z0155-CTTCATATCTGAGAT_S1_L001_R1_001_split3.fastq.gz.1	52621354010	c28921b14d41faf597b169fc1718fd6f	https://sra-pub-src-2.s3.amazonaws.com/SRR36365964/422244-CD4i_R2L14_GEX-Z0155-CTTCATATCTGAGAT_S1_L001_R2_001_split3.fastq.gz.1	93598349756	4716906f5dd796f382a7d5c053df3b91
CD4i_R2_L01-24	14	CD4i_R2L14	SRR36365964	SAMN53795507	SRX31394619	422244-CD4i_R2L14_GEX-Z0155-CTTCATATCTGAGAT_S1_L001_split4	https://sra-pub-src-2.s3.amazonaws.com/SRR36365964/422244-CD4i_R2L14_GEX-Z0155-CTTCATATCTGAGAT_S1_L001_R1_001_split4.fastq.gz.1	52621580894	13218ca80f0c5270bcca51e3a2d675b1	https://sra-pub-src-2.s3.amazonaws.com/SRR36365964/422244-CD4i_R2L14_GEX-Z0155-CTTCATATCTGAGAT_S1_L001_R2_001_split4.fastq.gz.1	93598435037	4e4b4d6c49fd2c890bc3d8c4ea929e9d
CD4i_R2_L01-24	14	CD4i_R2L14	SRR36365964	SAMN53795507	SRX31394619	422244-CD4i_R2L14_GEX-Z0155-CTTCATATCTGAGAT_S1_L001_split5	https://sra-pub-src-2.s3.amazonaws.com/SRR36365964/422244-CD4i_R2L14_GEX-Z0155-CTTCATATCTGAGAT_S1_L001_R1_001_split5.fastq.gz.1	52621351757	ea66f0f422944b68b74c0e1919b2660f	https://sra-pub-src-2.s3.amazonaws.com/SRR36365964/422244-CD4i_R2L14_GEX-Z0155-CTTCATATCTGAGAT_S1_L001_R2_001_split5.fastq.gz.1	93598634394	e03027422202f3f193012aa6abd25ece
CD4i_R2_L01-24	15	CD4i_R2L15	SRR36367055	SAMN53797184	SRX31395683	422714-CD4i_R2L15_GEX-Z0154-CTCAGAAGCATCGAT_S1_L001_split1	https://sra-pub-src-2.s3.amazonaws.com/SRR36367055/422714-CD4i_R2L15_GEX-Z0154-CTCAGAAGCATCGAT_S1_L001_R1_001_split1.fastq.gz.1	56221501866	a5560166d3303aa823693e616531f3a3	https://sra-pub-src-2.s3.amazonaws.com/SRR36367055/422714-CD4i_R2L15_GEX-Z0154-CTCAGAAGCATCGAT_S1_L001_R2_001_split1.fastq.gz.1	96026520804	37ad6e8865aaeb67e192d662211c71e4
CD4i_R2_L01-24	15	CD4i_R2L15	SRR36367055	SAMN53797184	SRX31395683	422714-CD4i_R2L15_GEX-Z0154-CTCAGAAGCATCGAT_S1_L001_split2	https://sra-pub-src-2.s3.amazonaws.com/SRR36367055/422714-CD4i_R2L15_GEX-Z0154-CTCAGAAGCATCGAT_S1_L001_R1_001_split2.fastq.gz.1	56221339393	85afa8920368411d1a59546a41270bf9	https://sra-pub-src-2.s3.amazonaws.com/SRR36367055/422714-CD4i_R2L15_GEX-Z0154-CTCAGAAGCATCGAT_S1_L001_R2_001_split2.fastq.gz.1	96026092657	2493080a70a5ad85f2d5edcbcd8103d8
CD4i_R2_L01-24	15	CD4i_R2L15	SRR36367055	SAMN53797184	SRX31395683	422714-CD4i_R2L15_GEX-Z0154-CTCAGAAGCATCGAT_S1_L001_split3	https://sra-pub-src-2.s3.amazonaws.com/SRR36367055/422714-CD4i_R2L15_GEX-Z0154-CTCAGAAGCATCGAT_S1_L001_R1_001_split3.fastq.gz.1	56221439601	31a6d5deeca3d8b23e22d3cddcdb7c9a	https://sra-pub-src-2.s3.amazonaws.com/SRR36367055/422714-CD4i_R2L15_GEX-Z0154-CTCAGAAGCATCGAT_S1_L001_R2_001_split3.fastq.gz.1	96026022937	57cfbc1b73583236fce81df476dc7549
CD4i_R2_L01-24	15	CD4i_R2L15	SRR36367055	SAMN53797184	SRX31395683	422714-CD4i_R2L15_GEX-Z0154-CTCAGAAGCATCGAT_S1_L001_split4	https://sra-pub-src-2.s3.amazonaws.com/SRR36367055/422714-CD4i_R2L15_GEX-Z0154-CTCAGAAGCATCGAT_S1_L001_R1_001_split4.fastq.gz.1	56221398227	f08241beba227606049a136fd4816716	https://sra-pub-src-2.s3.amazonaws.com/SRR36367055/422714-CD4i_R2L15_GEX-Z0154-CTCAGAAGCATCGAT_S1_L001_R2_001_split4.fastq.gz.1	96026452438	badcac96bee8329aa2be30387fb4df6f
CD4i_R2_L01-24	15	CD4i_R2L15	SRR36367055	SAMN53797184	SRX31395683	422714-CD4i_R2L15_GEX-Z0154-CTCAGAAGCATCGAT_S1_L001_split5	https://sra-pub-src-2.s3.amazonaws.com/SRR36367055/422714-CD4i_R2L15_GEX-Z0154-CTCAGAAGCATCGAT_S1_L001_R1_001_split5.fastq.gz.1	56221220561	d4a67bdd85ce0f42a3b4ae74d01edd02	https://sra-pub-src-2.s3.amazonaws.com/SRR36367055/422714-CD4i_R2L15_GEX-Z0154-CTCAGAAGCATCGAT_S1_L001_R2_001_split5.fastq.gz.1	96026097874	76a1a218951a40a01957d7c72a2a2e62
CD4i_R2_L01-24	16	CD4i_R2L16	SRR36367056	SAMN53797185	SRX31395681	422283-CD4i_R2L16_GEX-Z0153-CTATTATGATATGAT_S1_L001_split1	https://sra-pub-src-2.s3.amazonaws.com/SRR36367056/422283-CD4i_R2L16_GEX-Z0153-CTATTATGATATGAT_S1_L001_R1_001_split1.fastq.gz.1	57104895440	623449487d810ef39bb8a03f9dc1bc43	https://sra-pub-src-2.s3.amazonaws.com/SRR36367056/422283-CD4i_R2L16_GEX-Z0153-CTATTATGATATGAT_S1_L001_R2_001_split1.fastq.gz.1	97933309095	026683a68329121ce8f3b6e1d6870a64
CD4i_R2_L01-24	16	CD4i_R2L16	SRR36367056	SAMN53797185	SRX31395681	422283-CD4i_R2L16_GEX-Z0153-CTATTATGATATGAT_S1_L001_split2	https://sra-pub-src-2.s3.amazonaws.com/SRR36367056/422283-CD4i_R2L16_GEX-Z0153-CTATTATGATATGAT_S1_L001_R1_001_split2.fastq.gz.1	57104611214	221da3cc003608de47a740b5853b8b25	https://sra-pub-src-2.s3.amazonaws.com/SRR36367056/422283-CD4i_R2L16_GEX-Z0153-CTATTATGATATGAT_S1_L001_R2_001_split2.fastq.gz.1	97932733481	21ce536400d750e45a6702ad11824a03
CD4i_R2_L01-24	16	CD4i_R2L16	SRR36367056	SAMN53797185	SRX31395681	422283-CD4i_R2L16_GEX-Z0153-CTATTATGATATGAT_S1_L001_split3	https://sra-pub-src-2.s3.amazonaws.com/SRR36367056/422283-CD4i_R2L16_GEX-Z0153-CTATTATGATATGAT_S1_L001_R1_001_split3.fastq.gz.1	57104579769	96378bb4574a9dbb1c77ae5ba76e62da	https://sra-pub-src-2.s3.amazonaws.com/SRR36367056/422283-CD4i_R2L16_GEX-Z0153-CTATTATGATATGAT_S1_L001_R2_001_split3.fastq.gz.1	97932620092	34fb52d8484508a68a2c2ec44c0f20d9
CD4i_R2_L01-24	16	CD4i_R2L16	SRR36367056	SAMN53797185	SRX31395681	422283-CD4i_R2L16_GEX-Z0153-CTATTATGATATGAT_S1_L001_split4	https://sra-pub-src-2.s3.amazonaws.com/SRR36367056/422283-CD4i_R2L16_GEX-Z0153-CTATTATGATATGAT_S1_L001_R1_001_split4.fastq.gz.1	57104728309	82883fba5cfdea09f8f80c31a8933ea3	https://sra-pub-src-2.s3.amazonaws.com/SRR36367056/422283-CD4i_R2L16_GEX-Z0153-CTATTATGATATGAT_S1_L001_R2_001_split4.fastq.gz.1	97933473934	5f41413e46a864814760d8f5b07dce7e
CD4i_R2_L01-24	16	CD4i_R2L16	SRR36367056	SAMN53797185	SRX31395681	422283-CD4i_R2L16_GEX-Z0153-CTATTATGATATGAT_S1_L001_split5	https://sra-pub-src-2.s3.amazonaws.com/SRR36367056/422283-CD4i_R2L16_GEX-Z0153-CTATTATGATATGAT_S1_L001_R1_001_split5.fastq.gz.1	57104582626	6d5322ab57bbb745cc65b5a6303b1301	https://sra-pub-src-2.s3.amazonaws.com/SRR36367056/422283-CD4i_R2L16_GEX-Z0153-CTATTATGATATGAT_S1_L001_R2_001_split5.fastq.gz.1	97932858439	79b82f29ab40d6ae2e3d3eaf25fc23fd
CD4i_R2_L01-24	17	CD4i_R2L17	SRR36367057	SAMN53797186	SRX31395682	422374-CD4i_R2L17_GEX-Z0168-CTTAGCTGTGATGAT_S1_L001_split1	https://sra-pub-src-2.s3.amazonaws.com/SRR36367057/422374-CD4i_R2L17_GEX-Z0168-CTTAGCTGTGATGAT_S1_L001_R1_001_split1.fastq.gz.1	46228518086	f63e75d3689152152738af5369d75c4f	https://sra-pub-src-2.s3.amazonaws.com/SRR36367057/422374-CD4i_R2L17_GEX-Z0168-CTTAGCTGTGATGAT_S1_L001_R2_001_split1.fastq.gz.1	78811188444	fd07dfd0f69cb34bca03d063da28b518
CD4i_R2_L01-24	17	CD4i_R2L17	SRR36367057	SAMN53797186	SRX31395682	422374-CD4i_R2L17_GEX-Z0168-CTTAGCTGTGATGAT_S1_L001_split2	https://sra-pub-src-2.s3.amazonaws.com/SRR36367057/422374-CD4i_R2L17_GEX-Z0168-CTTAGCTGTGATGAT_S1_L001_R1_001_split2.fastq.gz.1	46228322779	43b90913ee91a316a957ef918ffac18e	https://sra-pub-src-2.s3.amazonaws.com/SRR36367057/422374-CD4i_R2L17_GEX-Z0168-CTTAGCTGTGATGAT_S1_L001_R2_001_split2.fastq.gz.1	78810215052	5ea2f0f30ccf4d5f4130ac8ff7d67e73
CD4i_R2_L01-24	17	CD4i_R2L17	SRR36367057	SAMN53797186	SRX31395682	422374-CD4i_R2L17_GEX-Z0168-CTTAGCTGTGATGAT_S1_L001_split3	https://sra-pub-src-2.s3.amazonaws.com/SRR36367057/422374-CD4i_R2L17_GEX-Z0168-CTTAGCTGTGATGAT_S1_L001_R1_001_split3.fastq.gz.1	46228104115	50a481c815cb54250e61ca7d1f5e4d5b	https://sra-pub-src-2.s3.amazonaws.com/SRR36367057/422374-CD4i_R2L17_GEX-Z0168-CTTAGCTGTGATGAT_S1_L001_R2_001_split3.fastq.gz.1	78810891279	23cf729df24ab4cd45c3240a7e1ab162
CD4i_R2_L01-24	17	CD4i_R2L17	SRR36367057	SAMN53797186	SRX31395682	422374-CD4i_R2L17_GEX-Z0168-CTTAGCTGTGATGAT_S1_L001_split4	https://sra-pub-src-2.s3.amazonaws.com/SRR36367057/422374-CD4i_R2L17_GEX-Z0168-CTTAGCTGTGATGAT_S1_L001_R1_001_split4.fastq.gz.1	46228535880	f68a27749571952208bfaa075adb1844	https://sra-pub-src-2.s3.amazonaws.com/SRR36367057/422374-CD4i_R2L17_GEX-Z0168-CTTAGCTGTGATGAT_S1_L001_R2_001_split4.fastq.gz.1	78811027670	62855bbaea17da4d78d7962861e13935
CD4i_R2_L01-24	17	CD4i_R2L17	SRR36367057	SAMN53797186	SRX31395682	422374-CD4i_R2L17_GEX-Z0168-CTTAGCTGTGATGAT_S1_L001_split5	https://sra-pub-src-2.s3.amazonaws.com/SRR36367057/422374-CD4i_R2L17_GEX-Z0168-CTTAGCTGTGATGAT_S1_L001_R1_001_split5.fastq.gz.1	46228484128	129c4e025d2dc2353dd489a4bfa17826	https://sra-pub-src-2.s3.amazonaws.com/SRR36367057/422374-CD4i_R2L17_GEX-Z0168-CTTAGCTGTGATGAT_S1_L001_R2_001_split5.fastq.gz.1	78811266584	0b1e410b10e9b878430f81fd133d2420
CD4i_R2_L01-24	18	CD4i_R2L18	SRR36367058	SAMN53797187	SRX31395684	422189-CD4i_R2L18_GEX-Z0167-CGCATCTGGCGCGAT_S1_L001_split1	https://sra-pub-src-2.s3.amazonaws.com/SRR36367058/422189-CD4i_R2L18_GEX-Z0167-CGCATCTGGCGCGAT_S1_L001_R1_001_split1.fastq.gz.1	53413589462	1d5e8802f188a54d191b9f81a80b8766	https://sra-pub-src-2.s3.amazonaws.com/SRR36367058/422189-CD4i_R2L18_GEX-Z0167-CGCATCTGGCGCGAT_S1_L001_R2_001_split1.fastq.gz.1	89913795240	66104476a720780e7a562de3cb55faba
CD4i_R2_L01-24	18	CD4i_R2L18	SRR36367058	SAMN53797187	SRX31395684	422189-CD4i_R2L18_GEX-Z0167-CGCATCTGGCGCGAT_S1_L001_split2	https://sra-pub-src-2.s3.amazonaws.com/SRR36367058/422189-CD4i_R2L18_GEX-Z0167-CGCATCTGGCGCGAT_S1_L001_R1_001_split2.fastq.gz.1	53413600574	c063d0cf5524df55ac1041116122fd3c	https://sra-pub-src-2.s3.amazonaws.com/SRR36367058/422189-CD4i_R2L18_GEX-Z0167-CGCATCTGGCGCGAT_S1_L001_R2_001_split2.fastq.gz.1	89913665165	745b1ec49bfd3fb7298ca6564458211e
CD4i_R2_L01-24	18	CD4i_R2L18	SRR36367058	SAMN53797187	SRX31395684	422189-CD4i_R2L18_GEX-Z0167-CGCATCTGGCGCGAT_S1_L001_split3	https://sra-pub-src-2.s3.amazonaws.com/SRR36367058/422189-CD4i_R2L18_GEX-Z0167-CGCATCTGGCGCGAT_S1_L001_R1_001_split3.fastq.gz.1	53413374962	2f698fbe146c0dc65335758abb1f1412	https://sra-pub-src-2.s3.amazonaws.com/SRR36367058/422189-CD4i_R2L18_GEX-Z0167-CGCATCTGGCGCGAT_S1_L001_R2_001_split3.fastq.gz.1	89913803120	39ea42371d4c01b8f50de62910b51e6b
CD4i_R2_L01-24	18	CD4i_R2L18	SRR36367058	SAMN53797187	SRX31395684	422189-CD4i_R2L18_GEX-Z0167-CGCATCTGGCGCGAT_S1_L001_split4	https://sra-pub-src-2.s3.amazonaws.com/SRR36367058/422189-CD4i_R2L18_GEX-Z0167-CGCATCTGGCGCGAT_S1_L001_R1_001_split4.fastq.gz.1	53413457615	8d8bb772db6ccfe8b132a479b3d21261	https://sra-pub-src-2.s3.amazonaws.com/SRR36367058/422189-CD4i_R2L18_GEX-Z0167-CGCATCTGGCGCGAT_S1_L001_R2_001_split4.fastq.gz.1	89914178347	0df776cf02d219195d4be1ceff9554d8
CD4i_R2_L01-24	18	CD4i_R2L18	SRR36367058	SAMN53797187	SRX31395684	422189-CD4i_R2L18_GEX-Z0167-CGCATCTGGCGCGAT_S1_L001_split5	https://sra-pub-src-2.s3.amazonaws.com/SRR36367058/422189-CD4i_R2L18_GEX-Z0167-CGCATCTGGCGCGAT_S1_L001_R1_001_split5.fastq.gz.1	53413880004	f4598d22fdd9127be7850fbb54e20c22	https://sra-pub-src-2.s3.amazonaws.com/SRR36367058/422189-CD4i_R2L18_GEX-Z0167-CGCATCTGGCGCGAT_S1_L001_R2_001_split5.fastq.gz.1	89913856690	3b0feca05264381e8256629720b5f259
CD4i_R2_L01-24	19	CD4i_R2L19	SRR36367054	SAMN53797188	SRX31395685	422337-CD4i_R2L19_GEX-Z0166-CATGACCGCTGTGAT_S1_L001_split1	https://sra-pub-src-2.s3.amazonaws.com/SRR36367054/422337-CD4i_R2L19_GEX-Z0166-CATGACCGCTGTGAT_S1_L001_R1_001_split1.fastq.gz.1	48617324815	e8a5a2ed682abc52dfc99b5e24d93362	https://sra-pub-src-2.s3.amazonaws.com/SRR36367054/422337-CD4i_R2L19_GEX-Z0166-CATGACCGCTGTGAT_S1_L001_R2_001_split1.fastq.gz.1	84454555078	2c8e1cc74d90699d7083ef3671bc6f98
CD4i_R2_L01-24	19	CD4i_R2L19	SRR36367054	SAMN53797188	SRX31395685	422337-CD4i_R2L19_GEX-Z0166-CATGACCGCTGTGAT_S1_L001_split2	https://sra-pub-src-2.s3.amazonaws.com/SRR36367054/422337-CD4i_R2L19_GEX-Z0166-CATGACCGCTGTGAT_S1_L001_R1_001_split2.fastq.gz.1	48617456241	f5dd62891efb2070b9f66bb3c2d1d7eb	https://sra-pub-src-2.s3.amazonaws.com/SRR36367054/422337-CD4i_R2L19_GEX-Z0166-CATGACCGCTGTGAT_S1_L001_R2_001_split2.fastq.gz.1	84454577252	cde567a07c0dc525f0dd6b9b07bbe52b
CD4i_R2_L01-24	19	CD4i_R2L19	SRR36367054	SAMN53797188	SRX31395685	422337-CD4i_R2L19_GEX-Z0166-CATGACCGCTGTGAT_S1_L001_split3	https://sra-pub-src-2.s3.amazonaws.com/SRR36367054/422337-CD4i_R2L19_GEX-Z0166-CATGACCGCTGTGAT_S1_L001_R1_001_split3.fastq.gz.1	48617281028	7e404f1d09cd8bb368a53dac0bb7ce43	https://sra-pub-src-2.s3.amazonaws.com/SRR36367054/422337-CD4i_R2L19_GEX-Z0166-CATGACCGCTGTGAT_S1_L001_R2_001_split3.fastq.gz.1	84454489975	6f64903799e6bd75356bf619f1e1d9a4
CD4i_R2_L01-24	19	CD4i_R2L19	SRR36367054	SAMN53797188	SRX31395685	422337-CD4i_R2L19_GEX-Z0166-CATGACCGCTGTGAT_S1_L001_split4	https://sra-pub-src-2.s3.amazonaws.com/SRR36367054/422337-CD4i_R2L19_GEX-Z0166-CATGACCGCTGTGAT_S1_L001_R1_001_split4.fastq.gz.1	48617554106	eafc0bd3e341ef1dc272534a97d1661d	https://sra-pub-src-2.s3.amazonaws.com/SRR36367054/422337-CD4i_R2L19_GEX-Z0166-CATGACCGCTGTGAT_S1_L001_R2_001_split4.fastq.gz.1	84454223911	a685397594d698cbc48ec0cf3c7f7d45
CD4i_R2_L01-24	19	CD4i_R2L19	SRR36367054	SAMN53797188	SRX31395685	422337-CD4i_R2L19_GEX-Z0166-CATGACCGCTGTGAT_S1_L001_split5	https://sra-pub-src-2.s3.amazonaws.com/SRR36367054/422337-CD4i_R2L19_GEX-Z0166-CATGACCGCTGTGAT_S1_L001_R1_001_split5.fastq.gz.1	48617258960	450bd86a23d1e4ffe89a5e673ef58222	https://sra-pub-src-2.s3.amazonaws.com/SRR36367054/422337-CD4i_R2L19_GEX-Z0166-CATGACCGCTGTGAT_S1_L001_R2_001_split5.fastq.gz.1	84454871181	7955e64a4344d8b12d80242734f85700
CD4i_R2_L01-24	19	CD4i_R2L19	SRR36367054	SAMN53797188	SRX31395685	422337-CD4i_R2L19_GEX-Z0166-CATGACCGCTGTGAT_S1_L001_split6	https://sra-pub-src-2.s3.amazonaws.com/SRR36367054/422337-CD4i_R2L19_GEX-Z0166-CATGACCGCTGTGAT_S1_L001_R1_001_split6.fastq.gz.1	48617220940	936a3c53f5462fc8b833885fa5eeb90d	https://sra-pub-src-2.s3.amazonaws.com/SRR36367054/422337-CD4i_R2L19_GEX-Z0166-CATGACCGCTGTGAT_S1_L001_R2_001_split6.fastq.gz.1	84454330895	fa399b9d4cc3ce3603736ecb126291d1
CD4i_R2_L01-24	20	CD4i_R2L20	SRR36367053	SAMN53797189	SRX31395686	422198-CD4i_R2L20_GEX-Z0165-CAAGAGATGCATCTGAT_S1_L001_split1	https://sra-pub-src-2.s3.amazonaws.com/SRR36367053/422198-CD4i_R2L20_GEX-Z0165-CAAGAGATGCATCTGAT_S1_L001_R1_001_split1.fastq.gz.1	49442049469	87b20b7c5429f2438bfd05360484151b	https://sra-pub-src-2.s3.amazonaws.com/SRR36367053/422198-CD4i_R2L20_GEX-Z0165-CAAGAGATGCATCTGAT_S1_L001_R2_001_split1.fastq.gz.1	84153479581	0ce3744c1787b64e0070f5db6c517abf
CD4i_R2_L01-24	20	CD4i_R2L20	SRR36367053	SAMN53797189	SRX31395686	422198-CD4i_R2L20_GEX-Z0165-CAAGAGATGCATCTGAT_S1_L001_split2	https://sra-pub-src-2.s3.amazonaws.com/SRR36367053/422198-CD4i_R2L20_GEX-Z0165-CAAGAGATGCATCTGAT_S1_L001_R1_001_split2.fastq.gz.1	49442007228	1818acde07c06b1ff361eaff4c709851	https://sra-pub-src-2.s3.amazonaws.com/SRR36367053/422198-CD4i_R2L20_GEX-Z0165-CAAGAGATGCATCTGAT_S1_L001_R2_001_split2.fastq.gz.1	84152160668	39a7ffd75558b4ec97a9da19e018a9e1
CD4i_R2_L01-24	20	CD4i_R2L20	SRR36367053	SAMN53797189	SRX31395686	422198-CD4i_R2L20_GEX-Z0165-CAAGAGATGCATCTGAT_S1_L001_split3	https://sra-pub-src-2.s3.amazonaws.com/SRR36367053/422198-CD4i_R2L20_GEX-Z0165-CAAGAGATGCATCTGAT_S1_L001_R1_001_split3.fastq.gz.1	49442090910	0d8388b3511dd144f046f5e369d63ed3	https://sra-pub-src-2.s3.amazonaws.com/SRR36367053/422198-CD4i_R2L20_GEX-Z0165-CAAGAGATGCATCTGAT_S1_L001_R2_001_split3.fastq.gz.1	84153177136	0bd392fde06e63cb964a113012f93a83
CD4i_R2_L01-24	20	CD4i_R2L20	SRR36367053	SAMN53797189	SRX31395686	422198-CD4i_R2L20_GEX-Z0165-CAAGAGATGCATCTGAT_S1_L001_split4	https://sra-pub-src-2.s3.amazonaws.com/SRR36367053/422198-CD4i_R2L20_GEX-Z0165-CAAGAGATGCATCTGAT_S1_L001_R1_001_split4.fastq.gz.1	49442096934	fca34fe0fd49c5ce496c62073b0f3eb1	https://sra-pub-src-2.s3.amazonaws.com/SRR36367053/422198-CD4i_R2L20_GEX-Z0165-CAAGAGATGCATCTGAT_S1_L001_R2_001_split4.fastq.gz.1	84153070342	ab23517889ea831032c6928f15f11a2f
CD4i_R2_L01-24	20	CD4i_R2L20	SRR36367053	SAMN53797189	SRX31395686	422198-CD4i_R2L20_GEX-Z0165-CAAGAGATGCATCTGAT_S1_L001_split5	https://sra-pub-src-2.s3.amazonaws.com/SRR36367053/422198-CD4i_R2L20_GEX-Z0165-CAAGAGATGCATCTGAT_S1_L001_R1_001_split5.fastq.gz.1	49441927505	1e6b8f9d65c774df4bbf2636f888d381	https://sra-pub-src-2.s3.amazonaws.com/SRR36367053/422198-CD4i_R2L20_GEX-Z0165-CAAGAGATGCATCTGAT_S1_L001_R2_001_split5.fastq.gz.1	84153565054	cfc54146c8773662094aec2d60d9c0fd
CD4i_R2_L01-24	20	CD4i_R2L20	SRR36367053	SAMN53797189	SRX31395686	422198-CD4i_R2L20_GEX-Z0165-CAAGAGATGCATCTGAT_S1_L001_split6	https://sra-pub-src-2.s3.amazonaws.com/SRR36367053/422198-CD4i_R2L20_GEX-Z0165-CAAGAGATGCATCTGAT_S1_L001_R1_001_split6.fastq.gz.1	49442027394	d6ea656864bdd6165dc4c7a8c30aaca9	https://sra-pub-src-2.s3.amazonaws.com/SRR36367053/422198-CD4i_R2L20_GEX-Z0165-CAAGAGATGCATCTGAT_S1_L001_R2_001_split6.fastq.gz.1	84152838850	4982f69d7e66adfc7598fc52664e0b7c
CD4i_R2_L01-24	21	CD4i_R2L21	SRR36458265	SAMN54117552	SRX31482282	422186-CD4i_R2L21_GEX-Z0164-CATGGCTCACATATGAT_S1_L001_split1	https://sra-pub-src-2.s3.amazonaws.com/SRR36458265/422186-CD4i_R2L21_GEX-Z0164-CATGGCTCACATATGAT_S1_L001_R1_001_split1.fastq.gz.1	45694796886	3b0be6c324c4683a79a1ef3575b6fc55	https://sra-pub-src-2.s3.amazonaws.com/SRR36458265/422186-CD4i_R2L21_GEX-Z0164-CATGGCTCACATATGAT_S1_L001_R2_001_split1.fastq.gz.1	78884215903	91882fd2e6dbc03256045cda92a226f4
CD4i_R2_L01-24	21	CD4i_R2L21	SRR36458265	SAMN54117552	SRX31482282	422186-CD4i_R2L21_GEX-Z0164-CATGGCTCACATATGAT_S1_L001_split2	https://sra-pub-src-2.s3.amazonaws.com/SRR36458265/422186-CD4i_R2L21_GEX-Z0164-CATGGCTCACATATGAT_S1_L001_R1_001_split2.fastq.gz.1	45694834939	b634d0a845cc1b144b05120a88146612	https://sra-pub-src-2.s3.amazonaws.com/SRR36458265/422186-CD4i_R2L21_GEX-Z0164-CATGGCTCACATATGAT_S1_L001_R2_001_split2.fastq.gz.1	78884131345	57e065e45ed39bee062152da833f09cc
CD4i_R2_L01-24	21	CD4i_R2L21	SRR36458265	SAMN54117552	SRX31482282	422186-CD4i_R2L21_GEX-Z0164-CATGGCTCACATATGAT_S1_L001_split3	https://sra-pub-src-2.s3.amazonaws.com/SRR36458265/422186-CD4i_R2L21_GEX-Z0164-CATGGCTCACATATGAT_S1_L001_R1_001_split3.fastq.gz.1	45694728444	e61585788557c49dd1da9969a20ff3b4	https://sra-pub-src-2.s3.amazonaws.com/SRR36458265/422186-CD4i_R2L21_GEX-Z0164-CATGGCTCACATATGAT_S1_L001_R2_001_split3.fastq.gz.1	78884556944	b1d8aadf5647694d1a051a8b25446e65
CD4i_R2_L01-24	21	CD4i_R2L21	SRR36458265	SAMN54117552	SRX31482282	422186-CD4i_R2L21_GEX-Z0164-CATGGCTCACATATGAT_S1_L001_split4	https://sra-pub-src-2.s3.amazonaws.com/SRR36458265/422186-CD4i_R2L21_GEX-Z0164-CATGGCTCACATATGAT_S1_L001_R1_001_split4.fastq.gz.1	45694765671	f314d68f163defb85b7449d700cdeba1	https://sra-pub-src-2.s3.amazonaws.com/SRR36458265/422186-CD4i_R2L21_GEX-Z0164-CATGGCTCACATATGAT_S1_L001_R2_001_split4.fastq.gz.1	78884368885	7d3936965e378bd93ed608046e54474b
CD4i_R2_L01-24	21	CD4i_R2L21	SRR36458265	SAMN54117552	SRX31482282	422186-CD4i_R2L21_GEX-Z0164-CATGGCTCACATATGAT_S1_L001_split5	https://sra-pub-src-2.s3.amazonaws.com/SRR36458265/422186-CD4i_R2L21_GEX-Z0164-CATGGCTCACATATGAT_S1_L001_R1_001_split5.fastq.gz.1	45694531696	5ae7c1bd01865b5910f85a4b810207c3	https://sra-pub-src-2.s3.amazonaws.com/SRR36458265/422186-CD4i_R2L21_GEX-Z0164-CATGGCTCACATATGAT_S1_L001_R2_001_split5.fastq.gz.1	78884429395	2c628789052910f26118d387a0ed24bc
CD4i_R2_L01-24	22	CD4i_R2L22	SRR36458263	SAMN54117553	SRX31482283	421970-CD4i_R2L22_GEX-Z0163-CAGATGACATTAGAT_S1_L001_split1	https://sra-pub-src-2.s3.amazonaws.com/SRR36458263/421970-CD4i_R2L22_GEX-Z0163-CAGATGACATTAGAT_S1_L001_R1_001_split1.fastq.gz.1	49410048055	009eaf633e5fd93c42727732c84cbc70	https://sra-pub-src-2.s3.amazonaws.com/SRR36458263/421970-CD4i_R2L22_GEX-Z0163-CAGATGACATTAGAT_S1_L001_R2_001_split1.fastq.gz.1	84616285956	d733a25b25c8732ba2f1c07f635f4d49
CD4i_R2_L01-24	22	CD4i_R2L22	SRR36458263	SAMN54117553	SRX31482283	421970-CD4i_R2L22_GEX-Z0163-CAGATGACATTAGAT_S1_L001_split2	https://sra-pub-src-2.s3.amazonaws.com/SRR36458263/421970-CD4i_R2L22_GEX-Z0163-CAGATGACATTAGAT_S1_L001_R1_001_split2.fastq.gz.1	82119664302	e7f1f6ef9d2a1cf088472bf89b063c1d	https://sra-pub-src-2.s3.amazonaws.com/SRR36458263/421970-CD4i_R2L22_GEX-Z0163-CAGATGACATTAGAT_S1_L001_R2_001_split2.fastq.gz.1	84615771254	108d525c0195e2e9fe662d2df3962502
CD4i_R2_L01-24	22	CD4i_R2L22	SRR36458263	SAMN54117553	SRX31482283	421970-CD4i_R2L22_GEX-Z0163-CAGATGACATTAGAT_S1_L001_split3	https://sra-pub-src-2.s3.amazonaws.com/SRR36458263/421970-CD4i_R2L22_GEX-Z0163-CAGATGACATTAGAT_S1_L001_R1_001_split3.fastq.gz.1	49410115852	36a005eb625d5a1936b2cbc8614334a1	https://sra-pub-src-2.s3.amazonaws.com/SRR36458263/421970-CD4i_R2L22_GEX-Z0163-CAGATGACATTAGAT_S1_L001_R2_001_split3.fastq.gz.1	84615527698	c97ba4da92c9aec7d22ceb0f7f5204f4
CD4i_R2_L01-24	22	CD4i_R2L22	SRR36458263	SAMN54117553	SRX31482283	421970-CD4i_R2L22_GEX-Z0163-CAGATGACATTAGAT_S1_L001_split4	https://sra-pub-src-2.s3.amazonaws.com/SRR36458263/421970-CD4i_R2L22_GEX-Z0163-CAGATGACATTAGAT_S1_L001_R1_001_split4.fastq.gz.1	49409896718	3c27ab0abb909278ef67d730039cb1db	https://sra-pub-src-2.s3.amazonaws.com/SRR36458263/421970-CD4i_R2L22_GEX-Z0163-CAGATGACATTAGAT_S1_L001_R2_001_split4.fastq.gz.1	84615797993	43f82ef88082f7b7d8bc5a359c7989d5
CD4i_R2_L01-24	22	CD4i_R2L22	SRR36458263	SAMN54117553	SRX31482283	421970-CD4i_R2L22_GEX-Z0163-CAGATGACATTAGAT_S1_L001_split5	https://sra-pub-src-2.s3.amazonaws.com/SRR36458263/421970-CD4i_R2L22_GEX-Z0163-CAGATGACATTAGAT_S1_L001_R1_001_split5.fastq.gz.1	49409885633	4a15093cf082f2a8e350e268c4d7a497	https://sra-pub-src-2.s3.amazonaws.com/SRR36458263/421970-CD4i_R2L22_GEX-Z0163-CAGATGACATTAGAT_S1_L001_R2_001_split5.fastq.gz.1	84615705632	19c44e893ec696f4444f68d5ac6dbe77
CD4i_R2_L01-24	23	CD4i_R2L23	SRR36458264	SAMN54117554	SRX31482284	422011-CD4i_R2L23_GEX-Z0162-CACAAGATGACAGAT_S1_L001_split1	https://sra-pub-src-2.s3.amazonaws.com/SRR36458264/422011-CD4i_R2L23_GEX-Z0162-CACAAGATGACAGAT_S1_L001_R1_001_split1.fastq.gz.1	48686759982	3e05268b0fdb27f053f16f79d454cbaf	https://sra-pub-src-2.s3.amazonaws.com/SRR36458264/422011-CD4i_R2L23_GEX-Z0162-CACAAGATGACAGAT_S1_L001_R2_001_split1.fastq.gz.1	83012438046	1d109c9b1fb83e68896e237aa43d260f
CD4i_R2_L01-24	23	CD4i_R2L23	SRR36458264	SAMN54117554	SRX31482284	422011-CD4i_R2L23_GEX-Z0162-CACAAGATGACAGAT_S1_L001_split2	https://sra-pub-src-2.s3.amazonaws.com/SRR36458264/422011-CD4i_R2L23_GEX-Z0162-CACAAGATGACAGAT_S1_L001_R1_001_split2.fastq.gz.1	48686969299	7bdb8eb3ee14a6a89e6975d6bbeed036	https://sra-pub-src-2.s3.amazonaws.com/SRR36458264/422011-CD4i_R2L23_GEX-Z0162-CACAAGATGACAGAT_S1_L001_R2_001_split2.fastq.gz.1	83012446870	8a59c296326bff335c5012cddb3a533b
CD4i_R2_L01-24	23	CD4i_R2L23	SRR36458264	SAMN54117554	SRX31482284	422011-CD4i_R2L23_GEX-Z0162-CACAAGATGACAGAT_S1_L001_split3	https://sra-pub-src-2.s3.amazonaws.com/SRR36458264/422011-CD4i_R2L23_GEX-Z0162-CACAAGATGACAGAT_S1_L001_R1_001_split3.fastq.gz.1	48686907718	ee3edf145f9338ab13551e15a3e7d01a	https://sra-pub-src-2.s3.amazonaws.com/SRR36458264/422011-CD4i_R2L23_GEX-Z0162-CACAAGATGACAGAT_S1_L001_R2_001_split3.fastq.gz.1	83012404100	5de2aea44e0616ca1a6060698b87ded0
CD4i_R2_L01-24	23	CD4i_R2L23	SRR36458264	SAMN54117554	SRX31482284	422011-CD4i_R2L23_GEX-Z0162-CACAAGATGACAGAT_S1_L001_split4	https://sra-pub-src-2.s3.amazonaws.com/SRR36458264/422011-CD4i_R2L23_GEX-Z0162-CACAAGATGACAGAT_S1_L001_R1_001_split4.fastq.gz.1	48686674852	01870c87ad865c9517acddc1f15e84c3	https://sra-pub-src-2.s3.amazonaws.com/SRR36458264/422011-CD4i_R2L23_GEX-Z0162-CACAAGATGACAGAT_S1_L001_R2_001_split4.fastq.gz.1	83012181675	69daa03364fe68bb711fcd19c40275e0
CD4i_R2_L01-24	23	CD4i_R2L23	SRR36458264	SAMN54117554	SRX31482284	422011-CD4i_R2L23_GEX-Z0162-CACAAGATGACAGAT_S1_L001_split5	https://sra-pub-src-2.s3.amazonaws.com/SRR36458264/422011-CD4i_R2L23_GEX-Z0162-CACAAGATGACAGAT_S1_L001_R1_001_split5.fastq.gz.1	48686919931	d18bc464c3c66f9c3060f6a565bb03a5	https://sra-pub-src-2.s3.amazonaws.com/SRR36458264/422011-CD4i_R2L23_GEX-Z0162-CACAAGATGACAGAT_S1_L001_R2_001_split5.fastq.gz.1	83011894518	5ca07afbe259f72e0e5c0a263cbb779e
CD4i_R2_L01-24	24	CD4i_R2L24	SRR36458262	SAMN54117555	SRX31482285	422254-CD4i_R2L24_GEX-Z0161-CAACTGCGCTCTGAT_S1_L001_split1	https://sra-pub-src-2.s3.amazonaws.com/SRR36458262/422254-CD4i_R2L24_GEX-Z0161-CAACTGCGCTCTGAT_S1_L001_R1_001_split1.fastq.gz.1	54522090880	f27b35fcb0278a0e9e648857aaf924a3	https://sra-pub-src-2.s3.amazonaws.com/SRR36458262/422254-CD4i_R2L24_GEX-Z0161-CAACTGCGCTCTGAT_S1_L001_R2_001_split1.fastq.gz.1	93356172693	b12e981cb5a4a7c376a0b48edc4d05db
CD4i_R2_L01-24	24	CD4i_R2L24	SRR36458262	SAMN54117555	SRX31482285	422254-CD4i_R2L24_GEX-Z0161-CAACTGCGCTCTGAT_S1_L001_split2	https://sra-pub-src-2.s3.amazonaws.com/SRR36458262/422254-CD4i_R2L24_GEX-Z0161-CAACTGCGCTCTGAT_S1_L001_R1_001_split2.fastq.gz.1	54522061801	65cb1a3ddcb73b6c09b68bd5a255c87e	https://sra-pub-src-2.s3.amazonaws.com/SRR36458262/422254-CD4i_R2L24_GEX-Z0161-CAACTGCGCTCTGAT_S1_L001_R2_001_split2.fastq.gz.1	93355754308	fd1e63a8f5bdceba6024f530315488ed
CD4i_R2_L01-24	24	CD4i_R2L24	SRR36458262	SAMN54117555	SRX31482285	422254-CD4i_R2L24_GEX-Z0161-CAACTGCGCTCTGAT_S1_L001_split3	https://sra-pub-src-2.s3.amazonaws.com/SRR36458262/422254-CD4i_R2L24_GEX-Z0161-CAACTGCGCTCTGAT_S1_L001_R1_001_split3.fastq.gz.1	54521835146	3a2113493ba10f38df1961c6f898a564	https://sra-pub-src-2.s3.amazonaws.com/SRR36458262/422254-CD4i_R2L24_GEX-Z0161-CAACTGCGCTCTGAT_S1_L001_R2_001_split3.fastq.gz.1	93355313247	2f6e69d8454fde46cf1e1cabccb03c93
CD4i_R2_L01-24	24	CD4i_R2L24	SRR36458262	SAMN54117555	SRX31482285	422254-CD4i_R2L24_GEX-Z0161-CAACTGCGCTCTGAT_S1_L001_split4	https://sra-pub-src-2.s3.amazonaws.com/SRR36458262/422254-CD4i_R2L24_GEX-Z0161-CAACTGCGCTCTGAT_S1_L001_R1_001_split4.fastq.gz.1	54521726228	1ac672d625ce03ce2de283f72acd4be5	https://sra-pub-src-2.s3.amazonaws.com/SRR36458262/422254-CD4i_R2L24_GEX-Z0161-CAACTGCGCTCTGAT_S1_L001_R2_001_split4.fastq.gz.1	93355409994	06140740d552cac57e3b525573bd6e2c
CD4i_R2_L01-24	24	CD4i_R2L24	SRR36458262	SAMN54117555	SRX31482285	422254-CD4i_R2L24_GEX-Z0161-CAACTGCGCTCTGAT_S1_L001_split5	https://sra-pub-src-2.s3.amazonaws.com/SRR36458262/422254-CD4i_R2L24_GEX-Z0161-CAACTGCGCTCTGAT_S1_L001_R1_001_split5.fastq.gz.1	54521592535	0096ba6c9b1d7553400e981f8f511c5f	https://sra-pub-src-2.s3.amazonaws.com/SRR36458262/422254-CD4i_R2L24_GEX-Z0161-CAACTGCGCTCTGAT_S1_L001_R2_001_split5.fastq.gz.1	93354782095	e7782fadd62dc47978248f43014050b4
CD4i_R2_L25-48	25	CD4i_R2L25	SRR36458261	SAMN54117556	SRX31482286	422274-CD4i_R2L25_GEX-Z0176-CTCAACATATCTGAT_S1_L001_split1	https://sra-pub-src-2.s3.amazonaws.com/SRR36458261/422274-CD4i_R2L25_GEX-Z0176-CTCAACATATCTGAT_S1_L001_R1_001_split1.fastq.gz.1	47012253513	b8f4574b5474c7108f22f02dd70cc419	https://sra-pub-src-2.s3.amazonaws.com/SRR36458261/422274-CD4i_R2L25_GEX-Z0176-CTCAACATATCTGAT_S1_L001_R2_001_split1.fastq.gz.1	81118845953	a815dd325426f26a474fa6a0f6408951
CD4i_R2_L25-48	25	CD4i_R2L25	SRR36458261	SAMN54117556	SRX31482286	422274-CD4i_R2L25_GEX-Z0176-CTCAACATATCTGAT_S1_L001_split2	https://sra-pub-src-2.s3.amazonaws.com/SRR36458261/422274-CD4i_R2L25_GEX-Z0176-CTCAACATATCTGAT_S1_L001_R1_001_split2.fastq.gz.1	47012062704	322aa0526f928bb84d2e6ed899d68572	https://sra-pub-src-2.s3.amazonaws.com/SRR36458261/422274-CD4i_R2L25_GEX-Z0176-CTCAACATATCTGAT_S1_L001_R2_001_split2.fastq.gz.1	81118463758	14e2aef245bfd650ba44678f19dd15e9
CD4i_R2_L25-48	25	CD4i_R2L25	SRR36458261	SAMN54117556	SRX31482286	422274-CD4i_R2L25_GEX-Z0176-CTCAACATATCTGAT_S1_L001_split3	https://sra-pub-src-2.s3.amazonaws.com/SRR36458261/422274-CD4i_R2L25_GEX-Z0176-CTCAACATATCTGAT_S1_L001_R1_001_split3.fastq.gz.1	47011967188	fa1096d6ac68022952eae5af7a696d43	https://sra-pub-src-2.s3.amazonaws.com/SRR36458261/422274-CD4i_R2L25_GEX-Z0176-CTCAACATATCTGAT_S1_L001_R2_001_split3.fastq.gz.1	81118958802	4506a308c450eb1e1874c089ad9d47dc
CD4i_R2_L25-48	25	CD4i_R2L25	SRR36458261	SAMN54117556	SRX31482286	422274-CD4i_R2L25_GEX-Z0176-CTCAACATATCTGAT_S1_L001_split4	https://sra-pub-src-2.s3.amazonaws.com/SRR36458261/422274-CD4i_R2L25_GEX-Z0176-CTCAACATATCTGAT_S1_L001_R1_001_split4.fastq.gz.1	47011985709	d3abb1f4b5dd517c964a62ee25eb6207	https://sra-pub-src-2.s3.amazonaws.com/SRR36458261/422274-CD4i_R2L25_GEX-Z0176-CTCAACATATCTGAT_S1_L001_R2_001_split4.fastq.gz.1	81118728470	450dc11a6105d25c4d4b999cfe7bfc35
CD4i_R2_L25-48	25	CD4i_R2L25	SRR36458261	SAMN54117556	SRX31482286	422274-CD4i_R2L25_GEX-Z0176-CTCAACATATCTGAT_S1_L001_split5	https://sra-pub-src-2.s3.amazonaws.com/SRR36458261/422274-CD4i_R2L25_GEX-Z0176-CTCAACATATCTGAT_S1_L001_R1_001_split5.fastq.gz.1	47012128372	418e18ba687057c5ccecde8356d20e38	https://sra-pub-src-2.s3.amazonaws.com/SRR36458261/422274-CD4i_R2L25_GEX-Z0176-CTCAACATATCTGAT_S1_L001_R2_001_split5.fastq.gz.1	81119687391	3d880828f9b1e5acbc85a7b7c2dfad17
CD4i_R2_L25-48	26	CD4i_R2L26	SRR36458260	SAMN54117557	SRX31482287	422359-CD4i_R2L26_GEX-Z0175-CGCTCTGTTGATGAT_S1_L001_split1	https://sra-pub-src-2.s3.amazonaws.com/SRR36458260/422359-CD4i_R2L26_GEX-Z0175-CGCTCTGTTGATGAT_S1_L001_R1_001_split1.fastq.gz.1	52716418159	891cd6ce9e3c5c2168891d0f20cffc16	https://sra-pub-src-2.s3.amazonaws.com/SRR36458260/422359-CD4i_R2L26_GEX-Z0175-CGCTCTGTTGATGAT_S1_L001_R2_001_split1.fastq.gz.1	90632403499	240a41548b948cb1db492b47a899e2bc
CD4i_R2_L25-48	26	CD4i_R2L26	SRR36458260	SAMN54117557	SRX31482287	422359-CD4i_R2L26_GEX-Z0175-CGCTCTGTTGATGAT_S1_L001_split2	https://sra-pub-src-2.s3.amazonaws.com/SRR36458260/422359-CD4i_R2L26_GEX-Z0175-CGCTCTGTTGATGAT_S1_L001_R1_001_split2.fastq.gz.1	52716004595	24669b76c7a4cd05a4e655569681e6a0	https://sra-pub-src-2.s3.amazonaws.com/SRR36458260/422359-CD4i_R2L26_GEX-Z0175-CGCTCTGTTGATGAT_S1_L001_R2_001_split2.fastq.gz.1	90631663379	f89b2e48d0dc633b36be9d6c56aa4569
CD4i_R2_L25-48	26	CD4i_R2L26	SRR36458260	SAMN54117557	SRX31482287	422359-CD4i_R2L26_GEX-Z0175-CGCTCTGTTGATGAT_S1_L001_split3	https://sra-pub-src-2.s3.amazonaws.com/SRR36458260/422359-CD4i_R2L26_GEX-Z0175-CGCTCTGTTGATGAT_S1_L001_R1_001_split3.fastq.gz.1	52716120667	15e269b28323579fecd9bae745fdbf7e	https://sra-pub-src-2.s3.amazonaws.com/SRR36458260/422359-CD4i_R2L26_GEX-Z0175-CGCTCTGTTGATGAT_S1_L001_R2_001_split3.fastq.gz.1	90632386571	5b8ca36b6cb5d778ad2c5a9692bd3231
CD4i_R2_L25-48	26	CD4i_R2L26	SRR36458260	SAMN54117557	SRX31482287	422359-CD4i_R2L26_GEX-Z0175-CGCTCTGTTGATGAT_S1_L001_split4	https://sra-pub-src-2.s3.amazonaws.com/SRR36458260/422359-CD4i_R2L26_GEX-Z0175-CGCTCTGTTGATGAT_S1_L001_R1_001_split4.fastq.gz.1	52716104959	6a8f6d395a023a152c7fe3b18499ba32	https://sra-pub-src-2.s3.amazonaws.com/SRR36458260/422359-CD4i_R2L26_GEX-Z0175-CGCTCTGTTGATGAT_S1_L001_R2_001_split4.fastq.gz.1	90632335582	c70938af0147169b657f6f48b30a606d
CD4i_R2_L25-48	26	CD4i_R2L26	SRR36458260	SAMN54117557	SRX31482287	422359-CD4i_R2L26_GEX-Z0175-CGCTCTGTTGATGAT_S1_L001_split5	https://sra-pub-src-2.s3.amazonaws.com/SRR36458260/422359-CD4i_R2L26_GEX-Z0175-CGCTCTGTTGATGAT_S1_L001_R1_001_split5.fastq.gz.1	52716130366	faf4a4a7a4c1aaaa6f753829ed357c1f	https://sra-pub-src-2.s3.amazonaws.com/SRR36458260/422359-CD4i_R2L26_GEX-Z0175-CGCTCTGTTGATGAT_S1_L001_R2_001_split5.fastq.gz.1	90631951458	e7010101c6f346cce7d00f26d4b99f38
CD4i_R2_L25-48	27	CD4i_R2L27	SRR36417338	SAMN53888478	SRX31444071	422059-CD4i_R2L27_GEX-Z0174-CGCTGATCAGGCGAT_S1_L001_split1	https://sra-pub-src-2.s3.amazonaws.com/SRR36417338/422059-CD4i_R2L27_GEX-Z0174-CGCTGATCAGGCGAT_S1_L001_R1_001_split1.fastq.gz.1	50296671603	f47bff6b2775a65ceaf6fb688f1b3ebe	https://sra-pub-src-2.s3.amazonaws.com/SRR36417338/422059-CD4i_R2L27_GEX-Z0174-CGCTGATCAGGCGAT_S1_L001_R2_001_split1.fastq.gz.1	86415424541	dfd0eced44c696cfef835b5f391f3731
CD4i_R2_L25-48	27	CD4i_R2L27	SRR36417338	SAMN53888478	SRX31444071	422059-CD4i_R2L27_GEX-Z0174-CGCTGATCAGGCGAT_S1_L001_split2	https://sra-pub-src-2.s3.amazonaws.com/SRR36417338/422059-CD4i_R2L27_GEX-Z0174-CGCTGATCAGGCGAT_S1_L001_R1_001_split2.fastq.gz.1	50296543181	47ef64ea9f9bba6c3e580ea4883efcec	https://sra-pub-src-2.s3.amazonaws.com/SRR36417338/422059-CD4i_R2L27_GEX-Z0174-CGCTGATCAGGCGAT_S1_L001_R2_001_split2.fastq.gz.1	86415736797	727f932fdc9d2368ab679fd0e25cd6c9
CD4i_R2_L25-48	27	CD4i_R2L27	SRR36417338	SAMN53888478	SRX31444071	422059-CD4i_R2L27_GEX-Z0174-CGCTGATCAGGCGAT_S1_L001_split3	https://sra-pub-src-2.s3.amazonaws.com/SRR36417338/422059-CD4i_R2L27_GEX-Z0174-CGCTGATCAGGCGAT_S1_L001_R1_001_split3.fastq.gz.1	50296439605	c34aea22f8cfe043764ffe2d2f2a47c8	https://sra-pub-src-2.s3.amazonaws.com/SRR36417338/422059-CD4i_R2L27_GEX-Z0174-CGCTGATCAGGCGAT_S1_L001_R2_001_split3.fastq.gz.1	86414882522	07db39622cf6afea129c370ceaa71b22
CD4i_R2_L25-48	27	CD4i_R2L27	SRR36417338	SAMN53888478	SRX31444071	422059-CD4i_R2L27_GEX-Z0174-CGCTGATCAGGCGAT_S1_L001_split4	https://sra-pub-src-2.s3.amazonaws.com/SRR36417338/422059-CD4i_R2L27_GEX-Z0174-CGCTGATCAGGCGAT_S1_L001_R1_001_split4.fastq.gz.1	50296678243	7d375bb46142fedfc9d06036c0546756	https://sra-pub-src-2.s3.amazonaws.com/SRR36417338/422059-CD4i_R2L27_GEX-Z0174-CGCTGATCAGGCGAT_S1_L001_R2_001_split4.fastq.gz.1	86415939348	ad65206b8133e4f22819109460d2adf6
CD4i_R2_L25-48	27	CD4i_R2L27	SRR36417338	SAMN53888478	SRX31444071	422059-CD4i_R2L27_GEX-Z0174-CGCTGATCAGGCGAT_S1_L001_split5	https://sra-pub-src-2.s3.amazonaws.com/SRR36417338/422059-CD4i_R2L27_GEX-Z0174-CGCTGATCAGGCGAT_S1_L001_R1_001_split5.fastq.gz.1	50296554691	ab0e547a782b8709390faa91cdbcd159	https://sra-pub-src-2.s3.amazonaws.com/SRR36417338/422059-CD4i_R2L27_GEX-Z0174-CGCTGATCAGGCGAT_S1_L001_R2_001_split5.fastq.gz.1	86415692866	5a661dace2c863c3dd25331514ef007c
CD4i_R2_L25-48	28	CD4i_R2L28	SRR36417337	SAMN53888479	SRX31444072	422667-CD4i_R2L28_GEX-Z0173-CTTGAGCGCACTGAT_S1_L001_split1	https://sra-pub-src-2.s3.amazonaws.com/SRR36417337/422667-CD4i_R2L28_GEX-Z0173-CTTGAGCGCACTGAT_S1_L001_R1_001_split1.fastq.gz.1	55659789287	281d6d5d41c8597f7460b8e9353c649a	https://sra-pub-src-2.s3.amazonaws.com/SRR36417337/422667-CD4i_R2L28_GEX-Z0173-CTTGAGCGCACTGAT_S1_L001_R2_001_split1.fastq.gz.1	94839524965	f5774fbc39a4de15c578ec049b5771f8
CD4i_R2_L25-48	28	CD4i_R2L28	SRR36417337	SAMN53888479	SRX31444072	422667-CD4i_R2L28_GEX-Z0173-CTTGAGCGCACTGAT_S1_L001_split2	https://sra-pub-src-2.s3.amazonaws.com/SRR36417337/422667-CD4i_R2L28_GEX-Z0173-CTTGAGCGCACTGAT_S1_L001_R1_001_split2.fastq.gz.1	55659758134	1db98bf72b95847f11c7bad6bd17d450	https://sra-pub-src-2.s3.amazonaws.com/SRR36417337/422667-CD4i_R2L28_GEX-Z0173-CTTGAGCGCACTGAT_S1_L001_R2_001_split2.fastq.gz.1	94839858357	cd039851d5971a90c6e53469e35fe7bb
CD4i_R2_L25-48	28	CD4i_R2L28	SRR36417337	SAMN53888479	SRX31444072	422667-CD4i_R2L28_GEX-Z0173-CTTGAGCGCACTGAT_S1_L001_split3	https://sra-pub-src-2.s3.amazonaws.com/SRR36417337/422667-CD4i_R2L28_GEX-Z0173-CTTGAGCGCACTGAT_S1_L001_R1_001_split3.fastq.gz.1	55659794479	39624fa8dfb6b454a5bf92bd6f0192ea	https://sra-pub-src-2.s3.amazonaws.com/SRR36417337/422667-CD4i_R2L28_GEX-Z0173-CTTGAGCGCACTGAT_S1_L001_R2_001_split3.fastq.gz.1	94839334568	2b9adbdd4eea456f1a51115855fe77de
CD4i_R2_L25-48	28	CD4i_R2L28	SRR36417337	SAMN53888479	SRX31444072	422667-CD4i_R2L28_GEX-Z0173-CTTGAGCGCACTGAT_S1_L001_split4	https://sra-pub-src-2.s3.amazonaws.com/SRR36417337/422667-CD4i_R2L28_GEX-Z0173-CTTGAGCGCACTGAT_S1_L001_R1_001_split4.fastq.gz.1	55659889630	781dbec9d2e384e55bed6965ae0d8579	https://sra-pub-src-2.s3.amazonaws.com/SRR36417337/422667-CD4i_R2L28_GEX-Z0173-CTTGAGCGCACTGAT_S1_L001_R2_001_split4.fastq.gz.1	94839556140	cbf957bbad5577b73bbc7b821aff3f55
CD4i_R2_L25-48	28	CD4i_R2L28	SRR36417337	SAMN53888479	SRX31444072	422667-CD4i_R2L28_GEX-Z0173-CTTGAGCGCACTGAT_S1_L001_split5	https://sra-pub-src-2.s3.amazonaws.com/SRR36417337/422667-CD4i_R2L28_GEX-Z0173-CTTGAGCGCACTGAT_S1_L001_R1_001_split5.fastq.gz.1	55659873440	ababdfd775cb3f034d0aedf83bf15f72	https://sra-pub-src-2.s3.amazonaws.com/SRR36417337/422667-CD4i_R2L28_GEX-Z0173-CTTGAGCGCACTGAT_S1_L001_R2_001_split5.fastq.gz.1	94840699732	df61a39254a889c5b52b706cb7d53732
CD4i_R2_L25-48	29	CD4i_R2L29	SRR36417336	SAMN53888480	SRX31444073	422006-CD4i_R2L29_GEX-Z0172-CTCTATTCATATGAT_S1_L001_split1	https://sra-pub-src-2.s3.amazonaws.com/SRR36417336/422006-CD4i_R2L29_GEX-Z0172-CTCTATTCATATGAT_S1_L001_R1_001_split1.fastq.gz.1	48178864482	6d5057a04ef7d933f746b4d9e41fe1b6	https://sra-pub-src-2.s3.amazonaws.com/SRR36417336/422006-CD4i_R2L29_GEX-Z0172-CTCTATTCATATGAT_S1_L001_R2_001_split1.fastq.gz.1	82112828794	2ea6a3be2d636fdbb600885dcc8daca6
CD4i_R2_L25-48	29	CD4i_R2L29	SRR36417336	SAMN53888480	SRX31444073	422006-CD4i_R2L29_GEX-Z0172-CTCTATTCATATGAT_S1_L001_split2	https://sra-pub-src-2.s3.amazonaws.com/SRR36417336/422006-CD4i_R2L29_GEX-Z0172-CTCTATTCATATGAT_S1_L001_R1_001_split2.fastq.gz.1	48178485922	4438ea194de15e1ab2f84623ce526cb4	https://sra-pub-src-2.s3.amazonaws.com/SRR36417336/422006-CD4i_R2L29_GEX-Z0172-CTCTATTCATATGAT_S1_L001_R2_001_split2.fastq.gz.1	82111962412	6f1e8889c7fb92c9f28edcdcd305e1d0
CD4i_R2_L25-48	29	CD4i_R2L29	SRR36417336	SAMN53888480	SRX31444073	422006-CD4i_R2L29_GEX-Z0172-CTCTATTCATATGAT_S1_L001_split3	https://sra-pub-src-2.s3.amazonaws.com/SRR36417336/422006-CD4i_R2L29_GEX-Z0172-CTCTATTCATATGAT_S1_L001_R1_001_split3.fastq.gz.1	48178542169	fcb0628786d17068f376638e40158ac6	https://sra-pub-src-2.s3.amazonaws.com/SRR36417336/422006-CD4i_R2L29_GEX-Z0172-CTCTATTCATATGAT_S1_L001_R2_001_split3.fastq.gz.1	82111835295	228e51ec20814bffd616f3fe9838c20a
CD4i_R2_L25-48	29	CD4i_R2L29	SRR36417336	SAMN53888480	SRX31444073	422006-CD4i_R2L29_GEX-Z0172-CTCTATTCATATGAT_S1_L001_split4	https://sra-pub-src-2.s3.amazonaws.com/SRR36417336/422006-CD4i_R2L29_GEX-Z0172-CTCTATTCATATGAT_S1_L001_R1_001_split4.fastq.gz.1	48178793796	b73e83eaafa8aac4819ce8c78ed97e5a	https://sra-pub-src-2.s3.amazonaws.com/SRR36417336/422006-CD4i_R2L29_GEX-Z0172-CTCTATTCATATGAT_S1_L001_R2_001_split4.fastq.gz.1	82112236506	efbf7ff7f4ca859f0a2456bf6098d64c
CD4i_R2_L25-48	29	CD4i_R2L29	SRR36417336	SAMN53888480	SRX31444073	422006-CD4i_R2L29_GEX-Z0172-CTCTATTCATATGAT_S1_L001_split5	https://sra-pub-src-2.s3.amazonaws.com/SRR36417336/422006-CD4i_R2L29_GEX-Z0172-CTCTATTCATATGAT_S1_L001_R1_001_split5.fastq.gz.1	48178602259	ecf614c98e2dadaf64961daeff648b78	https://sra-pub-src-2.s3.amazonaws.com/SRR36417336/422006-CD4i_R2L29_GEX-Z0172-CTCTATTCATATGAT_S1_L001_R2_001_split5.fastq.gz.1	82111997214	9f872bbe2362b03252a1309fa2951fd0
CD4i_R2_L25-48	29	CD4i_R2L29	SRR36417336	SAMN53888480	SRX31444073	422006-CD4i_R2L29_GEX-Z0172-CTCTATTCATATGAT_S1_L001_split6	https://sra-pub-src-2.s3.amazonaws.com/SRR36417336/422006-CD4i_R2L29_GEX-Z0172-CTCTATTCATATGAT_S1_L001_R1_001_split6.fastq.gz.1	48178862632	5116298a0ecfd8e256d1f383cef669fa	https://sra-pub-src-2.s3.amazonaws.com/SRR36417336/422006-CD4i_R2L29_GEX-Z0172-CTCTATTCATATGAT_S1_L001_R2_001_split6.fastq.gz.1	82112628786	fac740a990609879acda8703a3baaab7
CD4i_R2_L25-48	30	CD4i_R2L30	SRR36417335	SAMN53888481	SRX31444074	421841-CD4i_R2L30_GEX-Z0171-CACTGCCTGATGATGAT_S1_L001_split1	https://sra-pub-src-2.s3.amazonaws.com/SRR36417335/421841-CD4i_R2L30_GEX-Z0171-CACTGCCTGATGATGAT_S1_L001_R1_001_split1.fastq.gz.1	54467652980	dd2514cd774fca4d3095194e185ba789	https://sra-pub-src-2.s3.amazonaws.com/SRR36417335/421841-CD4i_R2L30_GEX-Z0171-CACTGCCTGATGATGAT_S1_L001_R2_001_split1.fastq.gz.1	92381509272	ca779339ee81825331f1adc8e30447a2
CD4i_R2_L25-48	30	CD4i_R2L30	SRR36417335	SAMN53888481	SRX31444074	421841-CD4i_R2L30_GEX-Z0171-CACTGCCTGATGATGAT_S1_L001_split2	https://sra-pub-src-2.s3.amazonaws.com/SRR36417335/421841-CD4i_R2L30_GEX-Z0171-CACTGCCTGATGATGAT_S1_L001_R1_001_split2.fastq.gz.1	54467969888	8fa18cfb50da3f43ce81699eb95c2b8a	https://sra-pub-src-2.s3.amazonaws.com/SRR36417335/421841-CD4i_R2L30_GEX-Z0171-CACTGCCTGATGATGAT_S1_L001_R2_001_split2.fastq.gz.1	92381791900	3c45a15a0e7d2cb325b381f79d84320c
CD4i_R2_L25-48	30	CD4i_R2L30	SRR36417335	SAMN53888481	SRX31444074	421841-CD4i_R2L30_GEX-Z0171-CACTGCCTGATGATGAT_S1_L001_split3	https://sra-pub-src-2.s3.amazonaws.com/SRR36417335/421841-CD4i_R2L30_GEX-Z0171-CACTGCCTGATGATGAT_S1_L001_R1_001_split3.fastq.gz.1	54467416702	95571de5140f535c063f8b372b24ada9	https://sra-pub-src-2.s3.amazonaws.com/SRR36417335/421841-CD4i_R2L30_GEX-Z0171-CACTGCCTGATGATGAT_S1_L001_R2_001_split3.fastq.gz.1	92380399186	eba8b15c5f3d8e622a08eafca95e75f3
CD4i_R2_L25-48	30	CD4i_R2L30	SRR36417335	SAMN53888481	SRX31444074	421841-CD4i_R2L30_GEX-Z0171-CACTGCCTGATGATGAT_S1_L001_split4	https://sra-pub-src-2.s3.amazonaws.com/SRR36417335/421841-CD4i_R2L30_GEX-Z0171-CACTGCCTGATGATGAT_S1_L001_R1_001_split4.fastq.gz.1	54467713155	35292e22cab1874908aad7e4a29e48a7	https://sra-pub-src-2.s3.amazonaws.com/SRR36417335/421841-CD4i_R2L30_GEX-Z0171-CACTGCCTGATGATGAT_S1_L001_R2_001_split4.fastq.gz.1	92381385432	e204a2f7f0b27fb783a9d6cf1b4f0e45
CD4i_R2_L25-48	30	CD4i_R2L30	SRR36417335	SAMN53888481	SRX31444074	421841-CD4i_R2L30_GEX-Z0171-CACTGCCTGATGATGAT_S1_L001_split5	https://sra-pub-src-2.s3.amazonaws.com/SRR36417335/421841-CD4i_R2L30_GEX-Z0171-CACTGCCTGATGATGAT_S1_L001_R1_001_split5.fastq.gz.1	54467872285	d2f669b952600232e1f3dcda36fb5eb6	https://sra-pub-src-2.s3.amazonaws.com/SRR36417335/421841-CD4i_R2L30_GEX-Z0171-CACTGCCTGATGATGAT_S1_L001_R2_001_split5.fastq.gz.1	92381666188	edfe7c8112b0cc30e3826fe7825d68bb
CD4i_R2_L25-48	31	CD4i_R2L31	SRR36417334	SAMN53888482	SRX31444075	422436-CD4i_R2L31_GEX-Z0170-CACTCTCTCAATGAT_S1_L001_split1	https://sra-pub-src-2.s3.amazonaws.com/SRR36417334/422436-CD4i_R2L31_GEX-Z0170-CACTCTCTCAATGAT_S1_L001_R1_001_split1.fastq.gz.1	56436614410	95552f559ea378dd1a2ff370e551dc5e	https://sra-pub-src-2.s3.amazonaws.com/SRR36417334/422436-CD4i_R2L31_GEX-Z0170-CACTCTCTCAATGAT_S1_L001_R2_001_split1.fastq.gz.1	98238260316	0986ff21ab1b6e04c280668fe0585a2f
CD4i_R2_L25-48	31	CD4i_R2L31	SRR36417334	SAMN53888482	SRX31444075	422436-CD4i_R2L31_GEX-Z0170-CACTCTCTCAATGAT_S1_L001_split2	https://sra-pub-src-2.s3.amazonaws.com/SRR36417334/422436-CD4i_R2L31_GEX-Z0170-CACTCTCTCAATGAT_S1_L001_R1_001_split2.fastq.gz.1	56436483889	0f2f0c1ff8b812d5ba243c807e65d88b	https://sra-pub-src-2.s3.amazonaws.com/SRR36417334/422436-CD4i_R2L31_GEX-Z0170-CACTCTCTCAATGAT_S1_L001_R2_001_split2.fastq.gz.1	98238482741	3cd9ba11fde6678b796b67be737ce3b0
CD4i_R2_L25-48	31	CD4i_R2L31	SRR36417334	SAMN53888482	SRX31444075	422436-CD4i_R2L31_GEX-Z0170-CACTCTCTCAATGAT_S1_L001_split3	https://sra-pub-src-2.s3.amazonaws.com/SRR36417334/422436-CD4i_R2L31_GEX-Z0170-CACTCTCTCAATGAT_S1_L001_R1_001_split3.fastq.gz.1	56436562129	facb97269c40a1c0d666baec46696b53	https://sra-pub-src-2.s3.amazonaws.com/SRR36417334/422436-CD4i_R2L31_GEX-Z0170-CACTCTCTCAATGAT_S1_L001_R2_001_split3.fastq.gz.1	98238200362	c9476b1d8097e475503f5996772eb236
CD4i_R2_L25-48	31	CD4i_R2L31	SRR36417334	SAMN53888482	SRX31444075	422436-CD4i_R2L31_GEX-Z0170-CACTCTCTCAATGAT_S1_L001_split4	https://sra-pub-src-2.s3.amazonaws.com/SRR36417334/422436-CD4i_R2L31_GEX-Z0170-CACTCTCTCAATGAT_S1_L001_R1_001_split4.fastq.gz.1	56436264537	f49bb313a04615a2dd7f3f6f49393e2b	https://sra-pub-src-2.s3.amazonaws.com/SRR36417334/422436-CD4i_R2L31_GEX-Z0170-CACTCTCTCAATGAT_S1_L001_R2_001_split4.fastq.gz.1	98237516140	85a5067f3d265678d769570b16de8906
CD4i_R2_L25-48	31	CD4i_R2L31	SRR36417334	SAMN53888482	SRX31444075	422436-CD4i_R2L31_GEX-Z0170-CACTCTCTCAATGAT_S1_L001_split5	https://sra-pub-src-2.s3.amazonaws.com/SRR36417334/422436-CD4i_R2L31_GEX-Z0170-CACTCTCTCAATGAT_S1_L001_R1_001_split5.fastq.gz.1	56436643618	501e001b8b911ed9de409fe2327e2b49	https://sra-pub-src-2.s3.amazonaws.com/SRR36417334/422436-CD4i_R2L31_GEX-Z0170-CACTCTCTCAATGAT_S1_L001_R2_001_split5.fastq.gz.1	98238582516	f3a838faa976febd94f993f18627e3f4
CD4i_R2_L25-48	32	CD4i_R2L32	SRR36417333	SAMN53888483	SRX31444076	422250-CD4i_R2L32_GEX-Z0169-CTCGCAATAGATGAT_S1_L001_split1	https://sra-pub-src-2.s3.amazonaws.com/SRR36417333/422250-CD4i_R2L32_GEX-Z0169-CTCGCAATAGATGAT_S1_L001_R1_001_split1.fastq.gz.1	55927383639	aaaffc5c1c7c8ddfa26e37a32d47dca7	https://sra-pub-src-2.s3.amazonaws.com/SRR36417333/422250-CD4i_R2L32_GEX-Z0169-CTCGCAATAGATGAT_S1_L001_R2_001_split1.fastq.gz.1	97383014204	85719504df4707e6e5e286845697131c
CD4i_R2_L25-48	32	CD4i_R2L32	SRR36417333	SAMN53888483	SRX31444076	422250-CD4i_R2L32_GEX-Z0169-CTCGCAATAGATGAT_S1_L001_split2	https://sra-pub-src-2.s3.amazonaws.com/SRR36417333/422250-CD4i_R2L32_GEX-Z0169-CTCGCAATAGATGAT_S1_L001_R1_001_split2.fastq.gz.1	55927299815	4a3ae3fde47397dca7c691236e29ee49	https://sra-pub-src-2.s3.amazonaws.com/SRR36417333/422250-CD4i_R2L32_GEX-Z0169-CTCGCAATAGATGAT_S1_L001_R2_001_split2.fastq.gz.1	97382323338	c2b0ed6965c3e2ce44172fea684e9066
CD4i_R2_L25-48	32	CD4i_R2L32	SRR36417333	SAMN53888483	SRX31444076	422250-CD4i_R2L32_GEX-Z0169-CTCGCAATAGATGAT_S1_L001_split3	https://sra-pub-src-2.s3.amazonaws.com/SRR36417333/422250-CD4i_R2L32_GEX-Z0169-CTCGCAATAGATGAT_S1_L001_R1_001_split3.fastq.gz.1	55927193929	bd9bf91bb454dfc5add00d4d0614a412	https://sra-pub-src-2.s3.amazonaws.com/SRR36417333/422250-CD4i_R2L32_GEX-Z0169-CTCGCAATAGATGAT_S1_L001_R2_001_split3.fastq.gz.1	97382634489	3e201f949881c670a65cf624a223c3fe
CD4i_R2_L25-48	32	CD4i_R2L32	SRR36417333	SAMN53888483	SRX31444076	422250-CD4i_R2L32_GEX-Z0169-CTCGCAATAGATGAT_S1_L001_split4	https://sra-pub-src-2.s3.amazonaws.com/SRR36417333/422250-CD4i_R2L32_GEX-Z0169-CTCGCAATAGATGAT_S1_L001_R1_001_split4.fastq.gz.1	55927234675	bd6672ec1f65544fb82f186928f6b51f	https://sra-pub-src-2.s3.amazonaws.com/SRR36417333/422250-CD4i_R2L32_GEX-Z0169-CTCGCAATAGATGAT_S1_L001_R2_001_split4.fastq.gz.1	97382750283	dbc4d44306c3f5475cd1633e2d257c72
CD4i_R2_L25-48	32	CD4i_R2L32	SRR36417333	SAMN53888483	SRX31444076	422250-CD4i_R2L32_GEX-Z0169-CTCGCAATAGATGAT_S1_L001_split5	https://sra-pub-src-2.s3.amazonaws.com/SRR36417333/422250-CD4i_R2L32_GEX-Z0169-CTCGCAATAGATGAT_S1_L001_R1_001_split5.fastq.gz.1	55927290590	8693c5bc50b1abea316fc1702b00a4f2	https://sra-pub-src-2.s3.amazonaws.com/SRR36417333/422250-CD4i_R2L32_GEX-Z0169-CTCGCAATAGATGAT_S1_L001_R2_001_split5.fastq.gz.1	97383180238	cedc52163b13b6185b7533b4b8eb77f6
CD4i_R2_L25-48	33	CD4i_R2L33	SRR36458201	SAMN54117524	SRX31482218	422056-CD4i_R2L33_GEX-Z0184-CAACATCTGATAGAT_S1_L001_split1	https://sra-pub-src-2.s3.amazonaws.com/SRR36458201/422056-CD4i_R2L33_GEX-Z0184-CAACATCTGATAGAT_S1_L001_R1_001_split1.fastq.gz.1	48291111477	f165b5bca13fc1bfc95646f2209dc401	https://sra-pub-src-2.s3.amazonaws.com/SRR36458201/422056-CD4i_R2L33_GEX-Z0184-CAACATCTGATAGAT_S1_L001_R2_001_split1.fastq.gz.1	84792386469	1c3002df03c11bdc638d359e1d659abe
CD4i_R2_L25-48	33	CD4i_R2L33	SRR36458201	SAMN54117524	SRX31482218	422056-CD4i_R2L33_GEX-Z0184-CAACATCTGATAGAT_S1_L001_split2	https://sra-pub-src-2.s3.amazonaws.com/SRR36458201/422056-CD4i_R2L33_GEX-Z0184-CAACATCTGATAGAT_S1_L001_R1_001_split2.fastq.gz.1	48290997739	ad61a1d4059ef8344044411dab42961e	https://sra-pub-src-2.s3.amazonaws.com/SRR36458201/422056-CD4i_R2L33_GEX-Z0184-CAACATCTGATAGAT_S1_L001_R2_001_split2.fastq.gz.1	84792323876	71b850c5b07f838355e34e6f6dc36356
CD4i_R2_L25-48	33	CD4i_R2L33	SRR36458201	SAMN54117524	SRX31482218	422056-CD4i_R2L33_GEX-Z0184-CAACATCTGATAGAT_S1_L001_split3	https://sra-pub-src-2.s3.amazonaws.com/SRR36458201/422056-CD4i_R2L33_GEX-Z0184-CAACATCTGATAGAT_S1_L001_R1_001_split3.fastq.gz.1	48291143608	6baf04a0649db6e4a2959086314581e2	https://sra-pub-src-2.s3.amazonaws.com/SRR36458201/422056-CD4i_R2L33_GEX-Z0184-CAACATCTGATAGAT_S1_L001_R2_001_split3.fastq.gz.1	84792725125	f89dbea50e7b7cec7d4fa66089e5c44b
CD4i_R2_L25-48	33	CD4i_R2L33	SRR36458201	SAMN54117524	SRX31482218	422056-CD4i_R2L33_GEX-Z0184-CAACATCTGATAGAT_S1_L001_split4	https://sra-pub-src-2.s3.amazonaws.com/SRR36458201/422056-CD4i_R2L33_GEX-Z0184-CAACATCTGATAGAT_S1_L001_R1_001_split4.fastq.gz.1	48291118612	564e6fb69e7fbfe478d9294d545db86a	https://sra-pub-src-2.s3.amazonaws.com/SRR36458201/422056-CD4i_R2L33_GEX-Z0184-CAACATCTGATAGAT_S1_L001_R2_001_split4.fastq.gz.1	84793203606	04fd6e0a56a26632fc71cc28bb46d048
CD4i_R2_L25-48	33	CD4i_R2L33	SRR36458201	SAMN54117524	SRX31482218	422056-CD4i_R2L33_GEX-Z0184-CAACATCTGATAGAT_S1_L001_split5	https://sra-pub-src-2.s3.amazonaws.com/SRR36458201/422056-CD4i_R2L33_GEX-Z0184-CAACATCTGATAGAT_S1_L001_R1_001_split5.fastq.gz.1	48291304942	4ab0e232a2567a2862d7e0560dde7d91	https://sra-pub-src-2.s3.amazonaws.com/SRR36458201/422056-CD4i_R2L33_GEX-Z0184-CAACATCTGATAGAT_S1_L001_R2_001_split5.fastq.gz.1	84792474233	8fb8edf887707a07967bc404a20dc045
CD4i_R2_L25-48	33	CD4i_R2L33	SRR36458201	SAMN54117524	SRX31482218	422056-CD4i_R2L33_GEX-Z0184-CAACATCTGATAGAT_S1_L001_split6	https://sra-pub-src-2.s3.amazonaws.com/SRR36458201/422056-CD4i_R2L33_GEX-Z0184-CAACATCTGATAGAT_S1_L001_R1_001_split6.fastq.gz.1	48291077426	cbbbc6d7a99a1397a7f1f389864b2496	https://sra-pub-src-2.s3.amazonaws.com/SRR36458201/422056-CD4i_R2L33_GEX-Z0184-CAACATCTGATAGAT_S1_L001_R2_001_split6.fastq.gz.1	84792140106	d98f04b2037256cf4e518af4bba1ea1f
CD4i_R2_L25-48	34	CD4i_R2L34	SRR36458200	SAMN54117525	SRX31482219	422643-CD4i_R2L34_GEX-Z0183-CACTCAGCGCCAGAT_S1_L001_split1	https://sra-pub-src-2.s3.amazonaws.com/SRR36458200/422643-CD4i_R2L34_GEX-Z0183-CACTCAGCGCCAGAT_S1_L001_R1_001_split1.fastq.gz.1	53570917245	4ce1f6805a2d745bb139d2c2727cbd36	https://sra-pub-src-2.s3.amazonaws.com/SRR36458200/422643-CD4i_R2L34_GEX-Z0183-CACTCAGCGCCAGAT_S1_L001_R2_001_split1.fastq.gz.1	92913890953	4aa175be648e811d1cdd892adc68ffd4
CD4i_R2_L25-48	34	CD4i_R2L34	SRR36458200	SAMN54117525	SRX31482219	422643-CD4i_R2L34_GEX-Z0183-CACTCAGCGCCAGAT_S1_L001_split2	https://sra-pub-src-2.s3.amazonaws.com/SRR36458200/422643-CD4i_R2L34_GEX-Z0183-CACTCAGCGCCAGAT_S1_L001_R1_001_split2.fastq.gz.1	53570378014	33acd6a007025e04c2800dea6498e822	https://sra-pub-src-2.s3.amazonaws.com/SRR36458200/422643-CD4i_R2L34_GEX-Z0183-CACTCAGCGCCAGAT_S1_L001_R2_001_split2.fastq.gz.1	92913266649	08ba620ef2b9a82cf979649bd2191c7a
CD4i_R2_L25-48	34	CD4i_R2L34	SRR36458200	SAMN54117525	SRX31482219	422643-CD4i_R2L34_GEX-Z0183-CACTCAGCGCCAGAT_S1_L001_split3	https://sra-pub-src-2.s3.amazonaws.com/SRR36458200/422643-CD4i_R2L34_GEX-Z0183-CACTCAGCGCCAGAT_S1_L001_R1_001_split3.fastq.gz.1	53570572369	d876022843b23bb27f81f23da774ad8a	https://sra-pub-src-2.s3.amazonaws.com/SRR36458200/422643-CD4i_R2L34_GEX-Z0183-CACTCAGCGCCAGAT_S1_L001_R2_001_split3.fastq.gz.1	92912561371	c3a05f9fff14e635d77a668a87799f4f
CD4i_R2_L25-48	34	CD4i_R2L34	SRR36458200	SAMN54117525	SRX31482219	422643-CD4i_R2L34_GEX-Z0183-CACTCAGCGCCAGAT_S1_L001_split4	https://sra-pub-src-2.s3.amazonaws.com/SRR36458200/422643-CD4i_R2L34_GEX-Z0183-CACTCAGCGCCAGAT_S1_L001_R1_001_split4.fastq.gz.1	53570491688	091e856b1183fd1c965dd64c0a76efc7	https://sra-pub-src-2.s3.amazonaws.com/SRR36458200/422643-CD4i_R2L34_GEX-Z0183-CACTCAGCGCCAGAT_S1_L001_R2_001_split4.fastq.gz.1	92913314274	a82bd60e7114da64a15b4677a871a0b7
CD4i_R2_L25-48	34	CD4i_R2L34	SRR36458200	SAMN54117525	SRX31482219	422643-CD4i_R2L34_GEX-Z0183-CACTCAGCGCCAGAT_S1_L001_split5	https://sra-pub-src-2.s3.amazonaws.com/SRR36458200/422643-CD4i_R2L34_GEX-Z0183-CACTCAGCGCCAGAT_S1_L001_R1_001_split5.fastq.gz.1	53570430975	e9a4f22ba1f6645cf490a72637de4164	https://sra-pub-src-2.s3.amazonaws.com/SRR36458200/422643-CD4i_R2L34_GEX-Z0183-CACTCAGCGCCAGAT_S1_L001_R2_001_split5.fastq.gz.1	92912749333	d2e27cf31164c84913f385c455b9a07d
CD4i_R2_L25-48	35	CD4i_R2L35	SRR36458199	SAMN54117526	SRX31482220	422088-CD4i_R2L35_GEX-Z0182-CAGCCATCTGCTGAGAT_S1_L001_split1	https://sra-pub-src-2.s3.amazonaws.com/SRR36458199/422088-CD4i_R2L35_GEX-Z0182-CAGCCATCTGCTGAGAT_S1_L001_R1_001_split1.fastq.gz.1	51693741089	7033619da602696036d508e5138b3774	https://sra-pub-src-2.s3.amazonaws.com/SRR36458199/422088-CD4i_R2L35_GEX-Z0182-CAGCCATCTGCTGAGAT_S1_L001_R2_001_split1.fastq.gz.1	88756313367	5c5fb0d22392869d8116daaf439994f0
CD4i_R2_L25-48	35	CD4i_R2L35	SRR36458199	SAMN54117526	SRX31482220	422088-CD4i_R2L35_GEX-Z0182-CAGCCATCTGCTGAGAT_S1_L001_split2	https://sra-pub-src-2.s3.amazonaws.com/SRR36458199/422088-CD4i_R2L35_GEX-Z0182-CAGCCATCTGCTGAGAT_S1_L001_R1_001_split2.fastq.gz.1	51693635666	8f7ee13fab694875e24ef867c44d3bb7	https://sra-pub-src-2.s3.amazonaws.com/SRR36458199/422088-CD4i_R2L35_GEX-Z0182-CAGCCATCTGCTGAGAT_S1_L001_R2_001_split2.fastq.gz.1	88756312742	f81b23074e4d4f742ab5210d2dd1a207
CD4i_R2_L25-48	35	CD4i_R2L35	SRR36458199	SAMN54117526	SRX31482220	422088-CD4i_R2L35_GEX-Z0182-CAGCCATCTGCTGAGAT_S1_L001_split3	https://sra-pub-src-2.s3.amazonaws.com/SRR36458199/422088-CD4i_R2L35_GEX-Z0182-CAGCCATCTGCTGAGAT_S1_L001_R1_001_split3.fastq.gz.1	51693664135	1c698120d79a3d5dc88ba4b3e066afd7	https://sra-pub-src-2.s3.amazonaws.com/SRR36458199/422088-CD4i_R2L35_GEX-Z0182-CAGCCATCTGCTGAGAT_S1_L001_R2_001_split3.fastq.gz.1	88756476512	95643ebb56336d1f392cfa23e8b0f6af
CD4i_R2_L25-48	35	CD4i_R2L35	SRR36458199	SAMN54117526	SRX31482220	422088-CD4i_R2L35_GEX-Z0182-CAGCCATCTGCTGAGAT_S1_L001_split4	https://sra-pub-src-2.s3.amazonaws.com/SRR36458199/422088-CD4i_R2L35_GEX-Z0182-CAGCCATCTGCTGAGAT_S1_L001_R1_001_split4.fastq.gz.1	51693933696	42dec97d7c44ac7d878edb3df9eff406	https://sra-pub-src-2.s3.amazonaws.com/SRR36458199/422088-CD4i_R2L35_GEX-Z0182-CAGCCATCTGCTGAGAT_S1_L001_R2_001_split4.fastq.gz.1	88756200800	f152ede064a28e9d2de18519fe9d1435
CD4i_R2_L25-48	35	CD4i_R2L35	SRR36458199	SAMN54117526	SRX31482220	422088-CD4i_R2L35_GEX-Z0182-CAGCCATCTGCTGAGAT_S1_L001_split5	https://sra-pub-src-2.s3.amazonaws.com/SRR36458199/422088-CD4i_R2L35_GEX-Z0182-CAGCCATCTGCTGAGAT_S1_L001_R1_001_split5.fastq.gz.1	51693723767	9af84714530577d48ef1808374ee60a4	https://sra-pub-src-2.s3.amazonaws.com/SRR36458199/422088-CD4i_R2L35_GEX-Z0182-CAGCCATCTGCTGAGAT_S1_L001_R2_001_split5.fastq.gz.1	88756254833	9f2a1cc68dfafe37fb7640d22c558850
CD4i_R2_L25-48	36	CD4i_R2L36	SRR36458198	SAMN54117527	SRX31482221	422036-CD4i_R2L36_GEX-Z0181-CTTCTCATGTCAGAT_S1_L001_split1	https://sra-pub-src-2.s3.amazonaws.com/SRR36458198/422036-CD4i_R2L36_GEX-Z0181-CTTCTCATGTCAGAT_S1_L001_R1_001_split1.fastq.gz.1	51735058722	5e5b09a83e4bdd5e9fa5e4994de5baac	https://sra-pub-src-2.s3.amazonaws.com/SRR36458198/422036-CD4i_R2L36_GEX-Z0181-CTTCTCATGTCAGAT_S1_L001_R2_001_split1.fastq.gz.1	89505652087	3aaff6ac9a0cf586acb4ca737982897a
CD4i_R2_L25-48	36	CD4i_R2L36	SRR36458198	SAMN54117527	SRX31482221	422036-CD4i_R2L36_GEX-Z0181-CTTCTCATGTCAGAT_S1_L001_split2	https://sra-pub-src-2.s3.amazonaws.com/SRR36458198/422036-CD4i_R2L36_GEX-Z0181-CTTCTCATGTCAGAT_S1_L001_R1_001_split2.fastq.gz.1	51734847399	68541fcb8f1e317a64f86da9a3816b43	https://sra-pub-src-2.s3.amazonaws.com/SRR36458198/422036-CD4i_R2L36_GEX-Z0181-CTTCTCATGTCAGAT_S1_L001_R2_001_split2.fastq.gz.1	89505198158	7bd1e74777e488bae742a447c648d20e
CD4i_R2_L25-48	36	CD4i_R2L36	SRR36458198	SAMN54117527	SRX31482221	422036-CD4i_R2L36_GEX-Z0181-CTTCTCATGTCAGAT_S1_L001_split3	https://sra-pub-src-2.s3.amazonaws.com/SRR36458198/422036-CD4i_R2L36_GEX-Z0181-CTTCTCATGTCAGAT_S1_L001_R1_001_split3.fastq.gz.1	51734886323	6864b687ed03451cbb99e7aaf6ab109e	https://sra-pub-src-2.s3.amazonaws.com/SRR36458198/422036-CD4i_R2L36_GEX-Z0181-CTTCTCATGTCAGAT_S1_L001_R2_001_split3.fastq.gz.1	89505100344	0222158941bb830b63fd6b2fbd882d6a
CD4i_R2_L25-48	36	CD4i_R2L36	SRR36458198	SAMN54117527	SRX31482221	422036-CD4i_R2L36_GEX-Z0181-CTTCTCATGTCAGAT_S1_L001_split4	https://sra-pub-src-2.s3.amazonaws.com/SRR36458198/422036-CD4i_R2L36_GEX-Z0181-CTTCTCATGTCAGAT_S1_L001_R1_001_split4.fastq.gz.1	51734795612	60b47599e65092d5ad4087f3ceeddd61	https://sra-pub-src-2.s3.amazonaws.com/SRR36458198/422036-CD4i_R2L36_GEX-Z0181-CTTCTCATGTCAGAT_S1_L001_R2_001_split4.fastq.gz.1	89504496724	f819f28b67ba1396a283ca28d0ec15af
CD4i_R2_L25-48	36	CD4i_R2L36	SRR36458198	SAMN54117527	SRX31482221	422036-CD4i_R2L36_GEX-Z0181-CTTCTCATGTCAGAT_S1_L001_split5	https://sra-pub-src-2.s3.amazonaws.com/SRR36458198/422036-CD4i_R2L36_GEX-Z0181-CTTCTCATGTCAGAT_S1_L001_R1_001_split5.fastq.gz.1	51734986797	9c05fdf30c781a9a358d5cc93c5f0b17	https://sra-pub-src-2.s3.amazonaws.com/SRR36458198/422036-CD4i_R2L36_GEX-Z0181-CTTCTCATGTCAGAT_S1_L001_R2_001_split5.fastq.gz.1	89504771500	edadf50ece1072210824ddd64ac0150f
CD4i_R2_L25-48	37	CD4i_R2L37	SRR36458197	SAMN54117528	SRX31482222	422328-CD4i_R2L37_GEX-Z0180-CGCACATAGCCTGAT_S1_L001_split1	https://sra-pub-src-2.s3.amazonaws.com/SRR36458197/422328-CD4i_R2L37_GEX-Z0180-CGCACATAGCCTGAT_S1_L001_R1_001_split1.fastq.gz.1	56878887247	edcddc96695c0171d76508460bf909dc	https://sra-pub-src-2.s3.amazonaws.com/SRR36458197/422328-CD4i_R2L37_GEX-Z0180-CGCACATAGCCTGAT_S1_L001_R2_001_split1.fastq.gz.1	98273663328	830a857ee77799f4f098d4af48de80fe
CD4i_R2_L25-48	37	CD4i_R2L37	SRR36458197	SAMN54117528	SRX31482222	422328-CD4i_R2L37_GEX-Z0180-CGCACATAGCCTGAT_S1_L001_split2	https://sra-pub-src-2.s3.amazonaws.com/SRR36458197/422328-CD4i_R2L37_GEX-Z0180-CGCACATAGCCTGAT_S1_L001_R1_001_split2.fastq.gz.1	56878399656	ac1ec705e7f44e4b2a30e74451922228	https://sra-pub-src-2.s3.amazonaws.com/SRR36458197/422328-CD4i_R2L37_GEX-Z0180-CGCACATAGCCTGAT_S1_L001_R2_001_split2.fastq.gz.1	98272751818	ab53e743e922d38a067d6c7073efa15f
CD4i_R2_L25-48	37	CD4i_R2L37	SRR36458197	SAMN54117528	SRX31482222	422328-CD4i_R2L37_GEX-Z0180-CGCACATAGCCTGAT_S1_L001_split3	https://sra-pub-src-2.s3.amazonaws.com/SRR36458197/422328-CD4i_R2L37_GEX-Z0180-CGCACATAGCCTGAT_S1_L001_R1_001_split3.fastq.gz.1	56878355049	b79def6a6de7ee915f3e676d829d0dca	https://sra-pub-src-2.s3.amazonaws.com/SRR36458197/422328-CD4i_R2L37_GEX-Z0180-CGCACATAGCCTGAT_S1_L001_R2_001_split3.fastq.gz.1	98272415207	0bcb3b0599ebd0d182be5f0a732b1157
CD4i_R2_L25-48	37	CD4i_R2L37	SRR36458197	SAMN54117528	SRX31482222	422328-CD4i_R2L37_GEX-Z0180-CGCACATAGCCTGAT_S1_L001_split4	https://sra-pub-src-2.s3.amazonaws.com/SRR36458197/422328-CD4i_R2L37_GEX-Z0180-CGCACATAGCCTGAT_S1_L001_R1_001_split4.fastq.gz.1	56878589236	e4268c274462260095d8972aaa2f2648	https://sra-pub-src-2.s3.amazonaws.com/SRR36458197/422328-CD4i_R2L37_GEX-Z0180-CGCACATAGCCTGAT_S1_L001_R2_001_split4.fastq.gz.1	98272964358	c03c888765f6aa4817d47cb458e2ac25
CD4i_R2_L25-48	37	CD4i_R2L37	SRR36458197	SAMN54117528	SRX31482222	422328-CD4i_R2L37_GEX-Z0180-CGCACATAGCCTGAT_S1_L001_split5	https://sra-pub-src-2.s3.amazonaws.com/SRR36458197/422328-CD4i_R2L37_GEX-Z0180-CGCACATAGCCTGAT_S1_L001_R1_001_split5.fastq.gz.1	56878286094	0252151dd1b3bfb4ac72be1cd126b0a1	https://sra-pub-src-2.s3.amazonaws.com/SRR36458197/422328-CD4i_R2L37_GEX-Z0180-CGCACATAGCCTGAT_S1_L001_R2_001_split5.fastq.gz.1	98273083491	577a0c0e8d8bfafdeadf51d1ad250628
CD4i_R2_L25-48	38	CD4i_R2L38	SRR36458196	SAMN54117529	SRX31482223	422243-CD4i_R2L38_GEX-Z0179-CATAGCGTTCATGAT_S1_L001_split1	https://sra-pub-src-2.s3.amazonaws.com/SRR36458196/422243-CD4i_R2L38_GEX-Z0179-CATAGCGTTCATGAT_S1_L001_R1_001_split1.fastq.gz.1	57391037661	e67cb85f10695cbcfd107ae15bae2e66	https://sra-pub-src-2.s3.amazonaws.com/SRR36458196/422243-CD4i_R2L38_GEX-Z0179-CATAGCGTTCATGAT_S1_L001_R2_001_split1.fastq.gz.1	97926014994	3796a3d6bd857dc628e887c72e8efbeb
CD4i_R2_L25-48	38	CD4i_R2L38	SRR36458196	SAMN54117529	SRX31482223	422243-CD4i_R2L38_GEX-Z0179-CATAGCGTTCATGAT_S1_L001_split2	https://sra-pub-src-2.s3.amazonaws.com/SRR36458196/422243-CD4i_R2L38_GEX-Z0179-CATAGCGTTCATGAT_S1_L001_R1_001_split2.fastq.gz.1	57390876680	3894acd3c8bc24fe0698707e074b8209	https://sra-pub-src-2.s3.amazonaws.com/SRR36458196/422243-CD4i_R2L38_GEX-Z0179-CATAGCGTTCATGAT_S1_L001_R2_001_split2.fastq.gz.1	97925722213	b170fb94ce45309d50d79b7ac19a60b7
CD4i_R2_L25-48	38	CD4i_R2L38	SRR36458196	SAMN54117529	SRX31482223	422243-CD4i_R2L38_GEX-Z0179-CATAGCGTTCATGAT_S1_L001_split3	https://sra-pub-src-2.s3.amazonaws.com/SRR36458196/422243-CD4i_R2L38_GEX-Z0179-CATAGCGTTCATGAT_S1_L001_R1_001_split3.fastq.gz.1	57390756826	2c1b60f1f0a1341d95d16060451c3dda	https://sra-pub-src-2.s3.amazonaws.com/SRR36458196/422243-CD4i_R2L38_GEX-Z0179-CATAGCGTTCATGAT_S1_L001_R2_001_split3.fastq.gz.1	97925654722	b381d81f3df3f326f2890beea02a8f43
CD4i_R2_L25-48	38	CD4i_R2L38	SRR36458196	SAMN54117529	SRX31482223	422243-CD4i_R2L38_GEX-Z0179-CATAGCGTTCATGAT_S1_L001_split4	https://sra-pub-src-2.s3.amazonaws.com/SRR36458196/422243-CD4i_R2L38_GEX-Z0179-CATAGCGTTCATGAT_S1_L001_R1_001_split4.fastq.gz.1	57390881115	c4e49955be6a80afdb270b8c10a1c7d4	https://sra-pub-src-2.s3.amazonaws.com/SRR36458196/422243-CD4i_R2L38_GEX-Z0179-CATAGCGTTCATGAT_S1_L001_R2_001_split4.fastq.gz.1	97926084644	ab8c8dbc9978019c3524efb6189b5330
CD4i_R2_L25-48	38	CD4i_R2L38	SRR36458196	SAMN54117529	SRX31482223	422243-CD4i_R2L38_GEX-Z0179-CATAGCGTTCATGAT_S1_L001_split5	https://sra-pub-src-2.s3.amazonaws.com/SRR36458196/422243-CD4i_R2L38_GEX-Z0179-CATAGCGTTCATGAT_S1_L001_R1_001_split5.fastq.gz.1	57390565171	b42168b1d0086b4fbde813937692e8d9	https://sra-pub-src-2.s3.amazonaws.com/SRR36458196/422243-CD4i_R2L38_GEX-Z0179-CATAGCGTTCATGAT_S1_L001_R2_001_split5.fastq.gz.1	97926277443	e7365ac96404ab3d5d1bd8eaa5b80b70
CD4i_R2_L25-48	39	CD4i_R2L39	SRR36455954	SAMN54116535	SRX31479980	421915-CD4i_R2L39_GEX-Z0178-CTTGCTGTGCGCGAT_S1_L001_split1	https://sra-pub-src-2.s3.amazonaws.com/SRR36455954/421915-CD4i_R2L39_GEX-Z0178-CTTGCTGTGCGCGAT_S1_L001_R1_001_split1.fastq.gz.1	51288501635	1c37a5762b803aa5666b18585e206213	https://sra-pub-src-2.s3.amazonaws.com/SRR36455954/421915-CD4i_R2L39_GEX-Z0178-CTTGCTGTGCGCGAT_S1_L001_R2_001_split1.fastq.gz.1	89030563664	1d4753c97a861a51c0008321f85df50d
CD4i_R2_L25-48	39	CD4i_R2L39	SRR36455954	SAMN54116535	SRX31479980	421915-CD4i_R2L39_GEX-Z0178-CTTGCTGTGCGCGAT_S1_L001_split2	https://sra-pub-src-2.s3.amazonaws.com/SRR36455954/421915-CD4i_R2L39_GEX-Z0178-CTTGCTGTGCGCGAT_S1_L001_R1_001_split2.fastq.gz.1	51288826890	f3b4249f0c16f4cb83d8580c16f4ccb2	https://sra-pub-src-2.s3.amazonaws.com/SRR36455954/421915-CD4i_R2L39_GEX-Z0178-CTTGCTGTGCGCGAT_S1_L001_R2_001_split2.fastq.gz.1	89031009955	db913d87e2cfedd16d28c7d84df0b2a6
CD4i_R2_L25-48	39	CD4i_R2L39	SRR36455954	SAMN54116535	SRX31479980	421915-CD4i_R2L39_GEX-Z0178-CTTGCTGTGCGCGAT_S1_L001_split3	https://sra-pub-src-2.s3.amazonaws.com/SRR36455954/421915-CD4i_R2L39_GEX-Z0178-CTTGCTGTGCGCGAT_S1_L001_R1_001_split3.fastq.gz.1	51288626825	c58acf8b0fd4b184026c424730ec5e22	https://sra-pub-src-2.s3.amazonaws.com/SRR36455954/421915-CD4i_R2L39_GEX-Z0178-CTTGCTGTGCGCGAT_S1_L001_R2_001_split3.fastq.gz.1	89030970075	6059e530aeda9c349fea69b30a07b080
CD4i_R2_L25-48	39	CD4i_R2L39	SRR36455954	SAMN54116535	SRX31479980	421915-CD4i_R2L39_GEX-Z0178-CTTGCTGTGCGCGAT_S1_L001_split4	https://sra-pub-src-2.s3.amazonaws.com/SRR36455954/421915-CD4i_R2L39_GEX-Z0178-CTTGCTGTGCGCGAT_S1_L001_R1_001_split4.fastq.gz.1	51288408268	d2229a8e3549e3c44c54c2eb8e2c4206	https://sra-pub-src-2.s3.amazonaws.com/SRR36455954/421915-CD4i_R2L39_GEX-Z0178-CTTGCTGTGCGCGAT_S1_L001_R2_001_split4.fastq.gz.1	89030877745	5055bb8fae03f2a1e71ef5ed05518e89
CD4i_R2_L25-48	40	CD4i_R2L40	SRR36455953	SAMN54116536	SRX31479981	422275-CD4i_R2L40_GEX-Z0177-CATGCGGCGCAGCAGAT_S1_L001_split1	https://sra-pub-src-2.s3.amazonaws.com/SRR36455953/422275-CD4i_R2L40_GEX-Z0177-CATGCGGCGCAGCAGAT_S1_L001_R1_001_split1.fastq.gz.1	49391769213	349586ffdca7f64113b99083ad74a466	https://sra-pub-src-2.s3.amazonaws.com/SRR36455953/422275-CD4i_R2L40_GEX-Z0177-CATGCGGCGCAGCAGAT_S1_L001_R2_001_split1.fastq.gz.1	85532030332	92f96872224ae2b1efca0622840875a9
CD4i_R2_L25-48	40	CD4i_R2L40	SRR36455953	SAMN54116536	SRX31479981	422275-CD4i_R2L40_GEX-Z0177-CATGCGGCGCAGCAGAT_S1_L001_split2	https://sra-pub-src-2.s3.amazonaws.com/SRR36455953/422275-CD4i_R2L40_GEX-Z0177-CATGCGGCGCAGCAGAT_S1_L001_R1_001_split2.fastq.gz.1	49391736834	a97c256aec460c2a2dde95bf2a1602e8	https://sra-pub-src-2.s3.amazonaws.com/SRR36455953/422275-CD4i_R2L40_GEX-Z0177-CATGCGGCGCAGCAGAT_S1_L001_R2_001_split2.fastq.gz.1	85531857869	e9539a0e451571613b6fb405f137aa2b
CD4i_R2_L25-48	40	CD4i_R2L40	SRR36455953	SAMN54116536	SRX31479981	422275-CD4i_R2L40_GEX-Z0177-CATGCGGCGCAGCAGAT_S1_L001_split3	https://sra-pub-src-2.s3.amazonaws.com/SRR36455953/422275-CD4i_R2L40_GEX-Z0177-CATGCGGCGCAGCAGAT_S1_L001_R1_001_split3.fastq.gz.1	49391685326	408e8ddcd4193fc96163145b75b2ea4b	https://sra-pub-src-2.s3.amazonaws.com/SRR36455953/422275-CD4i_R2L40_GEX-Z0177-CATGCGGCGCAGCAGAT_S1_L001_R2_001_split3.fastq.gz.1	85531662134	5dd786ca0b038240fb1eccf87d5598c8
CD4i_R2_L25-48	40	CD4i_R2L40	SRR36455953	SAMN54116536	SRX31479981	422275-CD4i_R2L40_GEX-Z0177-CATGCGGCGCAGCAGAT_S1_L001_split4	https://sra-pub-src-2.s3.amazonaws.com/SRR36455953/422275-CD4i_R2L40_GEX-Z0177-CATGCGGCGCAGCAGAT_S1_L001_R1_001_split4.fastq.gz.1	49391928908	774013df8dafa120d06fb5f60de8211c	https://sra-pub-src-2.s3.amazonaws.com/SRR36455953/422275-CD4i_R2L40_GEX-Z0177-CATGCGGCGCAGCAGAT_S1_L001_R2_001_split4.fastq.gz.1	85531413325	d9daec5283915a3121d1655b253a99c9
CD4i_R2_L25-48	40	CD4i_R2L40	SRR36455953	SAMN54116536	SRX31479981	422275-CD4i_R2L40_GEX-Z0177-CATGCGGCGCAGCAGAT_S1_L001_split5	https://sra-pub-src-2.s3.amazonaws.com/SRR36455953/422275-CD4i_R2L40_GEX-Z0177-CATGCGGCGCAGCAGAT_S1_L001_R1_001_split5.fastq.gz.1	49391819567	4c8f848c480bf6ca70b1e463cc4e371f	https://sra-pub-src-2.s3.amazonaws.com/SRR36455953/422275-CD4i_R2L40_GEX-Z0177-CATGCGGCGCAGCAGAT_S1_L001_R2_001_split5.fastq.gz.1	85532062177	ae10608654ea548ea6cea58871d6d396
CD4i_R2_L25-48	41	CD4i_R2L41	SRR36455952	SAMN54116537	SRX31479982	422296-CD4i_R2L41_GEX-Z0192-CATGATCACACAATGAT_S1_L001_split1	https://sra-pub-src-2.s3.amazonaws.com/SRR36455952/422296-CD4i_R2L41_GEX-Z0192-CATGATCACACAATGAT_S1_L001_R1_001_split1.fastq.gz.1	53953390504	1fb46bfbb673aaf21ee6d1f1ef3d29f2	https://sra-pub-src-2.s3.amazonaws.com/SRR36455952/422296-CD4i_R2L41_GEX-Z0192-CATGATCACACAATGAT_S1_L001_R2_001_split1.fastq.gz.1	92163644110	468199bb06feec6a50a3db8d808bb743
CD4i_R2_L25-48	41	CD4i_R2L41	SRR36455952	SAMN54116537	SRX31479982	422296-CD4i_R2L41_GEX-Z0192-CATGATCACACAATGAT_S1_L001_split2	https://sra-pub-src-2.s3.amazonaws.com/SRR36455952/422296-CD4i_R2L41_GEX-Z0192-CATGATCACACAATGAT_S1_L001_R1_001_split2.fastq.gz.1	53953324423	c7c44c133348af52d9dbe866cda39b2d	https://sra-pub-src-2.s3.amazonaws.com/SRR36455952/422296-CD4i_R2L41_GEX-Z0192-CATGATCACACAATGAT_S1_L001_R2_001_split2.fastq.gz.1	92163944128	d1c656f7f4a727eabdcf00475d01bdaa
CD4i_R2_L25-48	41	CD4i_R2L41	SRR36455952	SAMN54116537	SRX31479982	422296-CD4i_R2L41_GEX-Z0192-CATGATCACACAATGAT_S1_L001_split3	https://sra-pub-src-2.s3.amazonaws.com/SRR36455952/422296-CD4i_R2L41_GEX-Z0192-CATGATCACACAATGAT_S1_L001_R1_001_split3.fastq.gz.1	53953223961	d647cf0a73b394585ee059ae7cbf0f15	https://sra-pub-src-2.s3.amazonaws.com/SRR36455952/422296-CD4i_R2L41_GEX-Z0192-CATGATCACACAATGAT_S1_L001_R2_001_split3.fastq.gz.1	92163185373	23796a9fb7c01f2d86dc91792c304a95
CD4i_R2_L25-48	41	CD4i_R2L41	SRR36455952	SAMN54116537	SRX31479982	422296-CD4i_R2L41_GEX-Z0192-CATGATCACACAATGAT_S1_L001_split4	https://sra-pub-src-2.s3.amazonaws.com/SRR36455952/422296-CD4i_R2L41_GEX-Z0192-CATGATCACACAATGAT_S1_L001_R1_001_split4.fastq.gz.1	53952975557	b031eb43af41c4a1976f9c2ef224ca3f	https://sra-pub-src-2.s3.amazonaws.com/SRR36455952/422296-CD4i_R2L41_GEX-Z0192-CATGATCACACAATGAT_S1_L001_R2_001_split4.fastq.gz.1	92162963998	d9fd872d670372fda3d6ccf336b408b5
CD4i_R2_L25-48	41	CD4i_R2L41	SRR36455952	SAMN54116537	SRX31479982	422296-CD4i_R2L41_GEX-Z0192-CATGATCACACAATGAT_S1_L001_split5	https://sra-pub-src-2.s3.amazonaws.com/SRR36455952/422296-CD4i_R2L41_GEX-Z0192-CATGATCACACAATGAT_S1_L001_R1_001_split5.fastq.gz.1	53953229995	ad0a5b4b1089294da4447b8daf99cddf	https://sra-pub-src-2.s3.amazonaws.com/SRR36455952/422296-CD4i_R2L41_GEX-Z0192-CATGATCACACAATGAT_S1_L001_R2_001_split5.fastq.gz.1	92162583841	b172788055e8460518ea1d9d298441d6
CD4i_R2_L25-48	42	CD4i_R2L42	SRR36455951	SAMN54116538	SRX31479983	422025-CD4i_R2L42_GEX-Z0191-CTGTCAGCCTATGAT_S1_L001_split1	https://sra-pub-src-2.s3.amazonaws.com/SRR36455951/422025-CD4i_R2L42_GEX-Z0191-CTGTCAGCCTATGAT_S1_L001_R1_001_split1.fastq.gz.1	54889948307	8db61b04ba5ab503a9c17e960769351d	https://sra-pub-src-2.s3.amazonaws.com/SRR36455951/422025-CD4i_R2L42_GEX-Z0191-CTGTCAGCCTATGAT_S1_L001_R2_001_split1.fastq.gz.1	93741742855	315a22143dac48723d60220e1d671e44
CD4i_R2_L25-48	42	CD4i_R2L42	SRR36455951	SAMN54116538	SRX31479983	422025-CD4i_R2L42_GEX-Z0191-CTGTCAGCCTATGAT_S1_L001_split2	https://sra-pub-src-2.s3.amazonaws.com/SRR36455951/422025-CD4i_R2L42_GEX-Z0191-CTGTCAGCCTATGAT_S1_L001_R1_001_split2.fastq.gz.1	54889838355	1050460c2819ef7207c45f4c5580a740	https://sra-pub-src-2.s3.amazonaws.com/SRR36455951/422025-CD4i_R2L42_GEX-Z0191-CTGTCAGCCTATGAT_S1_L001_R2_001_split2.fastq.gz.1	93741701074	a87806a7c5314e7d4802f931184ae9f2
CD4i_R2_L25-48	42	CD4i_R2L42	SRR36455951	SAMN54116538	SRX31479983	422025-CD4i_R2L42_GEX-Z0191-CTGTCAGCCTATGAT_S1_L001_split3	https://sra-pub-src-2.s3.amazonaws.com/SRR36455951/422025-CD4i_R2L42_GEX-Z0191-CTGTCAGCCTATGAT_S1_L001_R1_001_split3.fastq.gz.1	54889607201	6567106872b834042c3e7e296025ae9b	https://sra-pub-src-2.s3.amazonaws.com/SRR36455951/422025-CD4i_R2L42_GEX-Z0191-CTGTCAGCCTATGAT_S1_L001_R2_001_split3.fastq.gz.1	93741502489	805d4fad40e6545b1dd345161bf03666
CD4i_R2_L25-48	42	CD4i_R2L42	SRR36455951	SAMN54116538	SRX31479983	422025-CD4i_R2L42_GEX-Z0191-CTGTCAGCCTATGAT_S1_L001_split4	https://sra-pub-src-2.s3.amazonaws.com/SRR36455951/422025-CD4i_R2L42_GEX-Z0191-CTGTCAGCCTATGAT_S1_L001_R1_001_split4.fastq.gz.1	54889842872	a9d632966a1cd746f7c9abe03cfbd69e	https://sra-pub-src-2.s3.amazonaws.com/SRR36455951/422025-CD4i_R2L42_GEX-Z0191-CTGTCAGCCTATGAT_S1_L001_R2_001_split4.fastq.gz.1	93742128613	9afeda2f8cf34898067aa0c0f1dc590f
CD4i_R2_L25-48	42	CD4i_R2L42	SRR36455951	SAMN54116538	SRX31479983	422025-CD4i_R2L42_GEX-Z0191-CTGTCAGCCTATGAT_S1_L001_split5	https://sra-pub-src-2.s3.amazonaws.com/SRR36455951/422025-CD4i_R2L42_GEX-Z0191-CTGTCAGCCTATGAT_S1_L001_R1_001_split5.fastq.gz.1	54889605601	b09a41d995b52c10729a4865ae4af6a8	https://sra-pub-src-2.s3.amazonaws.com/SRR36455951/422025-CD4i_R2L42_GEX-Z0191-CTGTCAGCCTATGAT_S1_L001_R2_001_split5.fastq.gz.1	93741047014	80db11b1c4864fd19a1d6840a045b83a
CD4i_R2_L25-48	43	CD4i_R2L43	SRR36455955	SAMN54116539	SRX31479978	422476-CD4i_R2L43_GEX-Z0190-CGGTGCTGCTATGAT_S1_L001_split1	https://sra-pub-src-2.s3.amazonaws.com/SRR36455955/422476-CD4i_R2L43_GEX-Z0190-CGGTGCTGCTATGAT_S1_L001_R1_001_split1.fastq.gz.1	53068335387	4d77e60f96bbafd5cd9ad267287c088f	https://sra-pub-src-2.s3.amazonaws.com/SRR36455955/422476-CD4i_R2L43_GEX-Z0190-CGGTGCTGCTATGAT_S1_L001_R2_001_split1.fastq.gz.1	92717830799	1274f0606d4c6e857f1d588dbf1bce30
CD4i_R2_L25-48	43	CD4i_R2L43	SRR36455955	SAMN54116539	SRX31479978	422476-CD4i_R2L43_GEX-Z0190-CGGTGCTGCTATGAT_S1_L001_split2	https://sra-pub-src-2.s3.amazonaws.com/SRR36455955/422476-CD4i_R2L43_GEX-Z0190-CGGTGCTGCTATGAT_S1_L001_R1_001_split2.fastq.gz.1	53068108161	c0e6a6ef16fcbde38c00f0137d501898	https://sra-pub-src-2.s3.amazonaws.com/SRR36455955/422476-CD4i_R2L43_GEX-Z0190-CGGTGCTGCTATGAT_S1_L001_R2_001_split2.fastq.gz.1	92717163240	01c56a65bd626016451d793f9e18a516
CD4i_R2_L25-48	43	CD4i_R2L43	SRR36455955	SAMN54116539	SRX31479978	422476-CD4i_R2L43_GEX-Z0190-CGGTGCTGCTATGAT_S1_L001_split3	https://sra-pub-src-2.s3.amazonaws.com/SRR36455955/422476-CD4i_R2L43_GEX-Z0190-CGGTGCTGCTATGAT_S1_L001_R1_001_split3.fastq.gz.1	53068236144	6c217ab57dfb4910643ac269bd46aa3c	https://sra-pub-src-2.s3.amazonaws.com/SRR36455955/422476-CD4i_R2L43_GEX-Z0190-CGGTGCTGCTATGAT_S1_L001_R2_001_split3.fastq.gz.1	92717360787	37d1b62107d1422d08501125e7684a63
CD4i_R2_L25-48	43	CD4i_R2L43	SRR36455955	SAMN54116539	SRX31479978	422476-CD4i_R2L43_GEX-Z0190-CGGTGCTGCTATGAT_S1_L001_split4	https://sra-pub-src-2.s3.amazonaws.com/SRR36455955/422476-CD4i_R2L43_GEX-Z0190-CGGTGCTGCTATGAT_S1_L001_R1_001_split4.fastq.gz.1	53068419960	9baf9566a1684434c17e6f24883226f0	https://sra-pub-src-2.s3.amazonaws.com/SRR36455955/422476-CD4i_R2L43_GEX-Z0190-CGGTGCTGCTATGAT_S1_L001_R2_001_split4.fastq.gz.1	92717814515	e7752ac147c4152f8051c6e4d1efd700
CD4i_R2_L25-48	44	CD4i_R2L44	SRR36455956	SAMN54116540	SRX31479979	422610-CD4i_R2L44_GEX-Z0189-CATATCATCTTAGAT_S1_L001_split1	https://sra-pub-src-2.s3.amazonaws.com/SRR36455956/422610-CD4i_R2L44_GEX-Z0189-CATATCATCTTAGAT_S1_L001_R1_001_split1.fastq.gz.1	52418014884	b27e7819269183510a6ad2d3c37de625	https://sra-pub-src-2.s3.amazonaws.com/SRR36455956/422610-CD4i_R2L44_GEX-Z0189-CATATCATCTTAGAT_S1_L001_R2_001_split1.fastq.gz.1	90326307229	0fc83be8398e250b070164e74a9707b7
CD4i_R2_L25-48	44	CD4i_R2L44	SRR36455956	SAMN54116540	SRX31479979	422610-CD4i_R2L44_GEX-Z0189-CATATCATCTTAGAT_S1_L001_split2	https://sra-pub-src-2.s3.amazonaws.com/SRR36455956/422610-CD4i_R2L44_GEX-Z0189-CATATCATCTTAGAT_S1_L001_R1_001_split2.fastq.gz.1	52418229386	ff40de22530247a58a368c56b0e82e7f	https://sra-pub-src-2.s3.amazonaws.com/SRR36455956/422610-CD4i_R2L44_GEX-Z0189-CATATCATCTTAGAT_S1_L001_R2_001_split2.fastq.gz.1	90326661973	4b9b182570c539be8a08ef09a580c4a8
CD4i_R2_L25-48	44	CD4i_R2L44	SRR36455956	SAMN54116540	SRX31479979	422610-CD4i_R2L44_GEX-Z0189-CATATCATCTTAGAT_S1_L001_split3	https://sra-pub-src-2.s3.amazonaws.com/SRR36455956/422610-CD4i_R2L44_GEX-Z0189-CATATCATCTTAGAT_S1_L001_R1_001_split3.fastq.gz.1	52417875006	f1963fac3fac30c8f60f4610735b46b4	https://sra-pub-src-2.s3.amazonaws.com/SRR36455956/422610-CD4i_R2L44_GEX-Z0189-CATATCATCTTAGAT_S1_L001_R2_001_split3.fastq.gz.1	90326413311	cc08ddbfc8fc57c877fd6f6576982507
CD4i_R2_L25-48	44	CD4i_R2L44	SRR36455956	SAMN54116540	SRX31479979	422610-CD4i_R2L44_GEX-Z0189-CATATCATCTTAGAT_S1_L001_split4	https://sra-pub-src-2.s3.amazonaws.com/SRR36455956/422610-CD4i_R2L44_GEX-Z0189-CATATCATCTTAGAT_S1_L001_R1_001_split4.fastq.gz.1	52417876677	d77e9664535b82812b5993c436846b83	https://sra-pub-src-2.s3.amazonaws.com/SRR36455956/422610-CD4i_R2L44_GEX-Z0189-CATATCATCTTAGAT_S1_L001_R2_001_split4.fastq.gz.1	90326092939	2672540cb1711766c70d4e8388b92bc4
CD4i_R2_L25-48	44	CD4i_R2L44	SRR36455956	SAMN54116540	SRX31479979	422610-CD4i_R2L44_GEX-Z0189-CATATCATCTTAGAT_S1_L001_split5	https://sra-pub-src-2.s3.amazonaws.com/SRR36455956/422610-CD4i_R2L44_GEX-Z0189-CATATCATCTTAGAT_S1_L001_R1_001_split5.fastq.gz.1	52417974349	c7505684963613e1dcb565dba94c0c0c	https://sra-pub-src-2.s3.amazonaws.com/SRR36455956/422610-CD4i_R2L44_GEX-Z0189-CATATCATCTTAGAT_S1_L001_R2_001_split5.fastq.gz.1	90326318862	33b6d9290765017d0efc7bcf5cebc845
CD4i_R2_L25-48	45	CD4i_R2L45	SRR36455986	SAMN54116562	SRX31480006	422605-CD4i_R2L45_GEX-Z0188-CATGGTGTGCACGAT_S1_L001_split1	https://sra-pub-src-2.s3.amazonaws.com/SRR36455986/422605-CD4i_R2L45_GEX-Z0188-CATGGTGTGCACGAT_S1_L001_R1_001_split1.fastq.gz.1	50113719802	da9cdfbdf0c91bb2083d45a7c0155998	https://sra-pub-src-2.s3.amazonaws.com/SRR36455986/422605-CD4i_R2L45_GEX-Z0188-CATGGTGTGCACGAT_S1_L001_R2_001_split1.fastq.gz.1	87138853098	5c69e50ee3176a0724e99d1abf0eba3a
CD4i_R2_L25-48	45	CD4i_R2L45	SRR36455986	SAMN54116562	SRX31480006	422605-CD4i_R2L45_GEX-Z0188-CATGGTGTGCACGAT_S1_L001_split2	https://sra-pub-src-2.s3.amazonaws.com/SRR36455986/422605-CD4i_R2L45_GEX-Z0188-CATGGTGTGCACGAT_S1_L001_R1_001_split2.fastq.gz.1	50113812774	4fa32a75aab9394403ed049930fa9d1e	https://sra-pub-src-2.s3.amazonaws.com/SRR36455986/422605-CD4i_R2L45_GEX-Z0188-CATGGTGTGCACGAT_S1_L001_R2_001_split2.fastq.gz.1	87138442431	dda5ca7bcc0808090ed58e08a155c80b
CD4i_R2_L25-48	45	CD4i_R2L45	SRR36455986	SAMN54116562	SRX31480006	422605-CD4i_R2L45_GEX-Z0188-CATGGTGTGCACGAT_S1_L001_split3	https://sra-pub-src-2.s3.amazonaws.com/SRR36455986/422605-CD4i_R2L45_GEX-Z0188-CATGGTGTGCACGAT_S1_L001_R1_001_split3.fastq.gz.1	50113876469	4eb124dbea47c384bd9aa03e2853cae0	https://sra-pub-src-2.s3.amazonaws.com/SRR36455986/422605-CD4i_R2L45_GEX-Z0188-CATGGTGTGCACGAT_S1_L001_R2_001_split3.fastq.gz.1	87138410800	43db51b889f02e926a5141f0b3fbb7ed
CD4i_R2_L25-48	45	CD4i_R2L45	SRR36455986	SAMN54116562	SRX31480006	422605-CD4i_R2L45_GEX-Z0188-CATGGTGTGCACGAT_S1_L001_split4	https://sra-pub-src-2.s3.amazonaws.com/SRR36455986/422605-CD4i_R2L45_GEX-Z0188-CATGGTGTGCACGAT_S1_L001_R1_001_split4.fastq.gz.1	50113872125	dc774bd0afc59e2ca72557aacff84fa9	https://sra-pub-src-2.s3.amazonaws.com/SRR36455986/422605-CD4i_R2L45_GEX-Z0188-CATGGTGTGCACGAT_S1_L001_R2_001_split4.fastq.gz.1	87138503860	f374b9353a1d41fccbfa48fcf5518659
CD4i_R2_L25-48	46	CD4i_R2L46	SRR36455985	SAMN54116563	SRX31480007	422405-CD4i_R2L46_GEX-Z0187-CTCTTCTCAGCAGAT_S1_L001_split1	https://sra-pub-src-2.s3.amazonaws.com/SRR36455985/422405-CD4i_R2L46_GEX-Z0187-CTCTTCTCAGCAGAT_S1_L001_R1_001_split1.fastq.gz.1	49745689828	35fdb99f426faf335f166bc5ccd44e43	https://sra-pub-src-2.s3.amazonaws.com/SRR36455985/422405-CD4i_R2L46_GEX-Z0187-CTCTTCTCAGCAGAT_S1_L001_R2_001_split1.fastq.gz.1	85588467860	70620a3a3f09854320e04d21a29f8496
CD4i_R2_L25-48	46	CD4i_R2L46	SRR36455985	SAMN54116563	SRX31480007	422405-CD4i_R2L46_GEX-Z0187-CTCTTCTCAGCAGAT_S1_L001_split2	https://sra-pub-src-2.s3.amazonaws.com/SRR36455985/422405-CD4i_R2L46_GEX-Z0187-CTCTTCTCAGCAGAT_S1_L001_R1_001_split2.fastq.gz.1	49745477818	aba376162c54a429f1a6ae3819d75885	https://sra-pub-src-2.s3.amazonaws.com/SRR36455985/422405-CD4i_R2L46_GEX-Z0187-CTCTTCTCAGCAGAT_S1_L001_R2_001_split2.fastq.gz.1	85588106985	3e1edb1f884f75b2fa01612443bbaab0
CD4i_R2_L25-48	46	CD4i_R2L46	SRR36455985	SAMN54116563	SRX31480007	422405-CD4i_R2L46_GEX-Z0187-CTCTTCTCAGCAGAT_S1_L001_split3	https://sra-pub-src-2.s3.amazonaws.com/SRR36455985/422405-CD4i_R2L46_GEX-Z0187-CTCTTCTCAGCAGAT_S1_L001_R1_001_split3.fastq.gz.1	49745560995	22698334d52d14d7c833a2d345f59380	https://sra-pub-src-2.s3.amazonaws.com/SRR36455985/422405-CD4i_R2L46_GEX-Z0187-CTCTTCTCAGCAGAT_S1_L001_R2_001_split3.fastq.gz.1	85588362942	0abbf7bfb9c96e5de4e2942d45e36b99
CD4i_R2_L25-48	46	CD4i_R2L46	SRR36455985	SAMN54116563	SRX31480007	422405-CD4i_R2L46_GEX-Z0187-CTCTTCTCAGCAGAT_S1_L001_split4	https://sra-pub-src-2.s3.amazonaws.com/SRR36455985/422405-CD4i_R2L46_GEX-Z0187-CTCTTCTCAGCAGAT_S1_L001_R1_001_split4.fastq.gz.1	49745799333	830f93a7801873229c533be7f5bca9b3	https://sra-pub-src-2.s3.amazonaws.com/SRR36455985/422405-CD4i_R2L46_GEX-Z0187-CTCTTCTCAGCAGAT_S1_L001_R2_001_split4.fastq.gz.1	85588355741	ded7623e41e2e2d3140dc3b049b9423c
CD4i_R2_L25-48	46	CD4i_R2L46	SRR36455985	SAMN54116563	SRX31480007	422405-CD4i_R2L46_GEX-Z0187-CTCTTCTCAGCAGAT_S1_L001_split5	https://sra-pub-src-2.s3.amazonaws.com/SRR36455985/422405-CD4i_R2L46_GEX-Z0187-CTCTTCTCAGCAGAT_S1_L001_R1_001_split5.fastq.gz.1	49745457348	cba48bfe4f1b425b6df8fd63f5776f76	https://sra-pub-src-2.s3.amazonaws.com/SRR36455985/422405-CD4i_R2L46_GEX-Z0187-CTCTTCTCAGCAGAT_S1_L001_R2_001_split5.fastq.gz.1	85588269554	9b26898729b72a67d27a7fc9958062ed
CD4i_R2_L25-48	47	CD4i_R2L47	SRR36455987	SAMN54116564	SRX31480008	422080-CD4i_R2L47_GEX-Z0186-CTATCGCTTGATGAT_S1_L001_split1	https://sra-pub-src-2.s3.amazonaws.com/SRR36455987/422080-CD4i_R2L47_GEX-Z0186-CTATCGCTTGATGAT_S1_L001_R1_001_split1.fastq.gz.1	49528603921	0bc4dbe608221d44f23b68e03a30da92	https://sra-pub-src-2.s3.amazonaws.com/SRR36455987/422080-CD4i_R2L47_GEX-Z0186-CTATCGCTTGATGAT_S1_L001_R2_001_split1.fastq.gz.1	87288933444	d3e1137b4e23bf5527ca88ccb8c0c83f
CD4i_R2_L25-48	47	CD4i_R2L47	SRR36455987	SAMN54116564	SRX31480008	422080-CD4i_R2L47_GEX-Z0186-CTATCGCTTGATGAT_S1_L001_split2	https://sra-pub-src-2.s3.amazonaws.com/SRR36455987/422080-CD4i_R2L47_GEX-Z0186-CTATCGCTTGATGAT_S1_L001_R1_001_split2.fastq.gz.1	49528333973	aff8aa3b567fab8caf28c86022989547	https://sra-pub-src-2.s3.amazonaws.com/SRR36455987/422080-CD4i_R2L47_GEX-Z0186-CTATCGCTTGATGAT_S1_L001_R2_001_split2.fastq.gz.1	87288540059	3236039fb05ca32e4812c7ae28851955
CD4i_R2_L25-48	47	CD4i_R2L47	SRR36455987	SAMN54116564	SRX31480008	422080-CD4i_R2L47_GEX-Z0186-CTATCGCTTGATGAT_S1_L001_split3	https://sra-pub-src-2.s3.amazonaws.com/SRR36455987/422080-CD4i_R2L47_GEX-Z0186-CTATCGCTTGATGAT_S1_L001_R1_001_split3.fastq.gz.1	49528385851	76ab91867e1e2eabb9f960033fab8887	https://sra-pub-src-2.s3.amazonaws.com/SRR36455987/422080-CD4i_R2L47_GEX-Z0186-CTATCGCTTGATGAT_S1_L001_R2_001_split3.fastq.gz.1	87289122638	2dd5592d3ee5473f81cb01e8fca84242
CD4i_R2_L25-48	47	CD4i_R2L47	SRR36455987	SAMN54116564	SRX31480008	422080-CD4i_R2L47_GEX-Z0186-CTATCGCTTGATGAT_S1_L001_split4	https://sra-pub-src-2.s3.amazonaws.com/SRR36455987/422080-CD4i_R2L47_GEX-Z0186-CTATCGCTTGATGAT_S1_L001_R1_001_split4.fastq.gz.1	49528482612	0be4f1fc869dd638091531396ab8a482	https://sra-pub-src-2.s3.amazonaws.com/SRR36455987/422080-CD4i_R2L47_GEX-Z0186-CTATCGCTTGATGAT_S1_L001_R2_001_split4.fastq.gz.1	87289215263	694f15433bded8a20ec583c5dc6f3ff5
CD4i_R2_L25-48	48	CD4i_R2L48	SRR36455984	SAMN54116565	SRX31480009	421900-CD4i_R2L48_GEX-Z0185-CTGCTCCGCATCGAT_S1_L001_split1	https://sra-pub-src-2.s3.amazonaws.com/SRR36455984/421900-CD4i_R2L48_GEX-Z0185-CTGCTCCGCATCGAT_S1_L001_R1_001_split1.fastq.gz.1	53510720846	9e9e9bc9fbdc467b60a309abdf6a8ffd	https://sra-pub-src-2.s3.amazonaws.com/SRR36455984/421900-CD4i_R2L48_GEX-Z0185-CTGCTCCGCATCGAT_S1_L001_R2_001_split1.fastq.gz.1	97071629778	1a2cddd47292b8f2e16316ff1fae041c
CD4i_R2_L25-48	48	CD4i_R2L48	SRR36455984	SAMN54116565	SRX31480009	421900-CD4i_R2L48_GEX-Z0185-CTGCTCCGCATCGAT_S1_L001_split2	https://sra-pub-src-2.s3.amazonaws.com/SRR36455984/421900-CD4i_R2L48_GEX-Z0185-CTGCTCCGCATCGAT_S1_L001_R1_001_split2.fastq.gz.1	53510675178	175f86c4d3d3d5a7efc12acd9b024ddd	https://sra-pub-src-2.s3.amazonaws.com/SRR36455984/421900-CD4i_R2L48_GEX-Z0185-CTGCTCCGCATCGAT_S1_L001_R2_001_split2.fastq.gz.1	97071457845	8c8b9067eadc7d54018554281fb83060
CD4i_R2_L25-48	48	CD4i_R2L48	SRR36455984	SAMN54116565	SRX31480009	421900-CD4i_R2L48_GEX-Z0185-CTGCTCCGCATCGAT_S1_L001_split3	https://sra-pub-src-2.s3.amazonaws.com/SRR36455984/421900-CD4i_R2L48_GEX-Z0185-CTGCTCCGCATCGAT_S1_L001_R1_001_split3.fastq.gz.1	53510565392	69475a73be61a5b2eae4117b1b8ce8be	https://sra-pub-src-2.s3.amazonaws.com/SRR36455984/421900-CD4i_R2L48_GEX-Z0185-CTGCTCCGCATCGAT_S1_L001_R2_001_split3.fastq.gz.1	97071055262	008b645831e4fd8f5021ff860d6f9f26
CD4i_R2_L25-48	48	CD4i_R2L48	SRR36455984	SAMN54116565	SRX31480009	421900-CD4i_R2L48_GEX-Z0185-CTGCTCCGCATCGAT_S1_L001_split4	https://sra-pub-src-2.s3.amazonaws.com/SRR36455984/421900-CD4i_R2L48_GEX-Z0185-CTGCTCCGCATCGAT_S1_L001_R1_001_split4.fastq.gz.1	53510706139	69c34540f8301ef6b303ffd225afc720	https://sra-pub-src-2.s3.amazonaws.com/SRR36455984/421900-CD4i_R2L48_GEX-Z0185-CTGCTCCGCATCGAT_S1_L001_R2_001_split4.fastq.gz.1	97071664289	b4d760bbf2a10f100307048965fa3312
