ARMC5-1	ARMC5-1
DDB1-1	DDB1-1
FNDC10-1	FNDC10-1
RORC-1	RORC-1
SLC35F6-1	SLC35F6-1
C22orf46-1	C22orf46-1
POLR2A-1	POLR2A-1
AP3S1-1	AP3S1-1
TBX18-1	TBX18-1
TTC17-1	TTC17-1
C16orf87-1	C16orf87-1
DDX42-1	DDX42-1
C20orf194-1	C20orf194-1
SIX4-1	SIX4-1
TNIP1-1	TNIP1-1
RINT1-1	RINT1-1
UBAP2L-1	UBAP2L-1
UBOX5-1	UBOX5-1
CNOT2-1	CNOT2-1
KDM4A-1	KDM4A-1
FBXW2-1	FBXW2-1
SAP30L-1	SAP30L-1
TMEM258-1	TMEM258-1
HOXB1-1	HOXB1-1
DBNDD2-1	DBNDD2-1
WDR83-1	WDR83-1
NOD2-1	NOD2-1
TM6SF1-1	TM6SF1-1
SPR-1	SPR-1
ZNF510-1	ZNF510-1
ZDHHC14-1	ZDHHC14-1
PANX1-1	PANX1-1
UPF2-1	UPF2-1
NKAP-1	NKAP-1
ZNF235-1	ZNF235-1
FARS2-1	FARS2-1
SPON2-1	SPON2-1
RRNAD1-1	RRNAD1-1
CNOT6L-1	CNOT6L-1
FKBP11-1	FKBP11-1
KCNK7-1	KCNK7-1
SFT2D2-1	SFT2D2-1
ARL6IP4-1	ARL6IP4-1
MOSMO-1	MOSMO-1
DBNDD1-1	DBNDD1-1
LYSMD2-1	LYSMD2-1
TBC1D8-1	TBC1D8-1
ZNF689-1	ZNF689-1
COPS2-1	COPS2-1
LEAP2-1	LEAP2-1
TENM1-1	TENM1-1
EIF4E2-1	EIF4E2-1
ARID1A-1	ARID1A-1
OLIG1-1	OLIG1-1
YIF1A-1	YIF1A-1
ZNF575-1	ZNF575-1
BAZ1B-1	BAZ1B-1
UBR3-1	UBR3-1
STYXL1-1	STYXL1-1
EPS15L1-1	EPS15L1-1
CARNMT1-1	CARNMT1-1
PPP4R3B-1	PPP4R3B-1
RPL39-1	RPL39-1
CDX1-1	CDX1-1
PPP1R3D-1	PPP1R3D-1
EXOC5-1	EXOC5-1
PSMD13-1	PSMD13-1
ANKRD13A-1	ANKRD13A-1
TMC6-1	TMC6-1
DYNLT3-1	DYNLT3-1
TMTC2-1	TMTC2-1
PTPN1-1	PTPN1-1
SECISBP2L-1	SECISBP2L-1
TMEM150A-1	TMEM150A-1
STK16-1	STK16-1
TUBGCP6-1	TUBGCP6-1
PLEKHH2-1	PLEKHH2-1
CEP83-1	CEP83-1
FAM102A-1	FAM102A-1
TMEM43-1	TMEM43-1
ZNF16-1	ZNF16-1
DPCD-1	DPCD-1
NKX2-8-1	NKX2-8-1
RNF10-1	RNF10-1
SUPT7L-1	SUPT7L-1
HAUS3-1	HAUS3-1
ERCC6L-1	ERCC6L-1
RUVBL1-1	RUVBL1-1
GSTK1-1	GSTK1-1
FAM122B-1	FAM122B-1
EVX1-1	EVX1-1
CSMD1-1	CSMD1-1
SUPT20H-1	SUPT20H-1
MYOG-1	MYOG-1
UXS1-1	UXS1-1
POLR3K-1	POLR3K-1
NFE2L2-1	NFE2L2-1
HERC3-1	HERC3-1
GPATCH4-1	GPATCH4-1
RETREG2-1	RETREG2-1
EIF3I-1	EIF3I-1
NT5M-1	NT5M-1
CEP68-1	CEP68-1
SMIM13-1	SMIM13-1
TMEM241-1	TMEM241-1
HSPB11-1	HSPB11-1
PZP-1	PZP-1
ICK-1	ICK-1
TRIM13-1	TRIM13-1
EREG-1	EREG-1
TWNK-1	TWNK-1
EPHB4-1	EPHB4-1
SAMD10-1	SAMD10-1
IRX5-1	IRX5-1
CCDC142-1	CCDC142-1
PIGU-1	PIGU-1
ADGRE5-1	ADGRE5-1
ZNF358-1	ZNF358-1
HECA-1	HECA-1
RGS16-1	RGS16-1
ARL4C-1	ARL4C-1
SACS-1	SACS-1
C12orf10-1	C12orf10-1
NLRC3-1	NLRC3-1
KCNA3-1	KCNA3-1
PHF3-1	PHF3-1
ITIH4-1	ITIH4-1
LIFR-1	LIFR-1
PSMA7-1	PSMA7-1
MSL3-1	MSL3-1
PAX4-1	PAX4-1
RPS6KA1-1	RPS6KA1-1
MNAT1-1	MNAT1-1
PACSIN1-1	PACSIN1-1
POLD3-1	POLD3-1
GZMB-1	GZMB-1
PEX5L-1	PEX5L-1
PSENEN-1	PSENEN-1
FBXO32-1	FBXO32-1
HDX-1	HDX-1
NUDCD1-1	NUDCD1-1
KIAA1328-1	KIAA1328-1
LMNA-1	LMNA-1
TNFAIP3-1	TNFAIP3-1
KAT2A-1	KAT2A-1
TEDC1-1	TEDC1-1
CYP3A5-1	CYP3A5-1
EVI5L-1	EVI5L-1
SLC7A11-1	SLC7A11-1
ADRB2-1	ADRB2-1
AP3D1-1	AP3D1-1
NR4A3-1	NR4A3-1
HIRIP3-1	HIRIP3-1
MSC-1	MSC-1
SH2D2A-1	SH2D2A-1
SHPRH-1	SHPRH-1
EPC2-1	EPC2-1
ZNF197-1	ZNF197-1
CAMK2D-1	CAMK2D-1
SCRN1-1	SCRN1-1
SURF4-1	SURF4-1
PRSS3-1	PRSS3-1
LBH-1	LBH-1
PTDSS2-1	PTDSS2-1
PABPC4-1	PABPC4-1
ATRAID-1	ATRAID-1
IL5RA-1	IL5RA-1
PRELID1-1	PRELID1-1
DOK4-1	DOK4-1
PTGER4-1	PTGER4-1
ZNF117-1	ZNF117-1
ZNF790-1	ZNF790-1
OSTF1-1	OSTF1-1
ISM1-1	ISM1-1
ANKS3-1	ANKS3-1
SLF1-1	SLF1-1
AFG3L2-1	AFG3L2-1
SGO1-1	SGO1-1
ZNF846-1	ZNF846-1
SLC4A5-1	SLC4A5-1
NAT1-1	NAT1-1
TDP2-1	TDP2-1
HOXA13-1	HOXA13-1
LRRC4-1	LRRC4-1
TCAF1-1	TCAF1-1
KPTN-1	KPTN-1
ZNF181-1	ZNF181-1
CSNK1G1-1	CSNK1G1-1
SF3B3-1	SF3B3-1
HCFC2-1	HCFC2-1
TCF7-1	TCF7-1
C1QTNF6-1	C1QTNF6-1
HIKESHI-1	HIKESHI-1
ZFAND2B-1	ZFAND2B-1
TIMD4-1	TIMD4-1
TIMP2-1	TIMP2-1
KLHDC10-1	KLHDC10-1
SLC16A6-1	SLC16A6-1
PSMG2-1	PSMG2-1
DECR1-1	DECR1-1
TOMM6-1	TOMM6-1
DOCK2-1	DOCK2-1
RER1-1	RER1-1
CKS1B-1	CKS1B-1
UBTF-1	UBTF-1
KCTD5-1	KCTD5-1
DNAJC30-1	DNAJC30-1
ENPP3-1	ENPP3-1
CCNG1-1	CCNG1-1
TNIK-1	TNIK-1
HSPA4-1	HSPA4-1
LYN-1	LYN-1
FOXD2-1	FOXD2-1
RAB3GAP1-1	RAB3GAP1-1
DYNC1LI2-1	DYNC1LI2-1
CRTC1-1	CRTC1-1
HOXA7-1	HOXA7-1
CEP295-1	CEP295-1
MBNL3-1	MBNL3-1
MITD1-1	MITD1-1
SLC41A3-1	SLC41A3-1
SCFD1-1	SCFD1-1
INPPL1-1	INPPL1-1
BIN3-1	BIN3-1
SIAH3-1	SIAH3-1
NSA2-1	NSA2-1
TMEM259-1	TMEM259-1
DMRTA2-1	DMRTA2-1
CD22-1	CD22-1
TEX10-1	TEX10-1
EIF2B5-1	EIF2B5-1
BHLHE23-1	BHLHE23-1
KDM5A-1	KDM5A-1
DSCC1-1	DSCC1-1
DRC3-1	DRC3-1
ALKAL2-1	ALKAL2-1
CDK6-1	CDK6-1
KHK-1	KHK-1
UBE2Q1-1	UBE2Q1-1
PPM1L-1	PPM1L-1
TRIM52-1	TRIM52-1
CORO1C-1	CORO1C-1
IRF4-1	IRF4-1
DDX19B-1	DDX19B-1
KIF3A-1	KIF3A-1
ANKRD9-1	ANKRD9-1
BHLHE22-1	BHLHE22-1
FURIN-1	FURIN-1
DCLRE1C-1	DCLRE1C-1
GNPTAB-1	GNPTAB-1
ELOVL1-1	ELOVL1-1
TRIM17-1	TRIM17-1
DYSF-1	DYSF-1
IFFO2-1	IFFO2-1
NCSTN-1	NCSTN-1
PLCG2-1	PLCG2-1
RPLP2-1	RPLP2-1
RPLP0-1	RPLP0-1
EFNA1-1	EFNA1-1
XRCC4-1	XRCC4-1
ZNF786-1	ZNF786-1
NRARP-1	NRARP-1
POLG2-1	POLG2-1
STX10-1	STX10-1
HMGA2-1	HMGA2-1
PIK3CG-1	PIK3CG-1
CCDC85C-1	CCDC85C-1
NPLOC4-1	NPLOC4-1
MAGI2-1	MAGI2-1
UHRF2-1	UHRF2-1
FLVCR1-1	FLVCR1-1
FAM129B-1	FAM129B-1
ATP2B1-1	ATP2B1-1
CBLN3-1	CBLN3-1
HSPA5-1	HSPA5-1
WDR20-1	WDR20-1
RNF214-1	RNF214-1
PPM1F-1	PPM1F-1
COL7A1-1	COL7A1-1
MUC16-1	MUC16-1
CENPB-1	CENPB-1
FBXO5-1	FBXO5-1
PRR14-1	PRR14-1
PSEN2-1	PSEN2-1
RBM27-1	RBM27-1
SEMA4D-1	SEMA4D-1
HIST1H3D-1	HIST1H3D-1
MRPS27-1	MRPS27-1
GIMAP7-1	GIMAP7-1
BCL9L-1	BCL9L-1
DCK-1	DCK-1
GADD45GIP1-1	GADD45GIP1-1
FUT4-1	FUT4-1
NBR1-1	NBR1-1
HIST1H1D-1	HIST1H1D-1
BEX3-1	BEX3-1
C9orf78-1	C9orf78-1
WAC-1	WAC-1
POMGNT2-1	POMGNT2-1
FOXB2-1	FOXB2-1
LTO1-1	LTO1-1
POU5F2-1	POU5F2-1
CD80-1	CD80-1
ZC3H7B-1	ZC3H7B-1
APOL6-1	APOL6-1
SPECC1-1	SPECC1-1
LUZP1-1	LUZP1-1
TRAF1-1	TRAF1-1
SEC23A-1	SEC23A-1
PNMT-1	PNMT-1
PSMA8-1	PSMA8-1
RAB11A-1	RAB11A-1
EMILIN2-1	EMILIN2-1
NDUFB7-1	NDUFB7-1
CALM3-1	CALM3-1
MTO1-1	MTO1-1
AXIN2-1	AXIN2-1
NFATC3-1	NFATC3-1
ZFY-1	ZFY-1
STS-1	STS-1
EPHX1-1	EPHX1-1
FN3KRP-1	FN3KRP-1
FBXL12-1	FBXL12-1
DPH5-1	DPH5-1
GSTO1-1	GSTO1-1
SPDEF-1	SPDEF-1
PRAF2-1	PRAF2-1
RIOK2-1	RIOK2-1
INSM1-1	INSM1-1
NIPSNAP2-1	NIPSNAP2-1
SIGLEC10-1	SIGLEC10-1
S100A10-1	S100A10-1
NCKAP1-1	NCKAP1-1
NUBPL-1	NUBPL-1
FNIP1-1	FNIP1-1
IGFBP5-1	IGFBP5-1
PRG4-1	PRG4-1
AOC2-1	AOC2-1
ZNRF3-1	ZNRF3-1
IFT140-1	IFT140-1
CCDC154-1	CCDC154-1
TOP1-1	TOP1-1
POLR3B-1	POLR3B-1
SPSB1-1	SPSB1-1
MOK-1	MOK-1
NUDT11-1	NUDT11-1
ARL14EP-1	ARL14EP-1
ZNF324-1	ZNF324-1
HSPBAP1-1	HSPBAP1-1
SLC35G1-1	SLC35G1-1
C9orf85-1	C9orf85-1
GRK6-1	GRK6-1
CCDC124-1	CCDC124-1
KLHL7-1	KLHL7-1
QARS-1	QARS-1
RNF19A-1	RNF19A-1
C12orf29-1	C12orf29-1
GRAMD1B-1	GRAMD1B-1
MRPL39-1	MRPL39-1
RETREG1-1	RETREG1-1
TMEM184B-1	TMEM184B-1
ZNF735-1	ZNF735-1
RUNX2-1	RUNX2-1
TP73-1	TP73-1
PFKP-1	PFKP-1
MIER2-1	MIER2-1
ALKBH2-1	ALKBH2-1
ZCCHC3-1	ZCCHC3-1
COL6A2-1	COL6A2-1
PCBP4-1	PCBP4-1
C1QB-1	C1QB-1
GPATCH8-1	GPATCH8-1
CLINT1-1	CLINT1-1
MTDH-1	MTDH-1
SASH3-1	SASH3-1
RNF123-1	RNF123-1
RHBDD1-1	RHBDD1-1
FRS3-1	FRS3-1
CLUAP1-1	CLUAP1-1
ZNF354B-1	ZNF354B-1
TRIM34-1	TRIM34-1
CCDC22-1	CCDC22-1
TGFBR2-1	TGFBR2-1
BEND4-1	BEND4-1
SFXN1-1	SFXN1-1
CLOCK-1	CLOCK-1
N4BP1-1	N4BP1-1
ZNF8-1	ZNF8-1
PANK3-1	PANK3-1
ZNF585B-1	ZNF585B-1
BPNT1-1	BPNT1-1
LRRC14-1	LRRC14-1
PRPF39-1	PRPF39-1
CDPF1-1	CDPF1-1
UBXN7-1	UBXN7-1
EPB41L5-1	EPB41L5-1
APRT-1	APRT-1
PI4KB-1	PI4KB-1
SNX15-1	SNX15-1
QKI-1	QKI-1
TMEM175-1	TMEM175-1
CLDN1-1	CLDN1-1
PATZ1-1	PATZ1-1
MAPK1IP1L-1	MAPK1IP1L-1
PHOX2B-1	PHOX2B-1
RAB11B-1	RAB11B-1
ZNF428-1	ZNF428-1
CNPPD1-1	CNPPD1-1
RANBP2-1	RANBP2-1
ANKRD23-1	ANKRD23-1
THAP10-1	THAP10-1
SMKR1-1	SMKR1-1
ZFHX3-1	ZFHX3-1
DCAF10-1	DCAF10-1
SLC10A7-1	SLC10A7-1
SALL2-1	SALL2-1
UST-1	UST-1
COG7-1	COG7-1
TIFA-1	TIFA-1
SERTAD1-1	SERTAD1-1
ARL5B-1	ARL5B-1
OGDH-1	OGDH-1
CPEB3-1	CPEB3-1
ENY2-1	ENY2-1
GPR107-1	GPR107-1
HIST1H2BN-1	HIST1H2BN-1
PFAS-1	PFAS-1
ARF1-1	ARF1-1
GP5-1	GP5-1
SH2D3A-1	SH2D3A-1
NEUROG2-1	NEUROG2-1
ZNF418-1	ZNF418-1
ZNF513-1	ZNF513-1
SPRED2-1	SPRED2-1
GPR25-1	GPR25-1
ZNF827-1	ZNF827-1
GRINA-1	GRINA-1
ZNF777-1	ZNF777-1
ZFP41-1	ZFP41-1
EXO5-1	EXO5-1
CEBPD-1	CEBPD-1
ATAD5-1	ATAD5-1
PLD3-1	PLD3-1
TMEM204-1	TMEM204-1
AMH-1	AMH-1
CXCL1-1	CXCL1-1
EIF3L-1	EIF3L-1
ZNF653-1	ZNF653-1
ZNF664-1	ZNF664-1
IFIH1-1	IFIH1-1
MOB3A-1	MOB3A-1
SMPD3-1	SMPD3-1
FAM174A-1	FAM174A-1
MRPL24-1	MRPL24-1
XKR6-1	XKR6-1
RANBP3-1	RANBP3-1
ZSCAN29-1	ZSCAN29-1
IL32-1	IL32-1
ZSCAN12-1	ZSCAN12-1
CSF3R-1	CSF3R-1
FSCN1-1	FSCN1-1
C3orf52-1	C3orf52-1
PPP4C-1	PPP4C-1
MS4A6A-1	MS4A6A-1
ST20-MTHFS-1	ST20-MTHFS-1
PPP3R1-1	PPP3R1-1
SLC5A5-1	SLC5A5-1
DHRS13-1	DHRS13-1
HPGDS-1	HPGDS-1
FOXP4-1	FOXP4-1
UBASH3A-1	UBASH3A-1
ALG10-1	ALG10-1
C19orf70-1	C19orf70-1
MCRIP1-1	MCRIP1-1
GRAP2-1	GRAP2-1
PICALM-1	PICALM-1
CCDC28B-1	CCDC28B-1
STAG3-1	STAG3-1
TMEM255A-1	TMEM255A-1
DENND1C-1	DENND1C-1
HOOK1-1	HOOK1-1
ATXN1-1	ATXN1-1
WDFY4-1	WDFY4-1
CNOT10-1	CNOT10-1
PEX10-1	PEX10-1
NRAS-1	NRAS-1
FBXO40-1	FBXO40-1
NAXD-1	NAXD-1
ASCC1-1	ASCC1-1
EMSY-1	EMSY-1
MED18-1	MED18-1
REXO1-1	REXO1-1
EEFSEC-1	EEFSEC-1
DNAJC3-1	DNAJC3-1
ATG4A-1	ATG4A-1
IFI44-1	IFI44-1
GCC1-1	GCC1-1
NDUFS4-1	NDUFS4-1
AP5Z1-1	AP5Z1-1
XPA-1	XPA-1
SCRG1-1	SCRG1-1
SCN8A-1	SCN8A-1
CSRNP1-1	CSRNP1-1
TDRKH-1	TDRKH-1
CISD2-1	CISD2-1
TCF7L1-1	TCF7L1-1
RBBP5-1	RBBP5-1
PGC-1	PGC-1
ERP44-1	ERP44-1
SALL4-1	SALL4-1
EDEM2-1	EDEM2-1
CKAP2-1	CKAP2-1
HDAC10-1	HDAC10-1
CYBRD1-1	CYBRD1-1
NUP88-1	NUP88-1
KLHL20-1	KLHL20-1
TRIM35-1	TRIM35-1
SPSB3-1	SPSB3-1
WBP2-1	WBP2-1
ACOT4-1	ACOT4-1
NASP-1	NASP-1
RACK1-1	RACK1-1
ELK3-1	ELK3-1
ACADSB-1	ACADSB-1
SLC39A14-1	SLC39A14-1
NPHP3-1	NPHP3-1
METTL4-1	METTL4-1
SIL1-1	SIL1-1
RGP1-1	RGP1-1
MCUB-1	MCUB-1
MED12-1	MED12-1
IRX4-1	IRX4-1
GTF2IRD2-1	GTF2IRD2-1
KIF13B-1	KIF13B-1
RPL7-1	RPL7-1
RNF6-1	RNF6-1
PSMG4-1	PSMG4-1
DNTTIP1-1	DNTTIP1-1
ZNF517-1	ZNF517-1
DGUOK-1	DGUOK-1
SMAGP-1	SMAGP-1
CAPNS1-1	CAPNS1-1
KTI12-1	KTI12-1
TREX1-1	TREX1-1
SGSH-1	SGSH-1
IRAK3-1	IRAK3-1
WDR5B-1	WDR5B-1
MAMDC4-1	MAMDC4-1
C19orf33-1	C19orf33-1
GRPEL1-1	GRPEL1-1
FAM50B-1	FAM50B-1
FOXM1-1	FOXM1-1
UFSP1-1	UFSP1-1
SMARCC1-1	SMARCC1-1
GABARAP-1	GABARAP-1
MSTO1-1	MSTO1-1
MBOAT4-1	MBOAT4-1
ABCF2-1	ABCF2-1
TNFRSF8-1	TNFRSF8-1
ZNF792-1	ZNF792-1
SYNCRIP-1	SYNCRIP-1
ENDOV-1	ENDOV-1
INCA1-1	INCA1-1
TFE3-1	TFE3-1
DERL1-1	DERL1-1
TWF2-1	TWF2-1
RNF40-1	RNF40-1
ZNF33B-1	ZNF33B-1
ANKRD39-1	ANKRD39-1
CHTF18-1	CHTF18-1
BTN2A2-1	BTN2A2-1
TPPP-1	TPPP-1
ISG20-1	ISG20-1
NEK11-1	NEK11-1
EBI3-1	EBI3-1
CD6-1	CD6-1
PLAC8-1	PLAC8-1
COA5-1	COA5-1
MOB2-1	MOB2-1
GP1BA-1	GP1BA-1
TFRC-1	TFRC-1
C1orf162-1	C1orf162-1
IL2-1	IL2-1
MAD2L2-1	MAD2L2-1
BUD13-1	BUD13-1
RPS7-1	RPS7-1
ZNF784-1	ZNF784-1
PIMREG-1	PIMREG-1
ELP6-1	ELP6-1
ARL6IP6-1	ARL6IP6-1
ZNF737-1	ZNF737-1
DMRT2-1	DMRT2-1
ALDOC-1	ALDOC-1
COPS6-1	COPS6-1
ARMCX6-1	ARMCX6-1
TFR2-1	TFR2-1
MRPL1-1	MRPL1-1
INTS6L-1	INTS6L-1
TTI2-1	TTI2-1
SERINC5-1	SERINC5-1
BSCL2-1	BSCL2-1
ACAA1-1	ACAA1-1
CTSS-1	CTSS-1
TGOLN2-1	TGOLN2-1
ZNF765-1	ZNF765-1
KDSR-1	KDSR-1
PTK2-1	PTK2-1
PGR-1	PGR-1
ATP5PF-1	ATP5PF-1
KCTD15-1	KCTD15-1
CCDC96-1	CCDC96-1
ZBTB32-1	ZBTB32-1
APOO-1	APOO-1
RNF212-1	RNF212-1
AKAP5-1	AKAP5-1
POU6F1-1	POU6F1-1
KRTCAP3-1	KRTCAP3-1
CDCA2-1	CDCA2-1
SPIN1-1	SPIN1-1
ESR1-1	ESR1-1
SMG6-1	SMG6-1
GTPBP2-1	GTPBP2-1
LAMB1-1	LAMB1-1
TPH1-1	TPH1-1
OGG1-1	OGG1-1
ZNF132-1	ZNF132-1
C11orf74-1	C11orf74-1
FAM131A-1	FAM131A-1
TMCO1-1	TMCO1-1
GRK2-1	GRK2-1
TNNC2-1	TNNC2-1
CDH23-1	CDH23-1
ATP1A1-1	ATP1A1-1
BEX5-1	BEX5-1
RCAN2-1	RCAN2-1
ACER2-1	ACER2-1
SPTLC1-1	SPTLC1-1
PYCARD-1	PYCARD-1
MTPAP-1	MTPAP-1
METTL1-1	METTL1-1
APLP1-1	APLP1-1
PDE4B-1	PDE4B-1
VSX2-1	VSX2-1
VMAC-1	VMAC-1
UBXN8-1	UBXN8-1
C1orf56-1	C1orf56-1
RARRES2-1	RARRES2-1
SLC16A3-1	SLC16A3-1
ZNF677-1	ZNF677-1
CITED4-1	CITED4-1
ABCA7-1	ABCA7-1
PARP10-1	PARP10-1
TRABD-1	TRABD-1
MRPL11-1	MRPL11-1
URB2-1	URB2-1
ZBTB11-1	ZBTB11-1
RAB28-1	RAB28-1
PPP1R13B-1	PPP1R13B-1
JMJD4-1	JMJD4-1
ITSN1-1	ITSN1-1
VPS54-1	VPS54-1
IL9-1	IL9-1
MON1A-1	MON1A-1
ZFYVE1-1	ZFYVE1-1
NGRN-1	NGRN-1
C1QTNF3-1	C1QTNF3-1
CRELD2-1	CRELD2-1
UBE2O-1	UBE2O-1
FAM174B-1	FAM174B-1
TESC-1	TESC-1
DALRD3-1	DALRD3-1
RDH14-1	RDH14-1
SLC9B1-1	SLC9B1-1
RENBP-1	RENBP-1
S1PR5-1	S1PR5-1
PRKCZ-1	PRKCZ-1
ODR4-1	ODR4-1
ERC1-1	ERC1-1
MNX1-1	MNX1-1
NDUFV2-1	NDUFV2-1
TRPM2-1	TRPM2-1
WDR48-1	WDR48-1
HSH2D-1	HSH2D-1
BMI1-1	BMI1-1
C1RL-1	C1RL-1
MAML2-1	MAML2-1
GLE1-1	GLE1-1
KRT19-1	KRT19-1
AP5S1-1	AP5S1-1
SENP6-1	SENP6-1
ZNF821-1	ZNF821-1
KRCC1-1	KRCC1-1
COQ10B-1	COQ10B-1
ANTXR2-1	ANTXR2-1
CDK8-1	CDK8-1
EIF4E-1	EIF4E-1
TMEM60-1	TMEM60-1
LONRF1-1	LONRF1-1
DNAH17-1	DNAH17-1
E2F3-1	E2F3-1
RPL22L1-1	RPL22L1-1
PPP1R12B-1	PPP1R12B-1
STAU1-1	STAU1-1
AGTPBP1-1	AGTPBP1-1
IRF9-1	IRF9-1
PRPF4-1	PRPF4-1
KMT2C-1	KMT2C-1
KDELR1-1	KDELR1-1
C5orf30-1	C5orf30-1
ADAM12-1	ADAM12-1
RBM6-1	RBM6-1
CLDND2-1	CLDND2-1
CCDC127-1	CCDC127-1
ZNF565-1	ZNF565-1
NEU3-1	NEU3-1
SLA-1	SLA-1
IFT74-1	IFT74-1
VENTX-1	VENTX-1
TMX4-1	TMX4-1
GCLC-1	GCLC-1
HDDC2-1	HDDC2-1
HAUS5-1	HAUS5-1
PIH1D1-1	PIH1D1-1
SIK2-1	SIK2-1
CREB5-1	CREB5-1
SNAPC2-1	SNAPC2-1
PPM1B-1	PPM1B-1
SLC25A43-1	SLC25A43-1
ACBD5-1	ACBD5-1
LRRC45-1	LRRC45-1
NEIL1-1	NEIL1-1
PTTG1IP-1	PTTG1IP-1
C17orf107-1	C17orf107-1
GCSH-1	GCSH-1
RPS6KC1-1	RPS6KC1-1
COX7A2L-1	COX7A2L-1
IL1R1-1	IL1R1-1
IL2RB-1	IL2RB-1
PYGB-1	PYGB-1
ZNF20-1	ZNF20-1
RCL1-1	RCL1-1
TRAPPC5-1	TRAPPC5-1
PDS5B-1	PDS5B-1
GPR35-1	GPR35-1
RCOR3-1	RCOR3-1
PPP1R9B-1	PPP1R9B-1
ATG4C-1	ATG4C-1
MEFV-1	MEFV-1
HDAC5-1	HDAC5-1
SMG1-1	SMG1-1
PSMA1-1	PSMA1-1
C2orf15-1	C2orf15-1
CMPK1-1	CMPK1-1
AP3M1-1	AP3M1-1
PM20D2-1	PM20D2-1
DHCR24-1	DHCR24-1
FBXO48-1	FBXO48-1
TM2D2-1	TM2D2-1
ASB13-1	ASB13-1
CAPN7-1	CAPN7-1
BICDL1-1	BICDL1-1
GABPB1-1	GABPB1-1
TMEM80-1	TMEM80-1
YIPF3-1	YIPF3-1
KIF14-1	KIF14-1
FOXL2-1	FOXL2-1
PHF8-1	PHF8-1
CDCP1-1	CDCP1-1
RRM2B-1	RRM2B-1
COPS8-1	COPS8-1
SREBF2-1	SREBF2-1
NRCAM-1	NRCAM-1
GIMAP6-1	GIMAP6-1
HIVEP1-1	HIVEP1-1
SP6-1	SP6-1
ATP6V0B-1	ATP6V0B-1
MAML1-1	MAML1-1
PMEPA1-1	PMEPA1-1
MORN2-1	MORN2-1
SOX7-1	SOX7-1
RBM7-1	RBM7-1
CARD8-1	CARD8-1
GSK3B-1	GSK3B-1
SSH1-1	SSH1-1
ANXA9-1	ANXA9-1
CTNNB1-1	CTNNB1-1
ADPGK-1	ADPGK-1
GAS2L1-1	GAS2L1-1
PIP-1	PIP-1
SOHLH1-1	SOHLH1-1
GRASP-1	GRASP-1
ARRDC4-1	ARRDC4-1
PMF1-1	PMF1-1
COPA-1	COPA-1
SARNP-1	SARNP-1
BASP1-1	BASP1-1
TNS4-1	TNS4-1
PHF23-1	PHF23-1
ATP6V1G1-1	ATP6V1G1-1
BTN3A1-1	BTN3A1-1
NTNG2-1	NTNG2-1
HAND1-1	HAND1-1
ZEB1-1	ZEB1-1
IKZF3-1	IKZF3-1
INSL3-1	INSL3-1
PJA1-1	PJA1-1
FANCC-1	FANCC-1
NTN4-1	NTN4-1
KBTBD3-1	KBTBD3-1
HELT-1	HELT-1
SAMSN1-1	SAMSN1-1
CUL7-1	CUL7-1
MAFA-1	MAFA-1
SF3A3-1	SF3A3-1
WNT10A-1	WNT10A-1
UBE4B-1	UBE4B-1
MLX-1	MLX-1
CARD19-1	CARD19-1
MTM1-1	MTM1-1
C2orf76-1	C2orf76-1
MCM2-1	MCM2-1
HBD-1	HBD-1
TMEM131-1	TMEM131-1
ROBO3-1	ROBO3-1
CD244-1	CD244-1
NSUN6-1	NSUN6-1
RYR2-1	RYR2-1
MYO1B-1	MYO1B-1
WDR7-1	WDR7-1
MFSD12-1	MFSD12-1
TYSND1-1	TYSND1-1
SLC35D2-1	SLC35D2-1
ZNF860-1	ZNF860-1
ARPP19-1	ARPP19-1
ORAI2-1	ORAI2-1
LTN1-1	LTN1-1
XRCC1-1	XRCC1-1
C4orf48-1	C4orf48-1
PRDX5-1	PRDX5-1
MMS19-1	MMS19-1
FNBP4-1	FNBP4-1
RRP1B-1	RRP1B-1
NIT2-1	NIT2-1
GCNT7-1	GCNT7-1
VCP-1	VCP-1
THYN1-1	THYN1-1
TBL2-1	TBL2-1
ALDH18A1-1	ALDH18A1-1
FRAT1-1	FRAT1-1
WDHD1-1	WDHD1-1
LRRC69-1	LRRC69-1
LMAN2L-1	LMAN2L-1
STK24-1	STK24-1
STMN3-1	STMN3-1
TMEM203-1	TMEM203-1
NUSAP1-1	NUSAP1-1
FBXO8-1	FBXO8-1
UBXN11-1	UBXN11-1
MAP3K2-1	MAP3K2-1
IMP3-1	IMP3-1
TLE2-1	TLE2-1
PTPN22-1	PTPN22-1
DNAJC18-1	DNAJC18-1
CDC25C-1	CDC25C-1
OGT-1	OGT-1
YARS-1	YARS-1
ACCS-1	ACCS-1
GCHFR-1	GCHFR-1
PLXNA3-1	PLXNA3-1
PREPL-1	PREPL-1
EIF3E-1	EIF3E-1
ZYG11B-1	ZYG11B-1
KIF23-1	KIF23-1
MPEG1-1	MPEG1-1
TMEM230-1	TMEM230-1
BORCS8-1	BORCS8-1
CUL5-1	CUL5-1
CTSL-1	CTSL-1
CHST12-1	CHST12-1
EML5-1	EML5-1
IFT46-1	IFT46-1
ANGEL1-1	ANGEL1-1
YPEL3-1	YPEL3-1
EPS15-1	EPS15-1
ZNF574-1	ZNF574-1
ZNF726-1	ZNF726-1
CYTH2-1	CYTH2-1
DAPK1-1	DAPK1-1
BCL10-1	BCL10-1
DNAJB9-1	DNAJB9-1
MAD1L1-1	MAD1L1-1
NFE2L1-1	NFE2L1-1
KCNMA1-1	KCNMA1-1
DDX49-1	DDX49-1
ZNF160-1	ZNF160-1
IL11RA-1	IL11RA-1
SLC2A13-1	SLC2A13-1
FAM162A-1	FAM162A-1
SV2A-1	SV2A-1
PLEC-1	PLEC-1
FAM20B-1	FAM20B-1
SEC24A-1	SEC24A-1
TTC26-1	TTC26-1
UBE2L3-1	UBE2L3-1
LAMA1-1	LAMA1-1
CLEC7A-1	CLEC7A-1
AASS-1	AASS-1
PITPNC1-1	PITPNC1-1
SSNA1-1	SSNA1-1
CASC3-1	CASC3-1
RASSF3-1	RASSF3-1
TMEM102-1	TMEM102-1
RPUSD2-1	RPUSD2-1
PEX3-1	PEX3-1
TMEM68-1	TMEM68-1
CDC26-1	CDC26-1
MALSU1-1	MALSU1-1
CLIP3-1	CLIP3-1
SCML4-1	SCML4-1
LSM10-1	LSM10-1
ISY1-RAB43-1	ISY1-RAB43-1
FAM214A-1	FAM214A-1
CIAO2A-1	CIAO2A-1
CDYL2-1	CDYL2-1
CCNB1-1	CCNB1-1
PLA2G7-1	PLA2G7-1
TRMT112-1	TRMT112-1
CDA-1	CDA-1
TTC39B-1	TTC39B-1
MFSD8-1	MFSD8-1
SIM2-1	SIM2-1
DPYD-1	DPYD-1
HEATR6-1	HEATR6-1
SDC4-1	SDC4-1
DGCR6L-1	DGCR6L-1
CEP350-1	CEP350-1
RPA3-1	RPA3-1
KCNAB3-1	KCNAB3-1
ESR2-1	ESR2-1
ZBTB8A-1	ZBTB8A-1
TACO1-1	TACO1-1
LRCH4-1	LRCH4-1
PI4KA-1	PI4KA-1
PROCR-1	PROCR-1
PRDM6-1	PRDM6-1
TBC1D4-1	TBC1D4-1
BRPF3-1	BRPF3-1
HIST3H2BB-1	HIST3H2BB-1
GON4L-1	GON4L-1
SPRYD7-1	SPRYD7-1
RNF185-1	RNF185-1
CUL4B-1	CUL4B-1
RSU1-1	RSU1-1
RPL35A-1	RPL35A-1
SECTM1-1	SECTM1-1
TMEM238-1	TMEM238-1
RASSF6-1	RASSF6-1
NT5DC1-1	NT5DC1-1
STAMBP-1	STAMBP-1
NUP62-1	NUP62-1
DCTN1-1	DCTN1-1
HK3-1	HK3-1
OSBP-1	OSBP-1
HES7-1	HES7-1
VXN-1	VXN-1
CAVIN1-1	CAVIN1-1
RPS27A-1	RPS27A-1
LMF2-1	LMF2-1
MFNG-1	MFNG-1
MIS18A-1	MIS18A-1
DPH6-1	DPH6-1
RAD9A-1	RAD9A-1
AHI1-1	AHI1-1
CETN3-1	CETN3-1
KCTD13-1	KCTD13-1
HIP1-1	HIP1-1
ZNF730-1	ZNF730-1
VKORC1-1	VKORC1-1
BATF3-1	BATF3-1
RPP25-1	RPP25-1
PLCXD2-1	PLCXD2-1
IFT172-1	IFT172-1
POLR1E-1	POLR1E-1
CYBB-1	CYBB-1
PCYOX1-1	PCYOX1-1
CALY-1	CALY-1
EDEM3-1	EDEM3-1
TCF24-1	TCF24-1
CCDC90B-1	CCDC90B-1
ELF1-1	ELF1-1
DFFB-1	DFFB-1
TNFRSF11A-1	TNFRSF11A-1
CPA5-1	CPA5-1
DTL-1	DTL-1
PKNOX1-1	PKNOX1-1
NAAA-1	NAAA-1
ETNK2-1	ETNK2-1
CXADR-1	CXADR-1
MAST2-1	MAST2-1
MCM7-1	MCM7-1
DENND6A-1	DENND6A-1
SIK3-1	SIK3-1
TESK1-1	TESK1-1
HIST1H2AG-1	HIST1H2AG-1
CTRL-1	CTRL-1
ENOPH1-1	ENOPH1-1
FICD-1	FICD-1
DVL2-1	DVL2-1
INTS6-1	INTS6-1
DDIT3-1	DDIT3-1
CCDC138-1	CCDC138-1
TNNC1-1	TNNC1-1
HOXC10-1	HOXC10-1
DUS4L-1	DUS4L-1
FBXO31-1	FBXO31-1
LAP3-1	LAP3-1
BNIP3-1	BNIP3-1
NRG4-1	NRG4-1
MEGF6-1	MEGF6-1
RGS1-1	RGS1-1
UBE2E2-1	UBE2E2-1
TMEM243-1	TMEM243-1
VTA1-1	VTA1-1
DOCK6-1	DOCK6-1
DMXL1-1	DMXL1-1
CHST11-1	CHST11-1
RBM28-1	RBM28-1
ZSCAN5B-1	ZSCAN5B-1
MGAT4B-1	MGAT4B-1
LSM7-1	LSM7-1
USF1-1	USF1-1
PRPSAP2-1	PRPSAP2-1
RPUSD1-1	RPUSD1-1
COL4A2-1	COL4A2-1
CFAP126-1	CFAP126-1
SLC38A5-1	SLC38A5-1
ABLIM1-1	ABLIM1-1
CASP8AP2-1	CASP8AP2-1
CPT1A-1	CPT1A-1
ARHGAP12-1	ARHGAP12-1
CAPRIN1-1	CAPRIN1-1
GNS-1	GNS-1
PHAX-1	PHAX-1
PIK3R2-1	PIK3R2-1
COMMD5-1	COMMD5-1
NFKBID-1	NFKBID-1
PRICKLE3-1	PRICKLE3-1
TET1-1	TET1-1
HIST1H2AL-1	HIST1H2AL-1
LIG1-1	LIG1-1
RBM17-1	RBM17-1
C19orf71-1	C19orf71-1
HCAR1-1	HCAR1-1
LGALSL-1	LGALSL-1
LYPD3-1	LYPD3-1
RAD23A-1	RAD23A-1
PWP2-1	PWP2-1
NFKB2-1	NFKB2-1
GOLT1B-1	GOLT1B-1
FAM172A-1	FAM172A-1
CD300A-1	CD300A-1
L3MBTL4-1	L3MBTL4-1
LRRC20-1	LRRC20-1
EIF4G2-1	EIF4G2-1
TMED4-1	TMED4-1
FTSJ1-1	FTSJ1-1
CTPS1-1	CTPS1-1
LPCAT4-1	LPCAT4-1
NETO2-1	NETO2-1
ATF7IP-1	ATF7IP-1
RNF220-1	RNF220-1
CA6-1	CA6-1
LRRC75A-1	LRRC75A-1
CHST2-1	CHST2-1
MYOM1-1	MYOM1-1
ARID1B-1	ARID1B-1
SLC3A2-1	SLC3A2-1
WDR1-1	WDR1-1
CCNI2-1	CCNI2-1
OCIAD1-1	OCIAD1-1
FAM210A-1	FAM210A-1
ACTR1B-1	ACTR1B-1
TTC38-1	TTC38-1
FKBP14-1	FKBP14-1
ZNF224-1	ZNF224-1
FAM92A-1	FAM92A-1
ZNF688-1	ZNF688-1
IL4I1-1	IL4I1-1
POLD4-1	POLD4-1
HHEX-1	HHEX-1
SUMO4-1	SUMO4-1
UBE2E3-1	UBE2E3-1
CCT8-1	CCT8-1
IL1R2-1	IL1R2-1
USP14-1	USP14-1
EPS8L2-1	EPS8L2-1
MEI1-1	MEI1-1
TOMM5-1	TOMM5-1
SWSAP1-1	SWSAP1-1
ATP9A-1	ATP9A-1
MED1-1	MED1-1
USP19-1	USP19-1
SP4-1	SP4-1
BNC1-1	BNC1-1
DUXA-1	DUXA-1
DLG4-1	DLG4-1
ZNF862-1	ZNF862-1
ATP5F1D-1	ATP5F1D-1
SERPINA1-1	SERPINA1-1
UXT-1	UXT-1
CBX5-1	CBX5-1
NUDT22-1	NUDT22-1
MLANA-1	MLANA-1
ZFAND1-1	ZFAND1-1
SLC6A6-1	SLC6A6-1
FOXQ1-1	FOXQ1-1
TIMM23-1	TIMM23-1
MAGEF1-1	MAGEF1-1
HIST1H2BJ-1	HIST1H2BJ-1
C11orf49-1	C11orf49-1
THNSL1-1	THNSL1-1
CCDC107-1	CCDC107-1
NUP85-1	NUP85-1
PDP2-1	PDP2-1
GRK5-1	GRK5-1
BLK-1	BLK-1
SERPINI1-1	SERPINI1-1
SLC4A8-1	SLC4A8-1
NFAM1-1	NFAM1-1
CNN3-1	CNN3-1
TMEM53-1	TMEM53-1
LRSAM1-1	LRSAM1-1
GBF1-1	GBF1-1
USP37-1	USP37-1
LNX2-1	LNX2-1
DPM1-1	DPM1-1
BORA-1	BORA-1
PRKACB-1	PRKACB-1
MCUR1-1	MCUR1-1
UBXN2A-1	UBXN2A-1
TRRAP-1	TRRAP-1
DSP-1	DSP-1
PREP-1	PREP-1
PABPC1L-1	PABPC1L-1
STX7-1	STX7-1
PDSS1-1	PDSS1-1
CRELD1-1	CRELD1-1
MFSD9-1	MFSD9-1
TMEM254-1	TMEM254-1
UGGT1-1	UGGT1-1
NBEAL2-1	NBEAL2-1
DDX18-1	DDX18-1
NIPA1-1	NIPA1-1
NUDC-1	NUDC-1
ASB7-1	ASB7-1
MAK-1	MAK-1
C21orf91-1	C21orf91-1
BUB1-1	BUB1-1
ZNF469-1	ZNF469-1
ZBTB21-1	ZBTB21-1
EEF1AKMT3-1	EEF1AKMT3-1
PATL1-1	PATL1-1
HAGHL-1	HAGHL-1
RPIA-1	RPIA-1
ZFP37-1	ZFP37-1
CFH-1	CFH-1
FMNL2-1	FMNL2-1
TMEM104-1	TMEM104-1
PFKFB4-1	PFKFB4-1
HPCAL4-1	HPCAL4-1
EIF2B3-1	EIF2B3-1
C1orf109-1	C1orf109-1
LBHD1-1	LBHD1-1
CAMK2G-1	CAMK2G-1
STAM2-1	STAM2-1
RFX1-1	RFX1-1
FAM69B-1	FAM69B-1
HSPA9-1	HSPA9-1
SEPHS2-1	SEPHS2-1
NOLC1-1	NOLC1-1
SVIL-1	SVIL-1
DNAJA1-1	DNAJA1-1
BAD-1	BAD-1
TMEM167B-1	TMEM167B-1
RSRC1-1	RSRC1-1
PSMD12-1	PSMD12-1
TRMT10C-1	TRMT10C-1
SNRPA-1	SNRPA-1
DCP1A-1	DCP1A-1
CENPT-1	CENPT-1
ATF6-1	ATF6-1
NDUFS5-1	NDUFS5-1
CTSB-1	CTSB-1
NRIP1-1	NRIP1-1
MIA-1	MIA-1
DNAJC14-1	DNAJC14-1
IL2RG-1	IL2RG-1
GCA-1	GCA-1
CCT4-1	CCT4-1
RPE-1	RPE-1
PRMT6-1	PRMT6-1
RPL10-1	RPL10-1
BCKDK-1	BCKDK-1
DENND1B-1	DENND1B-1
ENO3-1	ENO3-1
DYNLL2-1	DYNLL2-1
PROCA1-1	PROCA1-1
ADARB1-1	ADARB1-1
ARHGEF7-1	ARHGEF7-1
ZNF506-1	ZNF506-1
STXBP5-1	STXBP5-1
ADCK5-1	ADCK5-1
IRS1-1	IRS1-1
ZNF579-1	ZNF579-1
SPN-1	SPN-1
NANP-1	NANP-1
TBCCD1-1	TBCCD1-1
TLE4-1	TLE4-1
WDR18-1	WDR18-1
BICD1-1	BICD1-1
ZNF320-1	ZNF320-1
MKI67-1	MKI67-1
RAB22A-1	RAB22A-1
ALX4-1	ALX4-1
PNPLA8-1	PNPLA8-1
BTRC-1	BTRC-1
CIAO3-1	CIAO3-1
ADAMTS10-1	ADAMTS10-1
TIMM44-1	TIMM44-1
OTX2-1	OTX2-1
WDR26-1	WDR26-1
MINPP1-1	MINPP1-1
GNPAT-1	GNPAT-1
APOBEC3F-1	APOBEC3F-1
FADS3-1	FADS3-1
SRA1-1	SRA1-1
IPO4-1	IPO4-1
RNF138-1	RNF138-1
USP5-1	USP5-1
ERAP1-1	ERAP1-1
PAM-1	PAM-1
OLIG3-1	OLIG3-1
POU4F2-1	POU4F2-1
NBEAL1-1	NBEAL1-1
TMEM154-1	TMEM154-1
LSM6-1	LSM6-1
CD96-1	CD96-1
PQBP1-1	PQBP1-1
CSH1-1	CSH1-1
PLB1-1	PLB1-1
IFRD1-1	IFRD1-1
CFAP70-1	CFAP70-1
EXO1-1	EXO1-1
GNAI1-1	GNAI1-1
TTF1-1	TTF1-1
MAP1A-1	MAP1A-1
HMCES-1	HMCES-1
SLC33A1-1	SLC33A1-1
TYK2-1	TYK2-1
UBB-1	UBB-1
L3MBTL1-1	L3MBTL1-1
SLC25A39-1	SLC25A39-1
PRDM16-1	PRDM16-1
CNOT6-1	CNOT6-1
TM4SF1-1	TM4SF1-1
ZNF391-1	ZNF391-1
GTSE1-1	GTSE1-1
DUSP2-1	DUSP2-1
FSIP1-1	FSIP1-1
NUP214-1	NUP214-1
ZNF865-1	ZNF865-1
CD9-1	CD9-1
NMT2-1	NMT2-1
COX6B1-1	COX6B1-1
AGA-1	AGA-1
CDKN2D-1	CDKN2D-1
DNAJB2-1	DNAJB2-1
LAMTOR1-1	LAMTOR1-1
MYPOP-1	MYPOP-1
HKDC1-1	HKDC1-1
COL6A3-1	COL6A3-1
DNAJB4-1	DNAJB4-1
YAE1-1	YAE1-1
NBN-1	NBN-1
SORCS3-1	SORCS3-1
GCN1-1	GCN1-1
KCNAB2-1	KCNAB2-1
CUZD1-1	CUZD1-1
COG8-1	COG8-1
CNIH4-1	CNIH4-1
GNG2-1	GNG2-1
SNX4-1	SNX4-1
MBD3-1	MBD3-1
IQGAP2-1	IQGAP2-1
NBEA-1	NBEA-1
SCAND1-1	SCAND1-1
MGST1-1	MGST1-1
NOTO-1	NOTO-1
CEP55-1	CEP55-1
ZNF692-1	ZNF692-1
SNX30-1	SNX30-1
HCK-1	HCK-1
SCARB1-1	SCARB1-1
DOCK9-1	DOCK9-1
CDKN2C-1	CDKN2C-1
SLC23A2-1	SLC23A2-1
B4GALT5-1	B4GALT5-1
ZNF629-1	ZNF629-1
KRT18-1	KRT18-1
FNDC3A-1	FNDC3A-1
CCDC82-1	CCDC82-1
TUT4-1	TUT4-1
HOXD13-1	HOXD13-1
MYBBP1A-1	MYBBP1A-1
DPY19L1-1	DPY19L1-1
RFTN1-1	RFTN1-1
NSUN5-1	NSUN5-1
MARCKSL1-1	MARCKSL1-1
RTCA-1	RTCA-1
UBE2B-1	UBE2B-1
SLC1A4-1	SLC1A4-1
NDUFS8-1	NDUFS8-1
ALDH8A1-1	ALDH8A1-1
ARL10-1	ARL10-1
ETV3-1	ETV3-1
DVL1-1	DVL1-1
HOXD10-1	HOXD10-1
KIDINS220-1	KIDINS220-1
IQCG-1	IQCG-1
MBOAT2-1	MBOAT2-1
EPN2-1	EPN2-1
BMT2-1	BMT2-1
ACADM-1	ACADM-1
HAUS6-1	HAUS6-1
ZNF831-1	ZNF831-1
VWDE-1	VWDE-1
SNX14-1	SNX14-1
STK4-1	STK4-1
NUDT14-1	NUDT14-1
S100A4-1	S100A4-1
MASP2-1	MASP2-1
ZNF804A-1	ZNF804A-1
SYCE2-1	SYCE2-1
MIF4GD-1	MIF4GD-1
BIK-1	BIK-1
IFIT5-1	IFIT5-1
ARSA-1	ARSA-1
PIGBOS1-1	PIGBOS1-1
ABCB1-1	ABCB1-1
FARP2-1	FARP2-1
RBP2-1	RBP2-1
KIFC3-1	KIFC3-1
LAMA3-1	LAMA3-1
ADAM8-1	ADAM8-1
EDEM1-1	EDEM1-1
STK35-1	STK35-1
NPAS4-1	NPAS4-1
WNT9A-1	WNT9A-1
RDX-1	RDX-1
TBC1D10A-1	TBC1D10A-1
AGPAT5-1	AGPAT5-1
MUCL1-1	MUCL1-1
CALM2-1	CALM2-1
IKBKE-1	IKBKE-1
TAF7-1	TAF7-1
CTU2-1	CTU2-1
ACOX3-1	ACOX3-1
DHFR2-1	DHFR2-1
PITPNM1-1	PITPNM1-1
SPAG1-1	SPAG1-1
NUP35-1	NUP35-1
FUOM-1	FUOM-1
SLC25A11-1	SLC25A11-1
AURKA-1	AURKA-1
ZBTB43-1	ZBTB43-1
LPAR5-1	LPAR5-1
HMGCL-1	HMGCL-1
APBA2-1	APBA2-1
ANKRD36B-1	ANKRD36B-1
DARS2-1	DARS2-1
RAI2-1	RAI2-1
IGIP-1	IGIP-1
CYC1-1	CYC1-1
CCT3-1	CCT3-1
SLPI-1	SLPI-1
CPEB1-1	CPEB1-1
ODF3B-1	ODF3B-1
STRN3-1	STRN3-1
GATAD1-1	GATAD1-1
MRPS25-1	MRPS25-1
SLC4A1AP-1	SLC4A1AP-1
TFAP2C-1	TFAP2C-1
CDH1-1	CDH1-1
ZDHHC9-1	ZDHHC9-1
PMS1-1	PMS1-1
PERP-1	PERP-1
CEMIP2-1	CEMIP2-1
RUBCN-1	RUBCN-1
PIGP-1	PIGP-1
RAB3B-1	RAB3B-1
SLAIN2-1	SLAIN2-1
PDRG1-1	PDRG1-1
TRIP13-1	TRIP13-1
PRKCB-1	PRKCB-1
GSTP1-1	GSTP1-1
ARMT1-1	ARMT1-1
HERC1-1	HERC1-1
CRAMP1-1	CRAMP1-1
C19orf53-1	C19orf53-1
CCDC93-1	CCDC93-1
SUOX-1	SUOX-1
TTC8-1	TTC8-1
RRP36-1	RRP36-1
ATP2A3-1	ATP2A3-1
GNAI3-1	GNAI3-1
RCSD1-1	RCSD1-1
KDM5D-1	KDM5D-1
PHLDB2-1	PHLDB2-1
ABCC4-1	ABCC4-1
CAPN2-1	CAPN2-1
CREBRF-1	CREBRF-1
LIN7B-1	LIN7B-1
SETBP1-1	SETBP1-1
GREM2-1	GREM2-1
RPRD1B-1	RPRD1B-1
ADCK2-1	ADCK2-1
C11orf24-1	C11orf24-1
FAM32A-1	FAM32A-1
UCN-1	UCN-1
TPRG1L-1	TPRG1L-1
SUB1-1	SUB1-1
CTCF-1	CTCF-1
LHFPL5-1	LHFPL5-1
EGF-1	EGF-1
NPAS3-1	NPAS3-1
RAC2-1	RAC2-1
SDR39U1-1	SDR39U1-1
ZFP62-1	ZFP62-1
CLASP2-1	CLASP2-1
XRRA1-1	XRRA1-1
TOMM7-1	TOMM7-1
ANKHD1-EIF4EBP3-1	ANKHD1-EIF4EBP3-1
ZNF618-1	ZNF618-1
PSPH-1	PSPH-1
VPS25-1	VPS25-1
ALDH5A1-1	ALDH5A1-1
FAM149B1-1	FAM149B1-1
CYB561A3-1	CYB561A3-1
GPR174-1	GPR174-1
EIF3F-1	EIF3F-1
CSTF1-1	CSTF1-1
CHKB-1	CHKB-1
TANC2-1	TANC2-1
LAMP3-1	LAMP3-1
BCL11A-1	BCL11A-1
SMYD4-1	SMYD4-1
ENC1-1	ENC1-1
MYH14-1	MYH14-1
CDK4-1	CDK4-1
ZNF318-1	ZNF318-1
SLC4A2-1	SLC4A2-1
STX11-1	STX11-1
SLC25A14-1	SLC25A14-1
NVL-1	NVL-1
MRPL13-1	MRPL13-1
ZNF79-1	ZNF79-1
UTP25-1	UTP25-1
ABCE1-1	ABCE1-1
PRKX-1	PRKX-1
EIF5A2-1	EIF5A2-1
GSTA1-1	GSTA1-1
KLHL11-1	KLHL11-1
PPDPF-1	PPDPF-1
CLTA-1	CLTA-1
SPTLC2-1	SPTLC2-1
CXCL5-1	CXCL5-1
PLA2G12A-1	PLA2G12A-1
ANKRD17-1	ANKRD17-1
IFNG-1	IFNG-1
DMD-1	DMD-1
ZNF684-1	ZNF684-1
MCPH1-1	MCPH1-1
HAND2-1	HAND2-1
TEAD3-1	TEAD3-1
DEPTOR-1	DEPTOR-1
C19orf48-1	C19orf48-1
RFX5-1	RFX5-1
GTF2IRD1-1	GTF2IRD1-1
PLSCR1-1	PLSCR1-1
TST-1	TST-1
DAZAP2-1	DAZAP2-1
LARGE2-1	LARGE2-1
STIP1-1	STIP1-1
C10orf105-1	C10orf105-1
HEMK1-1	HEMK1-1
TBC1D17-1	TBC1D17-1
STRBP-1	STRBP-1
SNX1-1	SNX1-1
EGLN3-1	EGLN3-1
PHLPP2-1	PHLPP2-1
TNFSF14-1	TNFSF14-1
TAS2R5-1	TAS2R5-1
USP12-1	USP12-1
SUSD6-1	SUSD6-1
HYKK-1	HYKK-1
RBPMS-1	RBPMS-1
RBMXL1-1	RBMXL1-1
HPCAL1-1	HPCAL1-1
PFDN2-1	PFDN2-1
VPS13D-1	VPS13D-1
ASAH2B-1	ASAH2B-1
TACC2-1	TACC2-1
ITPR1-1	ITPR1-1
ABL1-1	ABL1-1
SLC9A7-1	SLC9A7-1
DGKQ-1	DGKQ-1
SEPT5-1	SEPT5-1
NUMBL-1	NUMBL-1
C16orf46-1	C16orf46-1
ZNF480-1	ZNF480-1
BBX-1	BBX-1
PDLIM1-1	PDLIM1-1
FOXRED2-1	FOXRED2-1
SCOC-1	SCOC-1
ACTR6-1	ACTR6-1
CCDC25-1	CCDC25-1
C7orf31-1	C7orf31-1
STAMBPL1-1	STAMBPL1-1
FOXJ3-1	FOXJ3-1
MAPK11-1	MAPK11-1
FASTKD5-1	FASTKD5-1
PARP6-1	PARP6-1
THAP1-1	THAP1-1
NFIC-1	NFIC-1
RCCD1-1	RCCD1-1
ZIC5-1	ZIC5-1
SPIN3-1	SPIN3-1
CD2BP2-1	CD2BP2-1
CLSPN-1	CLSPN-1
UBE2E1-1	UBE2E1-1
OIP5-1	OIP5-1
C8orf88-1	C8orf88-1
MTMR6-1	MTMR6-1
C17orf75-1	C17orf75-1
RUNX3-1	RUNX3-1
ERMAP-1	ERMAP-1
TIMP3-1	TIMP3-1
RBM34-1	RBM34-1
VIPR2-1	VIPR2-1
ZDHHC24-1	ZDHHC24-1
TMEM110-MUSTN1-1	TMEM110-MUSTN1-1
ZNF582-1	ZNF582-1
KCTD6-1	KCTD6-1
BLOC1S2-1	BLOC1S2-1
NKX6-1-1	NKX6-1-1
SPG7-1	SPG7-1
TAF1D-1	TAF1D-1
ABCC2-1	ABCC2-1
CD86-1	CD86-1
ATP6V1H-1	ATP6V1H-1
IL1A-1	IL1A-1
OXR1-1	OXR1-1
DOLK-1	DOLK-1
RTKN2-1	RTKN2-1
ACKR3-1	ACKR3-1
LRRC29-1	LRRC29-1
POLR3G-1	POLR3G-1
SOD2-1	SOD2-1
PTRHD1-1	PTRHD1-1
SNX5-1	SNX5-1
HIST1H3F-1	HIST1H3F-1
MRPS16-1	MRPS16-1
LIN9-1	LIN9-1
MYCBPAP-1	MYCBPAP-1
C1QC-1	C1QC-1
CENPJ-1	CENPJ-1
LPIN2-1	LPIN2-1
TESPA1-1	TESPA1-1
GLT8D1-1	GLT8D1-1
EFCAB7-1	EFCAB7-1
VWCE-1	VWCE-1
ELMOD3-1	ELMOD3-1
HSPE1-MOB4-1	HSPE1-MOB4-1
SRSF3-1	SRSF3-1
GSKIP-1	GSKIP-1
ADAMTSL5-1	ADAMTSL5-1
YIPF2-1	YIPF2-1
FAM120A-1	FAM120A-1
PLBD1-1	PLBD1-1
GNA13-1	GNA13-1
FAM57A-1	FAM57A-1
ARMCX2-1	ARMCX2-1
HOXA11-1	HOXA11-1
HS3ST3B1-1	HS3ST3B1-1
HIGD1A-1	HIGD1A-1
PAFAH2-1	PAFAH2-1
TIGD6-1	TIGD6-1
KMT2D-1	KMT2D-1
IL13RA1-1	IL13RA1-1
AZGP1-1	AZGP1-1
LONRF3-1	LONRF3-1
CAPN1-1	CAPN1-1
ZFPL1-1	ZFPL1-1
MTPN-1	MTPN-1
PTMS-1	PTMS-1
CMTM6-1	CMTM6-1
PTGS1-1	PTGS1-1
ALDOB-1	ALDOB-1
CDNF-1	CDNF-1
CYP51A1-1	CYP51A1-1
WDR45B-1	WDR45B-1
GOT1-1	GOT1-1
SDHC-1	SDHC-1
INPP4B-1	INPP4B-1
APOE-1	APOE-1
CCNG2-1	CCNG2-1
PCSK1N-1	PCSK1N-1
TMPPE-1	TMPPE-1
CRTAM-1	CRTAM-1
HSPBP1-1	HSPBP1-1
HAUS1-1	HAUS1-1
SERPINE1-1	SERPINE1-1
CALCOCO2-1	CALCOCO2-1
MTMR8-1	MTMR8-1
ZNF682-1	ZNF682-1
ATP11C-1	ATP11C-1
BTAF1-1	BTAF1-1
PLXNA1-1	PLXNA1-1
REV3L-1	REV3L-1
DMRTC2-1	DMRTC2-1
SLC37A1-1	SLC37A1-1
POM121-1	POM121-1
SP5-1	SP5-1
POLR1C-1	POLR1C-1
KATNAL1-1	KATNAL1-1
HOXB6-1	HOXB6-1
NAGA-1	NAGA-1
PDF-1	PDF-1
UBE2K-1	UBE2K-1
C16orf91-1	C16orf91-1
HIST2H2BE-1	HIST2H2BE-1
CYSLTR2-1	CYSLTR2-1
CD3E-1	CD3E-1
SCNM1-1	SCNM1-1
RILPL1-1	RILPL1-1
TSHZ2-1	TSHZ2-1
XPO6-1	XPO6-1
FLCN-1	FLCN-1
FAM184B-1	FAM184B-1
POU6F2-1	POU6F2-1
NMT1-1	NMT1-1
LHX6-1	LHX6-1
TFB2M-1	TFB2M-1
IFT80-1	IFT80-1
ZBTB48-1	ZBTB48-1
SNRPD2-1	SNRPD2-1
TNFAIP1-1	TNFAIP1-1
NFIB-1	NFIB-1
SLC17A3-1	SLC17A3-1
CNOT1-1	CNOT1-1
SUPT16H-1	SUPT16H-1
GPN1-1	GPN1-1
JHY-1	JHY-1
SREBF1-1	SREBF1-1
EXOC3-1	EXOC3-1
CIC-1	CIC-1
CEBPG-1	CEBPG-1
HIRA-1	HIRA-1
MRPS14-1	MRPS14-1
CSF2RB-1	CSF2RB-1
EVI5-1	EVI5-1
DBNL-1	DBNL-1
MTA2-1	MTA2-1
DZIP3-1	DZIP3-1
CALML4-1	CALML4-1
C1S-1	C1S-1
GSX1-1	GSX1-1
NUB1-1	NUB1-1
HSF2-1	HSF2-1
ACAT2-1	ACAT2-1
PER3-1	PER3-1
PAGR1-1	PAGR1-1
DPY19L3-1	DPY19L3-1
AGR2-1	AGR2-1
DDX54-1	DDX54-1
ZFP1-1	ZFP1-1
ARHGAP24-1	ARHGAP24-1
CHERP-1	CHERP-1
TOM1-1	TOM1-1
KIAA2013-1	KIAA2013-1
PLS1-1	PLS1-1
PACS1-1	PACS1-1
CMTR1-1	CMTR1-1
PDIA6-1	PDIA6-1
SF3B2-1	SF3B2-1
RBMX2-1	RBMX2-1
FANCL-1	FANCL-1
SCAP-1	SCAP-1
MOSPD2-1	MOSPD2-1
ACTR3B-1	ACTR3B-1
MRFAP1-1	MRFAP1-1
ARNTL2-1	ARNTL2-1
EPHA4-1	EPHA4-1
NDC1-1	NDC1-1
SLC35B4-1	SLC35B4-1
LRRC41-1	LRRC41-1
DSTN-1	DSTN-1
MTRNR2L8-1	MTRNR2L8-1
PTPRJ-1	PTPRJ-1
MAP3K7-1	MAP3K7-1
KHDC4-1	KHDC4-1
RNF208-1	RNF208-1
ST6GALNAC4-1	ST6GALNAC4-1
CHEK1-1	CHEK1-1
MPP1-1	MPP1-1
BTBD9-1	BTBD9-1
SLC38A2-1	SLC38A2-1
SSRP1-1	SSRP1-1
WRAP73-1	WRAP73-1
NHSL2-1	NHSL2-1
SPTSSB-1	SPTSSB-1
NSMF-1	NSMF-1
FMN1-1	FMN1-1
C11orf80-1	C11orf80-1
SLC16A13-1	SLC16A13-1
RBM18-1	RBM18-1
ASNS-1	ASNS-1
CACNB4-1	CACNB4-1
NIP7-1	NIP7-1
PHACTR2-1	PHACTR2-1
ACACB-1	ACACB-1
COA6-1	COA6-1
OSBPL8-1	OSBPL8-1
TENT5A-1	TENT5A-1
RAB40B-1	RAB40B-1
SLC38A10-1	SLC38A10-1
C2orf42-1	C2orf42-1
OCRL-1	OCRL-1
ARL8A-1	ARL8A-1
MMAB-1	MMAB-1
MYCN-1	MYCN-1
TBC1D10B-1	TBC1D10B-1
DZIP1-1	DZIP1-1
GPN2-1	GPN2-1
PPP3CA-1	PPP3CA-1
ATOH1-1	ATOH1-1
TSPAN18-1	TSPAN18-1
RNF32-1	RNF32-1
ZNF155-1	ZNF155-1
C17orf51-1	C17orf51-1
MFAP3-1	MFAP3-1
SRPK1-1	SRPK1-1
PIK3IP1-1	PIK3IP1-1
DENND4A-1	DENND4A-1
TOR1AIP2-1	TOR1AIP2-1
IWS1-1	IWS1-1
C6orf163-1	C6orf163-1
ZER1-1	ZER1-1
HINT1-1	HINT1-1
ATOH7-1	ATOH7-1
SLC2A6-1	SLC2A6-1
PRKAB2-1	PRKAB2-1
SMOX-1	SMOX-1
EIF5B-1	EIF5B-1
CEP76-1	CEP76-1
CCDC34-1	CCDC34-1
UQCRQ-1	UQCRQ-1
SIGMAR1-1	SIGMAR1-1
LARP4-1	LARP4-1
SLC17A9-1	SLC17A9-1
FKBP8-1	FKBP8-1
ZNF606-1	ZNF606-1
RAB27A-1	RAB27A-1
PRIM2-1	PRIM2-1
ZNF467-1	ZNF467-1
C1orf35-1	C1orf35-1
RAB36-1	RAB36-1
EGLN2-1	EGLN2-1
ADNP-1	ADNP-1
PCNX2-1	PCNX2-1
AMDHD2-1	AMDHD2-1
DUSP3-1	DUSP3-1
KIAA1958-1	KIAA1958-1
COX4I1-1	COX4I1-1
SAT1-1	SAT1-1
TCOF1-1	TCOF1-1
SLC1A5-1	SLC1A5-1
SPATA7-1	SPATA7-1
CRTC3-1	CRTC3-1
ABHD12-1	ABHD12-1
LDAH-1	LDAH-1
PRELID2-1	PRELID2-1
BRD4-1	BRD4-1
CIB1-1	CIB1-1
RALB-1	RALB-1
PDAP1-1	PDAP1-1
AP1AR-1	AP1AR-1
SEL1L3-1	SEL1L3-1
BUB3-1	BUB3-1
HMX2-1	HMX2-1
PIGM-1	PIGM-1
PPP1R3B-1	PPP1R3B-1
C15orf39-1	C15orf39-1
UAP1L1-1	UAP1L1-1
POU2F3-1	POU2F3-1
KIF18A-1	KIF18A-1
ZNF394-1	ZNF394-1
CHRAC1-1	CHRAC1-1
POLK-1	POLK-1
TMCO6-1	TMCO6-1
GDAP2-1	GDAP2-1
DTWD2-1	DTWD2-1
ZBTB40-1	ZBTB40-1
ZC3H4-1	ZC3H4-1
BRICD5-1	BRICD5-1
ZNF121-1	ZNF121-1
TRAM2-1	TRAM2-1
ATN1-1	ATN1-1
TP53INP2-1	TP53INP2-1
C12orf60-1	C12orf60-1
CCNB2-1	CCNB2-1
GDI2-1	GDI2-1
CD81-1	CD81-1
JAM3-1	JAM3-1
GCC2-1	GCC2-1
IBA57-1	IBA57-1
MRPL51-1	MRPL51-1
DMRTB1-1	DMRTB1-1
DDX55-1	DDX55-1
CORO6-1	CORO6-1
ERCC3-1	ERCC3-1
WDSUB1-1	WDSUB1-1
ETV5-1	ETV5-1
CDKL5-1	CDKL5-1
ZMYM3-1	ZMYM3-1
TEFM-1	TEFM-1
RNF14-1	RNF14-1
LPXN-1	LPXN-1
AMT-1	AMT-1
CEP104-1	CEP104-1
C3-1	C3-1
ME3-1	ME3-1
GRAMD1A-1	GRAMD1A-1
EMX1-1	EMX1-1
MRNIP-1	MRNIP-1
YPEL1-1	YPEL1-1
MAN1C1-1	MAN1C1-1
SMARCD3-1	SMARCD3-1
SRSF9-1	SRSF9-1
TRIP6-1	TRIP6-1
COQ10A-1	COQ10A-1
HLF-1	HLF-1
RYR3-1	RYR3-1
PALB2-1	PALB2-1
KLF6-1	KLF6-1
EBNA1BP2-1	EBNA1BP2-1
MFGE8-1	MFGE8-1
MDM1-1	MDM1-1
P2RX1-1	P2RX1-1
CTNNBL1-1	CTNNBL1-1
PSMB1-1	PSMB1-1
RPS6KB2-1	RPS6KB2-1
CCR9-1	CCR9-1
LASP1-1	LASP1-1
LIN28A-1	LIN28A-1
TLE1-1	TLE1-1
TRAM1-1	TRAM1-1
JAK1-1	JAK1-1
PWWP2A-1	PWWP2A-1
TGFBR1-1	TGFBR1-1
C15orf53-1	C15orf53-1
DAGLA-1	DAGLA-1
CSNK2A2-1	CSNK2A2-1
BMP8A-1	BMP8A-1
TMEM117-1	TMEM117-1
DGKD-1	DGKD-1
OSTC-1	OSTC-1
SMPD4-1	SMPD4-1
CD163-1	CD163-1
HOXA9-1	HOXA9-1
FRMD4A-1	FRMD4A-1
UBE2T-1	UBE2T-1
IRAK4-1	IRAK4-1
MTFR2-1	MTFR2-1
RNF111-1	RNF111-1
ZNF841-1	ZNF841-1
ALKBH5-1	ALKBH5-1
STRAP-1	STRAP-1
SLC25A17-1	SLC25A17-1
UACA-1	UACA-1
ZSCAN1-1	ZSCAN1-1
LSG1-1	LSG1-1
VCL-1	VCL-1
NCOA7-1	NCOA7-1
USP18-1	USP18-1
TTC30B-1	TTC30B-1
RAP1A-1	RAP1A-1
FZD6-1	FZD6-1
CTBP1-1	CTBP1-1
DTNBP1-1	DTNBP1-1
OPRL1-1	OPRL1-1
LIME1-1	LIME1-1
PTGDS-1	PTGDS-1
OLFM4-1	OLFM4-1
FEZ2-1	FEZ2-1
KBTBD4-1	KBTBD4-1
ZNF212-1	ZNF212-1
SLC25A13-1	SLC25A13-1
HIST1H2BB-1	HIST1H2BB-1
CDC37L1-1	CDC37L1-1
PYGM-1	PYGM-1
EGLN1-1	EGLN1-1
HELZ2-1	HELZ2-1
COX16-1	COX16-1
NOMO2-1	NOMO2-1
VPS4A-1	VPS4A-1
ZADH2-1	ZADH2-1
CRK-1	CRK-1
FBXO7-1	FBXO7-1
THOC7-1	THOC7-1
HMGN4-1	HMGN4-1
TARS2-1	TARS2-1
CMKLR1-1	CMKLR1-1
PPARG-1	PPARG-1
ZNF789-1	ZNF789-1
NLRP3-1	NLRP3-1
ARX-1	ARX-1
UVRAG-1	UVRAG-1
CEP85-1	CEP85-1
CRIP2-1	CRIP2-1
TENT4B-1	TENT4B-1
NAALADL1-1	NAALADL1-1
NDUFB8-1	NDUFB8-1
PCGF1-1	PCGF1-1
RPS6KA4-1	RPS6KA4-1
INPP5B-1	INPP5B-1
KCNQ1-1	KCNQ1-1
EMC6-1	EMC6-1
NFKBIB-1	NFKBIB-1
ZNF148-1	ZNF148-1
NDUFS2-1	NDUFS2-1
NAP1L5-1	NAP1L5-1
TIRAP-1	TIRAP-1
ZNF556-1	ZNF556-1
SERPINB8-1	SERPINB8-1
NIF3L1-1	NIF3L1-1
SMPD2-1	SMPD2-1
SEMA4F-1	SEMA4F-1
RC3H2-1	RC3H2-1
FSBP-1	FSBP-1
SPATA2L-1	SPATA2L-1
GPR180-1	GPR180-1
NAGK-1	NAGK-1
NOBOX-1	NOBOX-1
ADCY1-1	ADCY1-1
MCEMP1-1	MCEMP1-1
G3BP2-1	G3BP2-1
CHURC1-1	CHURC1-1
MCC-1	MCC-1
HDHD2-1	HDHD2-1
DNAJC8-1	DNAJC8-1
PPP2R5E-1	PPP2R5E-1
JOSD1-1	JOSD1-1
SLC25A30-1	SLC25A30-1
ASRGL1-1	ASRGL1-1
DNAL4-1	DNAL4-1
IFT52-1	IFT52-1
SYCE1L-1	SYCE1L-1
OST4-1	OST4-1
CALR-1	CALR-1
CXorf56-1	CXorf56-1
BBS9-1	BBS9-1
C5orf22-1	C5orf22-1
NFIX-1	NFIX-1
NF2-1	NF2-1
ADH5-1	ADH5-1
MAP4K4-1	MAP4K4-1
IGSF9B-1	IGSF9B-1
PGBD2-1	PGBD2-1
SIX5-1	SIX5-1
FAM45A-1	FAM45A-1
PYHIN1-1	PYHIN1-1
TBKBP1-1	TBKBP1-1
CAMKK1-1	CAMKK1-1
JAK2-1	JAK2-1
MAGOH-1	MAGOH-1
ETNK1-1	ETNK1-1
CMPK2-1	CMPK2-1
FBXL6-1	FBXL6-1
SKP2-1	SKP2-1
PIDD1-1	PIDD1-1
SLC39A10-1	SLC39A10-1
GDPGP1-1	GDPGP1-1
ZNF22-1	ZNF22-1
RAMAC-1	RAMAC-1
OTX1-1	OTX1-1
ARV1-1	ARV1-1
GZMH-1	GZMH-1
AIG1-1	AIG1-1
GLG1-1	GLG1-1
SNRK-1	SNRK-1
DCAF17-1	DCAF17-1
TCTEX1D4-1	TCTEX1D4-1
ZNHIT6-1	ZNHIT6-1
ZC3H13-1	ZC3H13-1
TIGAR-1	TIGAR-1
AKNA-1	AKNA-1
ST20-1	ST20-1
VTI1A-1	VTI1A-1
KRIT1-1	KRIT1-1
SIX2-1	SIX2-1
C2CD2L-1	C2CD2L-1
EVL-1	EVL-1
ZSCAN10-1	ZSCAN10-1
NAPG-1	NAPG-1
ZNF230-1	ZNF230-1
RPLP1-1	RPLP1-1
HNRNPU-1	HNRNPU-1
ZNF254-1	ZNF254-1
EGFL6-1	EGFL6-1
LY75-1	LY75-1
PRRT3-1	PRRT3-1
HSDL2-1	HSDL2-1
DMRTA1-1	DMRTA1-1
COL4A3BP-1	COL4A3BP-1
CHPF-1	CHPF-1
PSME4-1	PSME4-1
TPD52L1-1	TPD52L1-1
THG1L-1	THG1L-1
SNX24-1	SNX24-1
GRSF1-1	GRSF1-1
PNPLA4-1	PNPLA4-1
APOL2-1	APOL2-1
AFAP1-1	AFAP1-1
SLC7A5-1	SLC7A5-1
SKA3-1	SKA3-1
ATP6AP2-1	ATP6AP2-1
IL6R-1	IL6R-1
THOC5-1	THOC5-1
TMEM223-1	TMEM223-1
NOL7-1	NOL7-1
BCL7B-1	BCL7B-1
FAM104A-1	FAM104A-1
TCF7L2-1	TCF7L2-1
ARL9-1	ARL9-1
KCNC3-1	KCNC3-1
MICALL1-1	MICALL1-1
UHMK1-1	UHMK1-1
ZNF142-1	ZNF142-1
GTF2A2-1	GTF2A2-1
PUS1-1	PUS1-1
ITGB1-1	ITGB1-1
SLC25A40-1	SLC25A40-1
DAPK2-1	DAPK2-1
TIAM2-1	TIAM2-1
ISOC2-1	ISOC2-1
GABARAPL1-1	GABARAPL1-1
LTF-1	LTF-1
TUBGCP2-1	TUBGCP2-1
PLA2G2A-1	PLA2G2A-1
RORB-1	RORB-1
TPP2-1	TPP2-1
FANCE-1	FANCE-1
BORCS8-MEF2B-1	BORCS8-MEF2B-1
F2R-1	F2R-1
BACE1-1	BACE1-1
DDHD1-1	DDHD1-1
UHRF1-1	UHRF1-1
ABHD14A-1	ABHD14A-1
SPINK4-1	SPINK4-1
CDK20-1	CDK20-1
TRIM65-1	TRIM65-1
UBE3B-1	UBE3B-1
HIST1H4K-1	HIST1H4K-1
CCDC117-1	CCDC117-1
SNRPA1-1	SNRPA1-1
TUBA1B-1	TUBA1B-1
TMC8-1	TMC8-1
HAVCR2-1	HAVCR2-1
FBL-1	FBL-1
PINK1-1	PINK1-1
RAC3-1	RAC3-1
TLN2-1	TLN2-1
C12orf73-1	C12orf73-1
METTL14-1	METTL14-1
CNPY2-1	CNPY2-1
ATP1B1-1	ATP1B1-1
CAMTA1-1	CAMTA1-1
PDE6G-1	PDE6G-1
TOP2A-1	TOP2A-1
PLXNB2-1	PLXNB2-1
FAM89B-1	FAM89B-1
AES-1	AES-1
SMCHD1-1	SMCHD1-1
DAP3-1	DAP3-1
GNAL-1	GNAL-1
TIMM9-1	TIMM9-1
STRN-1	STRN-1
NFKB1-1	NFKB1-1
SPCS1-1	SPCS1-1
PNO1-1	PNO1-1
PPP6R1-1	PPP6R1-1
VILL-1	VILL-1
POGLUT1-1	POGLUT1-1
ZNHIT2-1	ZNHIT2-1
FABP3-1	FABP3-1
NDUFB4-1	NDUFB4-1
KRBA2-1	KRBA2-1
TAF2-1	TAF2-1
ISOC1-1	ISOC1-1
TNFRSF21-1	TNFRSF21-1
MTIF2-1	MTIF2-1
PTGER3-1	PTGER3-1
FKBP4-1	FKBP4-1
SZRD1-1	SZRD1-1
SBNO1-1	SBNO1-1
GMFG-1	GMFG-1
MLN-1	MLN-1
C4orf19-1	C4orf19-1
PEX16-1	PEX16-1
ZNF157-1	ZNF157-1
MDM4-1	MDM4-1
PBRM1-1	PBRM1-1
SNAP25-1	SNAP25-1
TIMM10B-1	TIMM10B-1
POU5F1B-1	POU5F1B-1
DPP8-1	DPP8-1
FARSA-1	FARSA-1
CCDC85B-1	CCDC85B-1
UBE2J1-1	UBE2J1-1
SOX6-1	SOX6-1
NECTIN1-1	NECTIN1-1
PPRC1-1	PPRC1-1
IAH1-1	IAH1-1
SAPCD2-1	SAPCD2-1
TBCE-1	TBCE-1
RPUSD3-1	RPUSD3-1
HIST1H2BG-1	HIST1H2BG-1
SMU1-1	SMU1-1
IFRD2-1	IFRD2-1
ZNF555-1	ZNF555-1
OSBPL3-1	OSBPL3-1
RASD1-1	RASD1-1
CD8B-1	CD8B-1
ZDHHC5-1	ZDHHC5-1
UBR2-1	UBR2-1
TCTN3-1	TCTN3-1
NUDT9-1	NUDT9-1
ZNF69-1	ZNF69-1
GID8-1	GID8-1
SLC44A5-1	SLC44A5-1
CFAP20-1	CFAP20-1
FITM1-1	FITM1-1
OVOL1-1	OVOL1-1
ASCL2-1	ASCL2-1
RCN3-1	RCN3-1
JRKL-1	JRKL-1
CHIC2-1	CHIC2-1
MARS2-1	MARS2-1
ZNF319-1	ZNF319-1
ZNF853-1	ZNF853-1
SUPT4H1-1	SUPT4H1-1
SUMO1-1	SUMO1-1
TSPAN14-1	TSPAN14-1
KIF15-1	KIF15-1
JDP2-1	JDP2-1
BCORL1-1	BCORL1-1
ARHGAP35-1	ARHGAP35-1
DHX29-1	DHX29-1
SPARC-1	SPARC-1
CDC6-1	CDC6-1
MED27-1	MED27-1
ARHGAP1-1	ARHGAP1-1
RPL27-1	RPL27-1
BAG1-1	BAG1-1
TEDC2-1	TEDC2-1
MAOA-1	MAOA-1
PKN1-1	PKN1-1
STC2-1	STC2-1
PSMB4-1	PSMB4-1
KLHL3-1	KLHL3-1
PAQR7-1	PAQR7-1
MRM3-1	MRM3-1
RCN1-1	RCN1-1
GOLPH3L-1	GOLPH3L-1
CYB5R1-1	CYB5R1-1
UTP4-1	UTP4-1
NRDC-1	NRDC-1
FNBP1-1	FNBP1-1
ARCN1-1	ARCN1-1
KIAA0408-1	KIAA0408-1
BRK1-1	BRK1-1
KRTCAP2-1	KRTCAP2-1
NELL2-1	NELL2-1
FHL2-1	FHL2-1
ESPL1-1	ESPL1-1
ACVR2B-1	ACVR2B-1
SKI-1	SKI-1
HPF1-1	HPF1-1
RFX8-1	RFX8-1
MRPS26-1	MRPS26-1
DYNC2LI1-1	DYNC2LI1-1
CEBPE-1	CEBPE-1
GNE-1	GNE-1
TP53I11-1	TP53I11-1
ZNF114-1	ZNF114-1
C11orf54-1	C11orf54-1
GSTM2-1	GSTM2-1
PTCD3-1	PTCD3-1
SDF2-1	SDF2-1
AP1G1-1	AP1G1-1
PIP5K1A-1	PIP5K1A-1
CWF19L2-1	CWF19L2-1
CDC7-1	CDC7-1
LRRC46-1	LRRC46-1
MCAM-1	MCAM-1
MTMR1-1	MTMR1-1
ARF5-1	ARF5-1
ZMIZ2-1	ZMIZ2-1
SECISBP2-1	SECISBP2-1
CDHR3-1	CDHR3-1
HACL1-1	HACL1-1
INO80C-1	INO80C-1
PGM3-1	PGM3-1
SPINDOC-1	SPINDOC-1
RGS10-1	RGS10-1
CYP2U1-1	CYP2U1-1
GSDMA-1	GSDMA-1
COG5-1	COG5-1
RBM44-1	RBM44-1
DCAF11-1	DCAF11-1
RCBTB2-1	RCBTB2-1
BATF-1	BATF-1
ANKRD37-1	ANKRD37-1
SLC35A1-1	SLC35A1-1
EFNA4-1	EFNA4-1
AMIGO2-1	AMIGO2-1
ORMDL1-1	ORMDL1-1
ULK3-1	ULK3-1
AP4B1-1	AP4B1-1
FAM136A-1	FAM136A-1
DGCR8-1	DGCR8-1
IPP-1	IPP-1
TSPAN3-1	TSPAN3-1
FAM8A1-1	FAM8A1-1
CPLANE1-1	CPLANE1-1
TNFSF13B-1	TNFSF13B-1
EIF3J-1	EIF3J-1
PIWIL4-1	PIWIL4-1
CACNA1A-1	CACNA1A-1
MRPL30-1	MRPL30-1
BIRC2-1	BIRC2-1
ATP6V0D1-1	ATP6V0D1-1
CACNA2D2-1	CACNA2D2-1
TRPC4AP-1	TRPC4AP-1
THUMPD3-1	THUMPD3-1
DIP2A-1	DIP2A-1
MTOR-1	MTOR-1
HDAC2-1	HDAC2-1
PLAGL2-1	PLAGL2-1
ICE2-1	ICE2-1
TDG-1	TDG-1
SYTL3-1	SYTL3-1
ZNF592-1	ZNF592-1
LZIC-1	LZIC-1
TXNDC15-1	TXNDC15-1
ADTRP-1	ADTRP-1
LRMP-1	LRMP-1
ACTR2-1	ACTR2-1
COMMD2-1	COMMD2-1
CD248-1	CD248-1
MPV17-1	MPV17-1
C11orf68-1	C11orf68-1
ZNF585A-1	ZNF585A-1
LUC7L-1	LUC7L-1
MIER3-1	MIER3-1
CLEC16A-1	CLEC16A-1
RCN2-1	RCN2-1
GSTM1-1	GSTM1-1
TAF3-1	TAF3-1
CSNK1D-1	CSNK1D-1
ACBD4-1	ACBD4-1
VPS26A-1	VPS26A-1
GMPPA-1	GMPPA-1
LARP1-1	LARP1-1
SKOR1-1	SKOR1-1
WBP1L-1	WBP1L-1
VPS41-1	VPS41-1
NOL12-1	NOL12-1
MED22-1	MED22-1
RRAS-1	RRAS-1
SRSF1-1	SRSF1-1
HSP90B1-1	HSP90B1-1
PSTPIP1-1	PSTPIP1-1
ILF3-1	ILF3-1
RMI1-1	RMI1-1
RANGRF-1	RANGRF-1
RHOH-1	RHOH-1
GNGT2-1	GNGT2-1
FAM241A-1	FAM241A-1
DCXR-1	DCXR-1
ASB16-1	ASB16-1
MLEC-1	MLEC-1
HIBCH-1	HIBCH-1
NFATC2-1	NFATC2-1
FOSL2-1	FOSL2-1
LARP4B-1	LARP4B-1
KIAA0825-1	KIAA0825-1
SUPT5H-1	SUPT5H-1
PLK1-1	PLK1-1
NPAS1-1	NPAS1-1
ZNF221-1	ZNF221-1
PPP1R37-1	PPP1R37-1
IGFBP4-1	IGFBP4-1
ZDHHC16-1	ZDHHC16-1
PCK2-1	PCK2-1
OPTN-1	OPTN-1
UTP6-1	UTP6-1
CALD1-1	CALD1-1
APBB1IP-1	APBB1IP-1
SERINC1-1	SERINC1-1
RPL24-1	RPL24-1
PSMD14-1	PSMD14-1
DZANK1-1	DZANK1-1
GCNT1-1	GCNT1-1
RGS14-1	RGS14-1
SUGT1-1	SUGT1-1
EPN1-1	EPN1-1
ADK-1	ADK-1
FILIP1L-1	FILIP1L-1
SLC36A4-1	SLC36A4-1
GCM2-1	GCM2-1
ZNF385B-1	ZNF385B-1
DNAJC9-1	DNAJC9-1
BMP8B-1	BMP8B-1
SCP2-1	SCP2-1
FAM3C-1	FAM3C-1
CYFIP2-1	CYFIP2-1
DCTN5-1	DCTN5-1
HYOU1-1	HYOU1-1
UBXN1-1	UBXN1-1
GPATCH2L-1	GPATCH2L-1
VIPAS39-1	VIPAS39-1
PDGFB-1	PDGFB-1
KMT2B-1	KMT2B-1
RRAD-1	RRAD-1
MBD2-1	MBD2-1
EIF2S3-1	EIF2S3-1
AHCTF1-1	AHCTF1-1
SNX27-1	SNX27-1
TRIM8-1	TRIM8-1
MPZL3-1	MPZL3-1
PSMC5-1	PSMC5-1
PAPOLA-1	PAPOLA-1
ERV3-1-1	ERV3-1-1
ASL-1	ASL-1
PHF19-1	PHF19-1
SLC7A8-1	SLC7A8-1
MPZ-1	MPZ-1
PHF21A-1	PHF21A-1
PCCA-1	PCCA-1
GPAT4-1	GPAT4-1
DEPDC7-1	DEPDC7-1
NCOA5-1	NCOA5-1
ARL15-1	ARL15-1
SERHL2-1	SERHL2-1
ZNF408-1	ZNF408-1
HSBP1-1	HSBP1-1
BEX1-1	BEX1-1
SULF2-1	SULF2-1
EP400-1	EP400-1
CTTN-1	CTTN-1
UQCRB-1	UQCRB-1
FECH-1	FECH-1
KIAA1324L-1	KIAA1324L-1
UPRT-1	UPRT-1
MLLT3-1	MLLT3-1
NCAM1-1	NCAM1-1
MANEA-1	MANEA-1
CDC5L-1	CDC5L-1
LONP2-1	LONP2-1
SPACA9-1	SPACA9-1
SLC7A6OS-1	SLC7A6OS-1
RTL8A-1	RTL8A-1
ZNF385D-1	ZNF385D-1
ANKRD28-1	ANKRD28-1
AKAP1-1	AKAP1-1
CS-1	CS-1
THAP4-1	THAP4-1
DPY19L4-1	DPY19L4-1
OASL-1	OASL-1
FADS2-1	FADS2-1
RHNO1-1	RHNO1-1
SLC10A3-1	SLC10A3-1
BAX-1	BAX-1
EDRF1-1	EDRF1-1
OFD1-1	OFD1-1
LAMTOR3-1	LAMTOR3-1
ADGRA3-1	ADGRA3-1
KCTD18-1	KCTD18-1
CDC16-1	CDC16-1
SLC39A6-1	SLC39A6-1
ELL2-1	ELL2-1
MEF2D-1	MEF2D-1
ALKBH8-1	ALKBH8-1
PYGO2-1	PYGO2-1
SMIM22-1	SMIM22-1
ACTR3-1	ACTR3-1
PFKFB2-1	PFKFB2-1
PELI3-1	PELI3-1
PNISR-1	PNISR-1
PRIM1-1	PRIM1-1
NSUN2-1	NSUN2-1
USP45-1	USP45-1
ADAT1-1	ADAT1-1
MED29-1	MED29-1
ACSS2-1	ACSS2-1
FKBP15-1	FKBP15-1
RBSN-1	RBSN-1
POLR1D-1	POLR1D-1
MUSTN1-1	MUSTN1-1
PACSIN2-1	PACSIN2-1
CIP2A-1	CIP2A-1
GPD1L-1	GPD1L-1
CELA1-1	CELA1-1
HPSE-1	HPSE-1
C2CD5-1	C2CD5-1
C1orf122-1	C1orf122-1
RPA2-1	RPA2-1
INTS1-1	INTS1-1
LRRC8B-1	LRRC8B-1
AQP11-1	AQP11-1
PARP9-1	PARP9-1
GRWD1-1	GRWD1-1
MT1G-1	MT1G-1
ZNF404-1	ZNF404-1
NEDD4-1	NEDD4-1
ADORA2B-1	ADORA2B-1
MDN1-1	MDN1-1
SRF-1	SRF-1
SART3-1	SART3-1
CKB-1	CKB-1
HELB-1	HELB-1
CACYBP-1	CACYBP-1
STX1A-1	STX1A-1
RFT1-1	RFT1-1
TBC1D22A-1	TBC1D22A-1
MLLT10-1	MLLT10-1
ARHGEF40-1	ARHGEF40-1
FANCI-1	FANCI-1
GPR3-1	GPR3-1
PIN1-1	PIN1-1
CCDC106-1	CCDC106-1
USP38-1	USP38-1
RPF1-1	RPF1-1
GPR137-1	GPR137-1
CPSF3-1	CPSF3-1
RAB21-1	RAB21-1
ZCCHC12-1	ZCCHC12-1
IQCB1-1	IQCB1-1
PPM1K-1	PPM1K-1
PPID-1	PPID-1
S1PR4-1	S1PR4-1
ZNF660-1	ZNF660-1
ZMYND11-1	ZMYND11-1
SRRD-1	SRRD-1
PITPNA-1	PITPNA-1
XPO4-1	XPO4-1
SH3YL1-1	SH3YL1-1
MORN3-1	MORN3-1
TMEM248-1	TMEM248-1
MRPL14-1	MRPL14-1
GNL3L-1	GNL3L-1
FAM78A-1	FAM78A-1
SEMA3G-1	SEMA3G-1
FBXL16-1	FBXL16-1
PPIL3-1	PPIL3-1
MMP17-1	MMP17-1
CA1-1	CA1-1
ATP5IF1-1	ATP5IF1-1
KIAA0556-1	KIAA0556-1
KLHL23-1	KLHL23-1
KLHL29-1	KLHL29-1
RNF20-1	RNF20-1
CLCN7-1	CLCN7-1
CHMP3-1	CHMP3-1
DDX39A-1	DDX39A-1
HGS-1	HGS-1
NDUFAF1-1	NDUFAF1-1
BZW1-1	BZW1-1
RBBP9-1	RBBP9-1
CHCHD6-1	CHCHD6-1
PRPF3-1	PRPF3-1
TMEM8A-1	TMEM8A-1
EFEMP2-1	EFEMP2-1
FEM1C-1	FEM1C-1
S1PR2-1	S1PR2-1
EVX2-1	EVX2-1
ELAVL1-1	ELAVL1-1
TMX1-1	TMX1-1
ACOT13-1	ACOT13-1
ABI3-1	ABI3-1
GMFB-1	GMFB-1
RPS2-1	RPS2-1
CHMP2B-1	CHMP2B-1
TSHR-1	TSHR-1
BTBD1-1	BTBD1-1
CMTR2-1	CMTR2-1
SEC14L5-1	SEC14L5-1
EOGT-1	EOGT-1
SUPT6H-1	SUPT6H-1
LCAT-1	LCAT-1
DCAF8-1	DCAF8-1
FLVCR2-1	FLVCR2-1
HNRNPA1-1	HNRNPA1-1
DUT-1	DUT-1
LRPPRC-1	LRPPRC-1
PNRC1-1	PNRC1-1
PDE6B-1	PDE6B-1
MGST3-1	MGST3-1
DHX37-1	DHX37-1
PAK1IP1-1	PAK1IP1-1
LACC1-1	LACC1-1
SLK-1	SLK-1
AGR3-1	AGR3-1
EZH1-1	EZH1-1
KIAA1586-1	KIAA1586-1
MAPKAPK2-1	MAPKAPK2-1
RABGGTB-1	RABGGTB-1
TPD52-1	TPD52-1
NEDD1-1	NEDD1-1
HDAC9-1	HDAC9-1
STUB1-1	STUB1-1
NEDD4L-1	NEDD4L-1
NUCKS1-1	NUCKS1-1
DLGAP5-1	DLGAP5-1
ISCA1-1	ISCA1-1
SMIM15-1	SMIM15-1
GAK-1	GAK-1
CDCA8-1	CDCA8-1
CCNDBP1-1	CCNDBP1-1
ATAD2-1	ATAD2-1
ATP10A-1	ATP10A-1
CD8A-1	CD8A-1
LAGE3-1	LAGE3-1
MFSD1-1	MFSD1-1
NDUFC1-1	NDUFC1-1
DNAJA4-1	DNAJA4-1
TFAP4-1	TFAP4-1
HSPB1-1	HSPB1-1
MTRNR2L1-1	MTRNR2L1-1
ISL1-1	ISL1-1
TTC16-1	TTC16-1
BLOC1S5-1	BLOC1S5-1
IL1RL1-1	IL1RL1-1
COL4A1-1	COL4A1-1
FEZ1-1	FEZ1-1
CFL2-1	CFL2-1
MTUS1-1	MTUS1-1
HIST1H4I-1	HIST1H4I-1
TRDMT1-1	TRDMT1-1
YJU2-1	YJU2-1
CARMIL1-1	CARMIL1-1
CBR1-1	CBR1-1
FOXD1-1	FOXD1-1
MIEF1-1	MIEF1-1
MRPL19-1	MRPL19-1
CSNK2A1-1	CSNK2A1-1
FGF2-1	FGF2-1
SLCO4A1-1	SLCO4A1-1
PCMTD1-1	PCMTD1-1
GRN-1	GRN-1
OTUD5-1	OTUD5-1
DPH2-1	DPH2-1
QTRT1-1	QTRT1-1
PKIG-1	PKIG-1
TESK2-1	TESK2-1
SLC22A15-1	SLC22A15-1
MTRR-1	MTRR-1
MYRF-1	MYRF-1
ZNF443-1	ZNF443-1
SMAD5-1	SMAD5-1
USP6NL-1	USP6NL-1
PTPN13-1	PTPN13-1
STK17A-1	STK17A-1
RPL36-1	RPL36-1
UBAP2-1	UBAP2-1
CBX1-1	CBX1-1
CCDC17-1	CCDC17-1
POLDIP2-1	POLDIP2-1
TLNRD1-1	TLNRD1-1
GPR75-1	GPR75-1
TEX264-1	TEX264-1
COQ8A-1	COQ8A-1
ZNF530-1	ZNF530-1
ADPRH-1	ADPRH-1
XKR8-1	XKR8-1
HIST1H2BM-1	HIST1H2BM-1
ONECUT2-1	ONECUT2-1
HIF1A-1	HIF1A-1
SHARPIN-1	SHARPIN-1
NDUFV3-1	NDUFV3-1
FAM241B-1	FAM241B-1
DNPEP-1	DNPEP-1
MORC2-1	MORC2-1
GLMN-1	GLMN-1
RBM47-1	RBM47-1
MZT2B-1	MZT2B-1
DEFA6-1	DEFA6-1
GSC2-1	GSC2-1
SNAI3-1	SNAI3-1
TRPM7-1	TRPM7-1
GIN1-1	GIN1-1
PLXNA4-1	PLXNA4-1
LIN54-1	LIN54-1
TMEM101-1	TMEM101-1
ACY1-1	ACY1-1
KIAA1841-1	KIAA1841-1
CSPP1-1	CSPP1-1
COIL-1	COIL-1
ABCB6-1	ABCB6-1
NEUROD2-1	NEUROD2-1
AKR1C3-1	AKR1C3-1
ABHD14B-1	ABHD14B-1
MAP3K10-1	MAP3K10-1
RPL41-1	RPL41-1
RIOX2-1	RIOX2-1
TM2D3-1	TM2D3-1
ZBTB39-1	ZBTB39-1
TPD52L2-1	TPD52L2-1
MIEN1-1	MIEN1-1
APOC3-1	APOC3-1
IFNLR1-1	IFNLR1-1
RCC2-1	RCC2-1
MORF4L1-1	MORF4L1-1
FAM89A-1	FAM89A-1
NLRX1-1	NLRX1-1
MICAL2-1	MICAL2-1
FAM229B-1	FAM229B-1
TSPAN2-1	TSPAN2-1
INTS9-1	INTS9-1
EDC4-1	EDC4-1
DOK6-1	DOK6-1
BET1L-1	BET1L-1
FDFT1-1	FDFT1-1
BABAM2-1	BABAM2-1
GPR65-1	GPR65-1
FOXI3-1	FOXI3-1
TCEAL4-1	TCEAL4-1
USP44-1	USP44-1
HIST1H2BF-1	HIST1H2BF-1
CANX-1	CANX-1
ZNF99-1	ZNF99-1
NUAK2-1	NUAK2-1
DBT-1	DBT-1
ZNF524-1	ZNF524-1
BMF-1	BMF-1
KIF1A-1	KIF1A-1
IFIT3-1	IFIT3-1
COQ7-1	COQ7-1
UNC93B1-1	UNC93B1-1
C12orf65-1	C12orf65-1
ITPRIPL1-1	ITPRIPL1-1
PQLC2-1	PQLC2-1
SLC25A10-1	SLC25A10-1
GMPS-1	GMPS-1
PHC1-1	PHC1-1
NOC3L-1	NOC3L-1
BMP6-1	BMP6-1
HUS1-1	HUS1-1
KIF22-1	KIF22-1
SCCPDH-1	SCCPDH-1
NUPL2-1	NUPL2-1
FAAH-1	FAAH-1
CEP164-1	CEP164-1
ATF4-1	ATF4-1
IGFBP7-1	IGFBP7-1
XPOT-1	XPOT-1
STK11IP-1	STK11IP-1
PITHD1-1	PITHD1-1
ARSG-1	ARSG-1
RPGR-1	RPGR-1
SELENBP1-1	SELENBP1-1
SETD1A-1	SETD1A-1
TRIP4-1	TRIP4-1
KLHDC2-1	KLHDC2-1
CELSR3-1	CELSR3-1
TBC1D2-1	TBC1D2-1
ANAPC4-1	ANAPC4-1
TALDO1-1	TALDO1-1
E2F4-1	E2F4-1
MYL5-1	MYL5-1
C6orf226-1	C6orf226-1
RPS6KA5-1	RPS6KA5-1
VPS37A-1	VPS37A-1
CNP-1	CNP-1
SMC3-1	SMC3-1
BARHL2-1	BARHL2-1
CEP78-1	CEP78-1
HIST1H2BL-1	HIST1H2BL-1
PDCL-1	PDCL-1
PARP12-1	PARP12-1
COQ8B-1	COQ8B-1
ANGPTL6-1	ANGPTL6-1
NEPRO-1	NEPRO-1
GNAQ-1	GNAQ-1
MAT2A-1	MAT2A-1
FGGY-1	FGGY-1
PRDM9-1	PRDM9-1
TMEM208-1	TMEM208-1
LRRC37A3-1	LRRC37A3-1
DHX9-1	DHX9-1
IL6ST-1	IL6ST-1
ZNF681-1	ZNF681-1
GUK1-1	GUK1-1
TBX5-1	TBX5-1
ANKRD42-1	ANKRD42-1
STX16-1	STX16-1
PSMD4-1	PSMD4-1
AP3S2-1	AP3S2-1
KDM1A-1	KDM1A-1
ZNF407-1	ZNF407-1
PCP4L1-1	PCP4L1-1
PARS2-1	PARS2-1
SMARCD1-1	SMARCD1-1
ZSCAN26-1	ZSCAN26-1
ALDH16A1-1	ALDH16A1-1
DNLZ-1	DNLZ-1
REEP2-1	REEP2-1
AAGAB-1	AAGAB-1
SYNJ1-1	SYNJ1-1
FSTL1-1	FSTL1-1
ANAPC13-1	ANAPC13-1
PKMYT1-1	PKMYT1-1
ZFP42-1	ZFP42-1
PDHA1-1	PDHA1-1
CNN2-1	CNN2-1
NUDT16-1	NUDT16-1
CISD1-1	CISD1-1
SLC2A4RG-1	SLC2A4RG-1
GRK4-1	GRK4-1
LDOC1-1	LDOC1-1
C16orf72-1	C16orf72-1
PDGFA-1	PDGFA-1
SOCS3-1	SOCS3-1
SPATS2-1	SPATS2-1
USP9Y-1	USP9Y-1
NSMAF-1	NSMAF-1
SKP1-1	SKP1-1
DYRK1A-1	DYRK1A-1
ZNF267-1	ZNF267-1
VGLL4-1	VGLL4-1
KLHL8-1	KLHL8-1
HAX1-1	HAX1-1
GIMAP8-1	GIMAP8-1
ARPC1A-1	ARPC1A-1
KDM5C-1	KDM5C-1
HCST-1	HCST-1
MAP2K3-1	MAP2K3-1
CES2-1	CES2-1
FAM228B-1	FAM228B-1
POR-1	POR-1
CDC42BPA-1	CDC42BPA-1
CELF1-1	CELF1-1
TMEM217-1	TMEM217-1
FAH-1	FAH-1
FCGRT-1	FCGRT-1
RAB3D-1	RAB3D-1
ATXN7L2-1	ATXN7L2-1
LARP1B-1	LARP1B-1
FUT8-1	FUT8-1
SUN1-1	SUN1-1
SLC1A6-1	SLC1A6-1
FNDC9-1	FNDC9-1
C17orf58-1	C17orf58-1
ORC3-1	ORC3-1
CNEP1R1-1	CNEP1R1-1
FASTK-1	FASTK-1
PGM2L1-1	PGM2L1-1
MBP-1	MBP-1
DRGX-1	DRGX-1
TMEM267-1	TMEM267-1
FPGT-1	FPGT-1
GOSR2-1	GOSR2-1
GFM2-1	GFM2-1
CBR3-1	CBR3-1
RFX4-1	RFX4-1
CLMP-1	CLMP-1
STMP1-1	STMP1-1
BTNL9-1	BTNL9-1
SIDT1-1	SIDT1-1
TMEM218-1	TMEM218-1
DENND3-1	DENND3-1
GEN1-1	GEN1-1
CLEC11A-1	CLEC11A-1
SPOPL-1	SPOPL-1
PHACTR1-1	PHACTR1-1
SCGB2B2-1	SCGB2B2-1
LRRC39-1	LRRC39-1
SCMH1-1	SCMH1-1
ARPC4-TTLL3-1	ARPC4-TTLL3-1
MAPRE1-1	MAPRE1-1
FZD3-1	FZD3-1
MATR3-1	MATR3-1
BRD9-1	BRD9-1
NODAL-1	NODAL-1
CDK2AP2-1	CDK2AP2-1
CELSR2-1	CELSR2-1
IL22-1	IL22-1
DMC1-1	DMC1-1
ATP5MG-1	ATP5MG-1
CCNK-1	CCNK-1
NR1I3-1	NR1I3-1
ZNF410-1	ZNF410-1
NHLH2-1	NHLH2-1
MRI1-1	MRI1-1
TRAFD1-1	TRAFD1-1
FAM173B-1	FAM173B-1
C16orf86-1	C16orf86-1
NR4A1-1	NR4A1-1
C1orf198-1	C1orf198-1
ILDR2-1	ILDR2-1
EXOC4-1	EXOC4-1
RPP38-1	RPP38-1
PAXIP1-1	PAXIP1-1
LRRC28-1	LRRC28-1
MON2-1	MON2-1
MYDGF-1	MYDGF-1
CSE1L-1	CSE1L-1
CD69-1	CD69-1
ANKRD12-1	ANKRD12-1
UBQLN2-1	UBQLN2-1
COMMD7-1	COMMD7-1
STAM-1	STAM-1
PSMA6-1	PSMA6-1
NTHL1-1	NTHL1-1
CXCR6-1	CXCR6-1
FBXO42-1	FBXO42-1
HDHD5-1	HDHD5-1
SKOR2-1	SKOR2-1
QTRT2-1	QTRT2-1
UBA2-1	UBA2-1
RALGAPB-1	RALGAPB-1
IK-1	IK-1
DCAF5-1	DCAF5-1
GPR155-1	GPR155-1
APIP-1	APIP-1
CASP9-1	CASP9-1
ANXA4-1	ANXA4-1
COG4-1	COG4-1
INCENP-1	INCENP-1
PRRC2C-1	PRRC2C-1
CYP2R1-1	CYP2R1-1
CLCA1-1	CLCA1-1
MZT2A-1	MZT2A-1
SEBOX-1	SEBOX-1
TRAF3IP1-1	TRAF3IP1-1
SLC35A3-1	SLC35A3-1
VEZT-1	VEZT-1
PRKAR1B-1	PRKAR1B-1
PDXK-1	PDXK-1
WWP1-1	WWP1-1
LDHA-1	LDHA-1
TRIM46-1	TRIM46-1
GRB10-1	GRB10-1
ZSCAN25-1	ZSCAN25-1
MEOX1-1	MEOX1-1
XPNPEP1-1	XPNPEP1-1
GANAB-1	GANAB-1
BLM-1	BLM-1
SHISA2-1	SHISA2-1
CD177-1	CD177-1
PCCB-1	PCCB-1
PHF20L1-1	PHF20L1-1
CGAS-1	CGAS-1
CAND1-1	CAND1-1
CHAC2-1	CHAC2-1
CYTH4-1	CYTH4-1
ACO1-1	ACO1-1
OSBPL7-1	OSBPL7-1
SLC14A1-1	SLC14A1-1
WDR13-1	WDR13-1
HYPK-1	HYPK-1
BAZ1A-1	BAZ1A-1
MRPS35-1	MRPS35-1
C3orf14-1	C3orf14-1
MSN-1	MSN-1
ZDHHC2-1	ZDHHC2-1
ZNF470-1	ZNF470-1
PAK3-1	PAK3-1
S100A6-1	S100A6-1
NMB-1	NMB-1
SLFN5-1	SLFN5-1
SCO1-1	SCO1-1
TRAPPC9-1	TRAPPC9-1
TMEM186-1	TMEM186-1
PTGS2-1	PTGS2-1
ARFGAP2-1	ARFGAP2-1
HPS6-1	HPS6-1
ST3GAL5-1	ST3GAL5-1
CEP131-1	CEP131-1
LIAS-1	LIAS-1
SLAMF7-1	SLAMF7-1
SLC19A2-1	SLC19A2-1
PLCL2-1	PLCL2-1
GSTA4-1	GSTA4-1
TRIM61-1	TRIM61-1
ZNF511-1	ZNF511-1
CLCN5-1	CLCN5-1
GMNN-1	GMNN-1
ABCB7-1	ABCB7-1
MRPL28-1	MRPL28-1
CBX7-1	CBX7-1
ACP2-1	ACP2-1
MOGS-1	MOGS-1
DCAF7-1	DCAF7-1
B3GAT1-1	B3GAT1-1
ZNF256-1	ZNF256-1
IL26-1	IL26-1
MYO6-1	MYO6-1
RNPC3-1	RNPC3-1
ZNF571-1	ZNF571-1
BCL11B-1	BCL11B-1
MOCS2-1	MOCS2-1
LIMD2-1	LIMD2-1
ZNF284-1	ZNF284-1
TMED7-1	TMED7-1
COPS9-1	COPS9-1
PAN2-1	PAN2-1
TUBGCP4-1	TUBGCP4-1
NANOG-1	NANOG-1
FBXW11-1	FBXW11-1
ZNF514-1	ZNF514-1
DUSP19-1	DUSP19-1
DOCK11-1	DOCK11-1
POLR3F-1	POLR3F-1
NUP188-1	NUP188-1
VANGL1-1	VANGL1-1
PAF1-1	PAF1-1
XRN1-1	XRN1-1
MAP2K4-1	MAP2K4-1
FDX1-1	FDX1-1
OSR1-1	OSR1-1
COA4-1	COA4-1
KIF21B-1	KIF21B-1
POU2F2-1	POU2F2-1
CD7-1	CD7-1
S1PR1-1	S1PR1-1
SH3BP5-1	SH3BP5-1
QRICH1-1	QRICH1-1
CDK1-1	CDK1-1
EMP3-1	EMP3-1
CPEB4-1	CPEB4-1
SERBP1-1	SERBP1-1
RRAGA-1	RRAGA-1
SLC25A53-1	SLC25A53-1
SPSB2-1	SPSB2-1
NANOS1-1	NANOS1-1
CHST14-1	CHST14-1
ZMAT1-1	ZMAT1-1
MED28-1	MED28-1
RBM11-1	RBM11-1
FAM216A-1	FAM216A-1
FXYD1-1	FXYD1-1
TSTD1-1	TSTD1-1
UBAP1L-1	UBAP1L-1
PUS7-1	PUS7-1
CDC25A-1	CDC25A-1
DYRK2-1	DYRK2-1
PDE12-1	PDE12-1
ATP1B3-1	ATP1B3-1
S100A5-1	S100A5-1
ZHX2-1	ZHX2-1
KCNA2-1	KCNA2-1
CDX4-1	CDX4-1
C15orf41-1	C15orf41-1
RAPGEF2-1	RAPGEF2-1
WDR4-1	WDR4-1
CDT1-1	CDT1-1
SCGB1A1-1	SCGB1A1-1
INO80B-1	INO80B-1
REPS1-1	REPS1-1
ARHGEF1-1	ARHGEF1-1
TBC1D23-1	TBC1D23-1
PHF13-1	PHF13-1
FANCA-1	FANCA-1
CRBN-1	CRBN-1
LGALS9-1	LGALS9-1
ZNF280D-1	ZNF280D-1
INSIG1-1	INSIG1-1
MINOS1-1	MINOS1-1
MDH2-1	MDH2-1
CDCA5-1	CDCA5-1
RPS21-1	RPS21-1
DMRT3-1	DMRT3-1
ELF4-1	ELF4-1
GPBP1L1-1	GPBP1L1-1
RPS20-1	RPS20-1
ALDH1A1-1	ALDH1A1-1
ZBED6-1	ZBED6-1
TREML2-1	TREML2-1
DHX33-1	DHX33-1
TMEM14B-1	TMEM14B-1
PSD-1	PSD-1
MTA3-1	MTA3-1
NLRP6-1	NLRP6-1
HMX3-1	HMX3-1
TMEM39B-1	TMEM39B-1
C1orf112-1	C1orf112-1
TNRC6A-1	TNRC6A-1
NTMT1-1	NTMT1-1
HP1BP3-1	HP1BP3-1
TUBGCP3-1	TUBGCP3-1
PLEKHO2-1	PLEKHO2-1
WIPI2-1	WIPI2-1
SNUPN-1	SNUPN-1
KIF2C-1	KIF2C-1
TTC3-1	TTC3-1
TMTC3-1	TMTC3-1
NOP16-1	NOP16-1
IQGAP1-1	IQGAP1-1
HIST1H2AI-1	HIST1H2AI-1
PICK1-1	PICK1-1
SLC11A1-1	SLC11A1-1
HID1-1	HID1-1
PEX7-1	PEX7-1
PITPNB-1	PITPNB-1
FAM91A1-1	FAM91A1-1
GORASP2-1	GORASP2-1
ST6GALNAC6-1	ST6GALNAC6-1
EHMT1-1	EHMT1-1
HIST1H1A-1	HIST1H1A-1
H1FX-1	H1FX-1
TM9SF4-1	TM9SF4-1
CHI3L2-1	CHI3L2-1
RAD52-1	RAD52-1
SUSD1-1	SUSD1-1
KPNA4-1	KPNA4-1
TMED3-1	TMED3-1
ZNF362-1	ZNF362-1
RBM10-1	RBM10-1
THAP2-1	THAP2-1
GZMA-1	GZMA-1
C6orf201-1	C6orf201-1
TFIP11-1	TFIP11-1
YAF2-1	YAF2-1
CLC-1	CLC-1
GBP7-1	GBP7-1
NRN1-1	NRN1-1
MAP4K2-1	MAP4K2-1
ZNF700-1	ZNF700-1
THOP1-1	THOP1-1
PIGQ-1	PIGQ-1
OTUB1-1	OTUB1-1
DAD1-1	DAD1-1
PREX1-1	PREX1-1
POLR3GL-1	POLR3GL-1
SGPL1-1	SGPL1-1
DAB2-1	DAB2-1
TLK2-1	TLK2-1
CD93-1	CD93-1
CXorf65-1	CXorf65-1
TBX19-1	TBX19-1
IVD-1	IVD-1
HRH4-1	HRH4-1
ZNF541-1	ZNF541-1
USP15-1	USP15-1
PLPP6-1	PLPP6-1
RAD54L2-1	RAD54L2-1
PLAC9-1	PLAC9-1
GABARAPL2-1	GABARAPL2-1
CYSLTR1-1	CYSLTR1-1
REC8-1	REC8-1
SLC22A18-1	SLC22A18-1
SYNGR3-1	SYNGR3-1
BRD3-1	BRD3-1
DTYMK-1	DTYMK-1
FCGBP-1	FCGBP-1
CERS5-1	CERS5-1
RAB5B-1	RAB5B-1
F2RL1-1	F2RL1-1
SS18-1	SS18-1
TSR2-1	TSR2-1
UBE2F-1	UBE2F-1
ITGB1BP1-1	ITGB1BP1-1
FCHO2-1	FCHO2-1
ANAPC7-1	ANAPC7-1
TMCO3-1	TMCO3-1
MECP2-1	MECP2-1
EEF2KMT-1	EEF2KMT-1
ITFG1-1	ITFG1-1
CA9-1	CA9-1
BPTF-1	BPTF-1
SUDS3-1	SUDS3-1
SP7-1	SP7-1
TAF12-1	TAF12-1
HOXC12-1	HOXC12-1
TNFAIP8-1	TNFAIP8-1
IPCEF1-1	IPCEF1-1
SLIT3-1	SLIT3-1
CCDC47-1	CCDC47-1
CEP57L1-1	CEP57L1-1
AJAP1-1	AJAP1-1
SLC5A3-1	SLC5A3-1
SNRPG-1	SNRPG-1
ASAP2-1	ASAP2-1
ZNF281-1	ZNF281-1
SCNN1D-1	SCNN1D-1
LRTOMT-1	LRTOMT-1
LSM8-1	LSM8-1
C9orf64-1	C9orf64-1
STK10-1	STK10-1
SPATA33-1	SPATA33-1
TUBB1-1	TUBB1-1
SHISA5-1	SHISA5-1
DNHD1-1	DNHD1-1
MCM3AP-1	MCM3AP-1
CLDN4-1	CLDN4-1
APOC1-1	APOC1-1
SLC35C1-1	SLC35C1-1
ZDHHC23-1	ZDHHC23-1
ZNF888-1	ZNF888-1
EIF3K-1	EIF3K-1
LGALS2-1	LGALS2-1
CFAP36-1	CFAP36-1
ATP6V1E1-1	ATP6V1E1-1
CYB5A-1	CYB5A-1
ABHD3-1	ABHD3-1
DSN1-1	DSN1-1
PTPN6-1	PTPN6-1
KDM4B-1	KDM4B-1
PEX11B-1	PEX11B-1
IRX6-1	IRX6-1
SMS-1	SMS-1
UBL5-1	UBL5-1
TNFSF10-1	TNFSF10-1
NMNAT1-1	NMNAT1-1
ESPN-1	ESPN-1
TMEM120A-1	TMEM120A-1
PSMD11-1	PSMD11-1
LRRN2-1	LRRN2-1
ZNF713-1	ZNF713-1
WFDC2-1	WFDC2-1
MAPKAPK5-1	MAPKAPK5-1
RTTN-1	RTTN-1
LGALS3-1	LGALS3-1
TPCN2-1	TPCN2-1
RNF2-1	RNF2-1
PSMA3-1	PSMA3-1
ZNF266-1	ZNF266-1
FNIP2-1	FNIP2-1
FBXL8-1	FBXL8-1
DENND4B-1	DENND4B-1
CASD1-1	CASD1-1
CD59-1	CD59-1
ZNF18-1	ZNF18-1
CRKL-1	CRKL-1
SUPT3H-1	SUPT3H-1
ZNF382-1	ZNF382-1
MAOB-1	MAOB-1
SAMM50-1	SAMM50-1
RNF168-1	RNF168-1
HIST1H2AJ-1	HIST1H2AJ-1
ARRB1-1	ARRB1-1
MRTFB-1	MRTFB-1
MINDY3-1	MINDY3-1
ZNF48-1	ZNF48-1
ZNF776-1	ZNF776-1
FASN-1	FASN-1
CRIP1-1	CRIP1-1
TSPYL5-1	TSPYL5-1
HNRNPH1-1	HNRNPH1-1
HOXA6-1	HOXA6-1
ING3-1	ING3-1
POT1-1	POT1-1
ZC4H2-1	ZC4H2-1
ABRAXAS1-1	ABRAXAS1-1
RNF24-1	RNF24-1
ALKBH3-1	ALKBH3-1
ZBTB8B-1	ZBTB8B-1
COMMD8-1	COMMD8-1
FOXI1-1	FOXI1-1
GOPC-1	GOPC-1
WIZ-1	WIZ-1
SPEF2-1	SPEF2-1
MAP2K7-1	MAP2K7-1
VPS26B-1	VPS26B-1
CDK11B-1	CDK11B-1
TASP1-1	TASP1-1
B4GALT7-1	B4GALT7-1
ZFP64-1	ZFP64-1
GLYCTK-1	GLYCTK-1
CDIP1-1	CDIP1-1
PAAF1-1	PAAF1-1
RAB11FIP1-1	RAB11FIP1-1
SMARCA4-1	SMARCA4-1
SOS2-1	SOS2-1
EXOSC9-1	EXOSC9-1
PRMT9-1	PRMT9-1
FRYL-1	FRYL-1
DMBX1-1	DMBX1-1
NDUFA12-1	NDUFA12-1
BIRC5-1	BIRC5-1
CANT1-1	CANT1-1
GNG10-1	GNG10-1
ZNF471-1	ZNF471-1
R3HDM4-1	R3HDM4-1
TBC1D19-1	TBC1D19-1
DNMBP-1	DNMBP-1
SMIM3-1	SMIM3-1
CSGALNACT2-1	CSGALNACT2-1
MEOX2-1	MEOX2-1
BDH2-1	BDH2-1
ZNF793-1	ZNF793-1
METTL2A-1	METTL2A-1
ARFIP2-1	ARFIP2-1
HIVEP2-1	HIVEP2-1
LRCH3-1	LRCH3-1
CIAO1-1	CIAO1-1
DSC1-1	DSC1-1
ZNF441-1	ZNF441-1
PRMT5-1	PRMT5-1
RPL17-1	RPL17-1
VEZF1-1	VEZF1-1
TBCD-1	TBCD-1
TBC1D5-1	TBC1D5-1
PAIP2-1	PAIP2-1
MNDA-1	MNDA-1
TMOD2-1	TMOD2-1
SNX17-1	SNX17-1
C10orf88-1	C10orf88-1
SRGN-1	SRGN-1
POLR2I-1	POLR2I-1
FTSJ3-1	FTSJ3-1
MEF2C-1	MEF2C-1
ZNF26-1	ZNF26-1
STAC3-1	STAC3-1
ACVR2A-1	ACVR2A-1
CEP97-1	CEP97-1
LRP8-1	LRP8-1
COPZ1-1	COPZ1-1
SIN3A-1	SIN3A-1
HILPDA-1	HILPDA-1
ICOS-1	ICOS-1
CCND2-1	CCND2-1
ANXA2R-1	ANXA2R-1
ZBTB33-1	ZBTB33-1
IMMP2L-1	IMMP2L-1
FOXD3-1	FOXD3-1
DFFA-1	DFFA-1
RPL28-1	RPL28-1
CC2D1B-1	CC2D1B-1
GALNT10-1	GALNT10-1
CDC42SE2-1	CDC42SE2-1
SLC8B1-1	SLC8B1-1
IER3IP1-1	IER3IP1-1
GEMIN5-1	GEMIN5-1
ARGLU1-1	ARGLU1-1
AHR-1	AHR-1
THUMPD1-1	THUMPD1-1
YBX3-1	YBX3-1
METTL2B-1	METTL2B-1
MAP4K5-1	MAP4K5-1
GSN-1	GSN-1
NFE2L3-1	NFE2L3-1
MYO5A-1	MYO5A-1
RAN-1	RAN-1
EMB-1	EMB-1
IRGQ-1	IRGQ-1
MB21D2-1	MB21D2-1
RRP8-1	RRP8-1
ZFP2-1	ZFP2-1
GPX4-1	GPX4-1
CFAP53-1	CFAP53-1
SRC-1	SRC-1
TAPT1-1	TAPT1-1
TMEM67-1	TMEM67-1
SCD5-1	SCD5-1
PPP1R16A-1	PPP1R16A-1
MOSPD3-1	MOSPD3-1
THOC2-1	THOC2-1
FOXRED1-1	FOXRED1-1
RAP2A-1	RAP2A-1
TMEM63C-1	TMEM63C-1
XRCC2-1	XRCC2-1
ZNF276-1	ZNF276-1
FGF11-1	FGF11-1
COX6C-1	COX6C-1
SLC44A2-1	SLC44A2-1
MSH6-1	MSH6-1
TRAT1-1	TRAT1-1
MRPL4-1	MRPL4-1
ODC1-1	ODC1-1
ZNF804B-1	ZNF804B-1
GGPS1-1	GGPS1-1
GPRASP1-1	GPRASP1-1
ADAT3-1	ADAT3-1
KLHL42-1	KLHL42-1
FCMR-1	FCMR-1
BBS12-1	BBS12-1
TAF4B-1	TAF4B-1
SLC39A3-1	SLC39A3-1
MRPL38-1	MRPL38-1
PIGS-1	PIGS-1
SLC5A10-1	SLC5A10-1
ZBTB14-1	ZBTB14-1
ANXA6-1	ANXA6-1
VBP1-1	VBP1-1
MED30-1	MED30-1
AMDHD1-1	AMDHD1-1
ZC3H15-1	ZC3H15-1
GAB3-1	GAB3-1
TMEM260-1	TMEM260-1
PGK1-1	PGK1-1
ZNF474-1	ZNF474-1
AGPAT3-1	AGPAT3-1
SPAG16-1	SPAG16-1
FBXW8-1	FBXW8-1
RHPN1-1	RHPN1-1
KMT5A-1	KMT5A-1
FIGNL1-1	FIGNL1-1
MLYCD-1	MLYCD-1
POLR2F-1	POLR2F-1
PFKFB3-1	PFKFB3-1
LRRC70-1	LRRC70-1
BCL2-1	BCL2-1
OXSM-1	OXSM-1
GNPDA2-1	GNPDA2-1
PRDM14-1	PRDM14-1
SLC7A1-1	SLC7A1-1
SPART-1	SPART-1
SAYSD1-1	SAYSD1-1
TTC4-1	TTC4-1
CRY2-1	CRY2-1
TUSC2-1	TUSC2-1
SLC9B2-1	SLC9B2-1
XPR1-1	XPR1-1
CHPT1-1	CHPT1-1
CD36-1	CD36-1
HBA2-1	HBA2-1
LRRC6-1	LRRC6-1
SRP68-1	SRP68-1
ANKRD13B-1	ANKRD13B-1
MESD-1	MESD-1
SLC25A26-1	SLC25A26-1
STARD3NL-1	STARD3NL-1
MRPS17-1	MRPS17-1
KAT14-1	KAT14-1
GOLGA5-1	GOLGA5-1
PLCB3-1	PLCB3-1
VNN2-1	VNN2-1
TRAP1-1	TRAP1-1
MBD1-1	MBD1-1
PNPLA7-1	PNPLA7-1
BAK1-1	BAK1-1
SAP30BP-1	SAP30BP-1
FIGLA-1	FIGLA-1
STUM-1	STUM-1
MAPK8-1	MAPK8-1
FRMD6-1	FRMD6-1
RNF144B-1	RNF144B-1
LIPA-1	LIPA-1
C7orf55-LUC7L2-1	C7orf55-LUC7L2-1
ELOC-1	ELOC-1
SDHAF1-1	SDHAF1-1
RFXANK-1	RFXANK-1
LGMN-1	LGMN-1
GIPC1-1	GIPC1-1
PTMA-1	PTMA-1
ZNF679-1	ZNF679-1
ALG6-1	ALG6-1
PLTP-1	PLTP-1
COPS4-1	COPS4-1
ZDHHC12-1	ZDHHC12-1
PAN3-1	PAN3-1
HNRNPDL-1	HNRNPDL-1
LRRC27-1	LRRC27-1
MCM5-1	MCM5-1
ZNF670-1	ZNF670-1
TAGLN-1	TAGLN-1
BTG2-1	BTG2-1
IMP4-1	IMP4-1
ARRDC2-1	ARRDC2-1
AGO2-1	AGO2-1
SLC25A20-1	SLC25A20-1
PELO-1	PELO-1
GIGYF1-1	GIGYF1-1
DEFB1-1	DEFB1-1
ZNF778-1	ZNF778-1
GPR137B-1	GPR137B-1
ANO8-1	ANO8-1
DMXL2-1	DMXL2-1
FBLIM1-1	FBLIM1-1
EFCAB14-1	EFCAB14-1
GRPEL2-1	GRPEL2-1
TRIM23-1	TRIM23-1
ADAM23-1	ADAM23-1
ZNF283-1	ZNF283-1
RAD54B-1	RAD54B-1
GATA4-1	GATA4-1
ZFAND4-1	ZFAND4-1
UMAD1-1	UMAD1-1
TNFAIP8L1-1	TNFAIP8L1-1
MMRN1-1	MMRN1-1
WWP2-1	WWP2-1
LAMA2-1	LAMA2-1
GYPC-1	GYPC-1
TMEM220-1	TMEM220-1
SLC38A7-1	SLC38A7-1
SLC44A3-1	SLC44A3-1
MLLT1-1	MLLT1-1
B4GALT3-1	B4GALT3-1
EIF4EBP3-1	EIF4EBP3-1
PRDM12-1	PRDM12-1
ENKD1-1	ENKD1-1
SEC31A-1	SEC31A-1
AGER-1	AGER-1
SOAT2-1	SOAT2-1
IL12RB2-1	IL12RB2-1
RUVBL2-1	RUVBL2-1
CCDC65-1	CCDC65-1
B3GAT2-1	B3GAT2-1
FN1-1	FN1-1
NAA38-1	NAA38-1
KLF16-1	KLF16-1
SLAMF1-1	SLAMF1-1
HAUS2-1	HAUS2-1
YY1-1	YY1-1
RASD2-1	RASD2-1
EHD1-1	EHD1-1
DDHD2-1	DDHD2-1
CUL9-1	CUL9-1
IFT27-1	IFT27-1
AK4-1	AK4-1
SNAP23-1	SNAP23-1
DYNLRB1-1	DYNLRB1-1
CPNE3-1	CPNE3-1
IL17RB-1	IL17RB-1
KCTD17-1	KCTD17-1
STAG2-1	STAG2-1
SLC25A46-1	SLC25A46-1
DAB1-1	DAB1-1
CD38-1	CD38-1
ZNF449-1	ZNF449-1
SAXO2-1	SAXO2-1
AVL9-1	AVL9-1
PIKFYVE-1	PIKFYVE-1
MANBAL-1	MANBAL-1
RPS10-1	RPS10-1
ETV1-1	ETV1-1
KDM2B-1	KDM2B-1
BRMS1-1	BRMS1-1
GUCA2B-1	GUCA2B-1
PDE7B-1	PDE7B-1
MMACHC-1	MMACHC-1
HOXA2-1	HOXA2-1
YBEY-1	YBEY-1
YIPF1-1	YIPF1-1
HEY1-1	HEY1-1
ALKBH7-1	ALKBH7-1
ABCC5-1	ABCC5-1
DBH-1	DBH-1
ZNF775-1	ZNF775-1
EDARADD-1	EDARADD-1
CACFD1-1	CACFD1-1
MTHFR-1	MTHFR-1
LBR-1	LBR-1
RNF41-1	RNF41-1
IL10-1	IL10-1
CLNS1A-1	CLNS1A-1
FAM169A-1	FAM169A-1
JADE2-1	JADE2-1
PRR22-1	PRR22-1
CCDC97-1	CCDC97-1
INTS10-1	INTS10-1
STYX-1	STYX-1
AGL-1	AGL-1
FAM117A-1	FAM117A-1
IGF1R-1	IGF1R-1
DCPS-1	DCPS-1
SWT1-1	SWT1-1
MTX1-1	MTX1-1
BST2-1	BST2-1
BCL6-1	BCL6-1
HADH-1	HADH-1
PNMA5-1	PNMA5-1
CACNA1H-1	CACNA1H-1
PSMG1-1	PSMG1-1
FAM133B-1	FAM133B-1
DPYSL4-1	DPYSL4-1
FAM208A-1	FAM208A-1
E2F5-1	E2F5-1
AQP3-1	AQP3-1
BUB1B-1	BUB1B-1
WBP4-1	WBP4-1
ZNF518B-1	ZNF518B-1
SGSM1-1	SGSM1-1
TMEM135-1	TMEM135-1
ADGRG5-1	ADGRG5-1
IGSF6-1	IGSF6-1
NEK2-1	NEK2-1
LYSMD1-1	LYSMD1-1
PAX1-1	PAX1-1
PDE4D-1	PDE4D-1
INSR-1	INSR-1
ZNF268-1	ZNF268-1
CDAN1-1	CDAN1-1
SEC24B-1	SEC24B-1
IDH3A-1	IDH3A-1
PLOD1-1	PLOD1-1
CKLF-CMTM1-1	CKLF-CMTM1-1
ZFAND5-1	ZFAND5-1
TULP2-1	TULP2-1
SNURF-1	SNURF-1
RAD51-1	RAD51-1
ABCA5-1	ABCA5-1
STXBP1-1	STXBP1-1
RAD18-1	RAD18-1
BHLHA9-1	BHLHA9-1
NLN-1	NLN-1
UBA6-1	UBA6-1
HEXDC-1	HEXDC-1
TANK-1	TANK-1
YBX1-1	YBX1-1
RMDN2-1	RMDN2-1
GLCCI1-1	GLCCI1-1
OAZ1-1	OAZ1-1
TMEM106B-1	TMEM106B-1
USP1-1	USP1-1
NDUFV1-1	NDUFV1-1
SEC22C-1	SEC22C-1
CD302-1	CD302-1
APOL3-1	APOL3-1
YWHAB-1	YWHAB-1
TRIM47-1	TRIM47-1
MIDN-1	MIDN-1
SPIN2B-1	SPIN2B-1
RAB32-1	RAB32-1
THRAP3-1	THRAP3-1
MTG1-1	MTG1-1
SMARCA1-1	SMARCA1-1
GGH-1	GGH-1
ZNF609-1	ZNF609-1
PCGF6-1	PCGF6-1
PPAT-1	PPAT-1
DDX59-1	DDX59-1
SOAT1-1	SOAT1-1
AR-1	AR-1
PHKG1-1	PHKG1-1
DESI2-1	DESI2-1
C2orf50-1	C2orf50-1
ALDH1B1-1	ALDH1B1-1
RARA-1	RARA-1
MED8-1	MED8-1
NFU1-1	NFU1-1
PCNT-1	PCNT-1
RPP25L-1	RPP25L-1
CRIP3-1	CRIP3-1
MYL9-1	MYL9-1
RANBP6-1	RANBP6-1
NSG1-1	NSG1-1
COASY-1	COASY-1
DERA-1	DERA-1
SACM1L-1	SACM1L-1
HNRNPL-1	HNRNPL-1
CCDC112-1	CCDC112-1
TRAPPC6A-1	TRAPPC6A-1
CCDC186-1	CCDC186-1
ARHGEF3-1	ARHGEF3-1
GEMIN4-1	GEMIN4-1
LSM12-1	LSM12-1
KLHDC4-1	KLHDC4-1
MAP1S-1	MAP1S-1
MTFMT-1	MTFMT-1
USF2-1	USF2-1
ZMYM4-1	ZMYM4-1
TMEM64-1	TMEM64-1
MRPL57-1	MRPL57-1
KAT2B-1	KAT2B-1
ZNFX1-1	ZNFX1-1
MAPK12-1	MAPK12-1
MYF6-1	MYF6-1
MLF1-1	MLF1-1
PANX2-1	PANX2-1
EGR3-1	EGR3-1
TEF-1	TEF-1
CCDC71L-1	CCDC71L-1
PPP2CB-1	PPP2CB-1
ATG10-1	ATG10-1
SMARCA5-1	SMARCA5-1
ZNF227-1	ZNF227-1
TMEM41A-1	TMEM41A-1
TAX1BP3-1	TAX1BP3-1
ZMYM2-1	ZMYM2-1
MRPL41-1	MRPL41-1
HSBP1L1-1	HSBP1L1-1
BLZF1-1	BLZF1-1
TMEM63A-1	TMEM63A-1
RAB3GAP2-1	RAB3GAP2-1
SERAC1-1	SERAC1-1
ZNF668-1	ZNF668-1
MUC19-1	MUC19-1
OXCT1-1	OXCT1-1
SPCS3-1	SPCS3-1
PML-1	PML-1
TAF4-1	TAF4-1
AP2B1-1	AP2B1-1
RPS15A-1	RPS15A-1
HES4-1	HES4-1
ZBED2-1	ZBED2-1
BTF3L4-1	BTF3L4-1
RRP9-1	RRP9-1
SGTB-1	SGTB-1
MCM4-1	MCM4-1
GNB5-1	GNB5-1
FOXO1-1	FOXO1-1
KSR1-1	KSR1-1
CACNA1C-1	CACNA1C-1
ERCC2-1	ERCC2-1
MIER1-1	MIER1-1
LTK-1	LTK-1
H2AFZ-1	H2AFZ-1
ANKH-1	ANKH-1
CYBA-1	CYBA-1
VSIG1-1	VSIG1-1
C19orf18-1	C19orf18-1
KCTD21-1	KCTD21-1
ASB6-1	ASB6-1
SIRT4-1	SIRT4-1
MAST4-1	MAST4-1
ZBTB24-1	ZBTB24-1
BEND3-1	BEND3-1
CCL25-1	CCL25-1
SLCO3A1-1	SLCO3A1-1
PF4-1	PF4-1
ZNF544-1	ZNF544-1
RPAP1-1	RPAP1-1
USP32-1	USP32-1
PF4V1-1	PF4V1-1
PCSK5-1	PCSK5-1
FUS-1	FUS-1
TSPAN6-1	TSPAN6-1
PROSER1-1	PROSER1-1
ATP6V0E1-1	ATP6V0E1-1
ATP6V1B2-1	ATP6V1B2-1
IRAK1BP1-1	IRAK1BP1-1
KRI1-1	KRI1-1
IDH2-1	IDH2-1
SRM-1	SRM-1
RABIF-1	RABIF-1
ABI1-1	ABI1-1
FEM1B-1	FEM1B-1
ANPEP-1	ANPEP-1
METAP1-1	METAP1-1
GUCA2A-1	GUCA2A-1
AP1M1-1	AP1M1-1
GNAZ-1	GNAZ-1
BTD-1	BTD-1
PSMA2-1	PSMA2-1
IFNGR1-1	IFNGR1-1
PHC3-1	PHC3-1
ABCC8-1	ABCC8-1
TUT1-1	TUT1-1
HSD17B11-1	HSD17B11-1
ZSCAN22-1	ZSCAN22-1
LDHB-1	LDHB-1
CDC14B-1	CDC14B-1
SRRM1-1	SRRM1-1
F13A1-1	F13A1-1
HASPIN-1	HASPIN-1
PRMT3-1	PRMT3-1
MTMR14-1	MTMR14-1
ZNF93-1	ZNF93-1
TBC1D20-1	TBC1D20-1
FGFR2-1	FGFR2-1
C1orf43-1	C1orf43-1
MAML3-1	MAML3-1
OLAH-1	OLAH-1
SEPT7-1	SEPT7-1
DLD-1	DLD-1
PKP4-1	PKP4-1
PSMB6-1	PSMB6-1
REG3A-1	REG3A-1
SUV39H2-1	SUV39H2-1
ECPAS-1	ECPAS-1
ERI1-1	ERI1-1
RNF187-1	RNF187-1
NKAPD1-1	NKAPD1-1
NKX2-5-1	NKX2-5-1
GPATCH11-1	GPATCH11-1
LRRC61-1	LRRC61-1
CYB561-1	CYB561-1
BARHL1-1	BARHL1-1
ZC3H12D-1	ZC3H12D-1
MYT1L-1	MYT1L-1
FAM209B-1	FAM209B-1
DUSP12-1	DUSP12-1
DMTF1-1	DMTF1-1
TAF8-1	TAF8-1
PCBP3-1	PCBP3-1
PSTK-1	PSTK-1
BRCC3-1	BRCC3-1
TLR2-1	TLR2-1
CLDN3-1	CLDN3-1
DEF6-1	DEF6-1
ZNF41-1	ZNF41-1
BCAS3-1	BCAS3-1
MESP1-1	MESP1-1
IDE-1	IDE-1
KIAA1551-1	KIAA1551-1
MKS1-1	MKS1-1
ZNF766-1	ZNF766-1
WSB2-1	WSB2-1
ZC3H18-1	ZC3H18-1
THRA-1	THRA-1
TIPIN-1	TIPIN-1
FAIM-1	FAIM-1
FEV-1	FEV-1
AP1G2-1	AP1G2-1
MICAL3-1	MICAL3-1
ITPKC-1	ITPKC-1
POLR3A-1	POLR3A-1
SENP3-1	SENP3-1
POLA2-1	POLA2-1
MMP9-1	MMP9-1
IREB2-1	IREB2-1
TDP1-1	TDP1-1
SOX2-1	SOX2-1
PFN1-1	PFN1-1
ZNF248-1	ZNF248-1
TRMT6-1	TRMT6-1
LGALS3BP-1	LGALS3BP-1
BBS7-1	BBS7-1
TSC1-1	TSC1-1
STK11-1	STK11-1
CD200R1-1	CD200R1-1
C19orf44-1	C19orf44-1
RIMKLB-1	RIMKLB-1
CLP1-1	CLP1-1
PUM2-1	PUM2-1
BIRC3-1	BIRC3-1
C1QL3-1	C1QL3-1
KLF5-1	KLF5-1
TFF3-1	TFF3-1
GNRH2-1	GNRH2-1
P4HTM-1	P4HTM-1
RELCH-1	RELCH-1
CBX2-1	CBX2-1
SUCLG2-1	SUCLG2-1
GOLGA7-1	GOLGA7-1
CEP89-1	CEP89-1
CTH-1	CTH-1
WBP11-1	WBP11-1
ZNF529-1	ZNF529-1
IGF2-1	IGF2-1
QRICH2-1	QRICH2-1
TMEM181-1	TMEM181-1
PRCP-1	PRCP-1
FADD-1	FADD-1
MSANTD4-1	MSANTD4-1
MRTO4-1	MRTO4-1
FXYD3-1	FXYD3-1
METRN-1	METRN-1
LEUTX-1	LEUTX-1
CCL20-1	CCL20-1
IPO9-1	IPO9-1
TSNAX-1	TSNAX-1
SPRYD3-1	SPRYD3-1
TNPO1-1	TNPO1-1
HDDC3-1	HDDC3-1
GALNT18-1	GALNT18-1
ABRACL-1	ABRACL-1
BCL9-1	BCL9-1
LZTS2-1	LZTS2-1
TSPAN9-1	TSPAN9-1
CREB1-1	CREB1-1
SGMS1-1	SGMS1-1
DENND2D-1	DENND2D-1
RRAGB-1	RRAGB-1
CAPN5-1	CAPN5-1
DNAJC11-1	DNAJC11-1
RPL9-1	RPL9-1
VWA8-1	VWA8-1
ALG14-1	ALG14-1
NKX2-3-1	NKX2-3-1
KIAA0895L-1	KIAA0895L-1
FBXO44-1	FBXO44-1
GPR160-1	GPR160-1
NIPA2-1	NIPA2-1
DEPDC1B-1	DEPDC1B-1
DPP7-1	DPP7-1
AGO1-1	AGO1-1
AREG-1	AREG-1
SYPL1-1	SYPL1-1
ZNF223-1	ZNF223-1
MRPL47-1	MRPL47-1
ZCCHC2-1	ZCCHC2-1
VDR-1	VDR-1
PROZ-1	PROZ-1
CPNE8-1	CPNE8-1
MRPS12-1	MRPS12-1
CD58-1	CD58-1
EZH2-1	EZH2-1
CDK12-1	CDK12-1
BRF1-1	BRF1-1
SLC30A1-1	SLC30A1-1
SMG5-1	SMG5-1
NUDT8-1	NUDT8-1
RANBP10-1	RANBP10-1
AURKAIP1-1	AURKAIP1-1
WDR86-1	WDR86-1
PDE5A-1	PDE5A-1
SRP19-1	SRP19-1
DHX40-1	DHX40-1
PPP2R5B-1	PPP2R5B-1
PTGER2-1	PTGER2-1
EVI2A-1	EVI2A-1
CEP250-1	CEP250-1
SCRT1-1	SCRT1-1
HIST2H2AB-1	HIST2H2AB-1
PPFIA1-1	PPFIA1-1
ALDH6A1-1	ALDH6A1-1
CFL1-1	CFL1-1
NIPAL1-1	NIPAL1-1
GPR171-1	GPR171-1
PDIA4-1	PDIA4-1
DOLPP1-1	DOLPP1-1
USP31-1	USP31-1
U2SURP-1	U2SURP-1
PBX4-1	PBX4-1
PPP1R15A-1	PPP1R15A-1
ATPAF1-1	ATPAF1-1
MST1-1	MST1-1
RLN2-1	RLN2-1
TARBP1-1	TARBP1-1
LTB4R2-1	LTB4R2-1
COX10-1	COX10-1
ARHGEF18-1	ARHGEF18-1
ZSCAN21-1	ZSCAN21-1
COX8A-1	COX8A-1
PRKAG1-1	PRKAG1-1
HNF4A-1	HNF4A-1
SLC35A4-1	SLC35A4-1
RASAL3-1	RASAL3-1
RNASEH2A-1	RNASEH2A-1
MPLKIP-1	MPLKIP-1
ZNF286A-1	ZNF286A-1
TXK-1	TXK-1
SLC25A22-1	SLC25A22-1
IGSF22-1	IGSF22-1
UBE2D4-1	UBE2D4-1
EIF3M-1	EIF3M-1
CDK9-1	CDK9-1
PPM1A-1	PPM1A-1
GDAP1-1	GDAP1-1
SMC5-1	SMC5-1
FRS2-1	FRS2-1
ZBTB6-1	ZBTB6-1
MED11-1	MED11-1
PPP6C-1	PPP6C-1
ANKZF1-1	ANKZF1-1
NACC2-1	NACC2-1
B3GAT3-1	B3GAT3-1
HACD3-1	HACD3-1
RRBP1-1	RRBP1-1
GPNMB-1	GPNMB-1
CYB5B-1	CYB5B-1
PRR12-1	PRR12-1
C2orf40-1	C2orf40-1
ECH1-1	ECH1-1
PRDM1-1	PRDM1-1
PI4K2B-1	PI4K2B-1
HACD1-1	HACD1-1
IL17A-1	IL17A-1
UBR4-1	UBR4-1
ABCA1-1	ABCA1-1
ZNF622-1	ZNF622-1
SMIM8-1	SMIM8-1
RTF1-1	RTF1-1
PLD6-1	PLD6-1
BLOC1S3-1	BLOC1S3-1
TRIM59-1	TRIM59-1
RNGTT-1	RNGTT-1
PSMB7-1	PSMB7-1
NRP2-1	NRP2-1
AREL1-1	AREL1-1
ANP32E-1	ANP32E-1
CCDC88C-1	CCDC88C-1
SLC44A1-1	SLC44A1-1
DUSP7-1	DUSP7-1
PDLIM2-1	PDLIM2-1
SAFB-1	SAFB-1
RBX1-1	RBX1-1
KIAA0895-1	KIAA0895-1
DDX47-1	DDX47-1
GNG4-1	GNG4-1
PPP1R12A-1	PPP1R12A-1
GAS8-1	GAS8-1
FSD1-1	FSD1-1
JAG1-1	JAG1-1
HSD11B2-1	HSD11B2-1
PC-1	PC-1
PIK3C2B-1	PIK3C2B-1
DBP-1	DBP-1
MYLK4-1	MYLK4-1
ZSWIM5-1	ZSWIM5-1
IL18RAP-1	IL18RAP-1
PABPC1-1	PABPC1-1
TBX10-1	TBX10-1
MYO18A-1	MYO18A-1
ANKFY1-1	ANKFY1-1
DSC2-1	DSC2-1
IKZF4-1	IKZF4-1
BPGM-1	BPGM-1
WDR75-1	WDR75-1
RAB5C-1	RAB5C-1
RAB3A-1	RAB3A-1
ANKEF1-1	ANKEF1-1
PROX1-1	PROX1-1
SETD9-1	SETD9-1
ASAP3-1	ASAP3-1
VPS13A-1	VPS13A-1
SH3BP2-1	SH3BP2-1
TNFRSF10A-1	TNFRSF10A-1
ZNF57-1	ZNF57-1
TRIM3-1	TRIM3-1
IDUA-1	IDUA-1
TBC1D10C-1	TBC1D10C-1
PRCC-1	PRCC-1
MRTFA-1	MRTFA-1
ZNF429-1	ZNF429-1
HIPK3-1	HIPK3-1
OS9-1	OS9-1
PLEKHG2-1	PLEKHG2-1
KRT72-1	KRT72-1
CHTF8-1	CHTF8-1
R3HCC1-1	R3HCC1-1
PIAS3-1	PIAS3-1
PDCD2-1	PDCD2-1
SLAIN1-1	SLAIN1-1
PNPO-1	PNPO-1
EDAR-1	EDAR-1
PARP15-1	PARP15-1
TRMT2B-1	TRMT2B-1
ANAPC5-1	ANAPC5-1
MINDY1-1	MINDY1-1
GADD45A-1	GADD45A-1
NOC2L-1	NOC2L-1
PLXDC2-1	PLXDC2-1
CREB3L4-1	CREB3L4-1
CBR4-1	CBR4-1
F11R-1	F11R-1
SLC22A5-1	SLC22A5-1
HIST1H2AE-1	HIST1H2AE-1
JOSD2-1	JOSD2-1
TXNDC12-1	TXNDC12-1
FGL2-1	FGL2-1
RAB43-1	RAB43-1
SUSD4-1	SUSD4-1
RPL27A-1	RPL27A-1
GNA15-1	GNA15-1
SEC22B-1	SEC22B-1
TRAPPC10-1	TRAPPC10-1
GTF3C6-1	GTF3C6-1
NAGPA-1	NAGPA-1
EGR4-1	EGR4-1
ANK3-1	ANK3-1
ZNF608-1	ZNF608-1
ANK1-1	ANK1-1
OGFOD1-1	OGFOD1-1
SGO2-1	SGO2-1
ETFRF1-1	ETFRF1-1
BCKDHB-1	BCKDHB-1
NR4A2-1	NR4A2-1
PMVK-1	PMVK-1
KDELC1-1	KDELC1-1
NT5DC2-1	NT5DC2-1
NEO1-1	NEO1-1
JCHAIN-1	JCHAIN-1
TMEM131L-1	TMEM131L-1
ATG16L2-1	ATG16L2-1
MAP3K1-1	MAP3K1-1
SLC12A2-1	SLC12A2-1
ATXN7L3-1	ATXN7L3-1
AOC3-1	AOC3-1
SARM1-1	SARM1-1
AKT2-1	AKT2-1
LHPP-1	LHPP-1
UBE3A-1	UBE3A-1
B4GALNT4-1	B4GALNT4-1
FAM219B-1	FAM219B-1
RGPD2-1	RGPD2-1
HOXB4-1	HOXB4-1
TMA7-1	TMA7-1
DNAH9-1	DNAH9-1
RAB11FIP4-1	RAB11FIP4-1
H2AFV-1	H2AFV-1
EIF6-1	EIF6-1
IL23A-1	IL23A-1
ZNF691-1	ZNF691-1
YPEL4-1	YPEL4-1
COL6A1-1	COL6A1-1
EMC2-1	EMC2-1
GBP2-1	GBP2-1
EPCAM-1	EPCAM-1
NCBP1-1	NCBP1-1
ZNF638-1	ZNF638-1
ZDHHC18-1	ZDHHC18-1
LIN7C-1	LIN7C-1
DHRS2-1	DHRS2-1
LAMTOR4-1	LAMTOR4-1
FLT1-1	FLT1-1
ULK2-1	ULK2-1
MINDY2-1	MINDY2-1
CDC45-1	CDC45-1
LITAF-1	LITAF-1
ALDOA-1	ALDOA-1
CD164-1	CD164-1
CASK-1	CASK-1
ST6GAL1-1	ST6GAL1-1
MEIS1-1	MEIS1-1
GGT7-1	GGT7-1
PEF1-1	PEF1-1
TMLHE-1	TMLHE-1
ARHGAP5-1	ARHGAP5-1
RIOX1-1	RIOX1-1
LIMK2-1	LIMK2-1
ZFP36-1	ZFP36-1
PMCH-1	PMCH-1
BANK1-1	BANK1-1
NCOR1-1	NCOR1-1
DNAJC19-1	DNAJC19-1
CSF1-1	CSF1-1
SMG9-1	SMG9-1
RNF207-1	RNF207-1
ZNF532-1	ZNF532-1
LRRFIP1-1	LRRFIP1-1
LRBA-1	LRBA-1
VCAN-1	VCAN-1
XRN2-1	XRN2-1
ZHX3-1	ZHX3-1
CCDC173-1	CCDC173-1
SMNDC1-1	SMNDC1-1
GZMK-1	GZMK-1
PDHB-1	PDHB-1
CHIC1-1	CHIC1-1
NFASC-1	NFASC-1
GINS2-1	GINS2-1
NRIP3-1	NRIP3-1
GNPTG-1	GNPTG-1
PSTPIP2-1	PSTPIP2-1
PTPRE-1	PTPRE-1
B4GALT2-1	B4GALT2-1
CPQ-1	CPQ-1
G3BP1-1	G3BP1-1
TIMM10-1	TIMM10-1
CMC2-1	CMC2-1
CSKMT-1	CSKMT-1
FAM13B-1	FAM13B-1
ZBTB17-1	ZBTB17-1
SLC35E1-1	SLC35E1-1
VPS8-1	VPS8-1
SMARCAD1-1	SMARCAD1-1
USP42-1	USP42-1
ALDH2-1	ALDH2-1
STX4-1	STX4-1
UPP1-1	UPP1-1
THTPA-1	THTPA-1
KAT7-1	KAT7-1
PNP-1	PNP-1
RPL7A-1	RPL7A-1
NMRK1-1	NMRK1-1
CES4A-1	CES4A-1
PRUNE1-1	PRUNE1-1
LRR1-1	LRR1-1
SLC18B1-1	SLC18B1-1
SH2B1-1	SH2B1-1
TFEB-1	TFEB-1
RAB1A-1	RAB1A-1
CNOT4-1	CNOT4-1
PCDH12-1	PCDH12-1
BLMH-1	BLMH-1
PEX6-1	PEX6-1
WDR70-1	WDR70-1
BTBD6-1	BTBD6-1
STT3B-1	STT3B-1
HIST1H2AB-1	HIST1H2AB-1
PYCR2-1	PYCR2-1
THAP7-1	THAP7-1
DBX2-1	DBX2-1
ITGA5-1	ITGA5-1
PIGF-1	PIGF-1
TGFA-1	TGFA-1
SLC35B2-1	SLC35B2-1
PLEKHA4-1	PLEKHA4-1
TMEM199-1	TMEM199-1
CCT5-1	CCT5-1
BRWD1-1	BRWD1-1
NFRKB-1	NFRKB-1
ITGB2-1	ITGB2-1
WDR89-1	WDR89-1
TATDN3-1	TATDN3-1
ANKS1A-1	ANKS1A-1
PSMC1-1	PSMC1-1
SLC2A8-1	SLC2A8-1
TMED2-1	TMED2-1
FAM129C-1	FAM129C-1
TCF15-1	TCF15-1
LBX1-1	LBX1-1
KCNH3-1	KCNH3-1
SORBS3-1	SORBS3-1
HNRNPA0-1	HNRNPA0-1
ELP1-1	ELP1-1
FASLG-1	FASLG-1
SMIM24-1	SMIM24-1
LRP2BP-1	LRP2BP-1
FARP1-1	FARP1-1
ZFHX4-1	ZFHX4-1
DHRS1-1	DHRS1-1
LYSMD4-1	LYSMD4-1
SLC38A6-1	SLC38A6-1
VPS53-1	VPS53-1
KCNIP4-1	KCNIP4-1
CCDC61-1	CCDC61-1
PFKFB1-1	PFKFB1-1
MAPRE2-1	MAPRE2-1
ZIC3-1	ZIC3-1
ARHGAP33-1	ARHGAP33-1
SOX13-1	SOX13-1
GSDME-1	GSDME-1
LIPE-1	LIPE-1
LRP2-1	LRP2-1
DNAH1-1	DNAH1-1
UBXN4-1	UBXN4-1
RBCK1-1	RBCK1-1
TSGA10-1	TSGA10-1
SMAP1-1	SMAP1-1
SMIM7-1	SMIM7-1
TNFRSF10B-1	TNFRSF10B-1
TXN2-1	TXN2-1
FAM102B-1	FAM102B-1
LZTR1-1	LZTR1-1
RASA2-1	RASA2-1
HMGXB3-1	HMGXB3-1
LATS1-1	LATS1-1
PHB2-1	PHB2-1
LIF-1	LIF-1
COPG1-1	COPG1-1
MAGEH1-1	MAGEH1-1
RAP1GDS1-1	RAP1GDS1-1
TIMM21-1	TIMM21-1
RIBC2-1	RIBC2-1
TMEM63B-1	TMEM63B-1
IZUMO4-1	IZUMO4-1
FAM168B-1	FAM168B-1
C4orf47-1	C4orf47-1
SLC31A2-1	SLC31A2-1
NEDD8-1	NEDD8-1
IMPG2-1	IMPG2-1
PPWD1-1	PPWD1-1
PAQR6-1	PAQR6-1
SIRT2-1	SIRT2-1
SPAG9-1	SPAG9-1
DBX1-1	DBX1-1
DIAPH3-1	DIAPH3-1
ZNF567-1	ZNF567-1
STK38L-1	STK38L-1
RGMB-1	RGMB-1
PRKD3-1	PRKD3-1
RNF121-1	RNF121-1
ZNF711-1	ZNF711-1
PIP5K1B-1	PIP5K1B-1
MAPK13-1	MAPK13-1
LIG4-1	LIG4-1
GPHN-1	GPHN-1
ARHGAP25-1	ARHGAP25-1
FABP4-1	FABP4-1
ITSN2-1	ITSN2-1
C8orf76-1	C8orf76-1
SMG7-1	SMG7-1
ZNRF2-1	ZNRF2-1
PLEKHA8-1	PLEKHA8-1
GTF2H1-1	GTF2H1-1
FDPS-1	FDPS-1
SPDYA-1	SPDYA-1
PLEKHF2-1	PLEKHF2-1
RCAN1-1	RCAN1-1
FYN-1	FYN-1
CAMLG-1	CAMLG-1
MRPL49-1	MRPL49-1
NKX6-2-1	NKX6-2-1
RUFY3-1	RUFY3-1
DDX60-1	DDX60-1
PPP4R1-1	PPP4R1-1
RAB2B-1	RAB2B-1
SUMO3-1	SUMO3-1
UNC45A-1	UNC45A-1
POLD2-1	POLD2-1
ST3GAL1-1	ST3GAL1-1
TRA2A-1	TRA2A-1
NOP56-1	NOP56-1
PTRH1-1	PTRH1-1
ARNTL-1	ARNTL-1
PSMA5-1	PSMA5-1
SH3BP1-1	SH3BP1-1
MTMR7-1	MTMR7-1
KIAA0100-1	KIAA0100-1
QSER1-1	QSER1-1
HEATR5A-1	HEATR5A-1
PLPP1-1	PLPP1-1
CLASP1-1	CLASP1-1
NICN1-1	NICN1-1
GET4-1	GET4-1
MYC-1	MYC-1
NKD1-1	NKD1-1
CLCC1-1	CLCC1-1
TVP23B-1	TVP23B-1
ZFYVE9-1	ZFYVE9-1
BCS1L-1	BCS1L-1
AUTS2-1	AUTS2-1
USP25-1	USP25-1
CACNA1D-1	CACNA1D-1
RAB11FIP5-1	RAB11FIP5-1
ELOVL5-1	ELOVL5-1
ARHGAP10-1	ARHGAP10-1
CKS2-1	CKS2-1
IMPAD1-1	IMPAD1-1
CRNKL1-1	CRNKL1-1
TMED8-1	TMED8-1
SDCBP-1	SDCBP-1
GPR157-1	GPR157-1
GTF2H3-1	GTF2H3-1
CENPK-1	CENPK-1
YIPF4-1	YIPF4-1
BOP1-1	BOP1-1
HELQ-1	HELQ-1
APOBEC3H-1	APOBEC3H-1
CCM2-1	CCM2-1
PURB-1	PURB-1
VCPIP1-1	VCPIP1-1
PLEKHB1-1	PLEKHB1-1
NUDT7-1	NUDT7-1
PTCD2-1	PTCD2-1
SPZ1-1	SPZ1-1
CCDC92-1	CCDC92-1
NABP1-1	NABP1-1
SCAF4-1	SCAF4-1
RTN3-1	RTN3-1
GPRIN3-1	GPRIN3-1
CTDNEP1-1	CTDNEP1-1
PIP4P2-1	PIP4P2-1
DEDD-1	DEDD-1
TPM2-1	TPM2-1
ALG13-1	ALG13-1
SKIL-1	SKIL-1
FLT3LG-1	FLT3LG-1
UBE2Z-1	UBE2Z-1
UQCR10-1	UQCR10-1
ADGRE2-1	ADGRE2-1
TCEAL9-1	TCEAL9-1
RMDN3-1	RMDN3-1
SIRT3-1	SIRT3-1
PIGH-1	PIGH-1
PATJ-1	PATJ-1
DYM-1	DYM-1
C3AR1-1	C3AR1-1
FOXG1-1	FOXG1-1
MARCH9-1	MARCH9-1
TRMT5-1	TRMT5-1
VIM-1	VIM-1
PISD-1	PISD-1
SMIM19-1	SMIM19-1
ANAPC1-1	ANAPC1-1
CCNYL1-1	CCNYL1-1
MCM9-1	MCM9-1
SMUG1-1	SMUG1-1
C2orf68-1	C2orf68-1
TIMM29-1	TIMM29-1
TP53BP2-1	TP53BP2-1
PTGES2-1	PTGES2-1
FOXB1-1	FOXB1-1
GIPR-1	GIPR-1
STRADB-1	STRADB-1
STAU2-1	STAU2-1
FAM206A-1	FAM206A-1
ATP5S-1	ATP5S-1
RASL11A-1	RASL11A-1
TMEM206-1	TMEM206-1
NRIP2-1	NRIP2-1
HMGN3-1	HMGN3-1
KRT1-1	KRT1-1
AP3B1-1	AP3B1-1
FMC1-1	FMC1-1
KLHL17-1	KLHL17-1
RELA-1	RELA-1
RNF126-1	RNF126-1
DUSP11-1	DUSP11-1
CHAC1-1	CHAC1-1
MAPK7-1	MAPK7-1
SLC26A2-1	SLC26A2-1
PDK4-1	PDK4-1
PLK4-1	PLK4-1
FEZF2-1	FEZF2-1
ALCAM-1	ALCAM-1
TPRA1-1	TPRA1-1
RPAP2-1	RPAP2-1
MTMR9-1	MTMR9-1
PRTFDC1-1	PRTFDC1-1
SH3BGRL-1	SH3BGRL-1
RIN3-1	RIN3-1
MRPL44-1	MRPL44-1
NAA20-1	NAA20-1
TRIM22-1	TRIM22-1
DDIT4-1	DDIT4-1
RBPJL-1	RBPJL-1
RTCB-1	RTCB-1
SCLY-1	SCLY-1
BCKDHA-1	BCKDHA-1
ARHGAP31-1	ARHGAP31-1
RAF1-1	RAF1-1
BARD1-1	BARD1-1
DDX17-1	DDX17-1
HOXA3-1	HOXA3-1
MPC2-1	MPC2-1
VAMP1-1	VAMP1-1
SLC29A2-1	SLC29A2-1
USB1-1	USB1-1
ZNF564-1	ZNF564-1
MEAF6-1	MEAF6-1
HSPE1-1	HSPE1-1
TNFRSF13C-1	TNFRSF13C-1
ECHDC1-1	ECHDC1-1
DOK2-1	DOK2-1
NFX1-1	NFX1-1
DHRS7-1	DHRS7-1
VRK1-1	VRK1-1
CHN2-1	CHN2-1
AKAP8-1	AKAP8-1
ZNF112-1	ZNF112-1
MDH1-1	MDH1-1
PTAR1-1	PTAR1-1
MYF5-1	MYF5-1
SDK2-1	SDK2-1
PGLS-1	PGLS-1
B3GNT9-1	B3GNT9-1
TAF1B-1	TAF1B-1
GID4-1	GID4-1
IMPA1-1	IMPA1-1
FXR1-1	FXR1-1
COPB1-1	COPB1-1
DTNB-1	DTNB-1
RABAC1-1	RABAC1-1
FRAS1-1	FRAS1-1
ARF3-1	ARF3-1
SOWAHC-1	SOWAHC-1
WDR6-1	WDR6-1
CDH19-1	CDH19-1
FRMD3-1	FRMD3-1
RNF19B-1	RNF19B-1
FUCA2-1	FUCA2-1
IFT122-1	IFT122-1
DNAH10-1	DNAH10-1
LCP1-1	LCP1-1
TAF10-1	TAF10-1
PPP1R13L-1	PPP1R13L-1
SIPA1L3-1	SIPA1L3-1
TUBG2-1	TUBG2-1
FBLN7-1	FBLN7-1
D2HGDH-1	D2HGDH-1
IP6K2-1	IP6K2-1
ATP6V1E2-1	ATP6V1E2-1
CHCHD3-1	CHCHD3-1
TCEAL2-1	TCEAL2-1
MFSD10-1	MFSD10-1
C5AR1-1	C5AR1-1
NRROS-1	NRROS-1
MKLN1-1	MKLN1-1
RSPH4A-1	RSPH4A-1
TCEA3-1	TCEA3-1
PHLDA1-1	PHLDA1-1
SLC25A19-1	SLC25A19-1
ZNF32-1	ZNF32-1
SLC25A45-1	SLC25A45-1
ZCCHC18-1	ZCCHC18-1
UGCG-1	UGCG-1
RAMP1-1	RAMP1-1
RGS17-1	RGS17-1
PITX2-1	PITX2-1
LSP1-1	LSP1-1
LPL-1	LPL-1
CARD17-1	CARD17-1
PURA-1	PURA-1
CEP120-1	CEP120-1
PTPN12-1	PTPN12-1
EEF1A1-1	EEF1A1-1
FAM118B-1	FAM118B-1
PTPRA-1	PTPRA-1
BANP-1	BANP-1
DEGS1-1	DEGS1-1
IGLL5-1	IGLL5-1
EXOSC5-1	EXOSC5-1
TCEA1-1	TCEA1-1
IKBKG-1	IKBKG-1
DCST2-1	DCST2-1
MTRF1L-1	MTRF1L-1
LEF1-1	LEF1-1
USP11-1	USP11-1
MARK4-1	MARK4-1
CRYBG2-1	CRYBG2-1
POU4F3-1	POU4F3-1
IL2RA-1	IL2RA-1
OCEL1-1	OCEL1-1
TRNAU1AP-1	TRNAU1AP-1
UBE2V2-1	UBE2V2-1
KLHDC1-1	KLHDC1-1
WDR44-1	WDR44-1
SOX9-1	SOX9-1
FUCA1-1	FUCA1-1
HDC-1	HDC-1
ADGRB2-1	ADGRB2-1
ABCA2-1	ABCA2-1
SLC16A10-1	SLC16A10-1
GBGT1-1	GBGT1-1
SNTA1-1	SNTA1-1
STX5-1	STX5-1
CLIP4-1	CLIP4-1
SEMA4B-1	SEMA4B-1
GLB1-1	GLB1-1
SERTAD3-1	SERTAD3-1
RICTOR-1	RICTOR-1
CWC15-1	CWC15-1
HCFC1R1-1	HCFC1R1-1
RBAK-1	RBAK-1
RNF169-1	RNF169-1
CHMP7-1	CHMP7-1
F3-1	F3-1
UBE2W-1	UBE2W-1
ELOVL7-1	ELOVL7-1
SARS-1	SARS-1
GART-1	GART-1
BEGAIN-1	BEGAIN-1
GPAT3-1	GPAT3-1
CST7-1	CST7-1
FERD3L-1	FERD3L-1
PCBD2-1	PCBD2-1
ZNF490-1	ZNF490-1
MGAT2-1	MGAT2-1
ABCD4-1	ABCD4-1
M6PR-1	M6PR-1
NME2-1	NME2-1
ZC3H14-1	ZC3H14-1
PTPDC1-1	PTPDC1-1
DLG3-1	DLG3-1
OTUD1-1	OTUD1-1
ABI2-1	ABI2-1
EFCAB2-1	EFCAB2-1
POU1F1-1	POU1F1-1
IP6K1-1	IP6K1-1
GTF2A1-1	GTF2A1-1
RANBP9-1	RANBP9-1
LPIN1-1	LPIN1-1
UBE2H-1	UBE2H-1
TANGO6-1	TANGO6-1
MYOF-1	MYOF-1
MANBA-1	MANBA-1
CR1-1	CR1-1
DNTTIP2-1	DNTTIP2-1
SEC61B-1	SEC61B-1
RHBDL1-1	RHBDL1-1
FAM76B-1	FAM76B-1
SP3-1	SP3-1
SLC48A1-1	SLC48A1-1
BAIAP3-1	BAIAP3-1
SNX6-1	SNX6-1
EIF4A1-1	EIF4A1-1
SYTL2-1	SYTL2-1
GLUD1-1	GLUD1-1
DEF8-1	DEF8-1
MTG2-1	MTG2-1
ISG20L2-1	ISG20L2-1
ULBP1-1	ULBP1-1
PIK3R6-1	PIK3R6-1
GSAP-1	GSAP-1
ANXA7-1	ANXA7-1
PANK1-1	PANK1-1
VSIG10-1	VSIG10-1
NRBF2-1	NRBF2-1
FBXL5-1	FBXL5-1
PGAP3-1	PGAP3-1
SULT1B1-1	SULT1B1-1
SAMD9L-1	SAMD9L-1
ZNF607-1	ZNF607-1
SURF6-1	SURF6-1
RASSF4-1	RASSF4-1
SLC9A8-1	SLC9A8-1
TARSL2-1	TARSL2-1
ADAMTS17-1	ADAMTS17-1
MAP3K4-1	MAP3K4-1
WDR47-1	WDR47-1
ZNF316-1	ZNF316-1
SFMBT2-1	SFMBT2-1
SYTL1-1	SYTL1-1
PIGV-1	PIGV-1
ZNF81-1	ZNF81-1
PSMD5-1	PSMD5-1
SELENOI-1	SELENOI-1
RFX3-1	RFX3-1
ADIPOR1-1	ADIPOR1-1
TMEM45B-1	TMEM45B-1
GPR135-1	GPR135-1
AP4E1-1	AP4E1-1
FPGS-1	FPGS-1
STRIP2-1	STRIP2-1
NNAT-1	NNAT-1
NT5C3A-1	NT5C3A-1
TBXAS1-1	TBXAS1-1
B3GALNT2-1	B3GALNT2-1
C3orf62-1	C3orf62-1
ZYX-1	ZYX-1
TRIM14-1	TRIM14-1
PRRC2B-1	PRRC2B-1
ELP4-1	ELP4-1
GDF15-1	GDF15-1
CLCF1-1	CLCF1-1
PPM1D-1	PPM1D-1
HENMT1-1	HENMT1-1
HLA-DRB1-1	HLA-DRB1-1
SNRNP200-1	SNRNP200-1
CRYL1-1	CRYL1-1
MAP4K1-1	MAP4K1-1
ZNF630-1	ZNF630-1
SH2D1A-1	SH2D1A-1
TMEM234-1	TMEM234-1
TSN-1	TSN-1
ZNF473-1	ZNF473-1
TRAPPC11-1	TRAPPC11-1
PMM1-1	PMM1-1
CLPX-1	CLPX-1
MAPRE3-1	MAPRE3-1
TNFSF13-1	TNFSF13-1
NAA40-1	NAA40-1
ALMS1-1	ALMS1-1
ZNF764-1	ZNF764-1
GYS1-1	GYS1-1
ZNF217-1	ZNF217-1
PLAGL1-1	PLAGL1-1
RNF216-1	RNF216-1
ZRANB1-1	ZRANB1-1
PIK3CA-1	PIK3CA-1
ZNF44-1	ZNF44-1
ATP8B3-1	ATP8B3-1
AMMECR1-1	AMMECR1-1
SNRPB-1	SNRPB-1
SMAD3-1	SMAD3-1
TBPL1-1	TBPL1-1
NUP54-1	NUP54-1
CAPN10-1	CAPN10-1
TCF12-1	TCF12-1
PPP4R3A-1	PPP4R3A-1
FAM83D-1	FAM83D-1
CCT7-1	CCT7-1
RAB5A-1	RAB5A-1
MXRA8-1	MXRA8-1
ATIC-1	ATIC-1
CNOT8-1	CNOT8-1
TMEM141-1	TMEM141-1
TXNRD2-1	TXNRD2-1
ABCG1-1	ABCG1-1
ITPRID2-1	ITPRID2-1
LACTB2-1	LACTB2-1
C1GALT1-1	C1GALT1-1
TBC1D25-1	TBC1D25-1
MYO16-1	MYO16-1
IFI35-1	IFI35-1
ZNF705G-1	ZNF705G-1
TTC7A-1	TTC7A-1
MAL-1	MAL-1
S100PBP-1	S100PBP-1
S100A12-1	S100A12-1
MACF1-1	MACF1-1
ARL16-1	ARL16-1
PAGE5-1	PAGE5-1
HPS5-1	HPS5-1
ULK4-1	ULK4-1
LAPTM5-1	LAPTM5-1
KNOP1-1	KNOP1-1
RPN1-1	RPN1-1
AAK1-1	AAK1-1
RLIM-1	RLIM-1
OCLM-1	OCLM-1
NCAPD2-1	NCAPD2-1
PHLPP1-1	PHLPP1-1
TMUB2-1	TMUB2-1
AXL-1	AXL-1
RHOB-1	RHOB-1
DHX32-1	DHX32-1
DOCK8-1	DOCK8-1
OPA3-1	OPA3-1
RAB8A-1	RAB8A-1
NIPSNAP1-1	NIPSNAP1-1
FOXK1-1	FOXK1-1
ENGASE-1	ENGASE-1
GTPBP1-1	GTPBP1-1
UQCRHL-1	UQCRHL-1
IFT88-1	IFT88-1
HDAC8-1	HDAC8-1
KATNAL2-1	KATNAL2-1
ZNF580-1	ZNF580-1
PEG3-1	PEG3-1
LEPR-1	LEPR-1
ARL4D-1	ARL4D-1
R3HCC1L-1	R3HCC1L-1
EPB42-1	EPB42-1
CBLL1-1	CBLL1-1
KIF1BP-1	KIF1BP-1
MALT1-1	MALT1-1
AP3M2-1	AP3M2-1
CCS-1	CCS-1
ZBTB3-1	ZBTB3-1
MRPL48-1	MRPL48-1
MAF1-1	MAF1-1
MAP3K7CL-1	MAP3K7CL-1
NELFB-1	NELFB-1
CD70-1	CD70-1
PAX9-1	PAX9-1
BEX2-1	BEX2-1
KIF1B-1	KIF1B-1
VIL1-1	VIL1-1
FRMD8-1	FRMD8-1
NCOR2-1	NCOR2-1
NUFIP1-1	NUFIP1-1
HOXB9-1	HOXB9-1
DAAM1-1	DAAM1-1
SLC12A9-1	SLC12A9-1
ADAMTS1-1	ADAMTS1-1
TEC-1	TEC-1
MCMBP-1	MCMBP-1
VAV3-1	VAV3-1
RBM14-1	RBM14-1
C19orf24-1	C19orf24-1
FBXO36-1	FBXO36-1
PRIMPOL-1	PRIMPOL-1
RUNDC1-1	RUNDC1-1
SGK2-1	SGK2-1
WDR92-1	WDR92-1
CCND1-1	CCND1-1
LLPH-1	LLPH-1
SMTN-1	SMTN-1
ARAP1-1	ARAP1-1
C20orf96-1	C20orf96-1
ZNF627-1	ZNF627-1
RYBP-1	RYBP-1
GATAD2B-1	GATAD2B-1
ZNF783-1	ZNF783-1
TECPR1-1	TECPR1-1
P4HA2-1	P4HA2-1
POLA1-1	POLA1-1
GNG7-1	GNG7-1
C2orf69-1	C2orf69-1
C1orf131-1	C1orf131-1
PNMA1-1	PNMA1-1
JAK3-1	JAK3-1
GINM1-1	GINM1-1
NKX6-3-1	NKX6-3-1
GOLM1-1	GOLM1-1
EDC3-1	EDC3-1
ARHGEF6-1	ARHGEF6-1
ENDOG-1	ENDOG-1
TIMM17B-1	TIMM17B-1
SELPLG-1	SELPLG-1
SERPINB9-1	SERPINB9-1
ACBD6-1	ACBD6-1
GNL2-1	GNL2-1
FUNDC2-1	FUNDC2-1
MAEA-1	MAEA-1
MECR-1	MECR-1
KBTBD6-1	KBTBD6-1
HOXB2-1	HOXB2-1
CHKA-1	CHKA-1
FOXI2-1	FOXI2-1
SHLD2-1	SHLD2-1
ZWINT-1	ZWINT-1
DYNC1H1-1	DYNC1H1-1
RHOT2-1	RHOT2-1
DRAM1-1	DRAM1-1
ADCY3-1	ADCY3-1
CENPF-1	CENPF-1
WDR24-1	WDR24-1
MVB12B-1	MVB12B-1
POU3F2-1	POU3F2-1
UBLCP1-1	UBLCP1-1
NR5A2-1	NR5A2-1
HLA-DQA1-1	HLA-DQA1-1
RHOXF1-1	RHOXF1-1
CACNB2-1	CACNB2-1
LY9-1	LY9-1
ORMDL3-1	ORMDL3-1
L2HGDH-1	L2HGDH-1
ASTE1-1	ASTE1-1
CC2D1A-1	CC2D1A-1
DNA2-1	DNA2-1
ZNF23-1	ZNF23-1
SLC45A4-1	SLC45A4-1
FAM49A-1	FAM49A-1
FOXJ1-1	FOXJ1-1
GPATCH3-1	GPATCH3-1
RALGAPA2-1	RALGAPA2-1
ECHDC2-1	ECHDC2-1
MRPL37-1	MRPL37-1
CD247-1	CD247-1
MSX1-1	MSX1-1
TUBE1-1	TUBE1-1
SLC50A1-1	SLC50A1-1
XPO1-1	XPO1-1
LTB4R-1	LTB4R-1
UTP3-1	UTP3-1
NRBP1-1	NRBP1-1
VSIR-1	VSIR-1
MUT-1	MUT-1
AKIRIN1-1	AKIRIN1-1
GOLGA1-1	GOLGA1-1
LPP-1	LPP-1
C18orf25-1	C18orf25-1
OSR2-1	OSR2-1
TMEM86B-1	TMEM86B-1
HLA-DQB1-1	HLA-DQB1-1
CASTOR1-1	CASTOR1-1
PCID2-1	PCID2-1
LHX5-1	LHX5-1
OXSR1-1	OXSR1-1
MXI1-1	MXI1-1
POLQ-1	POLQ-1
PPCDC-1	PPCDC-1
CLSTN3-1	CLSTN3-1
LTBP4-1	LTBP4-1
TMEM107-1	TMEM107-1
ARL6IP5-1	ARL6IP5-1
HOXA4-1	HOXA4-1
ENSA-1	ENSA-1
C6orf120-1	C6orf120-1
PET100-1	PET100-1
G0S2-1	G0S2-1
KIF3B-1	KIF3B-1
KIAA0586-1	KIAA0586-1
DNAI2-1	DNAI2-1
SARS2-1	SARS2-1
ZGPAT-1	ZGPAT-1
RNF170-1	RNF170-1
RBM15-1	RBM15-1
TRAF6-1	TRAF6-1
AACS-1	AACS-1
HIST1H2BO-1	HIST1H2BO-1
ZNF787-1	ZNF787-1
CCNF-1	CCNF-1
KATNA1-1	KATNA1-1
FAM200A-1	FAM200A-1
HAVCR1-1	HAVCR1-1
C15orf40-1	C15orf40-1
TIGIT-1	TIGIT-1
PTCH1-1	PTCH1-1
JAKMIP2-1	JAKMIP2-1
MED23-1	MED23-1
ZNF540-1	ZNF540-1
POGK-1	POGK-1
GFM1-1	GFM1-1
PROX2-1	PROX2-1
SPPL3-1	SPPL3-1
TRIM58-1	TRIM58-1
RPL36AL-1	RPL36AL-1
TRAPPC6B-1	TRAPPC6B-1
SLC39A11-1	SLC39A11-1
MED26-1	MED26-1
TTC22-1	TTC22-1
SAAL1-1	SAAL1-1
MKNK2-1	MKNK2-1
MGMT-1	MGMT-1
RNF181-1	RNF181-1
GPR19-1	GPR19-1
HIST1H1B-1	HIST1H1B-1
CHD1L-1	CHD1L-1
NFKBIA-1	NFKBIA-1
JAGN1-1	JAGN1-1
MPL-1	MPL-1
MAFF-1	MAFF-1
PRPF38B-1	PRPF38B-1
DRAP1-1	DRAP1-1
ZNF771-1	ZNF771-1
GIGYF2-1	GIGYF2-1
GDPD3-1	GDPD3-1
PCSK7-1	PCSK7-1
SCAMP1-1	SCAMP1-1
WASHC4-1	WASHC4-1
RIF1-1	RIF1-1
CNTROB-1	CNTROB-1
MAP3K20-1	MAP3K20-1
FGFBP3-1	FGFBP3-1
PGM2-1	PGM2-1
ALG9-1	ALG9-1
TIMM8A-1	TIMM8A-1
TPRX1-1	TPRX1-1
USP22-1	USP22-1
GALC-1	GALC-1
KATNBL1-1	KATNBL1-1
PIEZO1-1	PIEZO1-1
NUPR1-1	NUPR1-1
TYMP-1	TYMP-1
ZNF324B-1	ZNF324B-1
TCEANC-1	TCEANC-1
INPP5F-1	INPP5F-1
APAF1-1	APAF1-1
NUDT15-1	NUDT15-1
GTF2F2-1	GTF2F2-1
EMG1-1	EMG1-1
SPRY2-1	SPRY2-1
HK2-1	HK2-1
SUFU-1	SUFU-1
UBE2I-1	UBE2I-1
CASP8-1	CASP8-1
ISX-1	ISX-1
KCTD20-1	KCTD20-1
TMEM219-1	TMEM219-1
NUP43-1	NUP43-1
MRPS2-1	MRPS2-1
TAF5L-1	TAF5L-1
PER2-1	PER2-1
LETM2-1	LETM2-1
LEMD3-1	LEMD3-1
TP53I13-1	TP53I13-1
CHUK-1	CHUK-1
NDUFB2-1	NDUFB2-1
FCRLA-1	FCRLA-1
MLH1-1	MLH1-1
SSTR3-1	SSTR3-1
LIMA1-1	LIMA1-1
P2RY14-1	P2RY14-1
DCAF13-1	DCAF13-1
PIK3R5-1	PIK3R5-1
WDR88-1	WDR88-1
NKIRAS1-1	NKIRAS1-1
SERPINH1-1	SERPINH1-1
HOXC8-1	HOXC8-1
RHBDD3-1	RHBDD3-1
EPC1-1	EPC1-1
ASB1-1	ASB1-1
TCAIM-1	TCAIM-1
EPPK1-1	EPPK1-1
CLCN6-1	CLCN6-1
ST13-1	ST13-1
RELL1-1	RELL1-1
PKD2-1	PKD2-1
MPPE1-1	MPPE1-1
SSR3-1	SSR3-1
OSM-1	OSM-1
NBPF3-1	NBPF3-1
TFAP2D-1	TFAP2D-1
PSMC4-1	PSMC4-1
AAR2-1	AAR2-1
RCC1-1	RCC1-1
HOXD1-1	HOXD1-1
EIF3A-1	EIF3A-1
HNRNPUL2-1	HNRNPUL2-1
ZFYVE16-1	ZFYVE16-1
GJB6-1	GJB6-1
RPL29-1	RPL29-1
FAM160A2-1	FAM160A2-1
NR2C1-1	NR2C1-1
TOR1B-1	TOR1B-1
ENO1-1	ENO1-1
EPM2AIP1-1	EPM2AIP1-1
ATG12-1	ATG12-1
FBXW4-1	FBXW4-1
ARC-1	ARC-1
TAS2R4-1	TAS2R4-1
RMDN1-1	RMDN1-1
SLC35E3-1	SLC35E3-1
GTPBP4-1	GTPBP4-1
KIZ-1	KIZ-1
VPS29-1	VPS29-1
NEXN-1	NEXN-1
GEMIN6-1	GEMIN6-1
RTL8C-1	RTL8C-1
HSD17B1-1	HSD17B1-1
SH3D19-1	SH3D19-1
TMEM33-1	TMEM33-1
NDUFB6-1	NDUFB6-1
HTN3-1	HTN3-1
IRF5-1	IRF5-1
ZNF680-1	ZNF680-1
NARS-1	NARS-1
EZR-1	EZR-1
FCHSD1-1	FCHSD1-1
SORBS2-1	SORBS2-1
PLEKHG5-1	PLEKHG5-1
GMPR-1	GMPR-1
RPS25-1	RPS25-1
FBXL19-1	FBXL19-1
AMZ2-1	AMZ2-1
NFKBIE-1	NFKBIE-1
MAN2C1-1	MAN2C1-1
WIPI1-1	WIPI1-1
VPS37B-1	VPS37B-1
GALR2-1	GALR2-1
REV1-1	REV1-1
CDKN2AIP-1	CDKN2AIP-1
SSH3-1	SSH3-1
CDO1-1	CDO1-1
MTERF2-1	MTERF2-1
DMAP1-1	DMAP1-1
COPG2-1	COPG2-1
COPS7A-1	COPS7A-1
YTHDF1-1	YTHDF1-1
B3GNT2-1	B3GNT2-1
CMTM1-1	CMTM1-1
DOCK3-1	DOCK3-1
TPI1-1	TPI1-1
SGPP1-1	SGPP1-1
RCC1L-1	RCC1L-1
IL21-1	IL21-1
CDC25B-1	CDC25B-1
LYZ-1	LYZ-1
PPIL2-1	PPIL2-1
C3orf38-1	C3orf38-1
TADA1-1	TADA1-1
NFAT5-1	NFAT5-1
GFI1B-1	GFI1B-1
CLTB-1	CLTB-1
COX5B-1	COX5B-1
EIF5-1	EIF5-1
TRMT10A-1	TRMT10A-1
CNBP-1	CNBP-1
CSNK1G2-1	CSNK1G2-1
ZNF74-1	ZNF74-1
POLDIP3-1	POLDIP3-1
CYB5RL-1	CYB5RL-1
HSPA13-1	HSPA13-1
HMBS-1	HMBS-1
SLC26A3-1	SLC26A3-1
MEGF9-1	MEGF9-1
ELF5-1	ELF5-1
GNPDA1-1	GNPDA1-1
XPNPEP3-1	XPNPEP3-1
CCDC78-1	CCDC78-1
ERO1A-1	ERO1A-1
NCOA3-1	NCOA3-1
VSIG2-1	VSIG2-1
RPS6KL1-1	RPS6KL1-1
SURF1-1	SURF1-1
HMBOX1-1	HMBOX1-1
TIAL1-1	TIAL1-1
HSPG2-1	HSPG2-1
ZNF696-1	ZNF696-1
HEXIM2-1	HEXIM2-1
STRADA-1	STRADA-1
ATP8A1-1	ATP8A1-1
MAMLD1-1	MAMLD1-1
PRKAB1-1	PRKAB1-1
AKR1C1-1	AKR1C1-1
FBXO46-1	FBXO46-1
CEP290-1	CEP290-1
ZSWIM4-1	ZSWIM4-1
FRMD4B-1	FRMD4B-1
ATXN7L3B-1	ATXN7L3B-1
STT3A-1	STT3A-1
KNL1-1	KNL1-1
MRPL43-1	MRPL43-1
WDR27-1	WDR27-1
TMEM126A-1	TMEM126A-1
CH25H-1	CH25H-1
PWWP2B-1	PWWP2B-1
KDM8-1	KDM8-1
CAT-1	CAT-1
UQCC2-1	UQCC2-1
EEPD1-1	EEPD1-1
IGHMBP2-1	IGHMBP2-1
ATXN1L-1	ATXN1L-1
AP2M1-1	AP2M1-1
BRD1-1	BRD1-1
RPL14-1	RPL14-1
ATP13A2-1	ATP13A2-1
TMEM177-1	TMEM177-1
EEF1G-1	EEF1G-1
ZBTB26-1	ZBTB26-1
RFX2-1	RFX2-1
ITCH-1	ITCH-1
SLC9A1-1	SLC9A1-1
POLR2D-1	POLR2D-1
HMGCR-1	HMGCR-1
ZBTB41-1	ZBTB41-1
STXBP2-1	STXBP2-1
PDS5A-1	PDS5A-1
MMAA-1	MMAA-1
EAF2-1	EAF2-1
ARFGEF1-1	ARFGEF1-1
DCTD-1	DCTD-1
SOD1-1	SOD1-1
RALBP1-1	RALBP1-1
OSMR-1	OSMR-1
COTL1-1	COTL1-1
PEX1-1	PEX1-1
PLIN4-1	PLIN4-1
SCML1-1	SCML1-1
CYP20A1-1	CYP20A1-1
PLEKHA5-1	PLEKHA5-1
GLA-1	GLA-1
FDXACB1-1	FDXACB1-1
LDB1-1	LDB1-1
WIPF2-1	WIPF2-1
FBXO28-1	FBXO28-1
RDH5-1	RDH5-1
ASPM-1	ASPM-1
RNASEL-1	RNASEL-1
ZNF483-1	ZNF483-1
EEF2-1	EEF2-1
SFXN4-1	SFXN4-1
COPRS-1	COPRS-1
TNFSF11-1	TNFSF11-1
LCMT2-1	LCMT2-1
MFSD14A-1	MFSD14A-1
CPVL-1	CPVL-1
IL12A-1	IL12A-1
ORC5-1	ORC5-1
SKAP1-1	SKAP1-1
DYNLT1-1	DYNLT1-1
HERPUD2-1	HERPUD2-1
HAT1-1	HAT1-1
TTK-1	TTK-1
IRX1-1	IRX1-1
CTNS-1	CTNS-1
CHD3-1	CHD3-1
PPA2-1	PPA2-1
RAVER1-1	RAVER1-1
FRAT2-1	FRAT2-1
CDIPT-1	CDIPT-1
ARHGAP30-1	ARHGAP30-1
EIF1AY-1	EIF1AY-1
FYB1-1	FYB1-1
DOCK7-1	DOCK7-1
CCR2-1	CCR2-1
PABPN1-1	PABPN1-1
MORC3-1	MORC3-1
HGSNAT-1	HGSNAT-1
SUMO2-1	SUMO2-1
ITM2A-1	ITM2A-1
DNM1L-1	DNM1L-1
CIB2-1	CIB2-1
ITGA2B-1	ITGA2B-1
MAFB-1	MAFB-1
TMEM147-1	TMEM147-1
RDH10-1	RDH10-1
ULBP2-1	ULBP2-1
GUCY1B1-1	GUCY1B1-1
GNB1-1	GNB1-1
ZNF233-1	ZNF233-1
LMOD3-1	LMOD3-1
SAFB2-1	SAFB2-1
NR2E3-1	NR2E3-1
IPO11-1	IPO11-1
FKTN-1	FKTN-1
PLA2G6-1	PLA2G6-1
SNRPE-1	SNRPE-1
CPSF7-1	CPSF7-1
ZNF226-1	ZNF226-1
EPB41L3-1	EPB41L3-1
CYLD-1	CYLD-1
JMJD1C-1	JMJD1C-1
PHOSPHO1-1	PHOSPHO1-1
ZNF70-1	ZNF70-1
RCAN3-1	RCAN3-1
ZNF345-1	ZNF345-1
FOXA1-1	FOXA1-1
SPOUT1-1	SPOUT1-1
SCFD2-1	SCFD2-1
FIS1-1	FIS1-1
KPNA3-1	KPNA3-1
GRIP1-1	GRIP1-1
HIST1H2BD-1	HIST1H2BD-1
DNAJB11-1	DNAJB11-1
PAPSS1-1	PAPSS1-1
PDE9A-1	PDE9A-1
RNF167-1	RNF167-1
SON-1	SON-1
CCNL1-1	CCNL1-1
ATP2B4-1	ATP2B4-1
HNF4G-1	HNF4G-1
GADD45G-1	GADD45G-1
TSKU-1	TSKU-1
HDLBP-1	HDLBP-1
ANKRD54-1	ANKRD54-1
MIA2-1	MIA2-1
ZNF343-1	ZNF343-1
ZNF444-1	ZNF444-1
ANKRD16-1	ANKRD16-1
GATA5-1	GATA5-1
MAP2K2-1	MAP2K2-1
YEATS2-1	YEATS2-1
LDLRAP1-1	LDLRAP1-1
DEAF1-1	DEAF1-1
ZNF440-1	ZNF440-1
TINF2-1	TINF2-1
CA7-1	CA7-1
GPS1-1	GPS1-1
SGTA-1	SGTA-1
TLR6-1	TLR6-1
ZNF286B-1	ZNF286B-1
AIFM1-1	AIFM1-1
RAX2-1	RAX2-1
SLC52A2-1	SLC52A2-1
ATRN-1	ATRN-1
ZBTB7B-1	ZBTB7B-1
WARS2-1	WARS2-1
CXorf21-1	CXorf21-1
ZRANB2-1	ZRANB2-1
ZFP69B-1	ZFP69B-1
ARL8B-1	ARL8B-1
LYST-1	LYST-1
ENTPD6-1	ENTPD6-1
EIF2D-1	EIF2D-1
SEPT6-1	SEPT6-1
KLK14-1	KLK14-1
RHOBTB1-1	RHOBTB1-1
GPM6B-1	GPM6B-1
RPL3-1	RPL3-1
PEX2-1	PEX2-1
DNAJC25-GNG10-1	DNAJC25-GNG10-1
RASGRF2-1	RASGRF2-1
SFXN2-1	SFXN2-1
MAST3-1	MAST3-1
BTBD8-1	BTBD8-1
CDH26-1	CDH26-1
STK25-1	STK25-1
HOMER3-1	HOMER3-1
DNAH3-1	DNAH3-1
DHX34-1	DHX34-1
PYROXD1-1	PYROXD1-1
DCAF1-1	DCAF1-1
TMEM222-1	TMEM222-1
CCDC120-1	CCDC120-1
PPP1R16B-1	PPP1R16B-1
ZNF772-1	ZNF772-1
NOP14-1	NOP14-1
NDUFA8-1	NDUFA8-1
ALS2-1	ALS2-1
RARG-1	RARG-1
HIST1H3E-1	HIST1H3E-1
MCF2L2-1	MCF2L2-1
PSMD9-1	PSMD9-1
PEMT-1	PEMT-1
SARAF-1	SARAF-1
ZMYND8-1	ZMYND8-1
KEAP1-1	KEAP1-1
PBDC1-1	PBDC1-1
MYBL1-1	MYBL1-1
CD63-1	CD63-1
GPR132-1	GPR132-1
TNRC6B-1	TNRC6B-1
UFSP2-1	UFSP2-1
CCDC88A-1	CCDC88A-1
PAX5-1	PAX5-1
GRAMD4-1	GRAMD4-1
ZNF512B-1	ZNF512B-1
ATP8B2-1	ATP8B2-1
VAV1-1	VAV1-1
CRYZ-1	CRYZ-1
NXT2-1	NXT2-1
PRXL2C-1	PRXL2C-1
ZNF791-1	ZNF791-1
SRSF11-1	SRSF11-1
HOXA5-1	HOXA5-1
DLX3-1	DLX3-1
ZNF708-1	ZNF708-1
CRIPT-1	CRIPT-1
AIMP1-1	AIMP1-1
MUS81-1	MUS81-1
FAM204A-1	FAM204A-1
SOX11-1	SOX11-1
AKAP9-1	AKAP9-1
ZNF557-1	ZNF557-1
BTBD2-1	BTBD2-1
NDRG2-1	NDRG2-1
NEUROG3-1	NEUROG3-1
ANKRD27-1	ANKRD27-1
USE1-1	USE1-1
EI24-1	EI24-1
C19orf38-1	C19orf38-1
PAWR-1	PAWR-1
MANF-1	MANF-1
MCTP1-1	MCTP1-1
MTSS1-1	MTSS1-1
SSR2-1	SSR2-1
DUSP18-1	DUSP18-1
DDX41-1	DDX41-1
ZKSCAN5-1	ZKSCAN5-1
SNX20-1	SNX20-1
GATA3-1	GATA3-1
PARP16-1	PARP16-1
RPS19-1	RPS19-1
ZMAT4-1	ZMAT4-1
HSD17B13-1	HSD17B13-1
CD101-1	CD101-1
MGST2-1	MGST2-1
CDKN1A-1	CDKN1A-1
SLC19A1-1	SLC19A1-1
UCHL3-1	UCHL3-1
SLC25A33-1	SLC25A33-1
CD28-1	CD28-1
OAS1-1	OAS1-1
BAIAP2L2-1	BAIAP2L2-1
NFIA-1	NFIA-1
FAM220A-1	FAM220A-1
EEF1B2-1	EEF1B2-1
SH3KBP1-1	SH3KBP1-1
HYLS1-1	HYLS1-1
SLC36A1-1	SLC36A1-1
DDAH2-1	DDAH2-1
SRD5A1-1	SRD5A1-1
RNASEH2B-1	RNASEH2B-1
SEC11A-1	SEC11A-1
RXRG-1	RXRG-1
SFI1-1	SFI1-1
MIGA1-1	MIGA1-1
ADCK1-1	ADCK1-1
ETF1-1	ETF1-1
TUFM-1	TUFM-1
MIS18BP1-1	MIS18BP1-1
HBP1-1	HBP1-1
IGFBP6-1	IGFBP6-1
NIPAL2-1	NIPAL2-1
ZBED3-1	ZBED3-1
SBF1-1	SBF1-1
ZNF260-1	ZNF260-1
FBXW9-1	FBXW9-1
HES6-1	HES6-1
PIK3R4-1	PIK3R4-1
ZRANB3-1	ZRANB3-1
NAT10-1	NAT10-1
ZNF761-1	ZNF761-1
SIDT2-1	SIDT2-1
MAP1LC3B2-1	MAP1LC3B2-1
KIAA1191-1	KIAA1191-1
TMEM273-1	TMEM273-1
DIP2B-1	DIP2B-1
CHMP5-1	CHMP5-1
ISCU-1	ISCU-1
MED13L-1	MED13L-1
MAK16-1	MAK16-1
PLIN3-1	PLIN3-1
MYH10-1	MYH10-1
TMEM216-1	TMEM216-1
ECT2-1	ECT2-1
NR2C2-1	NR2C2-1
ACADVL-1	ACADVL-1
TLK1-1	TLK1-1
SOX30-1	SOX30-1
YDJC-1	YDJC-1
RGS12-1	RGS12-1
ZNF732-1	ZNF732-1
PLCG1-1	PLCG1-1
UQCC1-1	UQCC1-1
RSL24D1-1	RSL24D1-1
KDM5B-1	KDM5B-1
NINJ2-1	NINJ2-1
ELMO2-1	ELMO2-1
PLEKHA1-1	PLEKHA1-1
PTEN-1	PTEN-1
INSM2-1	INSM2-1
CASP10-1	CASP10-1
YLPM1-1	YLPM1-1
RNF8-1	RNF8-1
ATP5MC3-1	ATP5MC3-1
MED25-1	MED25-1
KANSL1L-1	KANSL1L-1
LMBRD2-1	LMBRD2-1
ZNF550-1	ZNF550-1
ATF7IP2-1	ATF7IP2-1
WTAP-1	WTAP-1
MTA1-1	MTA1-1
HEBP2-1	HEBP2-1
ERCC6-1	ERCC6-1
ATG13-1	ATG13-1
DBN1-1	DBN1-1
ZNF600-1	ZNF600-1
ZNF781-1	ZNF781-1
PAFAH1B2-1	PAFAH1B2-1
ANAPC16-1	ANAPC16-1
BRSK1-1	BRSK1-1
P2RY13-1	P2RY13-1
SQOR-1	SQOR-1
BCR-1	BCR-1
ANKRD11-1	ANKRD11-1
PRAG1-1	PRAG1-1
PITPNM2-1	PITPNM2-1
GHDC-1	GHDC-1
BIN1-1	BIN1-1
HELZ-1	HELZ-1
APBB2-1	APBB2-1
ZSCAN30-1	ZSCAN30-1
ZFP36L1-1	ZFP36L1-1
AAAS-1	AAAS-1
NLRC5-1	NLRC5-1
TNPO3-1	TNPO3-1
PTCRA-1	PTCRA-1
PA2G4-1	PA2G4-1
ZNF583-1	ZNF583-1
PECAM1-1	PECAM1-1
ACTR8-1	ACTR8-1
TEPSIN-1	TEPSIN-1
GJB2-1	GJB2-1
WDR11-1	WDR11-1
ERGIC2-1	ERGIC2-1
MSS51-1	MSS51-1
BIRC6-1	BIRC6-1
RTL5-1	RTL5-1
SOX21-1	SOX21-1
RPS19BP1-1	RPS19BP1-1
WNT2B-1	WNT2B-1
ZNF581-1	ZNF581-1
CHPF2-1	CHPF2-1
NAP1L3-1	NAP1L3-1
AKAP12-1	AKAP12-1
LPCAT2-1	LPCAT2-1
TARDBP-1	TARDBP-1
RNPEP-1	RNPEP-1
IL1B-1	IL1B-1
CRB3-1	CRB3-1
KIF27-1	KIF27-1
RPRD1A-1	RPRD1A-1
RFESD-1	RFESD-1
REG4-1	REG4-1
FGR-1	FGR-1
TEAD2-1	TEAD2-1
VPS45-1	VPS45-1
NREP-1	NREP-1
SF3B1-1	SF3B1-1
CX3CR1-1	CX3CR1-1
POLR2G-1	POLR2G-1
GALNT4-1	GALNT4-1
ZNF133-1	ZNF133-1
MTBP-1	MTBP-1
LAMP2-1	LAMP2-1
ETV3L-1	ETV3L-1
HIST1H2AC-1	HIST1H2AC-1
HSD17B10-1	HSD17B10-1
ZNF589-1	ZNF589-1
CLN6-1	CLN6-1
CPNE5-1	CPNE5-1
SREK1IP1-1	SREK1IP1-1
ATP5MC1-1	ATP5MC1-1
ZC3HAV1L-1	ZC3HAV1L-1
OBSCN-1	OBSCN-1
WWC1-1	WWC1-1
MPZL1-1	MPZL1-1
RALGAPA1-1	RALGAPA1-1
EHBP1L1-1	EHBP1L1-1
TMCC3-1	TMCC3-1
PLEKHG1-1	PLEKHG1-1
LONP1-1	LONP1-1
ZNF185-1	ZNF185-1
WDR54-1	WDR54-1
EXTL3-1	EXTL3-1
RITA1-1	RITA1-1
CXCL16-1	CXCL16-1
KCNJ1-1	KCNJ1-1
AKR1E2-1	AKR1E2-1
FAAP100-1	FAAP100-1
ATP2C1-1	ATP2C1-1
CACNB3-1	CACNB3-1
ORC1-1	ORC1-1
PRDM8-1	PRDM8-1
CINP-1	CINP-1
CD160-1	CD160-1
KNTC1-1	KNTC1-1
AGPAT2-1	AGPAT2-1
RP2-1	RP2-1
LRRFIP2-1	LRRFIP2-1
KDM6A-1	KDM6A-1
PCBP2-1	PCBP2-1
HMMR-1	HMMR-1
XPO7-1	XPO7-1
SFT2D1-1	SFT2D1-1
ZNF785-1	ZNF785-1
PCIF1-1	PCIF1-1
MRPS31-1	MRPS31-1
NCEH1-1	NCEH1-1
DCTN4-1	DCTN4-1
FAS-1	FAS-1
CCDC141-1	CCDC141-1
CENPO-1	CENPO-1
WASF2-1	WASF2-1
TBC1D13-1	TBC1D13-1
NKX2-6-1	NKX2-6-1
FAM13A-1	FAM13A-1
PRRX2-1	PRRX2-1
ATP6V1D-1	ATP6V1D-1
GGCT-1	GGCT-1
ZNF521-1	ZNF521-1
ANO10-1	ANO10-1
STON1-1	STON1-1
FOXE1-1	FOXE1-1
TBC1D1-1	TBC1D1-1
MGAT5-1	MGAT5-1
UCK2-1	UCK2-1
INPP4A-1	INPP4A-1
ZNF626-1	ZNF626-1
ZNF2-1	ZNF2-1
NEFM-1	NEFM-1
POLM-1	POLM-1
ZFYVE27-1	ZFYVE27-1
COPS5-1	COPS5-1
SP140L-1	SP140L-1
ALG10B-1	ALG10B-1
COX7A2-1	COX7A2-1
LRIG2-1	LRIG2-1
PHLDA3-1	PHLDA3-1
KCNN4-1	KCNN4-1
TMX3-1	TMX3-1
HPDL-1	HPDL-1
TNFSF12-1	TNFSF12-1
GM2A-1	GM2A-1
CCDC171-1	CCDC171-1
SMURF1-1	SMURF1-1
TPRG1-1	TPRG1-1
TSPYL2-1	TSPYL2-1
CD276-1	CD276-1
AGTRAP-1	AGTRAP-1
TTF2-1	TTF2-1
AZIN1-1	AZIN1-1
ADARB2-1	ADARB2-1
GPSM2-1	GPSM2-1
RNF139-1	RNF139-1
PRSS21-1	PRSS21-1
GAA-1	GAA-1
NPC2-1	NPC2-1
MMS22L-1	MMS22L-1
ZSWIM3-1	ZSWIM3-1
ESYT2-1	ESYT2-1
C5orf24-1	C5orf24-1
B9D2-1	B9D2-1
CTR9-1	CTR9-1
ZNF19-1	ZNF19-1
BYSL-1	BYSL-1
CD4-1	CD4-1
TIMM8B-1	TIMM8B-1
BRAT1-1	BRAT1-1
EOMES-1	EOMES-1
CSF2-1	CSF2-1
TOP3A-1	TOP3A-1
GNRH1-1	GNRH1-1
SLC27A5-1	SLC27A5-1
SNED1-1	SNED1-1
TTC24-1	TTC24-1
ERCC4-1	ERCC4-1
ZNF285-1	ZNF285-1
ANGEL2-1	ANGEL2-1
ADCY7-1	ADCY7-1
ZNF710-1	ZNF710-1
MTR-1	MTR-1
RPS6-1	RPS6-1
RCE1-1	RCE1-1
PRKAA1-1	PRKAA1-1
KPNA5-1	KPNA5-1
SBF2-1	SBF2-1
RPL39L-1	RPL39L-1
ATP5F1B-1	ATP5F1B-1
CALHM6-1	CALHM6-1
SLC5A6-1	SLC5A6-1
FXYD7-1	FXYD7-1
TLCD1-1	TLCD1-1
FAM170A-1	FAM170A-1
RAB9B-1	RAB9B-1
FOXC2-1	FOXC2-1
RAX-1	RAX-1
ZFYVE21-1	ZFYVE21-1
PRR5L-1	PRR5L-1
HOXD4-1	HOXD4-1
HOXC11-1	HOXC11-1
TCAP-1	TCAP-1
PSPC1-1	PSPC1-1
USP34-1	USP34-1
SYNGR2-1	SYNGR2-1
MUC13-1	MUC13-1
H1F0-1	H1F0-1
TMED5-1	TMED5-1
PRR27-1	PRR27-1
FAM227B-1	FAM227B-1
DUSP22-1	DUSP22-1
SSH2-1	SSH2-1
MON1B-1	MON1B-1
CLIC3-1	CLIC3-1
COMMD3-BMI1-1	COMMD3-BMI1-1
PNMA3-1	PNMA3-1
ZNF880-1	ZNF880-1
HOXD3-1	HOXD3-1
SNRNP35-1	SNRNP35-1
TBPL2-1	TBPL2-1
SOGA3-1	SOGA3-1
CCDC150-1	CCDC150-1
TBC1D15-1	TBC1D15-1
REEP4-1	REEP4-1
ZNF200-1	ZNF200-1
BCLAF1-1	BCLAF1-1
ALKBH1-1	ALKBH1-1
WDR82-1	WDR82-1
RXYLT1-1	RXYLT1-1
TKT-1	TKT-1
EFR3A-1	EFR3A-1
TPMT-1	TPMT-1
SEMA6A-1	SEMA6A-1
UAP1-1	UAP1-1
TF-1	TF-1
SLC9A3R2-1	SLC9A3R2-1
TRIM2-1	TRIM2-1
NAA60-1	NAA60-1
RASSF1-1	RASSF1-1
OSGEPL1-1	OSGEPL1-1
MRPS34-1	MRPS34-1
SH3BGRL2-1	SH3BGRL2-1
IPO13-1	IPO13-1
HIST1H2BI-1	HIST1H2BI-1
MECOM-1	MECOM-1
RBBP8-1	RBBP8-1
MARCKS-1	MARCKS-1
CFAP410-1	CFAP410-1
NDST1-1	NDST1-1
STX12-1	STX12-1
FAAP20-1	FAAP20-1
TULP4-1	TULP4-1
ABCC10-1	ABCC10-1
ZNF493-1	ZNF493-1
RB1-1	RB1-1
ZNF354A-1	ZNF354A-1
ELF3-1	ELF3-1
KLC4-1	KLC4-1
TAF6-1	TAF6-1
NECTIN2-1	NECTIN2-1
EBF4-1	EBF4-1
TBCC-1	TBCC-1
FAM111B-1	FAM111B-1
LAG3-1	LAG3-1
ZNF304-1	ZNF304-1
STIM1-1	STIM1-1
NME6-1	NME6-1
TBX4-1	TBX4-1
SLC26A1-1	SLC26A1-1
CSMD2-1	CSMD2-1
TRIB2-1	TRIB2-1
C2orf49-1	C2orf49-1
ACTR10-1	ACTR10-1
VSX1-1	VSX1-1
ZNF236-1	ZNF236-1
MBOAT1-1	MBOAT1-1
NDUFB11-1	NDUFB11-1
STARD3-1	STARD3-1
ZNF614-1	ZNF614-1
MARS-1	MARS-1
DTD1-1	DTD1-1
CRY1-1	CRY1-1
ARFRP1-1	ARFRP1-1
AHCY-1	AHCY-1
EIF3D-1	EIF3D-1
CST3-1	CST3-1
PLEKHO1-1	PLEKHO1-1
ZNF282-1	ZNF282-1
NPR2-1	NPR2-1
LAPTM4B-1	LAPTM4B-1
CHCHD2-1	CHCHD2-1
CORO2A-1	CORO2A-1
KIF2A-1	KIF2A-1
PLD4-1	PLD4-1
AMBRA1-1	AMBRA1-1
TCEAL1-1	TCEAL1-1
PTPN18-1	PTPN18-1
SRP9-1	SRP9-1
RAB19-1	RAB19-1
BUD31-1	BUD31-1
TPM4-1	TPM4-1
FAM24B-1	FAM24B-1
FOXP3-1	FOXP3-1
ALG1-1	ALG1-1
NPTX1-1	NPTX1-1
C4orf3-1	C4orf3-1
ZBED4-1	ZBED4-1
ZSWIM9-1	ZSWIM9-1
CLDN7-1	CLDN7-1
BCL2L1-1	BCL2L1-1
BAG2-1	BAG2-1
SOX15-1	SOX15-1
FOXN3-1	FOXN3-1
ST8SIA4-1	ST8SIA4-1
RBM38-1	RBM38-1
FAM84B-1	FAM84B-1
KANSL3-1	KANSL3-1
SRD5A3-1	SRD5A3-1
ACSS1-1	ACSS1-1
SPTY2D1-1	SPTY2D1-1
MAP1LC3A-1	MAP1LC3A-1
TMEM200A-1	TMEM200A-1
KCNIP3-1	KCNIP3-1
RUFY2-1	RUFY2-1
ARHGDIA-1	ARHGDIA-1
REEP5-1	REEP5-1
COG2-1	COG2-1
ANO9-1	ANO9-1
UTRN-1	UTRN-1
KDELC2-1	KDELC2-1
RPN2-1	RPN2-1
ELMOD2-1	ELMOD2-1
SHLD1-1	SHLD1-1
ALS2CL-1	ALS2CL-1
GRHL2-1	GRHL2-1
ADPRHL2-1	ADPRHL2-1
TTLL11-1	TTLL11-1
TMEM45A-1	TMEM45A-1
FRY-1	FRY-1
EHD4-1	EHD4-1
TOMM22-1	TOMM22-1
SH3BGR-1	SH3BGR-1
USP16-1	USP16-1
SWAP70-1	SWAP70-1
RAB3IP-1	RAB3IP-1
SYNGR1-1	SYNGR1-1
CCR10-1	CCR10-1
TMEM231-1	TMEM231-1
KIAA1143-1	KIAA1143-1
PSAT1-1	PSAT1-1
RRP12-1	RRP12-1
COA7-1	COA7-1
HOXC5-1	HOXC5-1
ENTPD5-1	ENTPD5-1
SERPINE2-1	SERPINE2-1
RBM5-1	RBM5-1
CCSER2-1	CCSER2-1
RAG1-1	RAG1-1
TM7SF3-1	TM7SF3-1
GORAB-1	GORAB-1
ADAT2-1	ADAT2-1
GNB1L-1	GNB1L-1
PEBP1-1	PEBP1-1
NXT1-1	NXT1-1
HEBP1-1	HEBP1-1
CREG1-1	CREG1-1
NUDT12-1	NUDT12-1
TKFC-1	TKFC-1
XAB2-1	XAB2-1
SLC38A9-1	SLC38A9-1
PRKDC-1	PRKDC-1
ARHGEF19-1	ARHGEF19-1
SCRN3-1	SCRN3-1
ZNF131-1	ZNF131-1
AMER1-1	AMER1-1
ZNF138-1	ZNF138-1
SMARCD2-1	SMARCD2-1
CEACAM1-1	CEACAM1-1
CREBBP-1	CREBBP-1
PANK2-1	PANK2-1
HPGD-1	HPGD-1
EVC-1	EVC-1
PROP1-1	PROP1-1
GPATCH1-1	GPATCH1-1
MME-1	MME-1
PRKCH-1	PRKCH-1
TRIR-1	TRIR-1
GLO1-1	GLO1-1
CFAP97-1	CFAP97-1
ZNF10-1	ZNF10-1
L3HYPDH-1	L3HYPDH-1
UQCRFS1-1	UQCRFS1-1
NFE2-1	NFE2-1
PRDM13-1	PRDM13-1
PHKA2-1	PHKA2-1
ZEB2-1	ZEB2-1
TMEM173-1	TMEM173-1
ELMO3-1	ELMO3-1
TRAK1-1	TRAK1-1
TET3-1	TET3-1
SPG21-1	SPG21-1
PITX3-1	PITX3-1
SLC41A1-1	SLC41A1-1
PIAS4-1	PIAS4-1
SPARCL1-1	SPARCL1-1
ENPP1-1	ENPP1-1
IKZF1-1	IKZF1-1
CHST7-1	CHST7-1
WRB-1	WRB-1
C19orf57-1	C19orf57-1
MPP2-1	MPP2-1
CARF-1	CARF-1
SPINK1-1	SPINK1-1
STK36-1	STK36-1
ZBP1-1	ZBP1-1
SUGP2-1	SUGP2-1
DGAT1-1	DGAT1-1
VPS33B-1	VPS33B-1
RIC3-1	RIC3-1
PTBP2-1	PTBP2-1
HAUS7-1	HAUS7-1
ARHGAP32-1	ARHGAP32-1
ABHD5-1	ABHD5-1
BMP2K-1	BMP2K-1
ATG4D-1	ATG4D-1
METTL22-1	METTL22-1
RBM33-1	RBM33-1
HARS-1	HARS-1
SGK1-1	SGK1-1
MRPS24-1	MRPS24-1
ANKK1-1	ANKK1-1
STIM2-1	STIM2-1
NT5C3B-1	NT5C3B-1
C4orf46-1	C4orf46-1
SPIDR-1	SPIDR-1
SMR3B-1	SMR3B-1
CEP170B-1	CEP170B-1
DDX27-1	DDX27-1
HOOK2-1	HOOK2-1
ZNF547-1	ZNF547-1
RNFT2-1	RNFT2-1
ZNF491-1	ZNF491-1
MSANTD3-1	MSANTD3-1
GSPT2-1	GSPT2-1
CRX-1	CRX-1
NNT-1	NNT-1
RNF135-1	RNF135-1
DNMT3A-1	DNMT3A-1
FBXL18-1	FBXL18-1
CAMTA2-1	CAMTA2-1
GRK3-1	GRK3-1
F5-1	F5-1
CADM1-1	CADM1-1
SOCS2-1	SOCS2-1
PKP2-1	PKP2-1
PLPBP-1	PLPBP-1
RASGRP2-1	RASGRP2-1
HNRNPF-1	HNRNPF-1
S100A16-1	S100A16-1
ZBTB25-1	ZBTB25-1
SAT2-1	SAT2-1
CXCL9-1	CXCL9-1
NAA10-1	NAA10-1
MBLAC2-1	MBLAC2-1
S100B-1	S100B-1
OGFOD2-1	OGFOD2-1
MID1IP1-1	MID1IP1-1
SGK494-1	SGK494-1
SP140-1	SP140-1
POP5-1	POP5-1
HIST1H3I-1	HIST1H3I-1
RAE1-1	RAE1-1
EIF4A3-1	EIF4A3-1
MTF1-1	MTF1-1
ELAC1-1	ELAC1-1
CYP27B1-1	CYP27B1-1
LRRC23-1	LRRC23-1
LAX1-1	LAX1-1
MCM6-1	MCM6-1
INTS11-1	INTS11-1
ZCCHC10-1	ZCCHC10-1
PTOV1-1	PTOV1-1
VPS13B-1	VPS13B-1
SAMD4A-1	SAMD4A-1
TERF2IP-1	TERF2IP-1
KLC1-1	KLC1-1
PPP2R5D-1	PPP2R5D-1
TAOK1-1	TAOK1-1
CD3G-1	CD3G-1
SVIP-1	SVIP-1
TMEM119-1	TMEM119-1
CXCL3-1	CXCL3-1
ZNF446-1	ZNF446-1
RTP4-1	RTP4-1
NEK7-1	NEK7-1
TMEM65-1	TMEM65-1
GPR15-1	GPR15-1
CCDC146-1	CCDC146-1
RPL26L1-1	RPL26L1-1
LRRC2-1	LRRC2-1
ING5-1	ING5-1
HEXA-1	HEXA-1
PCYOX1L-1	PCYOX1L-1
LMO2-1	LMO2-1
PTRH2-1	PTRH2-1
APOL1-1	APOL1-1
INVS-1	INVS-1
PTGR1-1	PTGR1-1
MEF2A-1	MEF2A-1
KLF11-1	KLF11-1
EFTUD2-1	EFTUD2-1
DACH1-1	DACH1-1
PRDX3-1	PRDX3-1
ZNF165-1	ZNF165-1
CDC42EP4-1	CDC42EP4-1
FAM193A-1	FAM193A-1
ZC2HC1A-1	ZC2HC1A-1
TICRR-1	TICRR-1
BARX1-1	BARX1-1
PCTP-1	PCTP-1
CSDE1-1	CSDE1-1
ACSL5-1	ACSL5-1
ZDHHC6-1	ZDHHC6-1
SGK3-1	SGK3-1
ARG1-1	ARG1-1
TMC5-1	TMC5-1
TMPO-1	TMPO-1
MFSD4A-1	MFSD4A-1
CACHD1-1	CACHD1-1
TTC33-1	TTC33-1
NDUFAF3-1	NDUFAF3-1
EXD2-1	EXD2-1
ZNF586-1	ZNF586-1
LUC7L3-1	LUC7L3-1
CFLAR-1	CFLAR-1
UFC1-1	UFC1-1
DPAGT1-1	DPAGT1-1
NR1H2-1	NR1H2-1
TIMELESS-1	TIMELESS-1
COG1-1	COG1-1
TIMP1-1	TIMP1-1
ADAM15-1	ADAM15-1
ALAS1-1	ALAS1-1
ZNF431-1	ZNF431-1
DYRK1B-1	DYRK1B-1
FHL3-1	FHL3-1
TNPO2-1	TNPO2-1
CNNM4-1	CNNM4-1
MAP2K6-1	MAP2K6-1
MCM8-1	MCM8-1
SUN2-1	SUN2-1
DTWD1-1	DTWD1-1
HPS4-1	HPS4-1
CTSW-1	CTSW-1
HNRNPM-1	HNRNPM-1
CACNA1E-1	CACNA1E-1
PPIP5K2-1	PPIP5K2-1
KRBA1-1	KRBA1-1
ZBTB5-1	ZBTB5-1
ASAH1-1	ASAH1-1
LTBP3-1	LTBP3-1
CRYBG1-1	CRYBG1-1
HJURP-1	HJURP-1
UBA3-1	UBA3-1
RELB-1	RELB-1
CERKL-1	CERKL-1
ITM2C-1	ITM2C-1
MAGI1-1	MAGI1-1
WNT7A-1	WNT7A-1
LINS1-1	LINS1-1
TJP3-1	TJP3-1
TRAF3IP2-1	TRAF3IP2-1
ZNF721-1	ZNF721-1
NEIL2-1	NEIL2-1
NUP153-1	NUP153-1
DVL3-1	DVL3-1
PRELID3B-1	PRELID3B-1
MCOLN3-1	MCOLN3-1
TTPAL-1	TTPAL-1
SIGLEC9-1	SIGLEC9-1
SOX3-1	SOX3-1
PEX13-1	PEX13-1
CETN2-1	CETN2-1
TTC28-1	TTC28-1
SIRT1-1	SIRT1-1
ZNF300-1	ZNF300-1
CXCR4-1	CXCR4-1
DONSON-1	DONSON-1
TLR1-1	TLR1-1
EIF2A-1	EIF2A-1
PPM1N-1	PPM1N-1
CEP135-1	CEP135-1
DMWD-1	DMWD-1
HMGCS1-1	HMGCS1-1
WBP1-1	WBP1-1
VDAC2-1	VDAC2-1
MAZ-1	MAZ-1
TCP11L1-1	TCP11L1-1
TRIP10-1	TRIP10-1
BRIP1-1	BRIP1-1
PIF1-1	PIF1-1
INTS2-1	INTS2-1
PSMC6-1	PSMC6-1
HOMER1-1	HOMER1-1
TSACC-1	TSACC-1
PLCD1-1	PLCD1-1
RNF25-1	RNF25-1
DCTN6-1	DCTN6-1
GTF3C1-1	GTF3C1-1
PIGG-1	PIGG-1
MCHR1-1	MCHR1-1
VPS36-1	VPS36-1
CAPS-1	CAPS-1
HIST1H4D-1	HIST1H4D-1
DDB2-1	DDB2-1
ABCB8-1	ABCB8-1
TOMM40-1	TOMM40-1
FCF1-1	FCF1-1
PSMD8-1	PSMD8-1
NDUFA13-1	NDUFA13-1
TMEM88-1	TMEM88-1
BCL3-1	BCL3-1
ARMC2-1	ARMC2-1
SYS1-1	SYS1-1
ABCC3-1	ABCC3-1
CD151-1	CD151-1
CARS2-1	CARS2-1
ABHD11-1	ABHD11-1
TSFM-1	TSFM-1
MICAL1-1	MICAL1-1
P3H4-1	P3H4-1
RPL17-C18orf32-1	RPL17-C18orf32-1
TSR3-1	TSR3-1
WDR33-1	WDR33-1
MED24-1	MED24-1
PCED1A-1	PCED1A-1
TCIM-1	TCIM-1
FAM192A-1	FAM192A-1
STN1-1	STN1-1
SPATA13-1	SPATA13-1
YARS2-1	YARS2-1
ZNF695-1	ZNF695-1
TMEM39A-1	TMEM39A-1
TK1-1	TK1-1
HNRNPD-1	HNRNPD-1
PPP6R3-1	PPP6R3-1
IL10RA-1	IL10RA-1
RPRD2-1	RPRD2-1
C6orf62-1	C6orf62-1
TSEN2-1	TSEN2-1
UBXN2B-1	UBXN2B-1
MEMO1-1	MEMO1-1
TMEM14A-1	TMEM14A-1
PROK2-1	PROK2-1
GSPT1-1	GSPT1-1
CELF2-1	CELF2-1
KIAA0232-1	KIAA0232-1
GADD45B-1	GADD45B-1
ATE1-1	ATE1-1
FOSL1-1	FOSL1-1
GVQW3-1	GVQW3-1
CLEC12A-1	CLEC12A-1
INPP5K-1	INPP5K-1
BRI3-1	BRI3-1
TGIF2-RAB5IF-1	TGIF2-RAB5IF-1
TRAF4-1	TRAF4-1
KIAA0930-1	KIAA0930-1
HMGA1-1	HMGA1-1
PDCD6-1	PDCD6-1
BBS10-1	BBS10-1
SAMD8-1	SAMD8-1
SPG11-1	SPG11-1
AHRR-1	AHRR-1
GALE-1	GALE-1
RIPOR1-1	RIPOR1-1
RBM48-1	RBM48-1
ZNF740-1	ZNF740-1
FYCO1-1	FYCO1-1
C12orf42-1	C12orf42-1
MFSD14B-1	MFSD14B-1
FN3K-1	FN3K-1
PNPLA6-1	PNPLA6-1
NIPAL4-1	NIPAL4-1
ETHE1-1	ETHE1-1
IGSF8-1	IGSF8-1
ARSK-1	ARSK-1
NISCH-1	NISCH-1
SH2B3-1	SH2B3-1
SLU7-1	SLU7-1
CYB5R4-1	CYB5R4-1
C3orf58-1	C3orf58-1
ALYREF-1	ALYREF-1
ARHGAP9-1	ARHGAP9-1
CRYBG3-1	CRYBG3-1
ACVR1C-1	ACVR1C-1
POP7-1	POP7-1
SRPK2-1	SRPK2-1
KDM3B-1	KDM3B-1
PPM1M-1	PPM1M-1
RNF31-1	RNF31-1
PHF11-1	PHF11-1
PSMD6-1	PSMD6-1
SOX1-1	SOX1-1
P2RY12-1	P2RY12-1
PPP2R5A-1	PPP2R5A-1
TPX2-1	TPX2-1
LRRC25-1	LRRC25-1
DST-1	DST-1
APBA3-1	APBA3-1
ARNT2-1	ARNT2-1
ACAD10-1	ACAD10-1
TMEM185B-1	TMEM185B-1
IARS2-1	IARS2-1
MRRF-1	MRRF-1
RNPEPL1-1	RNPEPL1-1
SEMA3E-1	SEMA3E-1
TACR2-1	TACR2-1
LRRC40-1	LRRC40-1
ZNF613-1	ZNF613-1
CATSPER2-1	CATSPER2-1
PHTF2-1	PHTF2-1
ENPP4-1	ENPP4-1
ZNF174-1	ZNF174-1
METTL5-1	METTL5-1
SMAD9-1	SMAD9-1
RTL10-1	RTL10-1
METTL7A-1	METTL7A-1
PRKCQ-1	PRKCQ-1
TMEM263-1	TMEM263-1
C14orf132-1	C14orf132-1
CHN1-1	CHN1-1
CBX6-1	CBX6-1
HPRT1-1	HPRT1-1
MT1H-1	MT1H-1
SLC35C2-1	SLC35C2-1
IER5L-1	IER5L-1
ACER1-1	ACER1-1
CDR2-1	CDR2-1
RPL34-1	RPL34-1
CHD9-1	CHD9-1
SELENOM-1	SELENOM-1
RHBDD2-1	RHBDD2-1
MGME1-1	MGME1-1
PUS3-1	PUS3-1
IDH3B-1	IDH3B-1
TTC39C-1	TTC39C-1
GOLGA2-1	GOLGA2-1
KPNB1-1	KPNB1-1
ABHD15-1	ABHD15-1
GMDS-1	GMDS-1
EPRS-1	EPRS-1
TP53INP1-1	TP53INP1-1
DHRS7B-1	DHRS7B-1
TMEM185A-1	TMEM185A-1
IRGM-1	IRGM-1
ZGRF1-1	ZGRF1-1
DCTN2-1	DCTN2-1
BICRAL-1	BICRAL-1
NSMCE2-1	NSMCE2-1
ACSF3-1	ACSF3-1
MOV10-1	MOV10-1
SHMT1-1	SHMT1-1
PRMT1-1	PRMT1-1
C8orf58-1	C8orf58-1
ZBTB18-1	ZBTB18-1
MFAP1-1	MFAP1-1
ZNF623-1	ZNF623-1
DMBT1-1	DMBT1-1
FLNA-1	FLNA-1
CCDC157-1	CCDC157-1
KCTD3-1	KCTD3-1
LRFN3-1	LRFN3-1
RPF2-1	RPF2-1
CCNE2-1	CCNE2-1
HRH2-1	HRH2-1
XYLT2-1	XYLT2-1
EMC3-1	EMC3-1
TRAPPC3-1	TRAPPC3-1
WEE1-1	WEE1-1
CAVIN3-1	CAVIN3-1
PYM1-1	PYM1-1
TMEM127-1	TMEM127-1
SYNJ2BP-COX16-1	SYNJ2BP-COX16-1
TTYH3-1	TTYH3-1
RAB41-1	RAB41-1
PRF1-1	PRF1-1
TXNL1-1	TXNL1-1
GPR18-1	GPR18-1
NOTCH1-1	NOTCH1-1
SIX1-1	SIX1-1
CENPBD1-1	CENPBD1-1
CALCOCO1-1	CALCOCO1-1
HACE1-1	HACE1-1
SPINK2-1	SPINK2-1
RPS3A-1	RPS3A-1
CHSY1-1	CHSY1-1
TCTN2-1	TCTN2-1
GAB2-1	GAB2-1
SPPL2A-1	SPPL2A-1
ERGIC1-1	ERGIC1-1
CHD8-1	CHD8-1
MTREX-1	MTREX-1
ANKIB1-1	ANKIB1-1
OARD1-1	OARD1-1
RGL4-1	RGL4-1
IQCE-1	IQCE-1
RBL1-1	RBL1-1
ZNF180-1	ZNF180-1
APPL1-1	APPL1-1
HS1BP3-1	HS1BP3-1
ETFDH-1	ETFDH-1
LCLAT1-1	LCLAT1-1
HUS1B-1	HUS1B-1
TIMM17A-1	TIMM17A-1
TSEN15-1	TSEN15-1
TXN-1	TXN-1
DAPK3-1	DAPK3-1
INIP-1	INIP-1
STXBP3-1	STXBP3-1
ECI2-1	ECI2-1
SPI1-1	SPI1-1
ZNF624-1	ZNF624-1
MEPCE-1	MEPCE-1
CREM-1	CREM-1
TFAP2A-1	TFAP2A-1
MEX3C-1	MEX3C-1
EN2-1	EN2-1
TFAP2E-1	TFAP2E-1
E2F8-1	E2F8-1
ATG2A-1	ATG2A-1
SLC24A1-1	SLC24A1-1
CCDC18-1	CCDC18-1
TNFRSF12A-1	TNFRSF12A-1
NR0B1-1	NR0B1-1
POLR2E-1	POLR2E-1
AKR7A2-1	AKR7A2-1
MGAT1-1	MGAT1-1
AGPS-1	AGPS-1
AP1S2-1	AP1S2-1
CAMK1-1	CAMK1-1
SYDE2-1	SYDE2-1
MRPL33-1	MRPL33-1
EXOC8-1	EXOC8-1
MAPK9-1	MAPK9-1
CD37-1	CD37-1
PEX19-1	PEX19-1
DICER1-1	DICER1-1
DUSP6-1	DUSP6-1
ATG14-1	ATG14-1
MSRB1-1	MSRB1-1
SIRPG-1	SIRPG-1
SOX14-1	SOX14-1
GINS1-1	GINS1-1
OSGIN2-1	OSGIN2-1
MAP3K13-1	MAP3K13-1
GPM6A-1	GPM6A-1
P4HB-1	P4HB-1
UPF1-1	UPF1-1
ZACN-1	ZACN-1
SNX25-1	SNX25-1
LPGAT1-1	LPGAT1-1
ZNF169-1	ZNF169-1
ACOT8-1	ACOT8-1
ARHGAP18-1	ARHGAP18-1
RAMP3-1	RAMP3-1
BATF2-1	BATF2-1
IFIT1-1	IFIT1-1
PDXP-1	PDXP-1
ZNF568-1	ZNF568-1
TMED1-1	TMED1-1
BBS4-1	BBS4-1
CYB561D2-1	CYB561D2-1
SPRYD4-1	SPRYD4-1
FAXDC2-1	FAXDC2-1
PGRMC2-1	PGRMC2-1
TNFRSF18-1	TNFRSF18-1
KLHL5-1	KLHL5-1
SPEG-1	SPEG-1
FOXH1-1	FOXH1-1
HIST1H1C-1	HIST1H1C-1
PTPRO-1	PTPRO-1
NTRK1-1	NTRK1-1
HYAL2-1	HYAL2-1
TRMT2A-1	TRMT2A-1
MUM1-1	MUM1-1
RBM39-1	RBM39-1
STMN1-1	STMN1-1
LRWD1-1	LRWD1-1
MRPS28-1	MRPS28-1
CHST10-1	CHST10-1
TAZ-1	TAZ-1
ACYP2-1	ACYP2-1
THAP8-1	THAP8-1
TCAF2-1	TCAF2-1
NR5A1-1	NR5A1-1
CIRBP-1	CIRBP-1
KPNA1-1	KPNA1-1
TANGO2-1	TANGO2-1
RBP5-1	RBP5-1
DERL2-1	DERL2-1
ZNF496-1	ZNF496-1
ZDHHC11-1	ZDHHC11-1
FAM69A-1	FAM69A-1
PCGF5-1	PCGF5-1
CLDN5-1	CLDN5-1
NAMPT-1	NAMPT-1
NDUFS1-1	NDUFS1-1
ALOX5AP-1	ALOX5AP-1
GPC2-1	GPC2-1
HOXA10-1	HOXA10-1
RBFA-1	RBFA-1
VLDLR-1	VLDLR-1
ZSCAN23-1	ZSCAN23-1
NECAP2-1	NECAP2-1
SFN-1	SFN-1
BCL6B-1	BCL6B-1
XBP1-1	XBP1-1
NCS1-1	NCS1-1
FRA10AC1-1	FRA10AC1-1
CCL22-1	CCL22-1
ZKSCAN3-1	ZKSCAN3-1
PDZK1IP1-1	PDZK1IP1-1
YWHAZ-1	YWHAZ-1
ZNF80-1	ZNF80-1
CDCA7L-1	CDCA7L-1
SRPRA-1	SRPRA-1
IL36A-1	IL36A-1
NRBP2-1	NRBP2-1
HMOX1-1	HMOX1-1
FBH1-1	FBH1-1
HHAT-1	HHAT-1
LRIG1-1	LRIG1-1
ACYP1-1	ACYP1-1
NDC80-1	NDC80-1
TTC21B-1	TTC21B-1
TUBA1A-1	TUBA1A-1
ZNF706-1	ZNF706-1
MAGOHB-1	MAGOHB-1
HIST1H2AH-1	HIST1H2AH-1
DNAJB5-1	DNAJB5-1
API5-1	API5-1
CUL3-1	CUL3-1
C8orf82-1	C8orf82-1
SURF2-1	SURF2-1
PPP4R2-1	PPP4R2-1
MEGF8-1	MEGF8-1
EMC9-1	EMC9-1
MAPK3-1	MAPK3-1
VPS4B-1	VPS4B-1
TMEM161B-1	TMEM161B-1
CPSF4-1	CPSF4-1
TTC9-1	TTC9-1
TMEM81-1	TMEM81-1
LEMD2-1	LEMD2-1
ERF-1	ERF-1
CNDP2-1	CNDP2-1
WDR37-1	WDR37-1
ZNF566-1	ZNF566-1
VASH1-1	VASH1-1
HNRNPK-1	HNRNPK-1
PRPF4B-1	PRPF4B-1
KIAA0391-1	KIAA0391-1
ELP5-1	ELP5-1
C5orf15-1	C5orf15-1
WDYHV1-1	WDYHV1-1
SEMA6C-1	SEMA6C-1
SBDS-1	SBDS-1
BHLHA15-1	BHLHA15-1
PARL-1	PARL-1
NAF1-1	NAF1-1
RNASEH2C-1	RNASEH2C-1
TSSK6-1	TSSK6-1
HCN2-1	HCN2-1
KIF20B-1	KIF20B-1
CRLF3-1	CRLF3-1
TUBB4B-1	TUBB4B-1
AFF4-1	AFF4-1
PKN2-1	PKN2-1
IFITM5-1	IFITM5-1
MSGN1-1	MSGN1-1
ZNF215-1	ZNF215-1
CREBL2-1	CREBL2-1
BAG5-1	BAG5-1
SCAF1-1	SCAF1-1
SETD5-1	SETD5-1
PRDX1-1	PRDX1-1
PDCD4-1	PDCD4-1
HSPA2-1	HSPA2-1
MSANTD1-1	MSANTD1-1
NIT1-1	NIT1-1
NPEPPS-1	NPEPPS-1
GHITM-1	GHITM-1
LHX3-1	LHX3-1
WDR83OS-1	WDR83OS-1
SALL1-1	SALL1-1
GNMT-1	GNMT-1
SLFN12-1	SLFN12-1
PRPS2-1	PRPS2-1
RMND5B-1	RMND5B-1
SCAPER-1	SCAPER-1
ACSF2-1	ACSF2-1
UBE2D2-1	UBE2D2-1
NDUFAF6-1	NDUFAF6-1
SF3A2-1	SF3A2-1
MAU2-1	MAU2-1
HOXD12-1	HOXD12-1
TSTD3-1	TSTD3-1
TUBB6-1	TUBB6-1
ARID3C-1	ARID3C-1
CCDC102A-1	CCDC102A-1
CALML5-1	CALML5-1
C2CD4D-1	C2CD4D-1
FOXF2-1	FOXF2-1
HIST1H3B-1	HIST1H3B-1
IL17RE-1	IL17RE-1
SEPT10-1	SEPT10-1
SPATA20-1	SPATA20-1
BPHL-1	BPHL-1
THAP3-1	THAP3-1
ZBTB34-1	ZBTB34-1
WDR76-1	WDR76-1
TRIOBP-1	TRIOBP-1
S100Z-1	S100Z-1
FOXA3-1	FOXA3-1
RECQL5-1	RECQL5-1
LMX1A-1	LMX1A-1
LMAN2-1	LMAN2-1
MTCH1-1	MTCH1-1
HNRNPUL1-1	HNRNPUL1-1
YWHAG-1	YWHAG-1
HIST1H4A-1	HIST1H4A-1
UROS-1	UROS-1
TMEM11-1	TMEM11-1
EBAG9-1	EBAG9-1
ZKSCAN1-1	ZKSCAN1-1
MORF4L2-1	MORF4L2-1
CFAP44-1	CFAP44-1
GLYR1-1	GLYR1-1
ZNF728-1	ZNF728-1
ZNF140-1	ZNF140-1
ZNF25-1	ZNF25-1
FLRT2-1	FLRT2-1
PRSS23-1	PRSS23-1
PLAT-1	PLAT-1
KLRB1-1	KLRB1-1
FIZ1-1	FIZ1-1
XPO5-1	XPO5-1
MRPL52-1	MRPL52-1
GEMIN7-1	GEMIN7-1
CENPX-1	CENPX-1
NDUFB1-1	NDUFB1-1
C3orf18-1	C3orf18-1
TRMT61B-1	TRMT61B-1
SOS1-1	SOS1-1
TADA2B-1	TADA2B-1
TNS1-1	TNS1-1
STX17-1	STX17-1
PSAP-1	PSAP-1
REPIN1-1	REPIN1-1
ZNF484-1	ZNF484-1
PHACTR4-1	PHACTR4-1
HMSD-1	HMSD-1
TNFRSF13B-1	TNFRSF13B-1
RFC3-1	RFC3-1
ZFP82-1	ZFP82-1
ZNF416-1	ZNF416-1
CALHM2-1	CALHM2-1
HSPH1-1	HSPH1-1
ACLY-1	ACLY-1
CAPZA2-1	CAPZA2-1
JMJD8-1	JMJD8-1
TMED6-1	TMED6-1
COQ6-1	COQ6-1
LMBR1-1	LMBR1-1
DRG2-1	DRG2-1
SLC9A6-1	SLC9A6-1
ZNF705E-1	ZNF705E-1
SLF2-1	SLF2-1
LILRB2-1	LILRB2-1
AHDC1-1	AHDC1-1
TYW5-1	TYW5-1
MICU1-1	MICU1-1
ST5-1	ST5-1
TLN1-1	TLN1-1
MAGED1-1	MAGED1-1
PCOLCE-1	PCOLCE-1
NPRL3-1	NPRL3-1
SLC40A1-1	SLC40A1-1
SASS6-1	SASS6-1
RPL5-1	RPL5-1
EPM2A-1	EPM2A-1
SNX9-1	SNX9-1
NUP93-1	NUP93-1
STX8-1	STX8-1
KRT7-1	KRT7-1
KCTD2-1	KCTD2-1
TNFRSF25-1	TNFRSF25-1
STAT5B-1	STAT5B-1
ZNF518A-1	ZNF518A-1
LRP1-1	LRP1-1
CUL2-1	CUL2-1
ZC3H10-1	ZC3H10-1
CCDC134-1	CCDC134-1
TAC4-1	TAC4-1
CACUL1-1	CACUL1-1
CXCR3-1	CXCR3-1
CKAP5-1	CKAP5-1
RNF11-1	RNF11-1
RCBTB1-1	RCBTB1-1
PTP4A2-1	PTP4A2-1
SIRPB1-1	SIRPB1-1
PASK-1	PASK-1
GPR89A-1	GPR89A-1
CLN3-1	CLN3-1
MFSD13A-1	MFSD13A-1
PNKD-1	PNKD-1
KMT5C-1	KMT5C-1
TMEM98-1	TMEM98-1
ARID4B-1	ARID4B-1
LIMS1-1	LIMS1-1
TRPT1-1	TRPT1-1
SELENOH-1	SELENOH-1
DNAJC4-1	DNAJC4-1
ASCL5-1	ASCL5-1
HSD11B1-1	HSD11B1-1
SFTPC-1	SFTPC-1
ZNF543-1	ZNF543-1
PARP14-1	PARP14-1
DLX5-1	DLX5-1
SNPH-1	SNPH-1
KDELR3-1	KDELR3-1
MAD2L1BP-1	MAD2L1BP-1
ENPP2-1	ENPP2-1
CCDC9-1	CCDC9-1
DCAKD-1	DCAKD-1
E2F1-1	E2F1-1
NUP98-1	NUP98-1
PTPN23-1	PTPN23-1
MGAT4A-1	MGAT4A-1
ZNF611-1	ZNF611-1
KLF3-1	KLF3-1
C12orf49-1	C12orf49-1
NAALAD2-1	NAALAD2-1
RTN4IP1-1	RTN4IP1-1
TTC13-1	TTC13-1
ISYNA1-1	ISYNA1-1
TUBD1-1	TUBD1-1
N4BP3-1	N4BP3-1
TMEM91-1	TMEM91-1
MAN2A2-1	MAN2A2-1
BRMS1L-1	BRMS1L-1
APP-1	APP-1
MRPL20-1	MRPL20-1
ISCA2-1	ISCA2-1
CERS4-1	CERS4-1
ETFA-1	ETFA-1
NUCB2-1	NUCB2-1
NCAPH2-1	NCAPH2-1
FOXE3-1	FOXE3-1
CSK-1	CSK-1
SYCP2-1	SYCP2-1
RABGGTA-1	RABGGTA-1
PTGDR2-1	PTGDR2-1
TAB3-1	TAB3-1
ATP5F1C-1	ATP5F1C-1
PRR5-1	PRR5-1
IFI44L-1	IFI44L-1
RIMS3-1	RIMS3-1
MYO1F-1	MYO1F-1
FBN3-1	FBN3-1
ZNF331-1	ZNF331-1
HHLA2-1	HHLA2-1
EDF1-1	EDF1-1
TLR5-1	TLR5-1
PCF11-1	PCF11-1
YPEL2-1	YPEL2-1
ATG5-1	ATG5-1
ANKS6-1	ANKS6-1
ARL2BP-1	ARL2BP-1
SMG8-1	SMG8-1
GK5-1	GK5-1
ZCCHC7-1	ZCCHC7-1
CDC20-1	CDC20-1
LRRC59-1	LRRC59-1
HYAL3-1	HYAL3-1
REXO2-1	REXO2-1
ESCO1-1	ESCO1-1
QSOX1-1	QSOX1-1
BID-1	BID-1
GPCPD1-1	GPCPD1-1
STAT4-1	STAT4-1
KIAA1324-1	KIAA1324-1
CPNE2-1	CPNE2-1
SMIM20-1	SMIM20-1
PRPS1-1	PRPS1-1
GOLGA8B-1	GOLGA8B-1
TRAF3-1	TRAF3-1
TLX3-1	TLX3-1
RPL23A-1	RPL23A-1
ECI1-1	ECI1-1
TRIM25-1	TRIM25-1
CTCFL-1	CTCFL-1
TTLL4-1	TTLL4-1
FMNL3-1	FMNL3-1
RRAS2-1	RRAS2-1
PDE4A-1	PDE4A-1
CASZ1-1	CASZ1-1
GNPNAT1-1	GNPNAT1-1
COL5A2-1	COL5A2-1
ELOB-1	ELOB-1
G6PD-1	G6PD-1
TPST1-1	TPST1-1
ZHX1-C8orf76-1	ZHX1-C8orf76-1
MARCH8-1	MARCH8-1
PFDN4-1	PFDN4-1
NKRF-1	NKRF-1
ANXA3-1	ANXA3-1
TGIF2-1	TGIF2-1
UNG-1	UNG-1
NDUFAF5-1	NDUFAF5-1
CD3D-1	CD3D-1
SGPP2-1	SGPP2-1
NAGLU-1	NAGLU-1
TWSG1-1	TWSG1-1
ANKRA2-1	ANKRA2-1
ARIH2OS-1	ARIH2OS-1
TMEM176B-1	TMEM176B-1
SQLE-1	SQLE-1
PTGFRN-1	PTGFRN-1
RAB9A-1	RAB9A-1
PHF5A-1	PHF5A-1
TIMM13-1	TIMM13-1
THAP6-1	THAP6-1
SNAPIN-1	SNAPIN-1
FGD1-1	FGD1-1
ATP2A2-1	ATP2A2-1
BCL2L14-1	BCL2L14-1
FABP5-1	FABP5-1
TMCO4-1	TMCO4-1
UBFD1-1	UBFD1-1
NOM1-1	NOM1-1
GKAP1-1	GKAP1-1
UQCR11-1	UQCR11-1
ASPSCR1-1	ASPSCR1-1
RAD54L-1	RAD54L-1
KLRG1-1	KLRG1-1
PPARA-1	PPARA-1
KCTD9-1	KCTD9-1
ZNF124-1	ZNF124-1
PPAN-1	PPAN-1
OTULIN-1	OTULIN-1
ZNF423-1	ZNF423-1
SMAD2-1	SMAD2-1
TP53BP1-1	TP53BP1-1
ELP3-1	ELP3-1
HSD17B14-1	HSD17B14-1
CEP85L-1	CEP85L-1
ZNF17-1	ZNF17-1
EXTL2-1	EXTL2-1
ZNF202-1	ZNF202-1
SMIM29-1	SMIM29-1
DHX58-1	DHX58-1
CSRNP3-1	CSRNP3-1
C1orf52-1	C1orf52-1
TRAPPC2L-1	TRAPPC2L-1
CDK16-1	CDK16-1
APMAP-1	APMAP-1
CD44-1	CD44-1
KDM7A-1	KDM7A-1
VAMP3-1	VAMP3-1
PDCD1LG2-1	PDCD1LG2-1
ARHGEF9-1	ARHGEF9-1
ARMC6-1	ARMC6-1
POLD1-1	POLD1-1
ISY1-1	ISY1-1
ATP11B-1	ATP11B-1
S100P-1	S100P-1
ATP5ME-1	ATP5ME-1
ZNF479-1	ZNF479-1
RPL19-1	RPL19-1
SIRT5-1	SIRT5-1
ZNF655-1	ZNF655-1
LRRC8C-1	LRRC8C-1
ELMO1-1	ELMO1-1
MEIS3-1	MEIS3-1
HS6ST1-1	HS6ST1-1
PAQR4-1	PAQR4-1
COQ9-1	COQ9-1
ACTL6A-1	ACTL6A-1
CDC23-1	CDC23-1
MED31-1	MED31-1
NFATC4-1	NFATC4-1
MMD-1	MMD-1
IRS2-1	IRS2-1
PODXL2-1	PODXL2-1
TTC21A-1	TTC21A-1
ATXN2L-1	ATXN2L-1
SF3B4-1	SF3B4-1
BOLA3-1	BOLA3-1
DUSP10-1	DUSP10-1
ALG12-1	ALG12-1
ZNF98-1	ZNF98-1
CCDC191-1	CCDC191-1
HIST1H4B-1	HIST1H4B-1
FGFRL1-1	FGFRL1-1
ARMCX3-1	ARMCX3-1
HAPLN3-1	HAPLN3-1
ERAP2-1	ERAP2-1
KIFC2-1	KIFC2-1
MXD4-1	MXD4-1
VIRMA-1	VIRMA-1
ZDHHC21-1	ZDHHC21-1
NFYA-1	NFYA-1
WDR43-1	WDR43-1
RTL6-1	RTL6-1
LNX1-1	LNX1-1
RAB24-1	RAB24-1
DNPH1-1	DNPH1-1
HMGB1-1	HMGB1-1
TMEM86A-1	TMEM86A-1
GTF2F1-1	GTF2F1-1
CBL-1	CBL-1
TWISTNB-1	TWISTNB-1
TMEM250-1	TMEM250-1
FAM168A-1	FAM168A-1
SMC1A-1	SMC1A-1
CES3-1	CES3-1
PRPF31-1	PRPF31-1
GSTCD-1	GSTCD-1
PORCN-1	PORCN-1
GINS4-1	GINS4-1
NPAS2-1	NPAS2-1
BTN3A2-1	BTN3A2-1
TBC1D2B-1	TBC1D2B-1
DNAJC24-1	DNAJC24-1
GIMAP5-1	GIMAP5-1
ZFP90-1	ZFP90-1
LCN1-1	LCN1-1
TMEM268-1	TMEM268-1
CD14-1	CD14-1
DOK5-1	DOK5-1
NAP1L2-1	NAP1L2-1
SHANK2-1	SHANK2-1
RC3H1-1	RC3H1-1
SELENOO-1	SELENOO-1
C11orf21-1	C11orf21-1
RFLNB-1	RFLNB-1
LSM5-1	LSM5-1
ITGB1BP2-1	ITGB1BP2-1
TNIP3-1	TNIP3-1
FAM83F-1	FAM83F-1
SCAF8-1	SCAF8-1
ZNF35-1	ZNF35-1
ZNF878-1	ZNF878-1
ZNF383-1	ZNF383-1
CDH3-1	CDH3-1
CYP4V2-1	CYP4V2-1
B4GALT1-1	B4GALT1-1
MORC4-1	MORC4-1
INTS14-1	INTS14-1
PPOX-1	PPOX-1
SUPV3L1-1	SUPV3L1-1
WDPCP-1	WDPCP-1
MRPS11-1	MRPS11-1
POLE4-1	POLE4-1
FXYD5-1	FXYD5-1
CFP-1	CFP-1
CHRNA10-1	CHRNA10-1
CLK1-1	CLK1-1
NOS3-1	NOS3-1
ZNF419-1	ZNF419-1
CLIC2-1	CLIC2-1
BNIP3L-1	BNIP3L-1
LIMD1-1	LIMD1-1
BNIP1-1	BNIP1-1
FAR1-1	FAR1-1
RORA-1	RORA-1
CARNS1-1	CARNS1-1
MCU-1	MCU-1
ZNF648-1	ZNF648-1
BRAP-1	BRAP-1
ZSCAN16-1	ZSCAN16-1
C14orf119-1	C14orf119-1
UTP14C-1	UTP14C-1
MRPS9-1	MRPS9-1
C18orf54-1	C18orf54-1
MCRS1-1	MCRS1-1
AGFG2-1	AGFG2-1
RAB13-1	RAB13-1
GRAMD2B-1	GRAMD2B-1
LRRC47-1	LRRC47-1
FDX2-1	FDX2-1
KIT-1	KIT-1
RNF114-1	RNF114-1
ITGAV-1	ITGAV-1
CIAPIN1-1	CIAPIN1-1
POLR2K-1	POLR2K-1
ZBTB46-1	ZBTB46-1
BET1-1	BET1-1
TRAPPC12-1	TRAPPC12-1
RAB5IF-1	RAB5IF-1
TMEM178B-1	TMEM178B-1
SYNM-1	SYNM-1
ARL6IP1-1	ARL6IP1-1
INSIG2-1	INSIG2-1
PRKCA-1	PRKCA-1
SLC25A28-1	SLC25A28-1
ZNF879-1	ZNF879-1
METAP1D-1	METAP1D-1
UBTD2-1	UBTD2-1
DLX2-1	DLX2-1
PIK3AP1-1	PIK3AP1-1
NDUFB5-1	NDUFB5-1
HLA-A-1	HLA-A-1
NQO1-1	NQO1-1
FXN-1	FXN-1
TPST2-1	TPST2-1
SESN2-1	SESN2-1
ASF1B-1	ASF1B-1
MYLK-1	MYLK-1
ACAD8-1	ACAD8-1
HERPUD1-1	HERPUD1-1
TOM1L2-1	TOM1L2-1
PRKG2-1	PRKG2-1
IRF6-1	IRF6-1
DCBLD1-1	DCBLD1-1
USP28-1	USP28-1
PPCS-1	PPCS-1
RERE-1	RERE-1
NKX2-2-1	NKX2-2-1
SLIRP-1	SLIRP-1
TRMT1-1	TRMT1-1
CETP-1	CETP-1
BTLA-1	BTLA-1
SMCR8-1	SMCR8-1
THEM5-1	THEM5-1
DBF4B-1	DBF4B-1
CCDC59-1	CCDC59-1
DDR2-1	DDR2-1
TWIST2-1	TWIST2-1
NCF2-1	NCF2-1
CIDEB-1	CIDEB-1
IPO8-1	IPO8-1
ABHD16B-1	ABHD16B-1
EEF1AKMT1-1	EEF1AKMT1-1
SH3PXD2A-1	SH3PXD2A-1
ICA1-1	ICA1-1
BAP1-1	BAP1-1
SP9-1	SP9-1
TNNT3-1	TNNT3-1
PTBP3-1	PTBP3-1
HDAC11-1	HDAC11-1
SPRY1-1	SPRY1-1
DEFA5-1	DEFA5-1
RABEP2-1	RABEP2-1
C9orf3-1	C9orf3-1
THRB-1	THRB-1
PARD6B-1	PARD6B-1
ZNF534-1	ZNF534-1
SNX10-1	SNX10-1
FEN1-1	FEN1-1
PUF60-1	PUF60-1
OSBPL9-1	OSBPL9-1
CD74-1	CD74-1
ZFHX2-1	ZFHX2-1
RFC5-1	RFC5-1
SLC25A5-1	SLC25A5-1
CRTC2-1	CRTC2-1
USO1-1	USO1-1
IMMT-1	IMMT-1
NME4-1	NME4-1
SAA1-1	SAA1-1
HEATR1-1	HEATR1-1
ZNF502-1	ZNF502-1
GNB2-1	GNB2-1
MRC2-1	MRC2-1
NAA35-1	NAA35-1
NBPF1-1	NBPF1-1
CLEC2B-1	CLEC2B-1
BLCAP-1	BLCAP-1
SOX18-1	SOX18-1
TBXA2R-1	TBXA2R-1
ATP6V0A1-1	ATP6V0A1-1
TPGS2-1	TPGS2-1
SQSTM1-1	SQSTM1-1
FKBP1A-1	FKBP1A-1
C1orf174-1	C1orf174-1
MIA3-1	MIA3-1
JMJD6-1	JMJD6-1
EMX2-1	EMX2-1
MPZL2-1	MPZL2-1
COLGALT1-1	COLGALT1-1
GTF2E1-1	GTF2E1-1
DOP1A-1	DOP1A-1
HINT3-1	HINT3-1
STOM-1	STOM-1
C19orf12-1	C19orf12-1
RGL1-1	RGL1-1
ZNF462-1	ZNF462-1
ZNF649-1	ZNF649-1
GNG11-1	GNG11-1
EARS2-1	EARS2-1
SEPHS1-1	SEPHS1-1
C5orf58-1	C5orf58-1
EGR1-1	EGR1-1
C15orf48-1	C15orf48-1
CARD16-1	CARD16-1
ARGFX-1	ARGFX-1
ANKRD26-1	ANKRD26-1
MARCH7-1	MARCH7-1
KNSTRN-1	KNSTRN-1
SAMD12-1	SAMD12-1
STARD10-1	STARD10-1
SFPQ-1	SFPQ-1
RNF157-1	RNF157-1
IKZF5-1	IKZF5-1
ZNF33A-1	ZNF33A-1
ZCWPW1-1	ZCWPW1-1
ASB8-1	ASB8-1
GTSF1-1	GTSF1-1
CLEC4E-1	CLEC4E-1
ARNT-1	ARNT-1
CDK5RAP3-1	CDK5RAP3-1
PEX12-1	PEX12-1
RBMS1-1	RBMS1-1
CD226-1	CD226-1
SAP30-1	SAP30-1
MIXL1-1	MIXL1-1
MANSC1-1	MANSC1-1
RAB12-1	RAB12-1
LYSMD3-1	LYSMD3-1
VAPA-1	VAPA-1
METTL25-1	METTL25-1
MRPL21-1	MRPL21-1
WRNIP1-1	WRNIP1-1
GGA3-1	GGA3-1
SSX2IP-1	SSX2IP-1
ANGPTL4-1	ANGPTL4-1
RWDD2B-1	RWDD2B-1
FGF9-1	FGF9-1
POLB-1	POLB-1
TNK2-1	TNK2-1
ZNF414-1	ZNF414-1
SRXN1-1	SRXN1-1
ATP6V1F-1	ATP6V1F-1
ZC3H12A-1	ZC3H12A-1
ZNF219-1	ZNF219-1
TOMM70-1	TOMM70-1
MISP-1	MISP-1
ZNF492-1	ZNF492-1
RUFY1-1	RUFY1-1
KANSL2-1	KANSL2-1
CIITA-1	CIITA-1
PARPBP-1	PARPBP-1
KLF9-1	KLF9-1
ZFPM2-1	ZFPM2-1
SLC6A1-1	SLC6A1-1
ATP8A2-1	ATP8A2-1
NET1-1	NET1-1
TAF6L-1	TAF6L-1
UIMC1-1	UIMC1-1
HIST3H2A-1	HIST3H2A-1
MTF2-1	MTF2-1
ZNF852-1	ZNF852-1
ATG101-1	ATG101-1
ABHD18-1	ABHD18-1
TSPO-1	TSPO-1
FDCSP-1	FDCSP-1
NUDT3-1	NUDT3-1
VPS51-1	VPS51-1
KCNK12-1	KCNK12-1
KLHL36-1	KLHL36-1
NEUROD4-1	NEUROD4-1
OPN3-1	OPN3-1
IRF1-1	IRF1-1
TOMM34-1	TOMM34-1
TRIT1-1	TRIT1-1
DHODH-1	DHODH-1
DPM2-1	DPM2-1
UBQLN4-1	UBQLN4-1
ANKRD36C-1	ANKRD36C-1
GABPB2-1	GABPB2-1
NIPAL3-1	NIPAL3-1
RHEBL1-1	RHEBL1-1
RPL12-1	RPL12-1
DARS-1	DARS-1
RAB15-1	RAB15-1
ZNF610-1	ZNF610-1
TPT1-1	TPT1-1
PELI2-1	PELI2-1
CXorf40A-1	CXorf40A-1
RASGRP3-1	RASGRP3-1
MAPK6-1	MAPK6-1
CDCA3-1	CDCA3-1
CHRNB1-1	CHRNB1-1
ASXL1-1	ASXL1-1
ANKLE2-1	ANKLE2-1
TNS3-1	TNS3-1
POPDC2-1	POPDC2-1
CCDC43-1	CCDC43-1
PTPRCAP-1	PTPRCAP-1
PSMF1-1	PSMF1-1
TRIO-1	TRIO-1
CLNK-1	CLNK-1
AIP-1	AIP-1
UNC13D-1	UNC13D-1
ALDH3A2-1	ALDH3A2-1
PPP1CB-1	PPP1CB-1
GAD1-1	GAD1-1
NUP133-1	NUP133-1
CBX3-1	CBX3-1
ZNF507-1	ZNF507-1
LBX2-1	LBX2-1
ANKRD6-1	ANKRD6-1
PDE6D-1	PDE6D-1
PTDSS1-1	PTDSS1-1
SAP18-1	SAP18-1
ZNF616-1	ZNF616-1
CEP152-1	CEP152-1
SIX3-1	SIX3-1
SLC43A3-1	SLC43A3-1
PRKCSH-1	PRKCSH-1
WRAP53-1	WRAP53-1
DHX8-1	DHX8-1
ETV6-1	ETV6-1
ANKAR-1	ANKAR-1
DOK1-1	DOK1-1
MYL6B-1	MYL6B-1
TP53TG5-1	TP53TG5-1
DAG1-1	DAG1-1
IL12RB1-1	IL12RB1-1
APOPT1-1	APOPT1-1
APOD-1	APOD-1
ST7L-1	ST7L-1
COLGALT2-1	COLGALT2-1
NCDN-1	NCDN-1
RNMT-1	RNMT-1
TSPAN31-1	TSPAN31-1
ATP6V0E2-1	ATP6V0E2-1
CHTOP-1	CHTOP-1
INPP5D-1	INPP5D-1
ATL1-1	ATL1-1
AGMAT-1	AGMAT-1
CLEC1B-1	CLEC1B-1
ZNF526-1	ZNF526-1
POMK-1	POMK-1
EXOSC10-1	EXOSC10-1
TMEM164-1	TMEM164-1
LHX8-1	LHX8-1
SFT2D3-1	SFT2D3-1
EBF1-1	EBF1-1
HIST1H2AK-1	HIST1H2AK-1
SLC3A1-1	SLC3A1-1
COG3-1	COG3-1
CCDC58-1	CCDC58-1
BTN2A1-1	BTN2A1-1
ZNF75A-1	ZNF75A-1
SNRNP70-1	SNRNP70-1
RNF7-1	RNF7-1
SPC24-1	SPC24-1
NFATC1-1	NFATC1-1
SLC6A9-1	SLC6A9-1
FUT10-1	FUT10-1
HNRNPR-1	HNRNPR-1
EPSTI1-1	EPSTI1-1
RTN4-1	RTN4-1
SHISAL2A-1	SHISAL2A-1
RPS15-1	RPS15-1
ZNF135-1	ZNF135-1
GFOD2-1	GFOD2-1
COPE-1	COPE-1
ZFP14-1	ZFP14-1
COMTD1-1	COMTD1-1
BTF3-1	BTF3-1
SMAP2-1	SMAP2-1
HDAC7-1	HDAC7-1
PLAUR-1	PLAUR-1
GCFC2-1	GCFC2-1
SLC9A5-1	SLC9A5-1
CDKN2A-1	CDKN2A-1
CDC73-1	CDC73-1
CAD-1	CAD-1
GBP1-1	GBP1-1
RSBN1L-1	RSBN1L-1
PLSCR3-1	PLSCR3-1
EIF2AK1-1	EIF2AK1-1
COQ4-1	COQ4-1
TAF1C-1	TAF1C-1
SLFN14-1	SLFN14-1
AURKB-1	AURKB-1
SWI5-1	SWI5-1
ARID3A-1	ARID3A-1
FASTKD1-1	FASTKD1-1
CCNQ-1	CCNQ-1
SLC39A13-1	SLC39A13-1
RNF26-1	RNF26-1
TRAPPC1-1	TRAPPC1-1
ATP5MF-1	ATP5MF-1
SLC35D1-1	SLC35D1-1
HSF4-1	HSF4-1
ZNF597-1	ZNF597-1
TM2D1-1	TM2D1-1
CACNA2D4-1	CACNA2D4-1
PDGFD-1	PDGFD-1
MYOD1-1	MYOD1-1
NUDT1-1	NUDT1-1
CCDC30-1	CCDC30-1
CLK4-1	CLK4-1
TLDC2-1	TLDC2-1
FCGR2A-1	FCGR2A-1
RAB8B-1	RAB8B-1
PDCL3-1	PDCL3-1
PWP1-1	PWP1-1
GTPBP8-1	GTPBP8-1
ADGRG1-1	ADGRG1-1
FAM53B-1	FAM53B-1
SRCAP-1	SRCAP-1
TVP23C-1	TVP23C-1
HIST1H4L-1	HIST1H4L-1
LEPROTL1-1	LEPROTL1-1
ALX1-1	ALX1-1
CNTF-1	CNTF-1
MAGI3-1	MAGI3-1
TYW1-1	TYW1-1
ZSCAN20-1	ZSCAN20-1
NUDT16L1-1	NUDT16L1-1
OSER1-1	OSER1-1
HMGB3-1	HMGB3-1
APH1A-1	APH1A-1
LYPLA2-1	LYPLA2-1
MRPS10-1	MRPS10-1
EVA1B-1	EVA1B-1
AP2A2-1	AP2A2-1
ZNF619-1	ZNF619-1
YBX2-1	YBX2-1
NSD3-1	NSD3-1
SPOCK2-1	SPOCK2-1
MYL12B-1	MYL12B-1
LTA4H-1	LTA4H-1
MED16-1	MED16-1
CALCB-1	CALCB-1
ESM1-1	ESM1-1
SEC61A2-1	SEC61A2-1
TMEM138-1	TMEM138-1
CCDC51-1	CCDC51-1
ZRSR2-1	ZRSR2-1
ACSL6-1	ACSL6-1
TMEM165-1	TMEM165-1
AK1-1	AK1-1
TMEM50A-1	TMEM50A-1
CBWD1-1	CBWD1-1
NUTF2-1	NUTF2-1
PUS7L-1	PUS7L-1
ELOA-1	ELOA-1
SUSD3-1	SUSD3-1
SEC61A1-1	SEC61A1-1
NPC1-1	NPC1-1
MRE11-1	MRE11-1
TLX1-1	TLX1-1
ZNF92-1	ZNF92-1
APOBEC3B-1	APOBEC3B-1
ZNF727-1	ZNF727-1
RGS3-1	RGS3-1
H6PD-1	H6PD-1
RETN-1	RETN-1
GEMIN2-1	GEMIN2-1
CTDSP2-1	CTDSP2-1
TBC1D16-1	TBC1D16-1
ZCWPW2-1	ZCWPW2-1
COL22A1-1	COL22A1-1
PARP3-1	PARP3-1
EED-1	EED-1
ANKRD46-1	ANKRD46-1
MTERF1-1	MTERF1-1
NCAPH-1	NCAPH-1
CNST-1	CNST-1
PLEKHM3-1	PLEKHM3-1
MKNK1-1	MKNK1-1
TMEM41B-1	TMEM41B-1
GMPR2-1	GMPR2-1
EBP-1	EBP-1
TSPYL1-1	TSPYL1-1
ERMN-1	ERMN-1
WDR53-1	WDR53-1
HOOK3-1	HOOK3-1
ERLEC1-1	ERLEC1-1
TSSK4-1	TSSK4-1
NLGN3-1	NLGN3-1
ZFX-1	ZFX-1
XPC-1	XPC-1
FLNB-1	FLNB-1
GOLPH3-1	GOLPH3-1
DHRS3-1	DHRS3-1
FAAH2-1	FAAH2-1
ZMPSTE24-1	ZMPSTE24-1
ARID5B-1	ARID5B-1
PTPRM-1	PTPRM-1
TCEA2-1	TCEA2-1
HEATR4-1	HEATR4-1
LGALS12-1	LGALS12-1
AP1B1-1	AP1B1-1
WDR73-1	WDR73-1
ERH-1	ERH-1
PUM3-1	PUM3-1
TSC22D4-1	TSC22D4-1
PARK7-1	PARK7-1
TPRKB-1	TPRKB-1
GAS7-1	GAS7-1
RBBP4-1	RBBP4-1
KLF8-1	KLF8-1
VAX2-1	VAX2-1
DOHH-1	DOHH-1
TAF9B-1	TAF9B-1
DHPS-1	DHPS-1
ERLIN2-1	ERLIN2-1
CDC37-1	CDC37-1
DIP2C-1	DIP2C-1
TMEM140-1	TMEM140-1
JUN-1	JUN-1
ITGAE-1	ITGAE-1
ACAP1-1	ACAP1-1
PLEKHJ1-1	PLEKHJ1-1
UBL7-1	UBL7-1
KANK1-1	KANK1-1
ZDHHC7-1	ZDHHC7-1
ZNF250-1	ZNF250-1
RABEP1-1	RABEP1-1
BCL7A-1	BCL7A-1
POU2AF1-1	POU2AF1-1
NFYC-1	NFYC-1
SLC25A24-1	SLC25A24-1
ZNF837-1	ZNF837-1
SAP130-1	SAP130-1
RNASEK-1	RNASEK-1
TRIM44-1	TRIM44-1
RABGAP1-1	RABGAP1-1
SCAMP2-1	SCAMP2-1
ZNF239-1	ZNF239-1
TXNDC5-1	TXNDC5-1
TMEM87B-1	TMEM87B-1
RWDD3-1	RWDD3-1
PKIA-1	PKIA-1
SLC16A7-1	SLC16A7-1
IER5-1	IER5-1
RBM23-1	RBM23-1
SLC37A3-1	SLC37A3-1
ZNF454-1	ZNF454-1
CHRNA6-1	CHRNA6-1
PTCD1-1	PTCD1-1
CHCHD4-1	CHCHD4-1
TRA2B-1	TRA2B-1
MED13-1	MED13-1
RPL22-1	RPL22-1
DAPP1-1	DAPP1-1
PAX7-1	PAX7-1
KLHL22-1	KLHL22-1
CLTRN-1	CLTRN-1
APOOL-1	APOOL-1
HDGFL3-1	HDGFL3-1
RHBDF2-1	RHBDF2-1
RFC2-1	RFC2-1
MRPS23-1	MRPS23-1
PRC1-1	PRC1-1
INO80-1	INO80-1
DHRS12-1	DHRS12-1
NME1-1	NME1-1
ZNF398-1	ZNF398-1
ZNF177-1	ZNF177-1
PGRMC1-1	PGRMC1-1
ZNF599-1	ZNF599-1
PPP1R8-1	PPP1R8-1
IMPDH1-1	IMPDH1-1
ADCY4-1	ADCY4-1
CUEDC2-1	CUEDC2-1
DAGLB-1	DAGLB-1
MYO9A-1	MYO9A-1
UTP14A-1	UTP14A-1
FASTKD3-1	FASTKD3-1
ARL1-1	ARL1-1
GLRX3-1	GLRX3-1
HEYL-1	HEYL-1
CLIP2-1	CLIP2-1
RAD51AP1-1	RAD51AP1-1
PRDM10-1	PRDM10-1
CXorf57-1	CXorf57-1
SLC29A3-1	SLC29A3-1
MYO1D-1	MYO1D-1
CSNK1G3-1	CSNK1G3-1
DGKI-1	DGKI-1
PHGDH-1	PHGDH-1
SNRNP48-1	SNRNP48-1
NKX1-2-1	NKX1-2-1
KPNA6-1	KPNA6-1
GSDMB-1	GSDMB-1
TCTN1-1	TCTN1-1
ABRAXAS2-1	ABRAXAS2-1
NDUFAF7-1	NDUFAF7-1
KCNJ14-1	KCNJ14-1
TRMT1L-1	TRMT1L-1
MATN2-1	MATN2-1
ADO-1	ADO-1
TCP1-1	TCP1-1
ZC3H11A-1	ZC3H11A-1
PRR14L-1	PRR14L-1
SMARCA2-1	SMARCA2-1
VRK3-1	VRK3-1
USP27X-1	USP27X-1
POMGNT1-1	POMGNT1-1
ANKDD1A-1	ANKDD1A-1
OTUD3-1	OTUD3-1
TMBIM1-1	TMBIM1-1
HIST2H2AC-1	HIST2H2AC-1
UNC119B-1	UNC119B-1
HIST1H2AM-1	HIST1H2AM-1
TMEM128-1	TMEM128-1
PAX8-1	PAX8-1
C12orf76-1	C12orf76-1
LPAR6-1	LPAR6-1
ZCCHC24-1	ZCCHC24-1
BCL2L2-1	BCL2L2-1
ATXN7L1-1	ATXN7L1-1
ZXDB-1	ZXDB-1
ZNF322-1	ZNF322-1
COPB2-1	COPB2-1
ZNF709-1	ZNF709-1
PEPD-1	PEPD-1
ST6GALNAC3-1	ST6GALNAC3-1
PHF6-1	PHF6-1
DHX57-1	DHX57-1
PIK3CB-1	PIK3CB-1
NEUROG1-1	NEUROG1-1
IPO5-1	IPO5-1
REST-1	REST-1
SC5D-1	SC5D-1
MREG-1	MREG-1
CACNB1-1	CACNB1-1
LMLN-1	LMLN-1
ZCCHC4-1	ZCCHC4-1
MFAP3L-1	MFAP3L-1
TFB1M-1	TFB1M-1
FAM219A-1	FAM219A-1
FAF2-1	FAF2-1
TBCK-1	TBCK-1
IRAK1-1	IRAK1-1
H3F3A-1	H3F3A-1
ANXA1-1	ANXA1-1
CEBPZ-1	CEBPZ-1
ELMSAN1-1	ELMSAN1-1
PRX-1	PRX-1
SLC30A9-1	SLC30A9-1
MBNL2-1	MBNL2-1
PTTG1-1	PTTG1-1
CCL2-1	CCL2-1
EEA1-1	EEA1-1
NDUFAB1-1	NDUFAB1-1
ADAMTS6-1	ADAMTS6-1
CEMIP-1	CEMIP-1
ATG7-1	ATG7-1
MATK-1	MATK-1
CMIP-1	CMIP-1
ATP5F1E-1	ATP5F1E-1
ARFGAP3-1	ARFGAP3-1
KCNK6-1	KCNK6-1
ASIC3-1	ASIC3-1
RMC1-1	RMC1-1
HGH1-1	HGH1-1
SPAG4-1	SPAG4-1
EXOSC8-1	EXOSC8-1
LMTK2-1	LMTK2-1
TTL-1	TTL-1
RUNX1-1	RUNX1-1
GMEB1-1	GMEB1-1
PPIH-1	PPIH-1
SRGAP3-1	SRGAP3-1
COG6-1	COG6-1
PMP22-1	PMP22-1
MRPL32-1	MRPL32-1
CDKL2-1	CDKL2-1
OVOL3-1	OVOL3-1
ZNF432-1	ZNF432-1
NUFIP2-1	NUFIP2-1
SUCLA2-1	SUCLA2-1
GATA2-1	GATA2-1
PTPA-1	PTPA-1
HAS3-1	HAS3-1
ALPK1-1	ALPK1-1
CWC22-1	CWC22-1
VAT1-1	VAT1-1
FANCG-1	FANCG-1
TBL1X-1	TBL1X-1
SLC1A2-1	SLC1A2-1
ANP32A-1	ANP32A-1
BORCS7-1	BORCS7-1
RGCC-1	RGCC-1
IL17D-1	IL17D-1
SLC43A1-1	SLC43A1-1
AP1S3-1	AP1S3-1
IDS-1	IDS-1
APEX2-1	APEX2-1
DHCR7-1	DHCR7-1
MXD1-1	MXD1-1
C1GALT1C1-1	C1GALT1C1-1
DACT1-1	DACT1-1
BRCA2-1	BRCA2-1
ZMYM6-1	ZMYM6-1
SYAP1-1	SYAP1-1
FAM120C-1	FAM120C-1
CMSS1-1	CMSS1-1
BAG3-1	BAG3-1
MRPS21-1	MRPS21-1
TMEM160-1	TMEM160-1
CENPW-1	CENPW-1
FAM167B-1	FAM167B-1
MC1R-1	MC1R-1
FMR1-1	FMR1-1
LANCL2-1	LANCL2-1
SCYL2-1	SCYL2-1
JAKMIP1-1	JAKMIP1-1
STX18-1	STX18-1
FBXO10-1	FBXO10-1
B4GAT1-1	B4GAT1-1
RAPGEFL1-1	RAPGEFL1-1
RFX6-1	RFX6-1
ARHGEF2-1	ARHGEF2-1
PRADC1-1	PRADC1-1
OSTM1-1	OSTM1-1
PDCD2L-1	PDCD2L-1
ANKRD36-1	ANKRD36-1
RASGRP1-1	RASGRP1-1
SYNE1-1	SYNE1-1
DENND4C-1	DENND4C-1
FAAP24-1	FAAP24-1
DDX43-1	DDX43-1
SLC39A8-1	SLC39A8-1
TXLNG-1	TXLNG-1
TOP1MT-1	TOP1MT-1
KATNB1-1	KATNB1-1
DEFB131B-1	DEFB131B-1
SNX13-1	SNX13-1
THADA-1	THADA-1
FAM156A-1	FAM156A-1
SAR1B-1	SAR1B-1
CNBD2-1	CNBD2-1
LMO7-1	LMO7-1
EAPP-1	EAPP-1
DNAJC7-1	DNAJC7-1
ACE-1	ACE-1
GTF3A-1	GTF3A-1
RPL26-1	RPL26-1
ZNF652-1	ZNF652-1
CSAD-1	CSAD-1
GCDH-1	GCDH-1
COA3-1	COA3-1
PCYT1A-1	PCYT1A-1
TOGARAM1-1	TOGARAM1-1
DNASE2-1	DNASE2-1
SNRPD1-1	SNRPD1-1
AGAP3-1	AGAP3-1
RAP2B-1	RAP2B-1
HEXIM1-1	HEXIM1-1
ZXDC-1	ZXDC-1
EIF5A-1	EIF5A-1
MADD-1	MADD-1
CA13-1	CA13-1
SENP2-1	SENP2-1
FKBP3-1	FKBP3-1
SNX16-1	SNX16-1
TCP11L2-1	TCP11L2-1
DPRX-1	DPRX-1
ANKRD61-1	ANKRD61-1
SF3A1-1	SF3A1-1
NAPB-1	NAPB-1
GTPBP10-1	GTPBP10-1
ACSM3-1	ACSM3-1
TTLL12-1	TTLL12-1
HSPA8-1	HSPA8-1
GLB1L2-1	GLB1L2-1
COMMD1-1	COMMD1-1
GEM-1	GEM-1
RNF215-1	RNF215-1
JMJD7-PLA2G4B-1	JMJD7-PLA2G4B-1
APLF-1	APLF-1
SYT11-1	SYT11-1
AIRE-1	AIRE-1
MPI-1	MPI-1
HSDL1-1	HSDL1-1
TAL1-1	TAL1-1
C22orf23-1	C22orf23-1
CPSF1-1	CPSF1-1
RBMX-1	RBMX-1
PLEKHA7-1	PLEKHA7-1
TYROBP-1	TYROBP-1
DRAM2-1	DRAM2-1
MRM2-1	MRM2-1
POLR1B-1	POLR1B-1
HIBADH-1	HIBADH-1
LSM3-1	LSM3-1
FAM118A-1	FAM118A-1
SPATA2-1	SPATA2-1
LIN37-1	LIN37-1
B3GALT6-1	B3GALT6-1
ZBTB7C-1	ZBTB7C-1
SSR1-1	SSR1-1
FLYWCH1-1	FLYWCH1-1
HINFP-1	HINFP-1
MYSM1-1	MYSM1-1
HLTF-1	HLTF-1
ELL-1	ELL-1
C12orf57-1	C12orf57-1
ATP8B4-1	ATP8B4-1
PIK3R1-1	PIK3R1-1
PTPN11-1	PTPN11-1
SLC35F2-1	SLC35F2-1
EPB41-1	EPB41-1
TSEN54-1	TSEN54-1
BRD8-1	BRD8-1
TROVE2-1	TROVE2-1
CEBPB-1	CEBPB-1
MBD6-1	MBD6-1
TIGD1-1	TIGD1-1
DESI1-1	DESI1-1
TSLP-1	TSLP-1
EME1-1	EME1-1
DNASE1L1-1	DNASE1L1-1
AEBP2-1	AEBP2-1
TMSB4X-1	TMSB4X-1
DEGS2-1	DEGS2-1
CLPP-1	CLPP-1
PCMT1-1	PCMT1-1
TRUB2-1	TRUB2-1
OSBPL11-1	OSBPL11-1
ZNF554-1	ZNF554-1
VPS35L-1	VPS35L-1
MAP7D3-1	MAP7D3-1
APBB3-1	APBB3-1
PLEKHF1-1	PLEKHF1-1
PIM1-1	PIM1-1
PDIA3-1	PDIA3-1
STOML1-1	STOML1-1
PARP2-1	PARP2-1
MYEF2-1	MYEF2-1
CYBC1-1	CYBC1-1
IL24-1	IL24-1
COX11-1	COX11-1
FAM160B2-1	FAM160B2-1
CD320-1	CD320-1
PGGHG-1	PGGHG-1
TRMT12-1	TRMT12-1
FCRL1-1	FCRL1-1
WDR61-1	WDR61-1
SLC17A1-1	SLC17A1-1
ZNF593-1	ZNF593-1
UPF3A-1	UPF3A-1
TMTC4-1	TMTC4-1
SLAMF8-1	SLAMF8-1
MPHOSPH10-1	MPHOSPH10-1
EXOC2-1	EXOC2-1
XIRP1-1	XIRP1-1
NUP205-1	NUP205-1
CCDC39-1	CCDC39-1
DPF1-1	DPF1-1
EHD3-1	EHD3-1
GBP3-1	GBP3-1
NUMB-1	NUMB-1
NAA16-1	NAA16-1
GALNT12-1	GALNT12-1
PRKAR2A-1	PRKAR2A-1
RNFT1-1	RNFT1-1
WWC2-1	WWC2-1
PBXIP1-1	PBXIP1-1
TRERF1-1	TRERF1-1
EHF-1	EHF-1
C17orf80-1	C17orf80-1
EIF4EBP2-1	EIF4EBP2-1
ZC3H12C-1	ZC3H12C-1
KIF9-1	KIF9-1
COX20-1	COX20-1
CHAF1B-1	CHAF1B-1
ACOX1-1	ACOX1-1
ODF2-1	ODF2-1
FOXL1-1	FOXL1-1
ZNF347-1	ZNF347-1
TXNRD3-1	TXNRD3-1
RSPRY1-1	RSPRY1-1
LUZP6-1	LUZP6-1
PSME2-1	PSME2-1
NECAP1-1	NECAP1-1
KLHL9-1	KLHL9-1
RBM43-1	RBM43-1
COL16A1-1	COL16A1-1
SLC35A5-1	SLC35A5-1
RNF144A-1	RNF144A-1
UCP3-1	UCP3-1
TNFSF12-TNFSF13-1	TNFSF12-TNFSF13-1
TSPAN17-1	TSPAN17-1
STAT1-1	STAT1-1
BEST1-1	BEST1-1
CIPC-1	CIPC-1
TRAF3IP3-1	TRAF3IP3-1
ARPC5L-1	ARPC5L-1
PHF20-1	PHF20-1
EID3-1	EID3-1
MYO15A-1	MYO15A-1
ZNF106-1	ZNF106-1
CD24-1	CD24-1
URB1-1	URB1-1
TIGD3-1	TIGD3-1
GDF11-1	GDF11-1
ZNF662-1	ZNF662-1
RAB14-1	RAB14-1
CD5-1	CD5-1
TUB-1	TUB-1
EPAS1-1	EPAS1-1
RBM12-1	RBM12-1
TFG-1	TFG-1
ALDH9A1-1	ALDH9A1-1
GSE1-1	GSE1-1
VPS72-1	VPS72-1
PRKAR2B-1	PRKAR2B-1
KLHL26-1	KLHL26-1
IGSF3-1	IGSF3-1
FAM173A-1	FAM173A-1
UBE2A-1	UBE2A-1
ZC3H12B-1	ZC3H12B-1
KCNIP2-1	KCNIP2-1
UBXN6-1	UBXN6-1
RAB33A-1	RAB33A-1
TMSB10-1	TMSB10-1
KIF5B-1	KIF5B-1
KAT8-1	KAT8-1
CDKL1-1	CDKL1-1
CYP1B1-1	CYP1B1-1
SYMPK-1	SYMPK-1
HBM-1	HBM-1
ATXN3-1	ATXN3-1
ABL2-1	ABL2-1
ME2-1	ME2-1
ZNF697-1	ZNF697-1
TRNT1-1	TRNT1-1
GAMT-1	GAMT-1
SESN3-1	SESN3-1
RTF2-1	RTF2-1
GCM1-1	GCM1-1
ZNF275-1	ZNF275-1
CREB3L1-1	CREB3L1-1
TDRD7-1	TDRD7-1
EXOC6-1	EXOC6-1
ZNF516-1	ZNF516-1
ARAP2-1	ARAP2-1
EBLN2-1	EBLN2-1
HES1-1	HES1-1
DCHS1-1	DCHS1-1
ABHD8-1	ABHD8-1
KLHL31-1	KLHL31-1
ZBED5-1	ZBED5-1
C16orf95-1	C16orf95-1
CCR5-1	CCR5-1
FGD2-1	FGD2-1
UFL1-1	UFL1-1
TYW3-1	TYW3-1
KLF15-1	KLF15-1
NEK10-1	NEK10-1
KRBOX4-1	KRBOX4-1
ATP13A1-1	ATP13A1-1
SEC11C-1	SEC11C-1
SLC25A37-1	SLC25A37-1
NPAT-1	NPAT-1
SOX17-1	SOX17-1
SEPT9-1	SEPT9-1
RPTOR-1	RPTOR-1
ASNSD1-1	ASNSD1-1
EIF4ENIF1-1	EIF4ENIF1-1
PYGL-1	PYGL-1
COLQ-1	COLQ-1
PHTF1-1	PHTF1-1
CAPN12-1	CAPN12-1
RGS5-1	RGS5-1
SLC25A29-1	SLC25A29-1
SMIM4-1	SMIM4-1
RRAGC-1	RRAGC-1
MGP-1	MGP-1
IRF2BP1-1	IRF2BP1-1
UHRF1BP1-1	UHRF1BP1-1
QPRT-1	QPRT-1
IL15-1	IL15-1
GPAA1-1	GPAA1-1
TMEM70-1	TMEM70-1
AGFG1-1	AGFG1-1
ZFAND2A-1	ZFAND2A-1
EML2-1	EML2-1
C4orf33-1	C4orf33-1
INF2-1	INF2-1
SIAH2-1	SIAH2-1
RPL15-1	RPL15-1
KHSRP-1	KHSRP-1
OTUD6B-1	OTUD6B-1
LDLR-1	LDLR-1
GLB1L-1	GLB1L-1
ITFG2-1	ITFG2-1
ACD-1	ACD-1
SATB1-1	SATB1-1
NPTN-1	NPTN-1
DPH3-1	DPH3-1
PLXDC1-1	PLXDC1-1
JTB-1	JTB-1
KCNA6-1	KCNA6-1
SNRPF-1	SNRPF-1
FKBP5-1	FKBP5-1
PFKL-1	PFKL-1
KCNQ5-1	KCNQ5-1
KYAT1-1	KYAT1-1
PPIG-1	PPIG-1
MGLL-1	MGLL-1
TNFAIP6-1	TNFAIP6-1
PSMG3-1	PSMG3-1
HSD3B7-1	HSD3B7-1
TOX-1	TOX-1
MEX3D-1	MEX3D-1
ZNF154-1	ZNF154-1
SRP54-1	SRP54-1
MAP7D1-1	MAP7D1-1
P3H3-1	P3H3-1
SEPT11-1	SEPT11-1
ANP32B-1	ANP32B-1
PRR29-1	PRR29-1
UFM1-1	UFM1-1
TMPRSS13-1	TMPRSS13-1
STRIP1-1	STRIP1-1
CENPL-1	CENPL-1
PHETA1-1	PHETA1-1
CXXC5-1	CXXC5-1
RECQL4-1	RECQL4-1
SPDYE3-1	SPDYE3-1
CBFB-1	CBFB-1
BCLAF3-1	BCLAF3-1
TRMO-1	TRMO-1
ZCRB1-1	ZCRB1-1
SNRPB2-1	SNRPB2-1
CHIT1-1	CHIT1-1
KIRREL2-1	KIRREL2-1
GUCY1A1-1	GUCY1A1-1
PPIF-1	PPIF-1
PON2-1	PON2-1
UBAP1-1	UBAP1-1
CDK2AP1-1	CDK2AP1-1
KLC2-1	KLC2-1
PDE1B-1	PDE1B-1
MKX-1	MKX-1
ESS2-1	ESS2-1
KIF5C-1	KIF5C-1
NCL-1	NCL-1
SF1-1	SF1-1
FBXO22-1	FBXO22-1
ESRRB-1	ESRRB-1
GPX2-1	GPX2-1
GDPD1-1	GDPD1-1
TRIP11-1	TRIP11-1
SLC5A2-1	SLC5A2-1
CENPC-1	CENPC-1
DLAT-1	DLAT-1
TTN-1	TTN-1
CYP46A1-1	CYP46A1-1
SLC46A3-1	SLC46A3-1
NOP9-1	NOP9-1
TMEM192-1	TMEM192-1
NCK2-1	NCK2-1
RHOC-1	RHOC-1
DTX1-1	DTX1-1
RIC1-1	RIC1-1
ULK1-1	ULK1-1
MOB3B-1	MOB3B-1
NOL11-1	NOL11-1
KPNA2-1	KPNA2-1
SMYD5-1	SMYD5-1
PIGN-1	PIGN-1
MAN1A2-1	MAN1A2-1
KLHL28-1	KLHL28-1
SLC25A32-1	SLC25A32-1
TTC19-1	TTC19-1
ITGAX-1	ITGAX-1
TSPO2-1	TSPO2-1
APEH-1	APEH-1
SENP5-1	SENP5-1
ACTN4-1	ACTN4-1
GPR82-1	GPR82-1
ZNF211-1	ZNF211-1
ZNF497-1	ZNF497-1
TAF5-1	TAF5-1
GLRX2-1	GLRX2-1
BSG-1	BSG-1
SLC4A7-1	SLC4A7-1
CARHSP1-1	CARHSP1-1
SLFNL1-1	SLFNL1-1
TRPC1-1	TRPC1-1
ATRIP-1	ATRIP-1
ERCC5-1	ERCC5-1
TVP23A-1	TVP23A-1
SPIN4-1	SPIN4-1
VPS9D1-1	VPS9D1-1
DDX56-1	DDX56-1
FAM120AOS-1	FAM120AOS-1
NR1H3-1	NR1H3-1
PLA2G16-1	PLA2G16-1
ADD3-1	ADD3-1
NUP155-1	NUP155-1
ZMYM5-1	ZMYM5-1
ACRBP-1	ACRBP-1
ITGA6-1	ITGA6-1
UBR5-1	UBR5-1
THAP9-1	THAP9-1
EEF2K-1	EEF2K-1
CLDND1-1	CLDND1-1
DROSHA-1	DROSHA-1
DCLRE1B-1	DCLRE1B-1
DMRT1-1	DMRT1-1
MED20-1	MED20-1
YES1-1	YES1-1
FOSB-1	FOSB-1
NOXA1-1	NOXA1-1
MCTP2-1	MCTP2-1
NAPA-1	NAPA-1
SVBP-1	SVBP-1
PNPLA2-1	PNPLA2-1
FBXL22-1	FBXL22-1
SPIRE1-1	SPIRE1-1
DCAF15-1	DCAF15-1
MLKL-1	MLKL-1
GNL3-1	GNL3-1
ZBTB4-1	ZBTB4-1
A1BG-1	A1BG-1
CAVIN2-1	CAVIN2-1
F12-1	F12-1
DPP9-1	DPP9-1
ZXDA-1	ZXDA-1
TMEM97-1	TMEM97-1
SMURF2-1	SMURF2-1
EME2-1	EME2-1
STARD7-1	STARD7-1
NPM3-1	NPM3-1
ASCL4-1	ASCL4-1
CLCN2-1	CLCN2-1
KISS1R-1	KISS1R-1
MAIP1-1	MAIP1-1
EPB41L2-1	EPB41L2-1
FBXO3-1	FBXO3-1
ZDHHC8-1	ZDHHC8-1
XCL2-1	XCL2-1
FOXN1-1	FOXN1-1
HK1-1	HK1-1
CYTH1-1	CYTH1-1
S100A13-1	S100A13-1
GATAD2A-1	GATAD2A-1
ILK-1	ILK-1
ALS2CR12-1	ALS2CR12-1
PLBD2-1	PLBD2-1
KLHL2-1	KLHL2-1
SNU13-1	SNU13-1
C2orf74-1	C2orf74-1
ZNF207-1	ZNF207-1
ARID4A-1	ARID4A-1
HOMEZ-1	HOMEZ-1
LRRC7-1	LRRC7-1
NONO-1	NONO-1
FKRP-1	FKRP-1
CEP70-1	CEP70-1
PER1-1	PER1-1
SH3BP5L-1	SH3BP5L-1
HYI-1	HYI-1
BAIAP2-1	BAIAP2-1
PTGIR-1	PTGIR-1
APLP2-1	APLP2-1
ZFP28-1	ZFP28-1
VSTM2L-1	VSTM2L-1
FAM210B-1	FAM210B-1
PLAA-1	PLAA-1
VPS50-1	VPS50-1
SHKBP1-1	SHKBP1-1
SEPSECS-1	SEPSECS-1
PEAK1-1	PEAK1-1
PTK6-1	PTK6-1
SCPEP1-1	SCPEP1-1
KLHL32-1	KLHL32-1
AHNAK-1	AHNAK-1
IGBP1-1	IGBP1-1
LAT2-1	LAT2-1
ZFYVE28-1	ZFYVE28-1
SELL-1	SELL-1
NUBP2-1	NUBP2-1
VSIG10L-1	VSIG10L-1
S100A1-1	S100A1-1
RSF1-1	RSF1-1
LCK-1	LCK-1
DDX46-1	DDX46-1
NADSYN1-1	NADSYN1-1
GOLGA3-1	GOLGA3-1
AMPD3-1	AMPD3-1
PMPCA-1	PMPCA-1
FGFR1OP2-1	FGFR1OP2-1
FLII-1	FLII-1
VPS35-1	VPS35-1
PLK3-1	PLK3-1
NCOA4-1	NCOA4-1
KMT2A-1	KMT2A-1
SAMD1-1	SAMD1-1
IRF3-1	IRF3-1
ST8SIA1-1	ST8SIA1-1
MAP3K3-1	MAP3K3-1
VAX1-1	VAX1-1
ZNF835-1	ZNF835-1
REEP6-1	REEP6-1
RFFL-1	RFFL-1
ZNF814-1	ZNF814-1
GRM2-1	GRM2-1
ASH2L-1	ASH2L-1
DDX51-1	DDX51-1
FOXR1-1	FOXR1-1
GRHL3-1	GRHL3-1
PGAP1-1	PGAP1-1
CR2-1	CR2-1
CEP128-1	CEP128-1
CDC123-1	CDC123-1
PGD-1	PGD-1
CDK10-1	CDK10-1
RAB35-1	RAB35-1
GALNT1-1	GALNT1-1
FBXO11-1	FBXO11-1
ZNF189-1	ZNF189-1
POLR2B-1	POLR2B-1
FUT7-1	FUT7-1
TFPI-1	TFPI-1
BCL7C-1	BCL7C-1
TMEM38B-1	TMEM38B-1
MED9-1	MED9-1
DGKZ-1	DGKZ-1
SLC25A3-1	SLC25A3-1
KHDRBS1-1	KHDRBS1-1
IKBIP-1	IKBIP-1
SEC62-1	SEC62-1
ZNF654-1	ZNF654-1
RIPK3-1	RIPK3-1
UBA1-1	UBA1-1
MT1X-1	MT1X-1
SELENOK-1	SELENOK-1
ZSCAN2-1	ZSCAN2-1
TSHZ3-1	TSHZ3-1
RAB29-1	RAB29-1
CCDC180-1	CCDC180-1
TOB1-1	TOB1-1
ZNF672-1	ZNF672-1
INAFM1-1	INAFM1-1
SEPT2-1	SEPT2-1
SLC35B1-1	SLC35B1-1
BROX-1	BROX-1
CERS3-1	CERS3-1
EPGN-1	EPGN-1
VTI1B-1	VTI1B-1
TCTA-1	TCTA-1
MYO9B-1	MYO9B-1
FCRL6-1	FCRL6-1
SLC26A11-1	SLC26A11-1
TGFB1-1	TGFB1-1
PHF2-1	PHF2-1
KIF11-1	KIF11-1
IGF2BP3-1	IGF2BP3-1
WHRN-1	WHRN-1
ZNF705D-1	ZNF705D-1
CSTA-1	CSTA-1
PAK2-1	PAK2-1
FLAD1-1	FLAD1-1
CDS2-1	CDS2-1
PGPEP1-1	PGPEP1-1
COX15-1	COX15-1
PHF12-1	PHF12-1
ODF2L-1	ODF2L-1
RIN1-1	RIN1-1
NAT9-1	NAT9-1
GSC-1	GSC-1
CCDC115-1	CCDC115-1
TFDP1-1	TFDP1-1
ZSCAN5A-1	ZSCAN5A-1
ARHGEF11-1	ARHGEF11-1
NIPSNAP3A-1	NIPSNAP3A-1
PMPCB-1	PMPCB-1
GFER-1	GFER-1
TOLLIP-1	TOLLIP-1
MRPL54-1	MRPL54-1
CAPN3-1	CAPN3-1
RPL35-1	RPL35-1
TCF3-1	TCF3-1
STK26-1	STK26-1
MDM2-1	MDM2-1
GPA33-1	GPA33-1
RNF213-1	RNF213-1
FCN1-1	FCN1-1
EXOC7-1	EXOC7-1
ZNF800-1	ZNF800-1
PEX11G-1	PEX11G-1
SOHLH2-1	SOHLH2-1
APOA4-1	APOA4-1
OGFR-1	OGFR-1
ZCCHC8-1	ZCCHC8-1
ITK-1	ITK-1
RNLS-1	RNLS-1
PLEKHM2-1	PLEKHM2-1
IDH3G-1	IDH3G-1
ANKRD49-1	ANKRD49-1
PDIK1L-1	PDIK1L-1
G2E3-1	G2E3-1
SCYL1-1	SCYL1-1
ICAM3-1	ICAM3-1
FGD3-1	FGD3-1
RETSAT-1	RETSAT-1
CMAS-1	CMAS-1
ETS1-1	ETS1-1
BNIP2-1	BNIP2-1
TFCP2L1-1	TFCP2L1-1
SRP72-1	SRP72-1
ZNF366-1	ZNF366-1
VHL-1	VHL-1
ATOH8-1	ATOH8-1
IFNAR1-1	IFNAR1-1
GAPDH-1	GAPDH-1
CD53-1	CD53-1
KYAT3-1	KYAT3-1
GRIN3A-1	GRIN3A-1
ANKRD18A-1	ANKRD18A-1
TLE3-1	TLE3-1
PRR13-1	PRR13-1
ESD-1	ESD-1
SNX11-1	SNX11-1
FANCB-1	FANCB-1
NKX2-1-1	NKX2-1-1
CCNY-1	CCNY-1
SPECC1L-1	SPECC1L-1
ARFGEF2-1	ARFGEF2-1
ABLIM3-1	ABLIM3-1
CEP41-1	CEP41-1
ENO2-1	ENO2-1
SCYL3-1	SCYL3-1
CUL1-1	CUL1-1
CACNA1I-1	CACNA1I-1
OSGEP-1	OSGEP-1
ZNF30-1	ZNF30-1
ARAF-1	ARAF-1
MIEF2-1	MIEF2-1
HM13-1	HM13-1
RPS6KA3-1	RPS6KA3-1
MTRF1-1	MTRF1-1
ZNF703-1	ZNF703-1
FIBP-1	FIBP-1
SEC24D-1	SEC24D-1
GP1BB-1	GP1BB-1
TTYH2-1	TTYH2-1
PTPN9-1	PTPN9-1
MYBL2-1	MYBL2-1
ARL13B-1	ARL13B-1
DR1-1	DR1-1
KRT73-1	KRT73-1
PLXND1-1	PLXND1-1
FOCAD-1	FOCAD-1
METTL13-1	METTL13-1
UNCX-1	UNCX-1
SIRT7-1	SIRT7-1
PEAK3-1	PEAK3-1
CXXC1-1	CXXC1-1
MRPS7-1	MRPS7-1
RGS18-1	RGS18-1
SDR42E2-1	SDR42E2-1
CPLANE2-1	CPLANE2-1
ATP6V0A2-1	ATP6V0A2-1
ZNF594-1	ZNF594-1
DYNLL1-1	DYNLL1-1
LRRC8D-1	LRRC8D-1
PRRC1-1	PRRC1-1
CD2AP-1	CD2AP-1
PTBP1-1	PTBP1-1
ARL2-1	ARL2-1
CHAMP1-1	CHAMP1-1
NOP53-1	NOP53-1
TMEM136-1	TMEM136-1
PAOX-1	PAOX-1
TMUB1-1	TMUB1-1
PHYHD1-1	PHYHD1-1
ACAP3-1	ACAP3-1
TEX45-1	TEX45-1
ZNF292-1	ZNF292-1
RAPGEF6-1	RAPGEF6-1
ZNF883-1	ZNF883-1
SATB2-1	SATB2-1
UQCRH-1	UQCRH-1
CCNA1-1	CCNA1-1
MAPKAPK3-1	MAPKAPK3-1
METTL3-1	METTL3-1
RPS27L-1	RPS27L-1
TMCC2-1	TMCC2-1
CHMP1A-1	CHMP1A-1
AKAP8L-1	AKAP8L-1
NKX3-2-1	NKX3-2-1
METTL17-1	METTL17-1
NEUROD6-1	NEUROD6-1
RAI14-1	RAI14-1
MPND-1	MPND-1
AUNIP-1	AUNIP-1
FEM1A-1	FEM1A-1
ATMIN-1	ATMIN-1
DMTN-1	DMTN-1
CRTAP-1	CRTAP-1
ATP13A3-1	ATP13A3-1
L3MBTL2-1	L3MBTL2-1
TGM1-1	TGM1-1
PYROXD2-1	PYROXD2-1
ZBTB38-1	ZBTB38-1
TRANK1-1	TRANK1-1
ARHGAP6-1	ARHGAP6-1
ZNF214-1	ZNF214-1
NMNAT3-1	NMNAT3-1
PKN3-1	PKN3-1
METTL9-1	METTL9-1
SELENON-1	SELENON-1
MAPK14-1	MAPK14-1
UBE2J2-1	UBE2J2-1
SLC9A3R1-1	SLC9A3R1-1
MTURN-1	MTURN-1
SEC61G-1	SEC61G-1
OXLD1-1	OXLD1-1
PTER-1	PTER-1
ASB14-1	ASB14-1
ATXN2-1	ATXN2-1
SCX-1	SCX-1
TENT4A-1	TENT4A-1
SUCLG1-1	SUCLG1-1
CHM-1	CHM-1
INTS7-1	INTS7-1
DTHD1-1	DTHD1-1
SPP1-1	SPP1-1
DDX28-1	DDX28-1
THAP11-1	THAP11-1
ERCC6L2-1	ERCC6L2-1
TP63-1	TP63-1
PRPF40B-1	PRPF40B-1
TBC1D22B-1	TBC1D22B-1
WDR35-1	WDR35-1
TBR1-1	TBR1-1
TIPARP-1	TIPARP-1
NOSIP-1	NOSIP-1
RACGAP1-1	RACGAP1-1
DMAC1-1	DMAC1-1
BIVM-1	BIVM-1
CTSH-1	CTSH-1
RP9-1	RP9-1
ZNF273-1	ZNF273-1
TADA3-1	TADA3-1
SNX33-1	SNX33-1
CHP1-1	CHP1-1
KCNH4-1	KCNH4-1
MT2A-1	MT2A-1
FAM126B-1	FAM126B-1
SIKE1-1	SIKE1-1
DDX1-1	DDX1-1
TIPRL-1	TIPRL-1
TTC31-1	TTC31-1
HNRNPH3-1	HNRNPH3-1
ACSL4-1	ACSL4-1
MIGA2-1	MIGA2-1
CABLES2-1	CABLES2-1
PACS2-1	PACS2-1
TPP1-1	TPP1-1
NKIRAS2-1	NKIRAS2-1
FAM98C-1	FAM98C-1
ZNF605-1	ZNF605-1
LHX9-1	LHX9-1
TMEM19-1	TMEM19-1
NSUN4-1	NSUN4-1
SPON1-1	SPON1-1
IDI1-1	IDI1-1
DUS1L-1	DUS1L-1
APOBEC3C-1	APOBEC3C-1
NPTXR-1	NPTXR-1
LRRC37A2-1	LRRC37A2-1
GIPC3-1	GIPC3-1
PGGT1B-1	PGGT1B-1
UQCRC2-1	UQCRC2-1
DDX3Y-1	DDX3Y-1
EVA1C-1	EVA1C-1
MTHFD1L-1	MTHFD1L-1
UBE2D1-1	UBE2D1-1
NOP58-1	NOP58-1
FABP6-1	FABP6-1
NUDCD2-1	NUDCD2-1
UBQLN1-1	UBQLN1-1
ACAD11-1	ACAD11-1
WDR60-1	WDR60-1
ELP2-1	ELP2-1
COL5A1-1	COL5A1-1
ZFR-1	ZFR-1
HNRNPH2-1	HNRNPH2-1
CD99L2-1	CD99L2-1
CCDC12-1	CCDC12-1
UBE2L6-1	UBE2L6-1
NSDHL-1	NSDHL-1
APOBEC3D-1	APOBEC3D-1
HIF3A-1	HIF3A-1
MAX-1	MAX-1
JUNB-1	JUNB-1
EYS-1	EYS-1
SARDH-1	SARDH-1
CCAR2-1	CCAR2-1
HADHA-1	HADHA-1
ZNF572-1	ZNF572-1
APEX1-1	APEX1-1
MYCL-1	MYCL-1
DYRK3-1	DYRK3-1
RSAD1-1	RSAD1-1
USPL1-1	USPL1-1
FAM104B-1	FAM104B-1
PPA1-1	PPA1-1
BMPR2-1	BMPR2-1
ARHGEF12-1	ARHGEF12-1
ROPN1L-1	ROPN1L-1
NCKAP1L-1	NCKAP1L-1
RRAGD-1	RRAGD-1
TBX1-1	TBX1-1
NOL10-1	NOL10-1
SATL1-1	SATL1-1
IPO7-1	IPO7-1
RBM45-1	RBM45-1
RCOR1-1	RCOR1-1
SLC16A5-1	SLC16A5-1
ADD1-1	ADD1-1
ZNF749-1	ZNF749-1
SLC25A16-1	SLC25A16-1
SETD3-1	SETD3-1
GAPVD1-1	GAPVD1-1
RABGEF1-1	RABGEF1-1
MARK2-1	MARK2-1
FTO-1	FTO-1
HECTD1-1	HECTD1-1
PTPN4-1	PTPN4-1
ZNF486-1	ZNF486-1
GDPD5-1	GDPD5-1
ITPRIP-1	ITPRIP-1
KIF21A-1	KIF21A-1
SETDB2-1	SETDB2-1
PUS10-1	PUS10-1
ANKRD52-1	ANKRD52-1
C1QBP-1	C1QBP-1
FCHSD2-1	FCHSD2-1
GTF3C4-1	GTF3C4-1
CCDC169-SOHLH2-1	CCDC169-SOHLH2-1
THEM4-1	THEM4-1
TGIF2LY-1	TGIF2LY-1
DDX10-1	DDX10-1
SLC7A6-1	SLC7A6-1
CENPI-1	CENPI-1
SLC25A1-1	SLC25A1-1
NUP50-1	NUP50-1
CD33-1	CD33-1
MFN1-1	MFN1-1
C1orf216-1	C1orf216-1
CRYZL1-1	CRYZL1-1
STXBP4-1	STXBP4-1
CLPTM1-1	CLPTM1-1
KLF17-1	KLF17-1
CDS1-1	CDS1-1
ZNF335-1	ZNF335-1
MED19-1	MED19-1
RASAL1-1	RASAL1-1
ARRDC1-1	ARRDC1-1
CXorf40B-1	CXorf40B-1
RBM19-1	RBM19-1
SMIM1-1	SMIM1-1
BSDC1-1	BSDC1-1
NOL4L-1	NOL4L-1
SLC39A1-1	SLC39A1-1
MMP1-1	MMP1-1
SFRP1-1	SFRP1-1
ZNF665-1	ZNF665-1
MRPL10-1	MRPL10-1
ZNF330-1	ZNF330-1
ASNA1-1	ASNA1-1
RASA3-1	RASA3-1
RDH11-1	RDH11-1
GIT2-1	GIT2-1
MAN1A1-1	MAN1A1-1
PFKM-1	PFKM-1
TMEM205-1	TMEM205-1
SELENOP-1	SELENOP-1
TMEM184C-1	TMEM184C-1
SET-1	SET-1
PRKCD-1	PRKCD-1
STOX1-1	STOX1-1
MSH2-1	MSH2-1
ITGB3BP-1	ITGB3BP-1
ENG-1	ENG-1
CMTM7-1	CMTM7-1
ZNF397-1	ZNF397-1
TMEM169-1	TMEM169-1
CEP162-1	CEP162-1
GPBP1-1	GPBP1-1
PPP1CC-1	PPP1CC-1
ZNF205-1	ZNF205-1
MRPS5-1	MRPS5-1
DNM3-1	DNM3-1
RNF219-1	RNF219-1
EYA3-1	EYA3-1
ZNF519-1	ZNF519-1
MFSD6-1	MFSD6-1
DIABLO-1	DIABLO-1
KDELR2-1	KDELR2-1
SLA2-1	SLA2-1
CDK5RAP1-1	CDK5RAP1-1
ASCC2-1	ASCC2-1
MFSD4B-1	MFSD4B-1
ZNF562-1	ZNF562-1
PDGFRB-1	PDGFRB-1
ITPA-1	ITPA-1
HIVEP3-1	HIVEP3-1
PDE6C-1	PDE6C-1
UBALD1-1	UBALD1-1
SEC22A-1	SEC22A-1
CLEC2D-1	CLEC2D-1
RPS12-1	RPS12-1
GLOD4-1	GLOD4-1
TOR1AIP1-1	TOR1AIP1-1
PSMD1-1	PSMD1-1
GGT1-1	GGT1-1
PARD6A-1	PARD6A-1
POLR2J-1	POLR2J-1
LRRC57-1	LRRC57-1
PBX1-1	PBX1-1
WDFY2-1	WDFY2-1
C12orf66-1	C12orf66-1
DGKA-1	DGKA-1
FBXL14-1	FBXL14-1
MS4A1-1	MS4A1-1
ZKSCAN4-1	ZKSCAN4-1
PCGF3-1	PCGF3-1
EXOSC7-1	EXOSC7-1
PSMD7-1	PSMD7-1
KIAA1671-1	KIAA1671-1
WDR74-1	WDR74-1
GSTO2-1	GSTO2-1
ERMP1-1	ERMP1-1
NDUFA11-1	NDUFA11-1
OCLN-1	OCLN-1
TRIM28-1	TRIM28-1
CTPS2-1	CTPS2-1
TMEM94-1	TMEM94-1
ARHGAP17-1	ARHGAP17-1
FBXO38-1	FBXO38-1
TFDP2-1	TFDP2-1
CXCR5-1	CXCR5-1
POM121C-1	POM121C-1
MRPS30-1	MRPS30-1
DCTPP1-1	DCTPP1-1
TRAF2-1	TRAF2-1
SPATA5L1-1	SPATA5L1-1
NQO2-1	NQO2-1
CALM1-1	CALM1-1
C15orf61-1	C15orf61-1
NOCT-1	NOCT-1
BANF1-1	BANF1-1
DUS3L-1	DUS3L-1
FNBP1L-1	FNBP1L-1
OAS3-1	OAS3-1
ABCD3-1	ABCD3-1
GGCX-1	GGCX-1
ID2-1	ID2-1
LIPT2-1	LIPT2-1
P2RX7-1	P2RX7-1
DOK3-1	DOK3-1
FABP2-1	FABP2-1
NOP2-1	NOP2-1
CORO1A-1	CORO1A-1
TAB1-1	TAB1-1
STRN4-1	STRN4-1
EIF3H-1	EIF3H-1
OTOF-1	OTOF-1
ANKRD13D-1	ANKRD13D-1
TELO2-1	TELO2-1
COL1A1-1	COL1A1-1
RPS27-1	RPS27-1
H2AFJ-1	H2AFJ-1
RLF-1	RLF-1
IFI6-1	IFI6-1
GPR34-1	GPR34-1
TM9SF3-1	TM9SF3-1
FAM129A-1	FAM129A-1
MMGT1-1	MMGT1-1
AIMP2-1	AIMP2-1
SELENOW-1	SELENOW-1
ZNF91-1	ZNF91-1
CXCL11-1	CXCL11-1
IST1-1	IST1-1
C11orf96-1	C11orf96-1
NUDT17-1	NUDT17-1
FAM110A-1	FAM110A-1
LRRC37B-1	LRRC37B-1
CCDC144A-1	CCDC144A-1
PIK3C3-1	PIK3C3-1
OAS2-1	OAS2-1
PXN-1	PXN-1
FOXD4-1	FOXD4-1
RNASEH1-1	RNASEH1-1
SPDL1-1	SPDL1-1
EML3-1	EML3-1
SHC4-1	SHC4-1
TFAP2B-1	TFAP2B-1
CRYAB-1	CRYAB-1
ZNF77-1	ZNF77-1
IQCN-1	IQCN-1
ARHGDIB-1	ARHGDIB-1
FAM217B-1	FAM217B-1
TMEM242-1	TMEM242-1
IPMK-1	IPMK-1
DAZAP1-1	DAZAP1-1
TMIGD2-1	TMIGD2-1
UBN2-1	UBN2-1
ATP5F1A-1	ATP5F1A-1
CNIH1-1	CNIH1-1
PTGDR-1	PTGDR-1
HES3-1	HES3-1
ZWILCH-1	ZWILCH-1
TXNDC9-1	TXNDC9-1
DCLRE1A-1	DCLRE1A-1
TAGAP-1	TAGAP-1
TNFAIP2-1	TNFAIP2-1
HIPK1-1	HIPK1-1
LPAR3-1	LPAR3-1
RAD51D-1	RAD51D-1
PARVB-1	PARVB-1
LIX1L-1	LIX1L-1
TMEM18-1	TMEM18-1
TOGARAM2-1	TOGARAM2-1
PPP1R21-1	PPP1R21-1
CHCHD1-1	CHCHD1-1
ADIRF-1	ADIRF-1
GARS-1	GARS-1
ARMH2-1	ARMH2-1
UNC119-1	UNC119-1
VWF-1	VWF-1
SETD2-1	SETD2-1
UBE2D3-1	UBE2D3-1
CLECL1-1	CLECL1-1
USP21-1	USP21-1
WASF1-1	WASF1-1
NRF1-1	NRF1-1
SOCS5-1	SOCS5-1
KIAA0513-1	KIAA0513-1
AFAP1L2-1	AFAP1L2-1
SLCO4C1-1	SLCO4C1-1
AHCYL2-1	AHCYL2-1
RPL21-1	RPL21-1
ZNF850-1	ZNF850-1
POLR2C-1	POLR2C-1
SELENOF-1	SELENOF-1
UROD-1	UROD-1
PM20D1-1	PM20D1-1
YY2-1	YY2-1
KRR1-1	KRR1-1
CCR8-1	CCR8-1
AK9-1	AK9-1
CYP7B1-1	CYP7B1-1
DCAF16-1	DCAF16-1
NDUFC2-1	NDUFC2-1
FUK-1	FUK-1
RFX7-1	RFX7-1
OLA1-1	OLA1-1
TCEAL3-1	TCEAL3-1
OLIG2-1	OLIG2-1
NCBP2-1	NCBP2-1
BRPF1-1	BRPF1-1
CA11-1	CA11-1
MFSD5-1	MFSD5-1
INO80D-1	INO80D-1
LATS2-1	LATS2-1
EIF4B-1	EIF4B-1
PLK2-1	PLK2-1
WDR59-1	WDR59-1
HECTD3-1	HECTD3-1
CRCP-1	CRCP-1
ABCD2-1	ABCD2-1
EIF1AX-1	EIF1AX-1
ANKRD13C-1	ANKRD13C-1
RYK-1	RYK-1
SIPA1-1	SIPA1-1
GBX1-1	GBX1-1
GXYLT1-1	GXYLT1-1
CCP110-1	CCP110-1
PTK2B-1	PTK2B-1
NSD1-1	NSD1-1
SLC38A1-1	SLC38A1-1
RMND1-1	RMND1-1
ZNF669-1	ZNF669-1
ACSL3-1	ACSL3-1
NATD1-1	NATD1-1
JUP-1	JUP-1
SHROOM1-1	SHROOM1-1
GALNT2-1	GALNT2-1
SRI-1	SRI-1
AP5B1-1	AP5B1-1
EIF4A2-1	EIF4A2-1
RALGPS1-1	RALGPS1-1
F8A1-1	F8A1-1
CIAO2B-1	CIAO2B-1
CAST-1	CAST-1
PIK3CD-1	PIK3CD-1
TSR1-1	TSR1-1
TMEM69-1	TMEM69-1
PPP2R2B-1	PPP2R2B-1
DPP4-1	DPP4-1
ZNF551-1	ZNF551-1
P4HA1-1	P4HA1-1
ST6GALNAC1-1	ST6GALNAC1-1
KAT6A-1	KAT6A-1
MCAT-1	MCAT-1
BSX-1	BSX-1
TSPYL4-1	TSPYL4-1
DNAJC2-1	DNAJC2-1
TXLNA-1	TXLNA-1
ZNF503-1	ZNF503-1
COMMD4-1	COMMD4-1
POLH-1	POLH-1
ZFP91-1	ZFP91-1
IMMP1L-1	IMMP1L-1
ESX1-1	ESX1-1
MDK-1	MDK-1
MORN1-1	MORN1-1
CDC42BPB-1	CDC42BPB-1
MUC5AC-1	MUC5AC-1
TBC1D31-1	TBC1D31-1
BRWD3-1	BRWD3-1
NOL3-1	NOL3-1
RAD23B-1	RAD23B-1
KCNAB1-1	KCNAB1-1
H3F3C-1	H3F3C-1
CD3EAP-1	CD3EAP-1
LOXL1-1	LOXL1-1
ZNF384-1	ZNF384-1
CDK5R1-1	CDK5R1-1
C11orf71-1	C11orf71-1
MVB12A-1	MVB12A-1
KIF20A-1	KIF20A-1
CDKAL1-1	CDKAL1-1
SIRT6-1	SIRT6-1
XRCC5-1	XRCC5-1
STX3-1	STX3-1
GLTP-1	GLTP-1
HMG20A-1	HMG20A-1
L3MBTL3-1	L3MBTL3-1
GNAO1-1	GNAO1-1
TJAP1-1	TJAP1-1
XYLT1-1	XYLT1-1
VAMP5-1	VAMP5-1
MIB2-1	MIB2-1
NECTIN3-1	NECTIN3-1
RASGEF1B-1	RASGEF1B-1
NDUFA7-1	NDUFA7-1
NUDT6-1	NUDT6-1
TCIRG1-1	TCIRG1-1
HNRNPAB-1	HNRNPAB-1
GAREM2-1	GAREM2-1
COL27A1-1	COL27A1-1
EFHC2-1	EFHC2-1
GTF2I-1	GTF2I-1
CD84-1	CD84-1
PSMC3IP-1	PSMC3IP-1
CYHR1-1	CYHR1-1
U2AF1L4-1	U2AF1L4-1
MTRNR2L4-1	MTRNR2L4-1
ARL14-1	ARL14-1
RIMKLA-1	RIMKLA-1
ZNF136-1	ZNF136-1
NEB-1	NEB-1
FAM114A2-1	FAM114A2-1
CCNJ-1	CCNJ-1
IMPACT-1	IMPACT-1
SNAPC4-1	SNAPC4-1
MRFAP1L1-1	MRFAP1L1-1
ACTR5-1	ACTR5-1
C11orf1-1	C11orf1-1
UTS2-1	UTS2-1
MYO1C-1	MYO1C-1
TOMM20-1	TOMM20-1
LMNB2-1	LMNB2-1
SERGEF-1	SERGEF-1
CASP4-1	CASP4-1
C11orf65-1	C11orf65-1
PALLD-1	PALLD-1
AMN-1	AMN-1
AQP5-1	AQP5-1
NELFCD-1	NELFCD-1
NCAPG-1	NCAPG-1
ATG9B-1	ATG9B-1
HCCS-1	HCCS-1
H2AFX-1	H2AFX-1
LAMTOR2-1	LAMTOR2-1
NUDT18-1	NUDT18-1
GSTZ1-1	GSTZ1-1
C7orf61-1	C7orf61-1
NTRK3-1	NTRK3-1
RNF166-1	RNF166-1
HMGB2-1	HMGB2-1
RABEPK-1	RABEPK-1
SYF2-1	SYF2-1
NSMCE4A-1	NSMCE4A-1
BRD7-1	BRD7-1
C12orf4-1	C12orf4-1
MGA-1	MGA-1
USP51-1	USP51-1
CHCHD5-1	CHCHD5-1
TRIM4-1	TRIM4-1
PDK2-1	PDK2-1
ZDHHC15-1	ZDHHC15-1
KCND1-1	KCND1-1
C2orf88-1	C2orf88-1
SRY-1	SRY-1
DGKE-1	DGKE-1
PHKB-1	PHKB-1
NDUFA10-1	NDUFA10-1
AAMDC-1	AAMDC-1
RPL6-1	RPL6-1
PCSK6-1	PCSK6-1
RPS23-1	RPS23-1
CYGB-1	CYGB-1
MBTPS1-1	MBTPS1-1
COP1-1	COP1-1
HAGH-1	HAGH-1
ICA1L-1	ICA1L-1
UBASH3B-1	UBASH3B-1
EIPR1-1	EIPR1-1
WRN-1	WRN-1
IFNAR2-1	IFNAR2-1
SCAF11-1	SCAF11-1
TMEM245-1	TMEM245-1
FAM98B-1	FAM98B-1
SLC6A16-1	SLC6A16-1
ARHGAP26-1	ARHGAP26-1
EMC8-1	EMC8-1
ATL2-1	ATL2-1
CCDC50-1	CCDC50-1
SRR-1	SRR-1
ERP27-1	ERP27-1
NCOA1-1	NCOA1-1
SCGB3A2-1	SCGB3A2-1
REG1A-1	REG1A-1
LHX2-1	LHX2-1
DEK-1	DEK-1
CMTM8-1	CMTM8-1
MED4-1	MED4-1
FBXO21-1	FBXO21-1
POLR3E-1	POLR3E-1
PLXNC1-1	PLXNC1-1
MSL1-1	MSL1-1
ATAD1-1	ATAD1-1
INTS4-1	INTS4-1
FAM161A-1	FAM161A-1
ELOVL6-1	ELOVL6-1
MVD-1	MVD-1
MYL6-1	MYL6-1
JAZF1-1	JAZF1-1
TBRG1-1	TBRG1-1
SGCB-1	SGCB-1
RILPL2-1	RILPL2-1
BHLHB9-1	BHLHB9-1
RBM3-1	RBM3-1
AKAP10-1	AKAP10-1
CLU-1	CLU-1
RFC4-1	RFC4-1
SPTB-1	SPTB-1
POMC-1	POMC-1
RPL31-1	RPL31-1
BARX2-1	BARX2-1
LSM1-1	LSM1-1
SMIM5-1	SMIM5-1
CLEC4A-1	CLEC4A-1
SCAMP4-1	SCAMP4-1
XK-1	XK-1
DPH7-1	DPH7-1
SPINT1-1	SPINT1-1
PAPOLG-1	PAPOLG-1
DNAJB13-1	DNAJB13-1
IRF2-1	IRF2-1
CYR61-1	CYR61-1
KLF4-1	KLF4-1
FAM122A-1	FAM122A-1
LTV1-1	LTV1-1
COMMD6-1	COMMD6-1
ARHGAP21-1	ARHGAP21-1
CLUH-1	CLUH-1
ZDHHC13-1	ZDHHC13-1
TSC22D2-1	TSC22D2-1
RPP40-1	RPP40-1
POLR3H-1	POLR3H-1
LRPAP1-1	LRPAP1-1
OPRM1-1	OPRM1-1
TTLL5-1	TTLL5-1
PAICS-1	PAICS-1
ORM2-1	ORM2-1
CFDP1-1	CFDP1-1
ZBTB7A-1	ZBTB7A-1
INPP5A-1	INPP5A-1
ZPR1-1	ZPR1-1
C19orf66-1	C19orf66-1
ERLIN1-1	ERLIN1-1
MAP3K12-1	MAP3K12-1
TMX2-1	TMX2-1
TMEM161A-1	TMEM161A-1
TFCP2-1	TFCP2-1
ENKUR-1	ENKUR-1
GIMAP1-1	GIMAP1-1
EP300-1	EP300-1
C8orf37-1	C8orf37-1
CDC14A-1	CDC14A-1
MAP6D1-1	MAP6D1-1
PHF14-1	PHF14-1
MAPK10-1	MAPK10-1
AHSP-1	AHSP-1
MLXIP-1	MLXIP-1
GUCD1-1	GUCD1-1
DOP1B-1	DOP1B-1
FHIT-1	FHIT-1
SH3D21-1	SH3D21-1
TFEC-1	TFEC-1
NEK4-1	NEK4-1
ZNF395-1	ZNF395-1
DHX35-1	DHX35-1
KIF18B-1	KIF18B-1
UNC50-1	UNC50-1
CYB561D1-1	CYB561D1-1
ZMIZ1-1	ZMIZ1-1
FAU-1	FAU-1
LAMTOR5-1	LAMTOR5-1
ZNF829-1	ZNF829-1
TMEM156-1	TMEM156-1
FAM177A1-1	FAM177A1-1
HCFC1-1	HCFC1-1
CABP5-1	CABP5-1
EFCAB13-1	EFCAB13-1
MKRN1-1	MKRN1-1
PIAS2-1	PIAS2-1
ARSB-1	ARSB-1
PRMT2-1	PRMT2-1
MTIF3-1	MTIF3-1
PSME1-1	PSME1-1
MRPL34-1	MRPL34-1
DHX15-1	DHX15-1
GALT-1	GALT-1
ST18-1	ST18-1
CASS4-1	CASS4-1
IFT20-1	IFT20-1
TRPS1-1	TRPS1-1
SFR1-1	SFR1-1
CCDC14-1	CCDC14-1
TAGLN3-1	TAGLN3-1
GSTM4-1	GSTM4-1
NPEPL1-1	NPEPL1-1
SYK-1	SYK-1
TTC32-1	TTC32-1
KCNMB4-1	KCNMB4-1
SLC12A4-1	SLC12A4-1
NBPF15-1	NBPF15-1
TMEM59-1	TMEM59-1
RBM41-1	RBM41-1
PRKRIP1-1	PRKRIP1-1
TNRC18-1	TNRC18-1
TCEAL8-1	TCEAL8-1
DIS3L-1	DIS3L-1
POLG-1	POLG-1
TUBB2A-1	TUBB2A-1
PPME1-1	PPME1-1
SHOX2-1	SHOX2-1
WDTC1-1	WDTC1-1
NLE1-1	NLE1-1
GLUL-1	GLUL-1
LAMB3-1	LAMB3-1
PPIA-1	PPIA-1
IBTK-1	IBTK-1
PEAR1-1	PEAR1-1
UBE2Q2-1	UBE2Q2-1
RPL4-1	RPL4-1
ELOF1-1	ELOF1-1
BRCA1-1	BRCA1-1
DPM3-1	DPM3-1
SLC25A36-1	SLC25A36-1
SMC6-1	SMC6-1
FAM107B-1	FAM107B-1
NUF2-1	NUF2-1
TRIAP1-1	TRIAP1-1
SYP-1	SYP-1
BCDIN3D-1	BCDIN3D-1
ZGLP1-1	ZGLP1-1
NDUFA9-1	NDUFA9-1
C16orf54-1	C16orf54-1
EN1-1	EN1-1
OSBPL1A-1	OSBPL1A-1
SRP14-1	SRP14-1
ACTB-1	ACTB-1
MRPL18-1	MRPL18-1
CFAP298-1	CFAP298-1
PPM1G-1	PPM1G-1
CYCS-1	CYCS-1
SLC35E2B-1	SLC35E2B-1
UVSSA-1	UVSSA-1
POGZ-1	POGZ-1
NGLY1-1	NGLY1-1
CLBA1-1	CLBA1-1
ZNF222-1	ZNF222-1
TOE1-1	TOE1-1
GLS-1	GLS-1
ZNF141-1	ZNF141-1
GALNT11-1	GALNT11-1
ITGB5-1	ITGB5-1
PRAM1-1	PRAM1-1
ACOT2-1	ACOT2-1
PHB-1	PHB-1
DHX30-1	DHX30-1
ESYT1-1	ESYT1-1
PECR-1	PECR-1
RAD51C-1	RAD51C-1
PKNOX2-1	PKNOX2-1
C4BPB-1	C4BPB-1
CCDC86-1	CCDC86-1
DGKH-1	DGKH-1
EPHX2-1	EPHX2-1
NUMA1-1	NUMA1-1
SUMF2-1	SUMF2-1
LRRC58-1	LRRC58-1
ZFP69-1	ZFP69-1
DCAF4-1	DCAF4-1
CDK5RAP2-1	CDK5RAP2-1
RTRAF-1	RTRAF-1
CRADD-1	CRADD-1
ERAL1-1	ERAL1-1
CUL4A-1	CUL4A-1
FAM49B-1	FAM49B-1
WASHC2A-1	WASHC2A-1
ZHX1-1	ZHX1-1
POLR2H-1	POLR2H-1
GUF1-1	GUF1-1
SERPINB6-1	SERPINB6-1
UBL4A-1	UBL4A-1
PDZD8-1	PDZD8-1
NOB1-1	NOB1-1
BEND2-1	BEND2-1
CHRNA5-1	CHRNA5-1
ZSWIM7-1	ZSWIM7-1
TRMT13-1	TRMT13-1
ABHD6-1	ABHD6-1
PPP1R3F-1	PPP1R3F-1
AKT1-1	AKT1-1
SFTPA1-1	SFTPA1-1
RASSF5-1	RASSF5-1
TREML1-1	TREML1-1
STK3-1	STK3-1
MXD3-1	MXD3-1
TBX3-1	TBX3-1
PPP1R3E-1	PPP1R3E-1
KLHL12-1	KLHL12-1
ZNF426-1	ZNF426-1
LPO-1	LPO-1
SPHK2-1	SPHK2-1
NDUFS6-1	NDUFS6-1
PBX3-1	PBX3-1
LMO4-1	LMO4-1
SERINC3-1	SERINC3-1
C3orf33-1	C3orf33-1
NDUFA1-1	NDUFA1-1
ZBTB20-1	ZBTB20-1
SAE1-1	SAE1-1
HIST1H4H-1	HIST1H4H-1
BHLHE41-1	BHLHE41-1
OAZ2-1	OAZ2-1
SLC4A4-1	SLC4A4-1
PSMB2-1	PSMB2-1
TM7SF2-1	TM7SF2-1
AQR-1	AQR-1
RPS6KA2-1	RPS6KA2-1
CAMK2N1-1	CAMK2N1-1
CD2-1	CD2-1
DNAH6-1	DNAH6-1
ECE1-1	ECE1-1
TAF13-1	TAF13-1
UBAC1-1	UBAC1-1
COX7C-1	COX7C-1
ASAP1-1	ASAP1-1
RASA1-1	RASA1-1
FABP1-1	FABP1-1
CD274-1	CD274-1
LRP5L-1	LRP5L-1
BBS1-1	BBS1-1
RNF103-1	RNF103-1
ARPC1B-1	ARPC1B-1
LGALS4-1	LGALS4-1
HVCN1-1	HVCN1-1
LOXL4-1	LOXL4-1
LONRF2-1	LONRF2-1
PSMC2-1	PSMC2-1
NCR3LG1-1	NCR3LG1-1
C10orf95-1	C10orf95-1
NDEL1-1	NDEL1-1
GBA2-1	GBA2-1
IRF8-1	IRF8-1
PMEL-1	PMEL-1
LSM11-1	LSM11-1
PPP1R7-1	PPP1R7-1
SLC15A4-1	SLC15A4-1
TOPBP1-1	TOPBP1-1
HIST1H3A-1	HIST1H3A-1
CRABP2-1	CRABP2-1
RBBP7-1	RBBP7-1
RFXAP-1	RFXAP-1
ZP3-1	ZP3-1
WASHC5-1	WASHC5-1
ZNF354C-1	ZNF354C-1
ZNF704-1	ZNF704-1
CNKSR1-1	CNKSR1-1
CDC42BPG-1	CDC42BPG-1
N4BP2-1	N4BP2-1
CAMSAP2-1	CAMSAP2-1
ZNF296-1	ZNF296-1
CNTRL-1	CNTRL-1
GFPT2-1	GFPT2-1
LFNG-1	LFNG-1
ZNF671-1	ZNF671-1
TPR-1	TPR-1
PCYT2-1	PCYT2-1
FAM86C1-1	FAM86C1-1
BABAM1-1	BABAM1-1
MTX3-1	MTX3-1
SLC6A8-1	SLC6A8-1
PDCD6IP-1	PDCD6IP-1
TMEM189-1	TMEM189-1
PELI1-1	PELI1-1
RAB2A-1	RAB2A-1
MYD88-1	MYD88-1
P2RX4-1	P2RX4-1
FAM229A-1	FAM229A-1
BRAF-1	BRAF-1
ABAT-1	ABAT-1
TMEM42-1	TMEM42-1
GTPBP3-1	GTPBP3-1
EXT2-1	EXT2-1
SSBP3-1	SSBP3-1
BLOC1S1-1	BLOC1S1-1
PUSL1-1	PUSL1-1
TFAM-1	TFAM-1
TBC1D7-1	TBC1D7-1
SYNC-1	SYNC-1
TSPAN15-1	TSPAN15-1
IFITM3-1	IFITM3-1
ST3GAL4-1	ST3GAL4-1
SLC25A35-1	SLC25A35-1
FANK1-1	FANK1-1
TRMT61A-1	TRMT61A-1
GSTM3-1	GSTM3-1
DEDD2-1	DEDD2-1
ESRRA-1	ESRRA-1
ZNF175-1	ZNF175-1
PSMD2-1	PSMD2-1
TECR-1	TECR-1
BIVM-ERCC5-1	BIVM-ERCC5-1
NAT14-1	NAT14-1
RRS1-1	RRS1-1
CLCN3-1	CLCN3-1
ZFAND3-1	ZFAND3-1
ESAM-1	ESAM-1
AMOT-1	AMOT-1
GPN3-1	GPN3-1
RAD1-1	RAD1-1
ARL6-1	ARL6-1
MND1-1	MND1-1
TTC1-1	TTC1-1
EIF2AK3-1	EIF2AK3-1
DIS3L2-1	DIS3L2-1
ZNF615-1	ZNF615-1
ACOT9-1	ACOT9-1
ARHGAP19-1	ARHGAP19-1
NCOA2-1	NCOA2-1
ERI2-1	ERI2-1
FOXJ2-1	FOXJ2-1
H2AFY-1	H2AFY-1
HEATR5B-1	HEATR5B-1
ANGPT2-1	ANGPT2-1
PSIP1-1	PSIP1-1
ZBED6CL-1	ZBED6CL-1
PGBD4-1	PGBD4-1
NDUFA2-1	NDUFA2-1
MLH3-1	MLH3-1
FAM185A-1	FAM185A-1
ERG-1	ERG-1
UBE3C-1	UBE3C-1
ZNF717-1	ZNF717-1
DLK2-1	DLK2-1
ZNF445-1	ZNF445-1
LRP10-1	LRP10-1
RPGRIP1L-1	RPGRIP1L-1
ROMO1-1	ROMO1-1
LRP12-1	LRP12-1
ECSIT-1	ECSIT-1
CAMKMT-1	CAMKMT-1
SEM1-1	SEM1-1
EHBP1-1	EHBP1-1
ACTR1A-1	ACTR1A-1
ZNF229-1	ZNF229-1
ZNF438-1	ZNF438-1
CREBZF-1	CREBZF-1
ZNF774-1	ZNF774-1
ZNF808-1	ZNF808-1
HIST1H4C-1	HIST1H4C-1
CASP3-1	CASP3-1
VPREB3-1	VPREB3-1
WDR90-1	WDR90-1
AVIL-1	AVIL-1
SCIMP-1	SCIMP-1
TIMM50-1	TIMM50-1
TMEM109-1	TMEM109-1
BIN2-1	BIN2-1
CSRNP2-1	CSRNP2-1
STK40-1	STK40-1
ZNF425-1	ZNF425-1
ZNF512-1	ZNF512-1
SAMD9-1	SAMD9-1
TCHP-1	TCHP-1
RAD50-1	RAD50-1
IQSEC1-1	IQSEC1-1
NAP1L1-1	NAP1L1-1
LRP6-1	LRP6-1
CHRNE-1	CHRNE-1
CENPU-1	CENPU-1
C14orf93-1	C14orf93-1
SOX5-1	SOX5-1
UTP18-1	UTP18-1
PIM2-1	PIM2-1
EIF4EBP1-1	EIF4EBP1-1
RPAP3-1	RPAP3-1
AKAP7-1	AKAP7-1
IGF2R-1	IGF2R-1
NAA15-1	NAA15-1
CAPRIN2-1	CAPRIN2-1
HEXB-1	HEXB-1
SAMD3-1	SAMD3-1
CPXCR1-1	CPXCR1-1
ARL13A-1	ARL13A-1
ANAPC11-1	ANAPC11-1
GPT2-1	GPT2-1
FHOD1-1	FHOD1-1
SNN-1	SNN-1
SNX19-1	SNX19-1
CLIP1-1	CLIP1-1
SLC23A3-1	SLC23A3-1
MPP7-1	MPP7-1
TIMMDC1-1	TIMMDC1-1
ICAM2-1	ICAM2-1
QSOX2-1	QSOX2-1
ANKRD44-1	ANKRD44-1
SOX10-1	SOX10-1
MTHFSD-1	MTHFSD-1
MRS2-1	MRS2-1
SLC22A3-1	SLC22A3-1
MPP6-1	MPP6-1
GLB1L3-1	GLB1L3-1
EID1-1	EID1-1
BBIP1-1	BBIP1-1
POLE-1	POLE-1
LPCAT3-1	LPCAT3-1
CTDSPL2-1	CTDSPL2-1
BRIX1-1	BRIX1-1
CXCR2-1	CXCR2-1
DNMT1-1	DNMT1-1
YIF1B-1	YIF1B-1
POU3F3-1	POU3F3-1
LGR6-1	LGR6-1
PRR11-1	PRR11-1
KMT5B-1	KMT5B-1
HERC5-1	HERC5-1
RAB10-1	RAB10-1
CWF19L1-1	CWF19L1-1
KLF2-1	KLF2-1
CA10-1	CA10-1
SRSF5-1	SRSF5-1
FERMT3-1	FERMT3-1
UEVLD-1	UEVLD-1
ZMAT2-1	ZMAT2-1
MLST8-1	MLST8-1
ADNP2-1	ADNP2-1
RNF113A-1	RNF113A-1
SRPRB-1	SRPRB-1
GRB2-1	GRB2-1
VEGFA-1	VEGFA-1
ARMH3-1	ARMH3-1
MCM3-1	MCM3-1
UBIAD1-1	UBIAD1-1
DMGDH-1	DMGDH-1
C11orf58-1	C11orf58-1
TNKS2-1	TNKS2-1
ZBTB10-1	ZBTB10-1
MRPL55-1	MRPL55-1
DUSP28-1	DUSP28-1
ASIC1-1	ASIC1-1
RBM24-1	RBM24-1
MAPKAP1-1	MAPKAP1-1
PSME3-1	PSME3-1
GAREM1-1	GAREM1-1
CDV3-1	CDV3-1
PPP1R14B-1	PPP1R14B-1
SPTSSA-1	SPTSSA-1
UFD1-1	UFD1-1
EIF1-1	EIF1-1
WARS-1	WARS-1
TOPORS-1	TOPORS-1
CDC42-1	CDC42-1
AGPAT4-1	AGPAT4-1
HEMGN-1	HEMGN-1
ATRX-1	ATRX-1
PPP2R3C-1	PPP2R3C-1
PHC2-1	PHC2-1
CERK-1	CERK-1
ID3-1	ID3-1
ZNF28-1	ZNF28-1
C5orf34-1	C5orf34-1
LAPTM4A-1	LAPTM4A-1
SHF-1	SHF-1
FAM98A-1	FAM98A-1
SERTAD2-1	SERTAD2-1
ERGIC3-1	ERGIC3-1
KCNK5-1	KCNK5-1
KRT2-1	KRT2-1
FAM214B-1	FAM214B-1
DYRK4-1	DYRK4-1
PARD6G-1	PARD6G-1
LANCL1-1	LANCL1-1
FAF1-1	FAF1-1
HOXA1-1	HOXA1-1
BEND5-1	BEND5-1
C9orf40-1	C9orf40-1
C5-1	C5-1
ROCK1-1	ROCK1-1
TCL1A-1	TCL1A-1
PTP4A1-1	PTP4A1-1
B4GALNT3-1	B4GALNT3-1
ABCB10-1	ABCB10-1
ASPRV1-1	ASPRV1-1
GGACT-1	GGACT-1
ZNF34-1	ZNF34-1
SRSF7-1	SRSF7-1
EIF1AD-1	EIF1AD-1
PRPF18-1	PRPF18-1
TNFRSF9-1	TNFRSF9-1
ZNF598-1	ZNF598-1
TAX1BP1-1	TAX1BP1-1
NDRG1-1	NDRG1-1
PRXL2A-1	PRXL2A-1
COL18A1-1	COL18A1-1
RAB7A-1	RAB7A-1
C9orf72-1	C9orf72-1
AASDHPPT-1	AASDHPPT-1
TBCA-1	TBCA-1
NACC1-1	NACC1-1
CTSD-1	CTSD-1
ARID2-1	ARID2-1
TBL3-1	TBL3-1
CRACR2A-1	CRACR2A-1
TTLL1-1	TTLL1-1
GNG5-1	GNG5-1
CD82-1	CD82-1
USP46-1	USP46-1
CUX1-1	CUX1-1
RAVER2-1	RAVER2-1
ZNF548-1	ZNF548-1
SPAG7-1	SPAG7-1
IGFLR1-1	IGFLR1-1
ADIPOR2-1	ADIPOR2-1
SLFN11-1	SLFN11-1
EXOG-1	EXOG-1
SMYD2-1	SMYD2-1
KLF1-1	KLF1-1
NCOA6-1	NCOA6-1
CLK3-1	CLK3-1
MVK-1	MVK-1
PPP2R2D-1	PPP2R2D-1
DISC1-1	DISC1-1
IRF2BPL-1	IRF2BPL-1
PLEKHA3-1	PLEKHA3-1
GLIPR1-1	GLIPR1-1
PSMB10-1	PSMB10-1
KLF12-1	KLF12-1
EGFL7-1	EGFL7-1
CYREN-1	CYREN-1
ZNF385A-1	ZNF385A-1
MRGPRD-1	MRGPRD-1
SCARB2-1	SCARB2-1
WDR62-1	WDR62-1
DNAL1-1	DNAL1-1
SNIP1-1	SNIP1-1
PIBF1-1	PIBF1-1
VMA21-1	VMA21-1
MTHFD2L-1	MTHFD2L-1
HMG20B-1	HMG20B-1
IL23R-1	IL23R-1
STOML2-1	STOML2-1
REM2-1	REM2-1
MELK-1	MELK-1
CPSF6-1	CPSF6-1
PPFIA4-1	PPFIA4-1
PDK3-1	PDK3-1
MTAP-1	MTAP-1
NUP37-1	NUP37-1
NXPE3-1	NXPE3-1
PNPT1-1	PNPT1-1
POU2F1-1	POU2F1-1
RBL2-1	RBL2-1
GOLGA7B-1	GOLGA7B-1
HOXB3-1	HOXB3-1
HDAC1-1	HDAC1-1
FGFBP2-1	FGFBP2-1
UHRF1BP1L-1	UHRF1BP1L-1
SLC37A4-1	SLC37A4-1
STAT6-1	STAT6-1
ATP5PD-1	ATP5PD-1
OAZ3-1	OAZ3-1
CBY1-1	CBY1-1
NEK1-1	NEK1-1
TAPBPL-1	TAPBPL-1
FAM234A-1	FAM234A-1
GNB4-1	GNB4-1
PIP4K2A-1	PIP4K2A-1
SF3B6-1	SF3B6-1
ORMDL2-1	ORMDL2-1
TMEM183A-1	TMEM183A-1
G6PC3-1	G6PC3-1
TESMIN-1	TESMIN-1
KLHL6-1	KLHL6-1
ZNF674-1	ZNF674-1
CHD1-1	CHD1-1
EPHA1-1	EPHA1-1
RARS2-1	RARS2-1
NPHP4-1	NPHP4-1
FCER1A-1	FCER1A-1
WNT10B-1	WNT10B-1
CMTM5-1	CMTM5-1
DDX6-1	DDX6-1
E2F6-1	E2F6-1
MACO1-1	MACO1-1
THUMPD2-1	THUMPD2-1
ZFC3H1-1	ZFC3H1-1
PDIA5-1	PDIA5-1
ITGA10-1	ITGA10-1
NDST2-1	NDST2-1
ARID5A-1	ARID5A-1
ITGAL-1	ITGAL-1
SPACA6-1	SPACA6-1
GGA2-1	GGA2-1
ZNF439-1	ZNF439-1
ZFPM1-1	ZFPM1-1
REEP3-1	REEP3-1
MIIP-1	MIIP-1
PRAP1-1	PRAP1-1
FARSB-1	FARSB-1
PPP3CB-1	PPP3CB-1
IL31-1	IL31-1
KLRK1-1	KLRK1-1
DCAF12-1	DCAF12-1
HIF1AN-1	HIF1AN-1
LMBRD1-1	LMBRD1-1
AUP1-1	AUP1-1
ZDHHC4-1	ZDHHC4-1
DMPK-1	DMPK-1
OXNAD1-1	OXNAD1-1
RAB31-1	RAB31-1
TRIP12-1	TRIP12-1
IRAK2-1	IRAK2-1
SOX8-1	SOX8-1
NDUFB9-1	NDUFB9-1
NR2E1-1	NR2E1-1
SOCS4-1	SOCS4-1
SELENOS-1	SELENOS-1
DNAJC21-1	DNAJC21-1
SNRPD3-1	SNRPD3-1
GPKOW-1	GPKOW-1
DDX3X-1	DDX3X-1
PHEX-1	PHEX-1
FOXN4-1	FOXN4-1
HIST1H4F-1	HIST1H4F-1
SCML2-1	SCML2-1
PEX11A-1	PEX11A-1
HDHD3-1	HDHD3-1
ZNF621-1	ZNF621-1
NTRK2-1	NTRK2-1
MAPKBP1-1	MAPKBP1-1
TMEM9-1	TMEM9-1
EPG5-1	EPG5-1
UGP2-1	UGP2-1
SFXN5-1	SFXN5-1
CLIC5-1	CLIC5-1
SLC22A23-1	SLC22A23-1
CNTNAP1-1	CNTNAP1-1
STON2-1	STON2-1
PGS1-1	PGS1-1
RBM4B-1	RBM4B-1
RRP15-1	RRP15-1
ATF7-1	ATF7-1
ZMAT3-1	ZMAT3-1
TIGD4-1	TIGD4-1
ICE1-1	ICE1-1
ADAM22-1	ADAM22-1
UTP15-1	UTP15-1
PPIE-1	PPIE-1
PCED1B-1	PCED1B-1
AKAP13-1	AKAP13-1
ACTG1-1	ACTG1-1
SORL1-1	SORL1-1
SPATA5-1	SPATA5-1
EWSR1-1	EWSR1-1
CCDC126-1	CCDC126-1
CHD7-1	CHD7-1
TRIB1-1	TRIB1-1
NME7-1	NME7-1
ARHGAP45-1	ARHGAP45-1
TRIM68-1	TRIM68-1
C17orf53-1	C17orf53-1
RAB1B-1	RAB1B-1
HHLA3-1	HHLA3-1
FBXL15-1	FBXL15-1
MX2-1	MX2-1
GCNA-1	GCNA-1
LARP7-1	LARP7-1
INAFM2-1	INAFM2-1
DGCR2-1	DGCR2-1
MYO1E-1	MYO1E-1
GNLY-1	GNLY-1
TACC3-1	TACC3-1
POU4F1-1	POU4F1-1
RANGAP1-1	RANGAP1-1
RPS24-1	RPS24-1
MED10-1	MED10-1
BSPRY-1	BSPRY-1
MIOS-1	MIOS-1
PLEKHA2-1	PLEKHA2-1
FSD1L-1	FSD1L-1
GCSAM-1	GCSAM-1
PSMD3-1	PSMD3-1
PRKCI-1	PRKCI-1
SLC35B3-1	SLC35B3-1
SUGP1-1	SUGP1-1
CNIH2-1	CNIH2-1
BAZ2B-1	BAZ2B-1
NCK1-1	NCK1-1
FAR2-1	FAR2-1
RAB33B-1	RAB33B-1
PRPF40A-1	PRPF40A-1
NUDT2-1	NUDT2-1
CHST15-1	CHST15-1
NUP210-1	NUP210-1
IFT43-1	IFT43-1
SNX3-1	SNX3-1
RPS5-1	RPS5-1
COPS3-1	COPS3-1
MAPK1-1	MAPK1-1
MAF-1	MAF-1
MED17-1	MED17-1
EDN3-1	EDN3-1
ZNF561-1	ZNF561-1
C1orf115-1	C1orf115-1
TNFRSF10D-1	TNFRSF10D-1
PVR-1	PVR-1
MVP-1	MVP-1
PKM-1	PKM-1
WSB1-1	WSB1-1
SIX6-1	SIX6-1
ORAI1-1	ORAI1-1
DNAJC5-1	DNAJC5-1
STARD4-1	STARD4-1
TGS1-1	TGS1-1
PURG-1	PURG-1
SHC1-1	SHC1-1
RGS19-1	RGS19-1
ACTN1-1	ACTN1-1
P2RX5-1	P2RX5-1
ERO1B-1	ERO1B-1
TRMT11-1	TRMT11-1
STIL-1	STIL-1
POMT2-1	POMT2-1
DNMT3B-1	DNMT3B-1
PDPK1-1	PDPK1-1
NEIL3-1	NEIL3-1
SLC25A51-1	SLC25A51-1
NBPF12-1	NBPF12-1
CLASRP-1	CLASRP-1
FMNL1-1	FMNL1-1
DUSP5-1	DUSP5-1
DNAJC13-1	DNAJC13-1
PAX2-1	PAX2-1
TMEM237-1	TMEM237-1
FASTKD2-1	FASTKD2-1
PI4K2A-1	PI4K2A-1
HTATIP2-1	HTATIP2-1
SH2D3C-1	SH2D3C-1
TRUB1-1	TRUB1-1
RPUSD4-1	RPUSD4-1
URM1-1	URM1-1
DDIAS-1	DDIAS-1
SLC26A6-1	SLC26A6-1
DTX3-1	DTX3-1
EIF4G3-1	EIF4G3-1
GBP4-1	GBP4-1
RUSC1-1	RUSC1-1
ZNF500-1	ZNF500-1
ICAM1-1	ICAM1-1
MBD4-1	MBD4-1
AMD1-1	AMD1-1
EIF4G1-1	EIF4G1-1
CTDSP1-1	CTDSP1-1
PLA2G4C-1	PLA2G4C-1
SSBP2-1	SSBP2-1
ADRM1-1	ADRM1-1
TEAD1-1	TEAD1-1
RBMS3-1	RBMS3-1
GDF9-1	GDF9-1
QDPR-1	QDPR-1
STAT3-1	STAT3-1
ERP29-1	ERP29-1
ZNF317-1	ZNF317-1
C19orf47-1	C19orf47-1
SIPA1L1-1	SIPA1L1-1
PROSER3-1	PROSER3-1
HPS3-1	HPS3-1
BST1-1	BST1-1
MAN2B2-1	MAN2B2-1
MDC1-1	MDC1-1
CEP19-1	CEP19-1
INPP5E-1	INPP5E-1
IQGAP3-1	IQGAP3-1
PCBP1-1	PCBP1-1
LRP11-1	LRP11-1
RSPH3-1	RSPH3-1
ZNF274-1	ZNF274-1
MEIS2-1	MEIS2-1
EXPH5-1	EXPH5-1
CD79A-1	CD79A-1
ARHGEF39-1	ARHGEF39-1
CTSF-1	CTSF-1
GINS3-1	GINS3-1
ATP7A-1	ATP7A-1
RGPD6-1	RGPD6-1
GALK1-1	GALK1-1
ARID3B-1	ARID3B-1
SEL1L-1	SEL1L-1
FUNDC1-1	FUNDC1-1
SMARCC2-1	SMARCC2-1
ZNF341-1	ZNF341-1
ZNF839-1	ZNF839-1
CARD9-1	CARD9-1
PMS2-1	PMS2-1
HOXC13-1	HOXC13-1
ZMYM1-1	ZMYM1-1
OTUD4-1	OTUD4-1
ZNF678-1	ZNF678-1
UNKL-1	UNKL-1
FAM200B-1	FAM200B-1
YRDC-1	YRDC-1
SOX12-1	SOX12-1
ACVR1-1	ACVR1-1
FBXL17-1	FBXL17-1
XKRX-1	XKRX-1
ZFP30-1	ZFP30-1
ACP5-1	ACP5-1
SCO2-1	SCO2-1
HCLS1-1	HCLS1-1
MMP25-1	MMP25-1
MTMR2-1	MTMR2-1
NKX1-1-1	NKX1-1-1
PRKAR1A-1	PRKAR1A-1
BAHD1-1	BAHD1-1
HIST1H1E-1	HIST1H1E-1
MAT2B-1	MAT2B-1
ABCD1-1	ABCD1-1
P2RY10-1	P2RY10-1
EIF2S2-1	EIF2S2-1
FBLN5-1	FBLN5-1
HNRNPA3-1	HNRNPA3-1
ARL5A-1	ARL5A-1
TOMM40L-1	TOMM40L-1
MAP3K21-1	MAP3K21-1
HARS2-1	HARS2-1
CARM1-1	CARM1-1
CPD-1	CPD-1
ACAP2-1	ACAP2-1
TMEM179B-1	TMEM179B-1
SYVN1-1	SYVN1-1
CCNI-1	CCNI-1
DDRGK1-1	DDRGK1-1
NOC4L-1	NOC4L-1
NKX2-4-1	NKX2-4-1
TGFBR3-1	TGFBR3-1
RFNG-1	RFNG-1
DTX3L-1	DTX3L-1
TERF2-1	TERF2-1
GLIS3-1	GLIS3-1
TNRC6C-1	TNRC6C-1
DTD2-1	DTD2-1
YEATS4-1	YEATS4-1
MARK3-1	MARK3-1
SLC25A15-1	SLC25A15-1
ZNF746-1	ZNF746-1
GPSM1-1	GPSM1-1
PPP1R15B-1	PPP1R15B-1
TENT2-1	TENT2-1
URI1-1	URI1-1
TMEM8B-1	TMEM8B-1
DIXDC1-1	DIXDC1-1
PARP8-1	PARP8-1
ZNF816-1	ZNF816-1
CALU-1	CALU-1
CDK17-1	CDK17-1
UTP23-1	UTP23-1
FANCF-1	FANCF-1
CASC4-1	CASC4-1
NDUFS3-1	NDUFS3-1
PRKCE-1	PRKCE-1
BNIPL-1	BNIPL-1
LYL1-1	LYL1-1
SART1-1	SART1-1
SEPT8-1	SEPT8-1
KIAA2026-1	KIAA2026-1
CHCHD7-1	CHCHD7-1
ZNF584-1	ZNF584-1
TEX2-1	TEX2-1
EIF2B4-1	EIF2B4-1
IGFBP3-1	IGFBP3-1
TSHZ1-1	TSHZ1-1
ANXA5-1	ANXA5-1
CIART-1	CIART-1
CLSTN1-1	CLSTN1-1
ACADS-1	ACADS-1
NAB2-1	NAB2-1
MRPL50-1	MRPL50-1
IL27RA-1	IL27RA-1
ZNF625-1	ZNF625-1
MTX2-1	MTX2-1
PRDM2-1	PRDM2-1
TBC1D9B-1	TBC1D9B-1
IL3-1	IL3-1
FBXO45-1	FBXO45-1
RB1CC1-1	RB1CC1-1
FCER1G-1	FCER1G-1
WDR36-1	WDR36-1
LPCAT1-1	LPCAT1-1
WDR25-1	WDR25-1
FAM50A-1	FAM50A-1
LAMA5-1	LAMA5-1
SDAD1-1	SDAD1-1
ZNF101-1	ZNF101-1
PIR-1	PIR-1
MAP2K5-1	MAP2K5-1
ZNF329-1	ZNF329-1
GPR52-1	GPR52-1
KLHL21-1	KLHL21-1
TBX20-1	TBX20-1
ADGRV1-1	ADGRV1-1
GATA1-1	GATA1-1
RPL32-1	RPL32-1
AHCYL1-1	AHCYL1-1
DDX58-1	DDX58-1
GLRX5-1	GLRX5-1
FAM110C-1	FAM110C-1
ATP6V1C2-1	ATP6V1C2-1
IL4-1	IL4-1
VKORC1L1-1	VKORC1L1-1
TNFSF9-1	TNFSF9-1
HBEGF-1	HBEGF-1
SHCBP1-1	SHCBP1-1
WWC3-1	WWC3-1
NUDT19-1	NUDT19-1
SP2-1	SP2-1
RWDD1-1	RWDD1-1
FZR1-1	FZR1-1
LRG1-1	LRG1-1
IFFO1-1	IFFO1-1
TSSC4-1	TSSC4-1
NBL1-1	NBL1-1
SHMT2-1	SHMT2-1
NKX3-1-1	NKX3-1-1
LLGL1-1	LLGL1-1
SLC16A1-1	SLC16A1-1
MED6-1	MED6-1
CHMP6-1	CHMP6-1
TSPAN4-1	TSPAN4-1
ZNF714-1	ZNF714-1
NANOGNB-1	NANOGNB-1
ZBTB49-1	ZBTB49-1
ACTR3C-1	ACTR3C-1
SS18L1-1	SS18L1-1
SULT1A1-1	SULT1A1-1
OVGP1-1	OVGP1-1
IGFBP2-1	IGFBP2-1
KIF16B-1	KIF16B-1
TRAPPC8-1	TRAPPC8-1
SERP1-1	SERP1-1
SETMAR-1	SETMAR-1
ACP6-1	ACP6-1
SNTB1-1	SNTB1-1
HOXB7-1	HOXB7-1
MCEE-1	MCEE-1
NDUFB3-1	NDUFB3-1
ANKRD10-1	ANKRD10-1
SASH1-1	SASH1-1
ADGRL1-1	ADGRL1-1
MSMO1-1	MSMO1-1
ZNF747-1	ZNF747-1
PRDX2-1	PRDX2-1
VPS16-1	VPS16-1
SHPK-1	SHPK-1
TEX30-1	TEX30-1
MTERF3-1	MTERF3-1
DIAPH1-1	DIAPH1-1
JADE1-1	JADE1-1
CNKSR2-1	CNKSR2-1
TMEM120B-1	TMEM120B-1
ZNF442-1	ZNF442-1
SRFBP1-1	SRFBP1-1
PPBP-1	PPBP-1
QPCT-1	QPCT-1
CCDC137-1	CCDC137-1
TUBA8-1	TUBA8-1
RAC1-1	RAC1-1
YIPF5-1	YIPF5-1
PLA2G15-1	PLA2G15-1
SRBD1-1	SRBD1-1
KCTD10-1	KCTD10-1
GPRC5B-1	GPRC5B-1
ZFYVE26-1	ZFYVE26-1
BCAT1-1	BCAT1-1
OSBPL5-1	OSBPL5-1
CCDC91-1	CCDC91-1
SPATA6L-1	SPATA6L-1
STX6-1	STX6-1
TPGS1-1	TPGS1-1
SMARCE1-1	SMARCE1-1
CPXM1-1	CPXM1-1
ADAP1-1	ADAP1-1
TOP3B-1	TOP3B-1
NOL8-1	NOL8-1
WNK1-1	WNK1-1
MLXIPL-1	MLXIPL-1
MOCS1-1	MOCS1-1
KLK1-1	KLK1-1
AUH-1	AUH-1
MPST-1	MPST-1
CLN5-1	CLN5-1
GNAI2-1	GNAI2-1
SNRPC-1	SNRPC-1
OVOL2-1	OVOL2-1
CUBN-1	CUBN-1
RAB6B-1	RAB6B-1
HOXC9-1	HOXC9-1
RAB23-1	RAB23-1
IFNGR2-1	IFNGR2-1
BEX4-1	BEX4-1
ATP6V1A-1	ATP6V1A-1
INPP1-1	INPP1-1
CD55-1	CD55-1
ST14-1	ST14-1
MCF2L-1	MCF2L-1
PUDP-1	PUDP-1
CD48-1	CD48-1
SP110-1	SP110-1
TMEM44-1	TMEM44-1
TBP-1	TBP-1
LIN52-1	LIN52-1
C6orf203-1	C6orf203-1
SLAMF6-1	SLAMF6-1
STPG1-1	STPG1-1
HNRNPLL-1	HNRNPLL-1
ILVBL-1	ILVBL-1
SNRNP40-1	SNRNP40-1
CCDC71-1	CCDC71-1
THY1-1	THY1-1
RYR1-1	RYR1-1
DDX20-1	DDX20-1
MSRB2-1	MSRB2-1
COMT-1	COMT-1
GPRC5A-1	GPRC5A-1
MTHFD2-1	MTHFD2-1
NEMF-1	NEMF-1
CMTM3-1	CMTM3-1
DYNC1I2-1	DYNC1I2-1
MT1F-1	MT1F-1
MRPL58-1	MRPL58-1
EXD3-1	EXD3-1
VRK2-1	VRK2-1
RCHY1-1	RCHY1-1
FAM126A-1	FAM126A-1
MYO3B-1	MYO3B-1
AMY2B-1	AMY2B-1
PDE8A-1	PDE8A-1
FAM122C-1	FAM122C-1
SRSF8-1	SRSF8-1
PGLYRP1-1	PGLYRP1-1
TMCC1-1	TMCC1-1
MAP3K6-1	MAP3K6-1
AFTPH-1	AFTPH-1
CPEB2-1	CPEB2-1
CDKN1B-1	CDKN1B-1
NFS1-1	NFS1-1
MRPL27-1	MRPL27-1
SETD1B-1	SETD1B-1
SREK1-1	SREK1-1
SCRT2-1	SCRT2-1
NDUFAF4-1	NDUFAF4-1
NCKAP5L-1	NCKAP5L-1
BOLA1-1	BOLA1-1
HESX1-1	HESX1-1
HFE-1	HFE-1
PPP1R14C-1	PPP1R14C-1
POFUT2-1	POFUT2-1
BRI3BP-1	BRI3BP-1
HNRNPC-1	HNRNPC-1
CGGBP1-1	CGGBP1-1
MED7-1	MED7-1
ZNRF1-1	ZNRF1-1
CORO1B-1	CORO1B-1
BTBD3-1	BTBD3-1
TRIM21-1	TRIM21-1
AQP1-1	AQP1-1
ACAA2-1	ACAA2-1
MRPL46-1	MRPL46-1
RBBP6-1	RBBP6-1
NAXE-1	NAXE-1
SLC30A5-1	SLC30A5-1
AMFR-1	AMFR-1
MZT1-1	MZT1-1
TRIM32-1	TRIM32-1
ZBTB44-1	ZBTB44-1
AGBL2-1	AGBL2-1
PRMT7-1	PRMT7-1
GAN-1	GAN-1
PDE7A-1	PDE7A-1
VASP-1	VASP-1
PAFAH1B1-1	PAFAH1B1-1
MS4A7-1	MS4A7-1
SLC2A1-1	SLC2A1-1
MTMR4-1	MTMR4-1
PLGRKT-1	PLGRKT-1
FAM171A1-1	FAM171A1-1
MACROD1-1	MACROD1-1
KLHDC8B-1	KLHDC8B-1
SLC15A3-1	SLC15A3-1
NUAK1-1	NUAK1-1
ILKAP-1	ILKAP-1
ALPL-1	ALPL-1
DNAJC1-1	DNAJC1-1
METTL6-1	METTL6-1
TBC1D14-1	TBC1D14-1
ZNF71-1	ZNF71-1
CTBS-1	CTBS-1
SELP-1	SELP-1
ZNF587-1	ZNF587-1
POLL-1	POLL-1
RGS2-1	RGS2-1
ZNF675-1	ZNF675-1
TTC5-1	TTC5-1
LNP1-1	LNP1-1
CARD6-1	CARD6-1
IL17RA-1	IL17RA-1
GMEB2-1	GMEB2-1
FBXL4-1	FBXL4-1
TGDS-1	TGDS-1
MAN1B1-1	MAN1B1-1
CSTB-1	CSTB-1
UBE2C-1	UBE2C-1
URGCP-1	URGCP-1
SOX4-1	SOX4-1
SLC27A1-1	SLC27A1-1
FPR1-1	FPR1-1
GSX2-1	GSX2-1
NOL9-1	NOL9-1
CENPH-1	CENPH-1
DGLUCY-1	DGLUCY-1
TUBA4A-1	TUBA4A-1
TEP1-1	TEP1-1
CPPED1-1	CPPED1-1
TCF21-1	TCF21-1
MUC1-1	MUC1-1
B4GALNT1-1	B4GALNT1-1
SPICE1-1	SPICE1-1
PLD2-1	PLD2-1
ZNF24-1	ZNF24-1
SNAI1-1	SNAI1-1
MYB-1	MYB-1
TLX2-1	TLX2-1
FXR2-1	FXR2-1
ANKRD40-1	ANKRD40-1
WDR19-1	WDR19-1
OGFRL1-1	OGFRL1-1
ZNF45-1	ZNF45-1
NFXL1-1	NFXL1-1
ASB3-1	ASB3-1
MPG-1	MPG-1
LLGL2-1	LLGL2-1
DNAJB1-1	DNAJB1-1
ZG16-1	ZG16-1
APTX-1	APTX-1
TWIST1-1	TWIST1-1
HEATR3-1	HEATR3-1
RALY-1	RALY-1
EXOSC4-1	EXOSC4-1
CKAP4-1	CKAP4-1
UGDH-1	UGDH-1
ZC3HC1-1	ZC3HC1-1
RPAIN-1	RPAIN-1
MOCS3-1	MOCS3-1
SLC22A17-1	SLC22A17-1
RFPL2-1	RFPL2-1
RIPK2-1	RIPK2-1
SLC17A5-1	SLC17A5-1
ZNF7-1	ZNF7-1
FHL1-1	FHL1-1
ZDBF2-1	ZDBF2-1
CPSF2-1	CPSF2-1
PIGX-1	PIGX-1
TGFB3-1	TGFB3-1
NPRL2-1	NPRL2-1
AVPR2-1	AVPR2-1
LDLRAD4-1	LDLRAD4-1
SLMAP-1	SLMAP-1
IL36RN-1	IL36RN-1
ATF2-1	ATF2-1
FUBP1-1	FUBP1-1
NXF1-1	NXF1-1
EMC1-1	EMC1-1
LGALS1-1	LGALS1-1
SPATA25-1	SPATA25-1
ITPRIPL2-1	ITPRIPL2-1
MRPL40-1	MRPL40-1
ARRDC3-1	ARRDC3-1
EGR2-1	EGR2-1
HIST2H3D-1	HIST2H3D-1
NIFK-1	NIFK-1
TOB2-1	TOB2-1
ASCL3-1	ASCL3-1
ABHD13-1	ABHD13-1
ZBTB8OS-1	ZBTB8OS-1
NDFIP2-1	NDFIP2-1
TIA1-1	TIA1-1
ZNF37A-1	ZNF37A-1
RAB20-1	RAB20-1
AARS2-1	AARS2-1
UCP2-1	UCP2-1
DCP2-1	DCP2-1
TRIM37-1	TRIM37-1
MAGED2-1	MAGED2-1
ZC3H8-1	ZC3H8-1
DKK3-1	DKK3-1
ABTB1-1	ABTB1-1
SESN1-1	SESN1-1
ANAPC15-1	ANAPC15-1
CCNT1-1	CCNT1-1
IDH1-1	IDH1-1
PGM1-1	PGM1-1
STK17B-1	STK17B-1
PMAIP1-1	PMAIP1-1
NPIPB15-1	NPIPB15-1
ZZEF1-1	ZZEF1-1
KXD1-1	KXD1-1
VAC14-1	VAC14-1
TMED10-1	TMED10-1
NR2C2AP-1	NR2C2AP-1
TRAPPC2-1	TRAPPC2-1
CCNC-1	CCNC-1
PIP4P1-1	PIP4P1-1
YTHDF3-1	YTHDF3-1
NMD3-1	NMD3-1
SIT1-1	SIT1-1
POLR3C-1	POLR3C-1
ANKLE1-1	ANKLE1-1
WAS-1	WAS-1
POP1-1	POP1-1
MKKS-1	MKKS-1
PRDX6-1	PRDX6-1
NEMP1-1	NEMP1-1
IL1RAP-1	IL1RAP-1
ZNF596-1	ZNF596-1
CD300LF-1	CD300LF-1
THBS3-1	THBS3-1
ENDOD1-1	ENDOD1-1
FAM222B-1	FAM222B-1
MYADM-1	MYADM-1
ZNF699-1	ZNF699-1
ZIC1-1	ZIC1-1
CTDSPL-1	CTDSPL-1
MTMR3-1	MTMR3-1
COMMD9-1	COMMD9-1
RND1-1	RND1-1
FOXP2-1	FOXP2-1
LRIF1-1	LRIF1-1
ATP5PB-1	ATP5PB-1
KDM1B-1	KDM1B-1
RNF122-1	RNF122-1
CBFA2T2-1	CBFA2T2-1
GPATCH2-1	GPATCH2-1
CEP95-1	CEP95-1
PIGK-1	PIGK-1
MSH3-1	MSH3-1
CEP112-1	CEP112-1
CCNH-1	CCNH-1
CCDC174-1	CCDC174-1
TMEM170B-1	TMEM170B-1
C19orf73-1	C19orf73-1
ARL4A-1	ARL4A-1
CCND3-1	CCND3-1
GTF2H5-1	GTF2H5-1
KIFAP3-1	KIFAP3-1
PAPSS2-1	PAPSS2-1
GTF3C2-1	GTF3C2-1
CXCL10-1	CXCL10-1
PLPP5-1	PLPP5-1
PCNX3-1	PCNX3-1
ABHD2-1	ABHD2-1
ZNF225-1	ZNF225-1
HKR1-1	HKR1-1
SNX29-1	SNX29-1
SEC14L1-1	SEC14L1-1
AFF2-1	AFF2-1
ARMC7-1	ARMC7-1
NHP2-1	NHP2-1
RNF125-1	RNF125-1
RARS-1	RARS-1
ATP11A-1	ATP11A-1
KCTD11-1	KCTD11-1
POLE2-1	POLE2-1
TBX15-1	TBX15-1
LEO1-1	LEO1-1
COX14-1	COX14-1
DCBLD2-1	DCBLD2-1
MMP24-1	MMP24-1
CCDC57-1	CCDC57-1
BBS2-1	BBS2-1
SRGAP2-1	SRGAP2-1
MPP5-1	MPP5-1
FAM43A-1	FAM43A-1
SDHAF3-1	SDHAF3-1
COX17-1	COX17-1
EFHD1-1	EFHD1-1
NCAPG2-1	NCAPG2-1
TNFRSF1B-1	TNFRSF1B-1
LSM14B-1	LSM14B-1
PIM3-1	PIM3-1
UQCRC1-1	UQCRC1-1
YY1AP1-1	YY1AP1-1
WNT16-1	WNT16-1
MARCH6-1	MARCH6-1
ZMAT5-1	ZMAT5-1
SGSM3-1	SGSM3-1
PDZD2-1	PDZD2-1
PRDM5-1	PRDM5-1
VWA5A-1	VWA5A-1
ISG15-1	ISG15-1
CAPG-1	CAPG-1
RIOK3-1	RIOK3-1
ZNF213-1	ZNF213-1
ADAM28-1	ADAM28-1
TJP2-1	TJP2-1
OCIAD2-1	OCIAD2-1
ZNF143-1	ZNF143-1
TTC14-1	TTC14-1
PIGC-1	PIGC-1
HSPD1-1	HSPD1-1
LRFN4-1	LRFN4-1
C1orf123-1	C1orf123-1
DENR-1	DENR-1
SNRNP25-1	SNRNP25-1
FBXL20-1	FBXL20-1
THEMIS2-1	THEMIS2-1
POMT1-1	POMT1-1
ARMC1-1	ARMC1-1
WDR41-1	WDR41-1
TP53-1	TP53-1
SHQ1-1	SHQ1-1
AZIN2-1	AZIN2-1
ARIH1-1	ARIH1-1
RAB11FIP2-1	RAB11FIP2-1
PDK1-1	PDK1-1
COX5A-1	COX5A-1
CITED2-1	CITED2-1
PDSS2-1	PDSS2-1
RPA1-1	RPA1-1
PIP5K1C-1	PIP5K1C-1
ZNF302-1	ZNF302-1
KMT2E-1	KMT2E-1
MRPS18A-1	MRPS18A-1
NAIF1-1	NAIF1-1
FCGR3A-1	FCGR3A-1
NIN-1	NIN-1
ZNF830-1	ZNF830-1
TCERG1-1	TCERG1-1
CDC27-1	CDC27-1
TTC7B-1	TTC7B-1
TNFSF4-1	TNFSF4-1
TP53RK-1	TP53RK-1
YTHDC2-1	YTHDC2-1
CCNA2-1	CCNA2-1
ZNF576-1	ZNF576-1
DNAH2-1	DNAH2-1
ZDHHC3-1	ZDHHC3-1
ZNF14-1	ZNF14-1
CPOX-1	CPOX-1
ARG2-1	ARG2-1
PXYLP1-1	PXYLP1-1
GAR1-1	GAR1-1
TRIM24-1	TRIM24-1
AAMP-1	AAMP-1
ASPH-1	ASPH-1
ZNF844-1	ZNF844-1
MRPL35-1	MRPL35-1
HDGFL2-1	HDGFL2-1
ZFP92-1	ZFP92-1
UBA7-1	UBA7-1
HELLS-1	HELLS-1
N4BP2L2-1	N4BP2L2-1
CYB5D1-1	CYB5D1-1
HECW2-1	HECW2-1
YOD1-1	YOD1-1
FBF1-1	FBF1-1
LZTS1-1	LZTS1-1
PPARGC1B-1	PPARGC1B-1
CENPV-1	CENPV-1
JUND-1	JUND-1
ZNF334-1	ZNF334-1
TBX6-1	TBX6-1
NR1I2-1	NR1I2-1
CPT1B-1	CPT1B-1
GALK2-1	GALK2-1
RELT-1	RELT-1
MAGEE1-1	MAGEE1-1
BBC3-1	BBC3-1
DCUN1D3-1	DCUN1D3-1
IMPA2-1	IMPA2-1
HDAC4-1	HDAC4-1
PLCB2-1	PLCB2-1
PPP1CA-1	PPP1CA-1
EIF2AK2-1	EIF2AK2-1
TTBK2-1	TTBK2-1
C7orf26-1	C7orf26-1
GRHPR-1	GRHPR-1
ZNF184-1	ZNF184-1
RAB4A-1	RAB4A-1
SUCO-1	SUCO-1
RSAD2-1	RSAD2-1
TMEM168-1	TMEM168-1
ING4-1	ING4-1
C2CD3-1	C2CD3-1
ATP5PO-1	ATP5PO-1
DTX4-1	DTX4-1
DOCK10-1	DOCK10-1
ETFB-1	ETFB-1
ZNF813-1	ZNF813-1
MTFP1-1	MTFP1-1
FCRL3-1	FCRL3-1
DLEC1-1	DLEC1-1
TNFRSF4-1	TNFRSF4-1
ETS2-1	ETS2-1
WDR34-1	WDR34-1
GALNS-1	GALNS-1
RNASET2-1	RNASET2-1
SLC20A1-1	SLC20A1-1
ABTB2-1	ABTB2-1
LCOR-1	LCOR-1
LSR-1	LSR-1
UBE3D-1	UBE3D-1
PITRM1-1	PITRM1-1
POFUT1-1	POFUT1-1
GLMP-1	GLMP-1
DUSP23-1	DUSP23-1
S100A9-1	S100A9-1
METAP2-1	METAP2-1
ZNF287-1	ZNF287-1
SUMF1-1	SUMF1-1
STATH-1	STATH-1
ENTPD4-1	ENTPD4-1
UBA5-1	UBA5-1
TXNL4B-1	TXNL4B-1
MCL1-1	MCL1-1
RALGPS2-1	RALGPS2-1
PUM1-1	PUM1-1
IFT57-1	IFT57-1
DDA1-1	DDA1-1
LAS1L-1	LAS1L-1
C1orf21-1	C1orf21-1
ATG16L1-1	ATG16L1-1
KLHDC3-1	KLHDC3-1
C12orf75-1	C12orf75-1
TREM1-1	TREM1-1
ZNF578-1	ZNF578-1
FUBP3-1	FUBP3-1
AKAP11-1	AKAP11-1
FEZF1-1	FEZF1-1
HBB-1	HBB-1
COX19-1	COX19-1
UBE2V1-1	UBE2V1-1
STAP2-1	STAP2-1
SEMA5A-1	SEMA5A-1
TEX12-1	TEX12-1
C19orf54-1	C19orf54-1
PIP4K2C-1	PIP4K2C-1
LRRN3-1	LRRN3-1
RAPH1-1	RAPH1-1
GPS2-1	GPS2-1
SIGIRR-1	SIGIRR-1
CCDC84-1	CCDC84-1
IPPK-1	IPPK-1
EFL1-1	EFL1-1
ASCL1-1	ASCL1-1
NSRP1-1	NSRP1-1
TMF1-1	TMF1-1
RPL37A-1	RPL37A-1
RPS4X-1	RPS4X-1
TBX21-1	TBX21-1
HOXD8-1	HOXD8-1
PXMP4-1	PXMP4-1
C15orf62-1	C15orf62-1
C1orf54-1	C1orf54-1
MRPL16-1	MRPL16-1
COMMD10-1	COMMD10-1
STK32C-1	STK32C-1
AMIGO1-1	AMIGO1-1
ZIK1-1	ZIK1-1
RAB34-1	RAB34-1
TECPR2-1	TECPR2-1
MARCH5-1	MARCH5-1
TRIM11-1	TRIM11-1
C8orf33-1	C8orf33-1
CCDC15-1	CCDC15-1
TUFT1-1	TUFT1-1
ARPC2-1	ARPC2-1
RPL18-1	RPL18-1
NRG2-1	NRG2-1
BTG1-1	BTG1-1
ZBTB47-1	ZBTB47-1
PPP5C-1	PPP5C-1
ITGB3-1	ITGB3-1
SETD7-1	SETD7-1
ZIM3-1	ZIM3-1
WDFY1-1	WDFY1-1
CLYBL-1	CLYBL-1
ZNF501-1	ZNF501-1
SF3B5-1	SF3B5-1
OPA1-1	OPA1-1
LACTB-1	LACTB-1
JMY-1	JMY-1
FAM199X-1	FAM199X-1
LETMD1-1	LETMD1-1
RAP2C-1	RAP2C-1
PRPF6-1	PRPF6-1
ZNF280C-1	ZNF280C-1
FCGR3B-1	FCGR3B-1
USP54-1	USP54-1
FOXF1-1	FOXF1-1
ZNF107-1	ZNF107-1
ATP8B1-1	ATP8B1-1
AGAP1-1	AGAP1-1
VDAC3-1	VDAC3-1
U2AF2-1	U2AF2-1
REXO5-1	REXO5-1
TOR3A-1	TOR3A-1
DEPDC5-1	DEPDC5-1
RGS9-1	RGS9-1
FKBP1B-1	FKBP1B-1
AOAH-1	AOAH-1
RASSF2-1	RASSF2-1
PIN4-1	PIN4-1
SMC2-1	SMC2-1
ALG2-1	ALG2-1
HINT2-1	HINT2-1
EIF3B-1	EIF3B-1
BLVRA-1	BLVRA-1
SLC25A38-1	SLC25A38-1
TRMT10B-1	TRMT10B-1
SEMA7A-1	SEMA7A-1
PDPR-1	PDPR-1
RRM1-1	RRM1-1
ZIC2-1	ZIC2-1
TFDP3-1	TFDP3-1
TMBIM4-1	TMBIM4-1
PALD1-1	PALD1-1
RNF38-1	RNF38-1
HSCB-1	HSCB-1
PAQR8-1	PAQR8-1
TMOD3-1	TMOD3-1
CYP2E1-1	CYP2E1-1
CXCL2-1	CXCL2-1
MTSS1L-1	MTSS1L-1
USP39-1	USP39-1
UQCC3-1	UQCC3-1
PPP2R1A-1	PPP2R1A-1
PPP1R14A-1	PPP1R14A-1
METTL16-1	METTL16-1
AIM2-1	AIM2-1
SFMBT1-1	SFMBT1-1
PES1-1	PES1-1
NHLRC2-1	NHLRC2-1
ARPC5-1	ARPC5-1
HIGD2A-1	HIGD2A-1
SLC25A23-1	SLC25A23-1
POLRMT-1	POLRMT-1
KCNMB3-1	KCNMB3-1
ZKSCAN7-1	ZKSCAN7-1
RPL11-1	RPL11-1
ADCY9-1	ADCY9-1
S100A2-1	S100A2-1
SLC26A4-1	SLC26A4-1
TM9SF2-1	TM9SF2-1
PPIL1-1	PPIL1-1
APOBR-1	APOBR-1
NEFL-1	NEFL-1
ACBD3-1	ACBD3-1
PIK3C2A-1	PIK3C2A-1
RPP30-1	RPP30-1
TSC22D3-1	TSC22D3-1
HIST1H2BE-1	HIST1H2BE-1
AIFM2-1	AIFM2-1
ZNF84-1	ZNF84-1
TCFL5-1	TCFL5-1
C19orf25-1	C19orf25-1
SFSWAP-1	SFSWAP-1
ITGA3-1	ITGA3-1
MLLT11-1	MLLT11-1
DELE1-1	DELE1-1
ORAI3-1	ORAI3-1
MBLAC1-1	MBLAC1-1
CENPN-1	CENPN-1
EAF1-1	EAF1-1
DLX1-1	DLX1-1
GAS6-1	GAS6-1
TNFRSF1A-1	TNFRSF1A-1
CD83-1	CD83-1
TRMU-1	TRMU-1
TBC1D24-1	TBC1D24-1
RECK-1	RECK-1
SBNO2-1	SBNO2-1
SMIM12-1	SMIM12-1
ADHFE1-1	ADHFE1-1
SETX-1	SETX-1
NEK8-1	NEK8-1
PSMA4-1	PSMA4-1
HOXB13-1	HOXB13-1
FAM234B-1	FAM234B-1
ZBTB16-1	ZBTB16-1
SPRTN-1	SPRTN-1
CIZ1-1	CIZ1-1
USP4-1	USP4-1
METTL23-1	METTL23-1
HMCN2-1	HMCN2-1
TIGD7-1	TIGD7-1
SDE2-1	SDE2-1
S100A8-1	S100A8-1
ZNF836-1	ZNF836-1
MAGT1-1	MAGT1-1
ZSCAN31-1	ZSCAN31-1
DNAJB12-1	DNAJB12-1
MCFD2-1	MCFD2-1
VCPKMT-1	VCPKMT-1
NFIL3-1	NFIL3-1
IARS-1	IARS-1
SERPINB1-1	SERPINB1-1
SNAP47-1	SNAP47-1
HTT-1	HTT-1
NINJ1-1	NINJ1-1
EIF1B-1	EIF1B-1
LARS-1	LARS-1
ASH1L-1	ASH1L-1
PDCD7-1	PDCD7-1
TMEM123-1	TMEM123-1
NDOR1-1	NDOR1-1
UTP11-1	UTP11-1
MYNN-1	MYNN-1
ACER3-1	ACER3-1
ACP1-1	ACP1-1
NUGGC-1	NUGGC-1
CCDC130-1	CCDC130-1
PRDM15-1	PRDM15-1
ZNF232-1	ZNF232-1
UBL3-1	UBL3-1
POC1A-1	POC1A-1
PCM1-1	PCM1-1
BCL2L11-1	BCL2L11-1
CEP126-1	CEP126-1
PPP2R5C-1	PPP2R5C-1
POC5-1	POC5-1
TBC1D32-1	TBC1D32-1
CCR1-1	CCR1-1
ZNF134-1	ZNF134-1
ADA2-1	ADA2-1
OTOG-1	OTOG-1
CENPP-1	CENPP-1
FAM78B-1	FAM78B-1
FBXO4-1	FBXO4-1
KRT10-1	KRT10-1
ZFP36L2-1	ZFP36L2-1
SEC63-1	SEC63-1
SLC12A6-1	SLC12A6-1
TOR4A-1	TOR4A-1
HIST4H4-1	HIST4H4-1
GOLGB1-1	GOLGB1-1
CIT-1	CIT-1
ACAT1-1	ACAT1-1
HUWE1-1	HUWE1-1
RBM12B-1	RBM12B-1
EMC4-1	EMC4-1
C12orf45-1	C12orf45-1
FBXO30-1	FBXO30-1
CMTM2-1	CMTM2-1
PRKAG2-1	PRKAG2-1
NFYB-1	NFYB-1
QPCTL-1	QPCTL-1
FOXC1-1	FOXC1-1
RPS28-1	RPS28-1
PIGR-1	PIGR-1
POLI-1	POLI-1
SYNJ2-1	SYNJ2-1
MYLIP-1	MYLIP-1
ZNF415-1	ZNF415-1
ZNF257-1	ZNF257-1
ZNF76-1	ZNF76-1
DENND6B-1	DENND6B-1
TRIQK-1	TRIQK-1
LIMS2-1	LIMS2-1
CHFR-1	CHFR-1
TET2-1	TET2-1
ADI1-1	ADI1-1
WT1-1	WT1-1
TMEM209-1	TMEM209-1
GCLM-1	GCLM-1
CPNE7-1	CPNE7-1
THOC1-1	THOC1-1
UPF3B-1	UPF3B-1
CNPY4-1	CNPY4-1
OAF-1	OAF-1
PHOX2A-1	PHOX2A-1
GCAT-1	GCAT-1
PSEN1-1	PSEN1-1
PTPMT1-1	PTPMT1-1
KLRC1-1	KLRC1-1
RPS8-1	RPS8-1
ALAS2-1	ALAS2-1
CCDC159-1	CCDC159-1
DMAC2-1	DMAC2-1
SAP25-1	SAP25-1
PAFAH1B3-1	PAFAH1B3-1
TMEM40-1	TMEM40-1
VPS28-1	VPS28-1
PMM2-1	PMM2-1
KBTBD7-1	KBTBD7-1
MDGA1-1	MDGA1-1
HIST1H3H-1	HIST1H3H-1
BLVRB-1	BLVRB-1
CDYL-1	CDYL-1
NUP62CL-1	NUP62CL-1
IMPDH2-1	IMPDH2-1
AGBL5-1	AGBL5-1
TERF1-1	TERF1-1
PCBD1-1	PCBD1-1
MICU3-1	MICU3-1
PHLDB1-1	PHLDB1-1
ADPRM-1	ADPRM-1
MTFR1L-1	MTFR1L-1
FANCD2-1	FANCD2-1
NME3-1	NME3-1
SAV1-1	SAV1-1
BORCS6-1	BORCS6-1
GBE1-1	GBE1-1
CHDH-1	CHDH-1
RHOT1-1	RHOT1-1
ZNF552-1	ZNF552-1
SND1-1	SND1-1
ZNF768-1	ZNF768-1
TMEM9B-1	TMEM9B-1
SETD6-1	SETD6-1
MRPS22-1	MRPS22-1
USP8-1	USP8-1
FAM135A-1	FAM135A-1
ASCC3-1	ASCC3-1
AGO4-1	AGO4-1
BCOR-1	BCOR-1
AGO3-1	AGO3-1
PILRA-1	PILRA-1
GPC1-1	GPC1-1
WASL-1	WASL-1
METTL26-1	METTL26-1
TSG101-1	TSG101-1
THBS4-1	THBS4-1
CTNNBIP1-1	CTNNBIP1-1
ZNF823-1	ZNF823-1
CHML-1	CHML-1
SIN3B-1	SIN3B-1
CTU1-1	CTU1-1
ZNF549-1	ZNF549-1
GTF2E2-1	GTF2E2-1
BICRA-1	BICRA-1
STARD5-1	STARD5-1
OXA1L-1	OXA1L-1
AP5M1-1	AP5M1-1
ZNF587B-1	ZNF587B-1
ZNF891-1	ZNF891-1
GRHL1-1	GRHL1-1
DDX31-1	DDX31-1
C9orf16-1	C9orf16-1
MGRN1-1	MGRN1-1
TMEM71-1	TMEM71-1
C1orf50-1	C1orf50-1
IQCC-1	IQCC-1
CHMP4A-1	CHMP4A-1
RNASE6-1	RNASE6-1
CEP57-1	CEP57-1
CASP1-1	CASP1-1
ITM2B-1	ITM2B-1
ENTPD7-1	ENTPD7-1
TROAP-1	TROAP-1
WASHC3-1	WASHC3-1
CASP2-1	CASP2-1
NLGN2-1	NLGN2-1
NSMCE1-1	NSMCE1-1
TMEM201-1	TMEM201-1
FITM2-1	FITM2-1
TSTD2-1	TSTD2-1
CD200-1	CD200-1
NGDN-1	NGDN-1
RIC8A-1	RIC8A-1
FLOT2-1	FLOT2-1
POMP-1	POMP-1
TAOK2-1	TAOK2-1
GPD2-1	GPD2-1
LPAR2-1	LPAR2-1
C17orf67-1	C17orf67-1
PDCD10-1	PDCD10-1
CCDC77-1	CCDC77-1
PPP2CA-1	PPP2CA-1
AGAP5-1	AGAP5-1
BACH1-1	BACH1-1
ECHS1-1	ECHS1-1
SLC27A2-1	SLC27A2-1
WDR3-1	WDR3-1
CREB3-1	CREB3-1
TRIM38-1	TRIM38-1
SMAD7-1	SMAD7-1
ST7-1	ST7-1
RPS6KB1-1	RPS6KB1-1
NACA-1	NACA-1
NCLN-1	NCLN-1
TSPOAP1-1	TSPOAP1-1
ALKBH4-1	ALKBH4-1
FAM83G-1	FAM83G-1
TMEM30A-1	TMEM30A-1
KCTD12-1	KCTD12-1
PPP1R32-1	PPP1R32-1
MRPS15-1	MRPS15-1
MRPL9-1	MRPL9-1
ANAPC2-1	ANAPC2-1
LYRM7-1	LYRM7-1
ARHGAP15-1	ARHGAP15-1
PCNX1-1	PCNX1-1
ZNF396-1	ZNF396-1
POLR2L-1	POLR2L-1
PAK1-1	PAK1-1
PLRG1-1	PLRG1-1
AVPI1-1	AVPI1-1
HADHB-1	HADHB-1
TATDN2-1	TATDN2-1
ZC3HAV1-1	ZC3HAV1-1
TK2-1	TK2-1
SRGAP2C-1	SRGAP2C-1
A2M-1	A2M-1
KIAA0040-1	KIAA0040-1
GTDC1-1	GTDC1-1
CD40LG-1	CD40LG-1
ORC4-1	ORC4-1
AGRN-1	AGRN-1
NUS1-1	NUS1-1
USP33-1	USP33-1
MTFR1-1	MTFR1-1
BCAS4-1	BCAS4-1
GCNT4-1	GCNT4-1
SLC25A25-1	SLC25A25-1
STAT2-1	STAT2-1
STAT5A-1	STAT5A-1
CDCA4-1	CDCA4-1
LIN28B-1	LIN28B-1
B4GALT4-1	B4GALT4-1
CHMP1B-1	CHMP1B-1
C1QA-1	C1QA-1
MAN2A1-1	MAN2A1-1
TBCEL-1	TBCEL-1
DBI-1	DBI-1
NID2-1	NID2-1
APOBEC3G-1	APOBEC3G-1
DRICH1-1	DRICH1-1
BTBD19-1	BTBD19-1
KAT6B-1	KAT6B-1
PPT1-1	PPT1-1
TRMT44-1	TRMT44-1
WHAMM-1	WHAMM-1
KDM6B-1	KDM6B-1
HMX1-1	HMX1-1
EMC7-1	EMC7-1
RETREG3-1	RETREG3-1
DPF2-1	DPF2-1
TMEM14C-1	TMEM14C-1
MAPK8IP3-1	MAPK8IP3-1
DDX23-1	DDX23-1
PLEKHG3-1	PLEKHG3-1
PCP2-1	PCP2-1
EMC10-1	EMC10-1
PCNX4-1	PCNX4-1
UBTD1-1	UBTD1-1
ME1-1	ME1-1
RABGAP1L-1	RABGAP1L-1
HTRA2-1	HTRA2-1
MARCH3-1	MARCH3-1
TMEM35B-1	TMEM35B-1
TMEM54-1	TMEM54-1
FAM117B-1	FAM117B-1
DDOST-1	DDOST-1
CA14-1	CA14-1
KBTBD2-1	KBTBD2-1
FAM19A2-1	FAM19A2-1
OR4D1-1	OR4D1-1
CDC42EP3-1	CDC42EP3-1
INTS8-1	INTS8-1
NLRP1-1	NLRP1-1
PTPN7-1	PTPN7-1
R3HDM1-1	R3HDM1-1
CD19-1	CD19-1
RBM22-1	RBM22-1
ZDHHC17-1	ZDHHC17-1
ST3GAL2-1	ST3GAL2-1
ALX3-1	ALX3-1
KALRN-1	KALRN-1
MIPEP-1	MIPEP-1
ZNF639-1	ZNF639-1
SEC23B-1	SEC23B-1
CDON-1	CDON-1
CDKN3-1	CDKN3-1
PARVG-1	PARVG-1
SPHK1-1	SPHK1-1
MROH1-1	MROH1-1
LNPK-1	LNPK-1
AARSD1-1	AARSD1-1
CAMK1D-1	CAMK1D-1
NOL6-1	NOL6-1
ZCCHC17-1	ZCCHC17-1
RAB39B-1	RAB39B-1
SSB-1	SSB-1
REX1BD-1	REX1BD-1
ECD-1	ECD-1
MBTD1-1	MBTD1-1
SUV39H1-1	SUV39H1-1
SMARCAL1-1	SMARCAL1-1
TMEM170A-1	TMEM170A-1
LGALS8-1	LGALS8-1
PCNP-1	PCNP-1
FOXP1-1	FOXP1-1
EMD-1	EMD-1
CBLB-1	CBLB-1
TMEM106A-1	TMEM106A-1
ETFBKMT-1	ETFBKMT-1
DCUN1D5-1	DCUN1D5-1
AFF1-1	AFF1-1
FKBP7-1	FKBP7-1
ATPAF2-1	ATPAF2-1
FOXA2-1	FOXA2-1
ANXA11-1	ANXA11-1
CNNM3-1	CNNM3-1
AFDN-1	AFDN-1
PQLC3-1	PQLC3-1
TMEM30B-1	TMEM30B-1
ETV2-1	ETV2-1
BOD1L1-1	BOD1L1-1
RIDA-1	RIDA-1
ESRRG-1	ESRRG-1
VAPB-1	VAPB-1
ZNF182-1	ZNF182-1
MXRA7-1	MXRA7-1
CAMK4-1	CAMK4-1
MKRN3-1	MKRN3-1
PLOD3-1	PLOD3-1
PHYH-1	PHYH-1
CTNND1-1	CTNND1-1
LAT-1	LAT-1
ITPKB-1	ITPKB-1
GNA12-1	GNA12-1
INTS12-1	INTS12-1
TMEM143-1	TMEM143-1
CWC27-1	CWC27-1
NDFIP1-1	NDFIP1-1
LRRC32-1	LRRC32-1
NUP58-1	NUP58-1
MRPS18C-1	MRPS18C-1
ATP1A3-1	ATP1A3-1
ATF1-1	ATF1-1
MYLPF-1	MYLPF-1
NUP107-1	NUP107-1
NPM1-1	NPM1-1
ROCK2-1	ROCK2-1
MAP2K1-1	MAP2K1-1
HS2ST1-1	HS2ST1-1
TRAF5-1	TRAF5-1
RAP1GAP2-1	RAP1GAP2-1
NLK-1	NLK-1
RPS16-1	RPS16-1
FGFR1-1	FGFR1-1
PLLP-1	PLLP-1
CRLS1-1	CRLS1-1
DENND1A-1	DENND1A-1
SPNS1-1	SPNS1-1
SP1-1	SP1-1
NOTCH2NLA-1	NOTCH2NLA-1
OTP-1	OTP-1
TAL2-1	TAL2-1
GALNT3-1	GALNT3-1
LSM4-1	LSM4-1
NIPSNAP3B-1	NIPSNAP3B-1
OSBPL10-1	OSBPL10-1
E2F7-1	E2F7-1
USP10-1	USP10-1
CROT-1	CROT-1
GALNT7-1	GALNT7-1
GPR183-1	GPR183-1
AP4S1-1	AP4S1-1
HAUS8-1	HAUS8-1
NEK3-1	NEK3-1
CUTC-1	CUTC-1
DKC1-1	DKC1-1
TRAIP-1	TRAIP-1
LTBP1-1	LTBP1-1
GPR108-1	GPR108-1
ERCC8-1	ERCC8-1
S100A14-1	S100A14-1
ZSWIM8-1	ZSWIM8-1
AEBP1-1	AEBP1-1
MBNL1-1	MBNL1-1
AARS-1	AARS-1
MT3-1	MT3-1
EID2-1	EID2-1
SEH1L-1	SEH1L-1
PYURF-1	PYURF-1
GPR146-1	GPR146-1
PLA2G4A-1	PLA2G4A-1
SOCS1-1	SOCS1-1
EIF2AK4-1	EIF2AK4-1
RALA-1	RALA-1
TMEM167A-1	TMEM167A-1
LYPLAL1-1	LYPLAL1-1
TAF1A-1	TAF1A-1
SCGB3A1-1	SCGB3A1-1
SPTAN1-1	SPTAN1-1
FAM221A-1	FAM221A-1
LYRM9-1	LYRM9-1
MAP3K9-1	MAP3K9-1
NT5DC3-1	NT5DC3-1
VAMP4-1	VAMP4-1
MAVS-1	MAVS-1
RPL13A-1	RPL13A-1
TTC37-1	TTC37-1
PDHX-1	PDHX-1
RPL23-1	RPL23-1
PDX1-1	PDX1-1
RPS4Y1-1	RPS4Y1-1
ITGA4-1	ITGA4-1
TMEM62-1	TMEM62-1
ELAC2-1	ELAC2-1
HIPK2-1	HIPK2-1
PYCR1-1	PYCR1-1
NOS1-1	NOS1-1
BTK-1	BTK-1
UNC13A-1	UNC13A-1
MSRA-1	MSRA-1
MZB1-1	MZB1-1
NOP10-1	NOP10-1
ZFAND6-1	ZFAND6-1
TRABD2A-1	TRABD2A-1
FAM222A-1	FAM222A-1
TUT7-1	TUT7-1
FER-1	FER-1
C7orf43-1	C7orf43-1
ATL3-1	ATL3-1
CHMP4B-1	CHMP4B-1
MASTL-1	MASTL-1
PDCD11-1	PDCD11-1
FOXS1-1	FOXS1-1
PLP2-1	PLP2-1
IL18BP-1	IL18BP-1
NKTR-1	NKTR-1
ZNF646-1	ZNF646-1
CAP1-1	CAP1-1
DIAPH2-1	DIAPH2-1
THBS1-1	THBS1-1
POLE3-1	POLE3-1
PITX1-1	PITX1-1
SNAPC5-1	SNAPC5-1
POLR2M-1	POLR2M-1
SEC24C-1	SEC24C-1
AVEN-1	AVEN-1
BOD1-1	BOD1-1
ZNF385C-1	ZNF385C-1
FBP1-1	FBP1-1
HIP1R-1	HIP1R-1
TMEM106C-1	TMEM106C-1
FAM3D-1	FAM3D-1
C21orf58-1	C21orf58-1
E4F1-1	E4F1-1
TUBG1-1	TUBG1-1
USP24-1	USP24-1
DEPDC1-1	DEPDC1-1
RSRP1-1	RSRP1-1
MSANTD2-1	MSANTD2-1
GLI4-1	GLI4-1
NR2F6-1	NR2F6-1
PRPF19-1	PRPF19-1
CHORDC1-1	CHORDC1-1
MPO-1	MPO-1
ERBIN-1	ERBIN-1
TTC9C-1	TTC9C-1
CSTF3-1	CSTF3-1
SRSF2-1	SRSF2-1
DET1-1	DET1-1
SSR4-1	SSR4-1
MKRN2-1	MKRN2-1
CUX2-1	CUX2-1
REL-1	REL-1
GZF1-1	GZF1-1
ARAP3-1	ARAP3-1
ORC2-1	ORC2-1
DNAJC15-1	DNAJC15-1
ERCC1-1	ERCC1-1
ARL3-1	ARL3-1
USP30-1	USP30-1
FBXW5-1	FBXW5-1
DHTKD1-1	DHTKD1-1
RANBP1-1	RANBP1-1
CCR4-1	CCR4-1
GJC1-1	GJC1-1
CHMP2A-1	CHMP2A-1
PLEKHG4-1	PLEKHG4-1
AK2-1	AK2-1
ZSCAN18-1	ZSCAN18-1
MAP4-1	MAP4-1
CAMKK2-1	CAMKK2-1
SEPT1-1	SEPT1-1
SRSF10-1	SRSF10-1
GUSB-1	GUSB-1
TMSB15B-1	TMSB15B-1
EBF2-1	EBF2-1
EIF2S1-1	EIF2S1-1
CAB39L-1	CAB39L-1
XRCC6-1	XRCC6-1
LCORL-1	LCORL-1
CHD4-1	CHD4-1
BNC2-1	BNC2-1
PGP-1	PGP-1
FOS-1	FOS-1
DNAJC12-1	DNAJC12-1
SNAP29-1	SNAP29-1
TRAK2-1	TRAK2-1
KCNG3-1	KCNG3-1
SDHAF4-1	SDHAF4-1
TLDC1-1	TLDC1-1
VPS37C-1	VPS37C-1
ZBTB37-1	ZBTB37-1
NRL-1	NRL-1
DBR1-1	DBR1-1
NAPSA-1	NAPSA-1
GRIPAP1-1	GRIPAP1-1
FADS1-1	FADS1-1
FOXN2-1	FOXN2-1
HSP90AA1-1	HSP90AA1-1
VOPP1-1	VOPP1-1
USP7-1	USP7-1
MGAM-1	MGAM-1
PNKP-1	PNKP-1
ZNF558-1	ZNF558-1
RNF44-1	RNF44-1
SDHB-1	SDHB-1
SNX18-1	SNX18-1
ABHD10-1	ABHD10-1
MRPL22-1	MRPL22-1
TRIM41-1	TRIM41-1
CATSPERG-1	CATSPERG-1
RPL10A-1	RPL10A-1
TRAF7-1	TRAF7-1
FNTA-1	FNTA-1
WNT1-1	WNT1-1
ZNF468-1	ZNF468-1
CD79B-1	CD79B-1
NFKBIZ-1	NFKBIZ-1
PPP1R35-1	PPP1R35-1
DENND5A-1	DENND5A-1
HES2-1	HES2-1
TNIP2-1	TNIP2-1
TTC27-1	TTC27-1
GPR150-1	GPR150-1
TCF25-1	TCF25-1
ZNF546-1	ZNF546-1
TICAM1-1	TICAM1-1
IL21R-1	IL21R-1
PTGIS-1	PTGIS-1
F8-1	F8-1
MAP3K8-1	MAP3K8-1
FIG4-1	FIG4-1
ANAPC10-1	ANAPC10-1
NSFL1C-1	NSFL1C-1
ZNF577-1	ZNF577-1
UMPS-1	UMPS-1
ZNF536-1	ZNF536-1
KLHL24-1	KLHL24-1
ANKRD31-1	ANKRD31-1
FAM207A-1	FAM207A-1
CCDC32-1	CCDC32-1
DYNC1LI1-1	DYNC1LI1-1
RNF13-1	RNF13-1
GOLIM4-1	GOLIM4-1
GSR-1	GSR-1
ALDH7A1-1	ALDH7A1-1
ZNF346-1	ZNF346-1
ZNF750-1	ZNF750-1
MCM10-1	MCM10-1
MFSD11-1	MFSD11-1
PTGR2-1	PTGR2-1
NPL-1	NPL-1
CREB3L3-1	CREB3L3-1
MRPS33-1	MRPS33-1
ZNF773-1	ZNF773-1
C18orf32-1	C18orf32-1
CNOT9-1	CNOT9-1
TMEM159-1	TMEM159-1
SRRM2-1	SRRM2-1
CEBPA-1	CEBPA-1
ADAL-1	ADAL-1
UNC5CL-1	UNC5CL-1
BLOC1S4-1	BLOC1S4-1
USP49-1	USP49-1
SPAG8-1	SPAG8-1
LCMT1-1	LCMT1-1
AKIRIN2-1	AKIRIN2-1
PRDX4-1	PRDX4-1
FAM208B-1	FAM208B-1
EXT1-1	EXT1-1
COX18-1	COX18-1
TMBIM6-1	TMBIM6-1
PARG-1	PARG-1
CGREF1-1	CGREF1-1
RNF175-1	RNF175-1
BORCS5-1	BORCS5-1
MUC5B-1	MUC5B-1
RELL2-1	RELL2-1
WDR55-1	WDR55-1
TRPV2-1	TRPV2-1
QRSL1-1	QRSL1-1
NDUFB10-1	NDUFB10-1
SEC23IP-1	SEC23IP-1
NMUR1-1	NMUR1-1
ARMH1-1	ARMH1-1
DUSP16-1	DUSP16-1
ATR-1	ATR-1
WDR5-1	WDR5-1
ETV4-1	ETV4-1
UBE2M-1	UBE2M-1
ARMC8-1	ARMC8-1
LIG3-1	LIG3-1
KIAA1109-1	KIAA1109-1
CCNB1IP1-1	CCNB1IP1-1
SPEN-1	SPEN-1
MBIP-1	MBIP-1
MBTPS2-1	MBTPS2-1
TMEM116-1	TMEM116-1
OTULINL-1	OTULINL-1
ACVR1B-1	ACVR1B-1
ZFP3-1	ZFP3-1
SDHA-1	SDHA-1
PSMB5-1	PSMB5-1
COL9A2-1	COL9A2-1
PLEKHB2-1	PLEKHB2-1
IER2-1	IER2-1
SNAPC1-1	SNAPC1-1
ACO2-1	ACO2-1
ZNF75D-1	ZNF75D-1
PSMD10-1	PSMD10-1
SP8-1	SP8-1
DPH1-1	DPH1-1
NRDE2-1	NRDE2-1
FAM53C-1	FAM53C-1
SLTM-1	SLTM-1
AXIN1-1	AXIN1-1
PPFIBP2-1	PPFIBP2-1
SPOP-1	SPOP-1
GMCL1-1	GMCL1-1
CLHC1-1	CLHC1-1
DDX50-1	DDX50-1
RARRES3-1	RARRES3-1
PLIN2-1	PLIN2-1
BAG4-1	BAG4-1
KLF7-1	KLF7-1
SFTPA2-1	SFTPA2-1
USP48-1	USP48-1
JKAMP-1	JKAMP-1
NAA25-1	NAA25-1
ZSCAN9-1	ZSCAN9-1
ITPR3-1	ITPR3-1
GAS2-1	GAS2-1
HIST1H3G-1	HIST1H3G-1
ORC6-1	ORC6-1
TRIM5-1	TRIM5-1
OPN1SW-1	OPN1SW-1
CAPZB-1	CAPZB-1
ZNF3-1	ZNF3-1
MTERF4-1	MTERF4-1
TBCB-1	TBCB-1
ZNF83-1	ZNF83-1
CYSTM1-1	CYSTM1-1
CNOT7-1	CNOT7-1
ZNF263-1	ZNF263-1
SDR42E1-1	SDR42E1-1
CD52-1	CD52-1
CHEK2-1	CHEK2-1
RHOBTB2-1	RHOBTB2-1
AASDH-1	AASDH-1
IL18R1-1	IL18R1-1
FOXR2-1	FOXR2-1
MYL12A-1	MYL12A-1
SLC39A4-1	SLC39A4-1
GOT2-1	GOT2-1
SLC31A1-1	SLC31A1-1
C16orf70-1	C16orf70-1
DNASE1-1	DNASE1-1
CDX2-1	CDX2-1
NSD2-1	NSD2-1
MAP3K5-1	MAP3K5-1
MNT-1	MNT-1
STK38-1	STK38-1
GPAM-1	GPAM-1
C12orf43-1	C12orf43-1
HOMER2-1	HOMER2-1
PADI4-1	PADI4-1
ARMCX5-1	ARMCX5-1
ANKMY1-1	ANKMY1-1
TOX2-1	TOX2-1
SH3TC1-1	SH3TC1-1
GSS-1	GSS-1
SNX2-1	SNX2-1
NHEJ1-1	NHEJ1-1
KHNYN-1	KHNYN-1
VDAC1-1	VDAC1-1
RBM42-1	RBM42-1
SLC9A9-1	SLC9A9-1
FAM193B-1	FAM193B-1
CNPY3-1	CNPY3-1
SPTBN5-1	SPTBN5-1
MAP4K3-1	MAP4K3-1
STARD9-1	STARD9-1
C1orf74-1	C1orf74-1
BECN1-1	BECN1-1
LYRM4-1	LYRM4-1
ZNF620-1	ZNF620-1
BCAT2-1	BCAT2-1
DDX11-1	DDX11-1
NADK-1	NADK-1
PACSIN3-1	PACSIN3-1
SLC15A2-1	SLC15A2-1
GLS2-1	GLS2-1
TXNDC16-1	TXNDC16-1
NR3C1-1	NR3C1-1
NIPBL-1	NIPBL-1
PTPN2-1	PTPN2-1
EFHC1-1	EFHC1-1
VPS11-1	VPS11-1
SHOC2-1	SHOC2-1
SENP7-1	SENP7-1
AKR1B1-1	AKR1B1-1
FOXO6-1	FOXO6-1
HDGF-1	HDGF-1
USP9X-1	USP9X-1
ANKMY2-1	ANKMY2-1
AZI2-1	AZI2-1
CCAR1-1	CCAR1-1
EFHD2-1	EFHD2-1
NCALD-1	NCALD-1
LRRCC1-1	LRRCC1-1
CSF1R-1	CSF1R-1
TMEM187-1	TMEM187-1
TBL1XR1-1	TBL1XR1-1
WIPF1-1	WIPF1-1
TTC12-1	TTC12-1
ZNF843-1	ZNF843-1
SRRT-1	SRRT-1
DYNC2H1-1	DYNC2H1-1
CCDC88B-1	CCDC88B-1
PARP11-1	PARP11-1
ZNF718-1	ZNF718-1
PHF7-1	PHF7-1
ZNF687-1	ZNF687-1
SZT2-1	SZT2-1
GAL3ST4-1	GAL3ST4-1
TBK1-1	TBK1-1
SETD4-1	SETD4-1
ACAD9-1	ACAD9-1
NCBP3-1	NCBP3-1
MPHOSPH6-1	MPHOSPH6-1
RHOA-1	RHOA-1
PLAG1-1	PLAG1-1
UBP1-1	UBP1-1
IVNS1ABP-1	IVNS1ABP-1
HBS1L-1	HBS1L-1
KIF4A-1	KIF4A-1
RRP7A-1	RRP7A-1
KIF3C-1	KIF3C-1
R3HDM2-1	R3HDM2-1
LETM1-1	LETM1-1
FOXK2-1	FOXK2-1
UBE2G1-1	UBE2G1-1
ABCF3-1	ABCF3-1
ADAM10-1	ADAM10-1
TMEM99-1	TMEM99-1
FAM161B-1	FAM161B-1
HLX-1	HLX-1
ATG3-1	ATG3-1
TSNARE1-1	TSNARE1-1
NAA80-1	NAA80-1
PIGT-1	PIGT-1
TMEM126B-1	TMEM126B-1
PDP1-1	PDP1-1
PCNA-1	PCNA-1
PRPSAP1-1	PRPSAP1-1
DAP-1	DAP-1
TMIE-1	TMIE-1
SLC29A1-1	SLC29A1-1
STAG1-1	STAG1-1
ARF4-1	ARF4-1
GEMIN8-1	GEMIN8-1
MRGBP-1	MRGBP-1
ZNF367-1	ZNF367-1
C1R-1	C1R-1
CERS2-1	CERS2-1
SLX4IP-1	SLX4IP-1
MYH9-1	MYH9-1
SAA2-1	SAA2-1
TAB2-1	TAB2-1
MX1-1	MX1-1
AP2A1-1	AP2A1-1
NT5E-1	NT5E-1
FBXW7-1	FBXW7-1
ZNF528-1	ZNF528-1
RBM26-1	RBM26-1
TXNRD1-1	TXNRD1-1
NAA30-1	NAA30-1
PDCD5-1	PDCD5-1
EIF4H-1	EIF4H-1
UBALD2-1	UBALD2-1
BCCIP-1	BCCIP-1
ELK1-1	ELK1-1
SSSCA1-1	SSSCA1-1
CLDN20-1	CLDN20-1
RINL-1	RINL-1
APOBEC2-1	APOBEC2-1
GLI2-1	GLI2-1
DOT1L-1	DOT1L-1
RNF149-1	RNF149-1
TAOK3-1	TAOK3-1
ATP6AP1-1	ATP6AP1-1
MYO15B-1	MYO15B-1
MED15-1	MED15-1
CABP4-1	CABP4-1
RIOK1-1	RIOK1-1
SLC27A4-1	SLC27A4-1
DOCK5-1	DOCK5-1
NTN5-1	NTN5-1
CCDC28A-1	CCDC28A-1
HIST1H2BH-1	HIST1H2BH-1
DNM2-1	DNM2-1
NOG-1	NOG-1
DSTYK-1	DSTYK-1
PHYKPL-1	PHYKPL-1
SH2D4A-1	SH2D4A-1
RNF115-1	RNF115-1
CKAP2L-1	CKAP2L-1
CLPB-1	CLPB-1
ADA-1	ADA-1
HIST1H4J-1	HIST1H4J-1
CSTF2T-1	CSTF2T-1
FOXO3-1	FOXO3-1
ARMC12-1	ARMC12-1
TRIM62-1	TRIM62-1
ACTA2-1	ACTA2-1
PHPT1-1	PHPT1-1
HLCS-1	HLCS-1
PSD4-1	PSD4-1
RPL18A-1	RPL18A-1
MLF2-1	MLF2-1
HARBI1-1	HARBI1-1
PGAP2-1	PGAP2-1
RAB37-1	RAB37-1
LMF1-1	LMF1-1
SLC25A27-1	SLC25A27-1
NR3C2-1	NR3C2-1
MFN2-1	MFN2-1
TSC2-1	TSC2-1
MEA1-1	MEA1-1
ATG2B-1	ATG2B-1
LOXL2-1	LOXL2-1
USP47-1	USP47-1
MR1-1	MR1-1
RAB27B-1	RAB27B-1
NSL1-1	NSL1-1
RNF141-1	RNF141-1
SEC13-1	SEC13-1
ZNF780A-1	ZNF780A-1
RIC8B-1	RIC8B-1
CACTIN-1	CACTIN-1
TERT-1	TERT-1
FBXO41-1	FBXO41-1
MT1M-1	MT1M-1
RASSF8-1	RASSF8-1
USF3-1	USF3-1
IKBKB-1	IKBKB-1
SCRN2-1	SCRN2-1
BOK-1	BOK-1
BZW2-1	BZW2-1
MYCBP2-1	MYCBP2-1
FBRS-1	FBRS-1
DDX21-1	DDX21-1
NDUFA5-1	NDUFA5-1
DIMT1-1	DIMT1-1
DIS3-1	DIS3-1
MACC1-1	MACC1-1
PSKH1-1	PSKH1-1
KCNC4-1	KCNC4-1
PACRGL-1	PACRGL-1
SENP1-1	SENP1-1
PDZD4-1	PDZD4-1
SPINT2-1	SPINT2-1
PRDM11-1	PRDM11-1
SNX12-1	SNX12-1
EXOC1-1	EXOC1-1
NEK6-1	NEK6-1
PDLIM7-1	PDLIM7-1
TMEM115-1	TMEM115-1
HPS1-1	HPS1-1
UTY-1	UTY-1
KIAA0753-1	KIAA0753-1
ZNF264-1	ZNF264-1
GOSR1-1	GOSR1-1
ENPP5-1	ENPP5-1
FBXO33-1	FBXO33-1
COX7B-1	COX7B-1
CCDC136-1	CCDC136-1
SLC18A2-1	SLC18A2-1
TMED9-1	TMED9-1
ALG8-1	ALG8-1
VPS26C-1	VPS26C-1
MIS12-1	MIS12-1
ETV7-1	ETV7-1
ADAM17-1	ADAM17-1
THOC6-1	THOC6-1
ENOSF1-1	ENOSF1-1
CEPT1-1	CEPT1-1
MRPL3-1	MRPL3-1
USP3-1	USP3-1
CXXC4-1	CXXC4-1
CD40-1	CD40-1
RIT1-1	RIT1-1
AKR1A1-1	AKR1A1-1
SEC31B-1	SEC31B-1
ELOVL4-1	ELOVL4-1
C14orf28-1	C14orf28-1
CYB5R3-1	CYB5R3-1
ZNF460-1	ZNF460-1
SLBP-1	SLBP-1
FCHO1-1	FCHO1-1
UCHL5-1	UCHL5-1
MCOLN2-1	MCOLN2-1
ZKSCAN8-1	ZKSCAN8-1
ZNF563-1	ZNF563-1
TEAD4-1	TEAD4-1
UBE2G2-1	UBE2G2-1
BAIAP2L1-1	BAIAP2L1-1
CISH-1	CISH-1
TSPAN5-1	TSPAN5-1
LSMEM1-1	LSMEM1-1
CRAT-1	CRAT-1
N6AMT1-1	N6AMT1-1
CA5B-1	CA5B-1
ZNF736-1	ZNF736-1
RSBN1-1	RSBN1-1
TXNDC17-1	TXNDC17-1
TCF23-1	TCF23-1
RPL30-1	RPL30-1
MYCBP-1	MYCBP-1
VPS33A-1	VPS33A-1
HSF5-1	HSF5-1
PPFIBP1-1	PPFIBP1-1
FAM19A1-1	FAM19A1-1
APPL2-1	APPL2-1
ID1-1	ID1-1
UBC-1	UBC-1
CDC40-1	CDC40-1
B3GNT5-1	B3GNT5-1
PAIP2B-1	PAIP2B-1
SP100-1	SP100-1
ZNF770-1	ZNF770-1
PPP2R2A-1	PPP2R2A-1
ZNF628-1	ZNF628-1
BUD23-1	BUD23-1
FBXO43-1	FBXO43-1
AMPD2-1	AMPD2-1
OR52N4-1	OR52N4-1
MED21-1	MED21-1
ZNF337-1	ZNF337-1
FAM160B1-1	FAM160B1-1
CDK11A-1	CDK11A-1
RHOU-1	RHOU-1
PRRT2-1	PRRT2-1
PPP6R2-1	PPP6R2-1
CDK2-1	CDK2-1
PDE3B-1	PDE3B-1
NHLRC3-1	NHLRC3-1
NOD1-1	NOD1-1
PPIB-1	PPIB-1
PSRC1-1	PSRC1-1
RXRA-1	RXRA-1
RGS6-1	RGS6-1
NUCB1-1	NUCB1-1
ADD2-1	ADD2-1
GBP5-1	GBP5-1
CCT2-1	CCT2-1
RAD21-1	RAD21-1
DNAJC10-1	DNAJC10-1
XYLB-1	XYLB-1
IRX3-1	IRX3-1
PTPN14-1	PTPN14-1
NABP2-1	NABP2-1
LHX4-1	LHX4-1
PXMP2-1	PXMP2-1
ENTR1-1	ENTR1-1
HLA-F-1	HLA-F-1
MAFK-1	MAFK-1
TMPRSS6-1	TMPRSS6-1
EXOSC1-1	EXOSC1-1
PAG1-1	PAG1-1
HDAC3-1	HDAC3-1
NDUFAF8-1	NDUFAF8-1
ARF6-1	ARF6-1
RPS29-1	RPS29-1
HECTD4-1	HECTD4-1
EVC2-1	EVC2-1
COL5A3-1	COL5A3-1
PAIP1-1	PAIP1-1
NOA1-1	NOA1-1
HERC6-1	HERC6-1
NECAB3-1	NECAB3-1
VPS39-1	VPS39-1
TEX22-1	TEX22-1
GP9-1	GP9-1
OTUD7B-1	OTUD7B-1
CDCA7-1	CDCA7-1
NT5C-1	NT5C-1
SAMHD1-1	SAMHD1-1
SLX4-1	SLX4-1
OVCA2-1	OVCA2-1
YIPF6-1	YIPF6-1
RNF145-1	RNF145-1
KLRF1-1	KLRF1-1
TONSL-1	TONSL-1
AK5-1	AK5-1
YPEL5-1	YPEL5-1
WDCP-1	WDCP-1
SLC23A1-1	SLC23A1-1
RNF4-1	RNF4-1
SUZ12-1	SUZ12-1
TENM4-1	TENM4-1
RAI1-1	RAI1-1
PILRB-1	PILRB-1
TOR1A-1	TOR1A-1
TSC22D1-1	TSC22D1-1
RSRC2-1	RSRC2-1
PLCB1-1	PLCB1-1
CENPM-1	CENPM-1
ANKRD55-1	ANKRD55-1
UCKL1-1	UCKL1-1
FAM184A-1	FAM184A-1
CTC1-1	CTC1-1
USP40-1	USP40-1
MRPL36-1	MRPL36-1
TCTEX1D2-1	TCTEX1D2-1
STAP1-1	STAP1-1
GLRX-1	GLRX-1
BMPR1A-1	BMPR1A-1
UBE4A-1	UBE4A-1
AMN1-1	AMN1-1
CDK19-1	CDK19-1
RFK-1	RFK-1
ZG16B-1	ZG16B-1
HSD17B12-1	HSD17B12-1
SMIM14-1	SMIM14-1
VAMP8-1	VAMP8-1
CCNL2-1	CCNL2-1
SRGAP1-1	SRGAP1-1
CCDC102B-1	CCDC102B-1
LCP2-1	LCP2-1
CTNNA1-1	CTNNA1-1
C1orf159-1	C1orf159-1
DNAJC27-1	DNAJC27-1
EDN1-1	EDN1-1
TAF11-1	TAF11-1
KIAA0319L-1	KIAA0319L-1
ELF2-1	ELF2-1
OSBP2-1	OSBP2-1
ZNF780B-1	ZNF780B-1
DPF3-1	DPF3-1
BCAS2-1	BCAS2-1
CD27-1	CD27-1
CHRM4-1	CHRM4-1
DCTN3-1	DCTN3-1
ASXL2-1	ASXL2-1
NCKIPSD-1	NCKIPSD-1
AGK-1	AGK-1
EPOR-1	EPOR-1
MFSD2A-1	MFSD2A-1
BEST4-1	BEST4-1
PAXX-1	PAXX-1
BICD2-1	BICD2-1
FAM111A-1	FAM111A-1
SBK1-1	SBK1-1
DNAAF2-1	DNAAF2-1
PIGL-1	PIGL-1
SPIB-1	SPIB-1
NRGN-1	NRGN-1
CCDC184-1	CCDC184-1
DLGAP4-1	DLGAP4-1
ZBTB42-1	ZBTB42-1
CDK13-1	CDK13-1
FAM76A-1	FAM76A-1
TC2N-1	TC2N-1
GATA6-1	GATA6-1
PBK-1	PBK-1
RMI2-1	RMI2-1
IL13-1	IL13-1
CA2-1	CA2-1
PLCD4-1	PLCD4-1
MTCH2-1	MTCH2-1
TRIM16-1	TRIM16-1
BAMBI-1	BAMBI-1
HMGXB4-1	HMGXB4-1
PLCE1-1	PLCE1-1
MTHFD1-1	MTHFD1-1
RFC1-1	RFC1-1
GPR68-1	GPR68-1
MRPL53-1	MRPL53-1
LRRC1-1	LRRC1-1
AKT1S1-1	AKT1S1-1
NADK2-1	NADK2-1
ERN1-1	ERN1-1
NANS-1	NANS-1
PLEK-1	PLEK-1
TPCN1-1	TPCN1-1
EML4-1	EML4-1
CDKN2AIPNL-1	CDKN2AIPNL-1
ZNF667-1	ZNF667-1
C7-1	C7-1
AK3-1	AK3-1
HOXB8-1	HOXB8-1
NCAPD3-1	NCAPD3-1
HACD4-1	HACD4-1
USP35-1	USP35-1
IFIT2-1	IFIT2-1
PVRIG-1	PVRIG-1
RFWD3-1	RFWD3-1
ZDHHC20-1	ZDHHC20-1
IFT22-1	IFT22-1
ZUP1-1	ZUP1-1
PJA2-1	PJA2-1
CCR6-1	CCR6-1
NBPF26-1	NBPF26-1
TMPRSS3-1	TMPRSS3-1
SKAP2-1	SKAP2-1
TBRG4-1	TBRG4-1
METTL15-1	METTL15-1
NR2F2-1	NR2F2-1
EFNB2-1	EFNB2-1
NKG7-1	NKG7-1
C5orf51-1	C5orf51-1
TAF1-1	TAF1-1
TARS-1	TARS-1
CTNNAL1-1	CTNNAL1-1
PRDM4-1	PRDM4-1
KDM3A-1	KDM3A-1
TCF4-1	TCF4-1
PIAS1-1	PIAS1-1
TRIM56-1	TRIM56-1
KLRD1-1	KLRD1-1
PAK4-1	PAK4-1
MDP1-1	MDP1-1
EFCAB11-1	EFCAB11-1
INTS13-1	INTS13-1
DNAAF5-1	DNAAF5-1
SNAPC3-1	SNAPC3-1
SH3RF3-1	SH3RF3-1
TNFSF8-1	TNFSF8-1
LRRK2-1	LRRK2-1
VPS18-1	VPS18-1
OGA-1	OGA-1
NUDCD3-1	NUDCD3-1
HOXD11-1	HOXD11-1
EXOC6B-1	EXOC6B-1
ZNF253-1	ZNF253-1
RPP14-1	RPP14-1
NNMT-1	NNMT-1
RAPGEF1-1	RAPGEF1-1
SPATA6-1	SPATA6-1
UBR1-1	UBR1-1
NHLH1-1	NHLH1-1
NMI-1	NMI-1
BCL2L13-1	BCL2L13-1
CENPE-1	CENPE-1
EXOSC6-1	EXOSC6-1
CFAP45-1	CFAP45-1
H2AFY2-1	H2AFY2-1
C5orf63-1	C5orf63-1
TEX261-1	TEX261-1
DHX38-1	DHX38-1
TKTL1-1	TKTL1-1
NUBP1-1	NUBP1-1
RAB30-1	RAB30-1
MPV17L2-1	MPV17L2-1
IL16-1	IL16-1
APBB1-1	APBB1-1
MOSPD1-1	MOSPD1-1
SEMA4A-1	SEMA4A-1
MCOLN1-1	MCOLN1-1
ZSWIM6-1	ZSWIM6-1
LCN2-1	LCN2-1
FCER2-1	FCER2-1
TPM3-1	TPM3-1
PTAFR-1	PTAFR-1
ATXN7-1	ATXN7-1
ITPR2-1	ITPR2-1
SLC35F5-1	SLC35F5-1
MINK1-1	MINK1-1
ARFIP1-1	ARFIP1-1
MRPL42-1	MRPL42-1
KDM2A-1	KDM2A-1
THAP5-1	THAP5-1
DLG1-1	DLG1-1
TRAPPC4-1	TRAPPC4-1
EVI2B-1	EVI2B-1
AP4M1-1	AP4M1-1
UBN1-1	UBN1-1
PCK1-1	PCK1-1
SLC25A4-1	SLC25A4-1
MPC1-1	MPC1-1
ETAA1-1	ETAA1-1
GIT1-1	GIT1-1
RREB1-1	RREB1-1
ZKSCAN2-1	ZKSCAN2-1
FNDC3B-1	FNDC3B-1
UBE2R2-1	UBE2R2-1
YWHAH-1	YWHAH-1
MED14-1	MED14-1
PSMC3-1	PSMC3-1
ZNF782-1	ZNF782-1
PPP1R1A-1	PPP1R1A-1
ZCCHC9-1	ZCCHC9-1
POP4-1	POP4-1
IRF2BP2-1	IRF2BP2-1
ABHD4-1	ABHD4-1
C11orf95-1	C11orf95-1
PELP1-1	PELP1-1
HIC1-1	HIC1-1
SH3GLB2-1	SH3GLB2-1
RARB-1	RARB-1
AQP9-1	AQP9-1
ZNF350-1	ZNF350-1
DUS2-1	DUS2-1
RNF146-1	RNF146-1
APH1B-1	APH1B-1
CABLES1-1	CABLES1-1
DIDO1-1	DIDO1-1
ZNF436-1	ZNF436-1
AHSA1-1	AHSA1-1
DACH2-1	DACH2-1
ESF1-1	ESF1-1
ISL2-1	ISL2-1
TIAF1-1	TIAF1-1
SNX8-1	SNX8-1
PHGR1-1	PHGR1-1
GMPPB-1	GMPPB-1
HIST1H2BC-1	HIST1H2BC-1
GORASP1-1	GORASP1-1
SPAG5-1	SPAG5-1
KARS-1	KARS-1
NUDT21-1	NUDT21-1
PFN2-1	PFN2-1
SLC10A1-1	SLC10A1-1
SAC3D1-1	SAC3D1-1
IKZF2-1	IKZF2-1
UBAC2-1	UBAC2-1
GDE1-1	GDE1-1
SIVA1-1	SIVA1-1
LSS-1	LSS-1
PAX3-1	PAX3-1
EPS8-1	EPS8-1
ZNF451-1	ZNF451-1
HSPA12A-1	HSPA12A-1
CCDC66-1	CCDC66-1
COPS7B-1	COPS7B-1
TMPRSS5-1	TMPRSS5-1
XXYLT1-1	XXYLT1-1
CD300E-1	CD300E-1
PAX6-1	PAX6-1
RHOBTB3-1	RHOBTB3-1
DUSP1-1	DUSP1-1
DRG1-1	DRG1-1
ALG3-1	ALG3-1
ASPHD2-1	ASPHD2-1
NEK9-1	NEK9-1
ANO6-1	ANO6-1
CYTH3-1	CYTH3-1
GDI1-1	GDI1-1
SIM1-1	SIM1-1
ZNF644-1	ZNF644-1
FIP1L1-1	FIP1L1-1
PHOSPHO2-1	PHOSPHO2-1
ZNF799-1	ZNF799-1
GCH1-1	GCH1-1
NF1-1	NF1-1
PGAM1-1	PGAM1-1
FOXO4-1	FOXO4-1
CXCL8-1	CXCL8-1
METTL21A-1	METTL21A-1
CYB5D2-1	CYB5D2-1
RPL38-1	RPL38-1
INTS5-1	INTS5-1
SLC26A5-1	SLC26A5-1
HACD2-1	HACD2-1
C2CD2-1	C2CD2-1
PNN-1	PNN-1
KLHL18-1	KLHL18-1
MARCH1-1	MARCH1-1
SMAD4-1	SMAD4-1
GATC-1	GATC-1
PTGES3-1	PTGES3-1
EIF4E3-1	EIF4E3-1
CCNE1-1	CCNE1-1
UBE2N-1	UBE2N-1
FAM3A-1	FAM3A-1
APBA1-1	APBA1-1
KCMF1-1	KCMF1-1
RNASE1-1	RNASE1-1
PLCL1-1	PLCL1-1
RRP1-1	RRP1-1
CAMSAP1-1	CAMSAP1-1
ATF3-1	ATF3-1
ATAD2B-1	ATAD2B-1
GUCA1B-1	GUCA1B-1
PLVAP-1	PLVAP-1
CCT6A-1	CCT6A-1
HSD17B4-1	HSD17B4-1
LXN-1	LXN-1
ALAD-1	ALAD-1
SEC14L2-1	SEC14L2-1
CAAP1-1	CAAP1-1
GPR27-1	GPR27-1
ZNHIT1-1	ZNHIT1-1
ZNF326-1	ZNF326-1
ERI3-1	ERI3-1
SS18L2-1	SS18L2-1
TSPAN8-1	TSPAN8-1
EEF1AKMT2-1	EEF1AKMT2-1
DNAJC6-1	DNAJC6-1
APPBP2-1	APPBP2-1
FBXO2-1	FBXO2-1
PPP2R1B-1	PPP2R1B-1
THEM6-1	THEM6-1
NEDD9-1	NEDD9-1
NR1D1-1	NR1D1-1
GFPT1-1	GFPT1-1
TOX4-1	TOX4-1
IL10RB-1	IL10RB-1
SFXN3-1	SFXN3-1
CCDC69-1	CCDC69-1
TGFBRAP1-1	TGFBRAP1-1
PXK-1	PXK-1
ZC3H7A-1	ZC3H7A-1
NR6A1-1	NR6A1-1
WASHC2C-1	WASHC2C-1
APC-1	APC-1
USP13-1	USP13-1
MUL1-1	MUL1-1
CAV1-1	CAV1-1
P2RY11-1	P2RY11-1
MUC3A-1	MUC3A-1
JPT1-1	JPT1-1
FUZ-1	FUZ-1
SORD-1	SORD-1
CDADC1-1	CDADC1-1
CHD2-1	CHD2-1
HNF1A-1	HNF1A-1
TGIF2LX-1	TGIF2LX-1
PRNP-1	PRNP-1
CCDC7-1	CCDC7-1
EDA-1	EDA-1
ANKRD33B-1	ANKRD33B-1
STEAP4-1	STEAP4-1
CNKSR3-1	CNKSR3-1
TMEM87A-1	TMEM87A-1
TMSB4Y-1	TMSB4Y-1
ARMCX4-1	ARMCX4-1
MARCH2-1	MARCH2-1
ZIC4-1	ZIC4-1
KLF14-1	KLF14-1
FTL-1	FTL-1
TNK1-1	TNK1-1
XAF1-1	XAF1-1
EIF2B2-1	EIF2B2-1
TATDN1-1	TATDN1-1
ESCO2-1	ESCO2-1
POLR3D-1	POLR3D-1
HEG1-1	HEG1-1
ABCB9-1	ABCB9-1
UBA52-1	UBA52-1
KIN-1	KIN-1
NT5C2-1	NT5C2-1
GNG8-1	GNG8-1
STK39-1	STK39-1
MAN2B1-1	MAN2B1-1
FAHD2A-1	FAHD2A-1
ZNF146-1	ZNF146-1
DNAJB6-1	DNAJB6-1
ATG4B-1	ATG4B-1
TXNDC11-1	TXNDC11-1
H3F3B-1	H3F3B-1
AGGF1-1	AGGF1-1
PRKD2-1	PRKD2-1
RBM15B-1	RBM15B-1
WDR91-1	WDR91-1
IL17F-1	IL17F-1
TGFBI-1	TGFBI-1
NFATC2IP-1	NFATC2IP-1
CCR7-1	CCR7-1
RPS14-1	RPS14-1
GFOD1-1	GFOD1-1
SLFN12L-1	SLFN12L-1
NAV1-1	NAV1-1
TSPAN33-1	TSPAN33-1
CDC34-1	CDC34-1
CTLA4-1	CTLA4-1
MRPL2-1	MRPL2-1
PPIL4-1	PPIL4-1
E2F2-1	E2F2-1
MRPL15-1	MRPL15-1
C7orf50-1	C7orf50-1
CAPZA1-1	CAPZA1-1
CRYGS-1	CRYGS-1
SAR1A-1	SAR1A-1
ATP6V1C1-1	ATP6V1C1-1
TDRD3-1	TDRD3-1
SRSF4-1	SRSF4-1
ZNF195-1	ZNF195-1
SPRN-1	SPRN-1
NR1H4-1	NR1H4-1
FAM124B-1	FAM124B-1
MTHFS-1	MTHFS-1
BPIFA2-1	BPIFA2-1
HGD-1	HGD-1
ILF2-1	ILF2-1
ATG9A-1	ATG9A-1
SIAH1-1	SIAH1-1
NAB1-1	NAB1-1
TIGD2-1	TIGD2-1
PPTC7-1	PPTC7-1
SELENOT-1	SELENOT-1
PREB-1	PREB-1
SPIC-1	SPIC-1
COBLL1-1	COBLL1-1
RWDD2A-1	RWDD2A-1
TARBP2-1	TARBP2-1
NDUFA4-1	NDUFA4-1
GTF3C5-1	GTF3C5-1
FLYWCH2-1	FLYWCH2-1
SDCBP2-1	SDCBP2-1
C16orf58-1	C16orf58-1
ZNF569-1	ZNF569-1
MICU2-1	MICU2-1
FBXL3-1	FBXL3-1
C6orf106-1	C6orf106-1
NARS2-1	NARS2-1
GZMM-1	GZMM-1
B3GALT2-1	B3GALT2-1
P3H1-1	P3H1-1
GNAS-1	GNAS-1
YME1L1-1	YME1L1-1
ONECUT3-1	ONECUT3-1
C18orf21-1	C18orf21-1
STX2-1	STX2-1
PIGB-1	PIGB-1
SH3BGRL3-1	SH3BGRL3-1
ST3GAL3-1	ST3GAL3-1
FBXO6-1	FBXO6-1
ARMC10-1	ARMC10-1
SMTNL1-1	SMTNL1-1
NUDT5-1	NUDT5-1
HDAC6-1	HDAC6-1
ATP6V0C-1	ATP6V0C-1
YJEFN3-1	YJEFN3-1
ZNF90-1	ZNF90-1
SNW1-1	SNW1-1
ITGA1-1	ITGA1-1
MCCC1-1	MCCC1-1
LRCH1-1	LRCH1-1
ZNF12-1	ZNF12-1
CHRNA1-1	CHRNA1-1
VMP1-1	VMP1-1
ADH1B-1	ADH1B-1
S100A11-1	S100A11-1
ADORA2A-1	ADORA2A-1
SESTD1-1	SESTD1-1
MDFIC-1	MDFIC-1
ADGRE1-1	ADGRE1-1
CLTC-1	CLTC-1
ATP5MC2-1	ATP5MC2-1
CTSA-1	CTSA-1
MSI2-1	MSI2-1
RPS13-1	RPS13-1
ROGDI-1	ROGDI-1
AMMECR1L-1	AMMECR1L-1
BCL2L12-1	BCL2L12-1
SPATA24-1	SPATA24-1
RBPJ-1	RBPJ-1
POLR1A-1	POLR1A-1
TXNL4A-1	TXNL4A-1
CENPQ-1	CENPQ-1
SLC51A-1	SLC51A-1
PPP1R12C-1	PPP1R12C-1
ECE2-1	ECE2-1
DCUN1D4-1	DCUN1D4-1
CREB3L2-1	CREB3L2-1
HSPA6-1	HSPA6-1
SLC30A4-1	SLC30A4-1
AKTIP-1	AKTIP-1
TMEM265-1	TMEM265-1
ZNF573-1	ZNF573-1
PPP1R2-1	PPP1R2-1
GLI3-1	GLI3-1
DNAJC16-1	DNAJC16-1
CSNK1A1-1	CSNK1A1-1
ARIH2-1	ARIH2-1
VPS13C-1	VPS13C-1
USP53-1	USP53-1
WDR77-1	WDR77-1
AEN-1	AEN-1
MEST-1	MEST-1
GTF3C3-1	GTF3C3-1
GPR55-1	GPR55-1
THAP12-1	THAP12-1
DHX36-1	DHX36-1
TNKS-1	TNKS-1
TMEM182-1	TMEM182-1
LNPEP-1	LNPEP-1
FERMT2-1	FERMT2-1
EBF3-1	EBF3-1
ANHX-1	ANHX-1
BCAP29-1	BCAP29-1
PIGA-1	PIGA-1
CAB39-1	CAB39-1
BRF2-1	BRF2-1
KBTBD8-1	KBTBD8-1
HIST1H3C-1	HIST1H3C-1
NPDC1-1	NPDC1-1
ZDHHC11B-1	ZDHHC11B-1
USP20-1	USP20-1
IFI30-1	IFI30-1
ZFAT-1	ZFAT-1
SERPING1-1	SERPING1-1
ENOX2-1	ENOX2-1
CXCL13-1	CXCL13-1
BTBD10-1	BTBD10-1
CCPG1-1	CCPG1-1
PTS-1	PTS-1
SMC4-1	SMC4-1
TBX2-1	TBX2-1
ADSL-1	ADSL-1
TMA16-1	TMA16-1
GPALPP1-1	GPALPP1-1
VIPR1-1	VIPR1-1
CMC1-1	CMC1-1
ZAP70-1	ZAP70-1
CTBP2-1	CTBP2-1
MYRFL-1	MYRFL-1
GLIPR2-1	GLIPR2-1
ZNF365-1	ZNF365-1
PPP3CC-1	PPP3CC-1
GALM-1	GALM-1
SPATA32-1	SPATA32-1
DNAJB14-1	DNAJB14-1
CSRP1-1	CSRP1-1
CCZ1B-1	CCZ1B-1
CCDC152-1	CCDC152-1
GATD1-1	GATD1-1
IFITM1-1	IFITM1-1
ALG5-1	ALG5-1
SDF2L1-1	SDF2L1-1
PJVK-1	PJVK-1
UNK-1	UNK-1
HS3ST3A1-1	HS3ST3A1-1
HEY2-1	HEY2-1
SH3GLB1-1	SH3GLB1-1
HERC4-1	HERC4-1
C8orf44-1	C8orf44-1
DPYSL2-1	DPYSL2-1
ZNF420-1	ZNF420-1
DHDDS-1	DHDDS-1
PCLAF-1	PCLAF-1
NELFA-1	NELFA-1
CASP7-1	CASP7-1
YKT6-1	YKT6-1
DISP1-1	DISP1-1
ABCA3-1	ABCA3-1
SCD-1	SCD-1
POU3F1-1	POU3F1-1
DPP3-1	DPP3-1
ACSL1-1	ACSL1-1
PBLD-1	PBLD-1
SLC11A2-1	SLC11A2-1
SLC30A7-1	SLC30A7-1
PRRX1-1	PRRX1-1
C1orf189-1	C1orf189-1
ING2-1	ING2-1
ZNF716-1	ZNF716-1
GRIN2B-1	GRIN2B-1
SMAD1-1	SMAD1-1
CYTIP-1	CYTIP-1
CD47-1	CD47-1
TMEM256-1	TMEM256-1
EIF3G-1	EIF3G-1
SMYD3-1	SMYD3-1
GANC-1	GANC-1
MPHOSPH8-1	MPHOSPH8-1
DEXI-1	DEXI-1
TACC1-1	TACC1-1
POU3F4-1	POU3F4-1
ZNF560-1	ZNF560-1
LYRM2-1	LYRM2-1
C20orf27-1	C20orf27-1
TOP2B-1	TOP2B-1
MAFG-1	MAFG-1
CPT2-1	CPT2-1
MCTS1-1	MCTS1-1
SSU72-1	SSU72-1
KCNH2-1	KCNH2-1
LZTS3-1	LZTS3-1
FAM71F2-1	FAM71F2-1
ELK4-1	ELK4-1
SLC39A9-1	SLC39A9-1
SDF4-1	SDF4-1
APOLD1-1	APOLD1-1
C11orf98-1	C11orf98-1
ZCCHC14-1	ZCCHC14-1
BHLHE40-1	BHLHE40-1
LMAN1-1	LMAN1-1
ACOT7-1	ACOT7-1
NUP160-1	NUP160-1
PDZD11-1	PDZD11-1
MOB3C-1	MOB3C-1
SLC25A34-1	SLC25A34-1
ABHD17B-1	ABHD17B-1
NARF-1	NARF-1
CSGALNACT1-1	CSGALNACT1-1
ZNF417-1	ZNF417-1
FUT11-1	FUT11-1
CHD6-1	CHD6-1
CXorf38-1	CXorf38-1
GLDC-1	GLDC-1
EXOSC3-1	EXOSC3-1
PGAM5-1	PGAM5-1
NME9-1	NME9-1
HECW1-1	HECW1-1
CENPS-1	CENPS-1
DLX4-1	DLX4-1
SLC4A10-1	SLC4A10-1
GK-1	GK-1
NR1D2-1	NR1D2-1
MFHAS1-1	MFHAS1-1
BMS1-1	BMS1-1
DNAJA2-1	DNAJA2-1
RAB6A-1	RAB6A-1
MYH3-1	MYH3-1
RIPOR2-1	RIPOR2-1
OMA1-1	OMA1-1
MAP9-1	MAP9-1
ATXN10-1	ATXN10-1
ZSCAN4-1	ZSCAN4-1
LMX1B-1	LMX1B-1
COQ2-1	COQ2-1
TPRN-1	TPRN-1
BMP1-1	BMP1-1
SLC25A12-1	SLC25A12-1
DCUN1D2-1	DCUN1D2-1
WWOX-1	WWOX-1
SIPA1L2-1	SIPA1L2-1
AP2S1-1	AP2S1-1
SNRNP27-1	SNRNP27-1
TTI1-1	TTI1-1
BACH2-1	BACH2-1
JPT2-1	JPT2-1
SMCO4-1	SMCO4-1
EID2B-1	EID2B-1
CLIC4-1	CLIC4-1
ZNF485-1	ZNF485-1
YWHAQ-1	YWHAQ-1
HIST1H2BK-1	HIST1H2BK-1
PARP4-1	PARP4-1
TSPAN32-1	TSPAN32-1
SCLT1-1	SCLT1-1
OAT-1	OAT-1
GFI1-1	GFI1-1
ZNF488-1	ZNF488-1
AFF3-1	AFF3-1
PEX5-1	PEX5-1
PRR15L-1	PRR15L-1
ZNF333-1	ZNF333-1
RAD51B-1	RAD51B-1
ITGAM-1	ITGAM-1
LARS2-1	LARS2-1
PFDN5-1	PFDN5-1
COQ3-1	COQ3-1
FYTTD1-1	FYTTD1-1
DLX6-1	DLX6-1
BTBD11-1	BTBD11-1
MTCP1-1	MTCP1-1
LAYN-1	LAYN-1
HOXB5-1	HOXB5-1
HSP90AB1-1	HSP90AB1-1
SPATS2L-1	SPATS2L-1
ZNF570-1	ZNF570-1
CXCL14-1	CXCL14-1
PHIP-1	PHIP-1
HSPA14-1	HSPA14-1
LIMK1-1	LIMK1-1
IL4R-1	IL4R-1
SNAI2-1	SNAI2-1
PHKG2-1	PHKG2-1
ASF1A-1	ASF1A-1
WAPL-1	WAPL-1
CDC42SE1-1	CDC42SE1-1
PRKN-1	PRKN-1
DDX19A-1	DDX19A-1
ABT1-1	ABT1-1
ZNF805-1	ZNF805-1
CD109-1	CD109-1
KLHL15-1	KLHL15-1
RAB40C-1	RAB40C-1
PTF1A-1	PTF1A-1
ZW10-1	ZW10-1
FLI1-1	FLI1-1
RASGRP4-1	RASGRP4-1
IFI16-1	IFI16-1
ALOX12-1	ALOX12-1
HTATSF1-1	HTATSF1-1
SPTBN1-1	SPTBN1-1
NEMP2-1	NEMP2-1
MPDU1-1	MPDU1-1
PEX26-1	PEX26-1
SPPL2B-1	SPPL2B-1
SIAE-1	SIAE-1
RECQL-1	RECQL-1
ZNF208-1	ZNF208-1
RABL6-1	RABL6-1
ADAR-1	ADAR-1
SYNE2-1	SYNE2-1
ANXA2-1	ANXA2-1
CDH24-1	CDH24-1
SPNS3-1	SPNS3-1
NEURL1-1	NEURL1-1
SGF29-1	SGF29-1
GGA1-1	GGA1-1
COQ5-1	COQ5-1
GPR63-1	GPR63-1
USP36-1	USP36-1
MTMR12-1	MTMR12-1
ADAM19-1	ADAM19-1
EEF1E1-1	EEF1E1-1
RNF130-1	RNF130-1
KLHDC7B-1	KLHDC7B-1
JAML-1	JAML-1
TXNIP-1	TXNIP-1
MORN4-1	MORN4-1
GTF2B-1	GTF2B-1
SYNE3-1	SYNE3-1
MMP3-1	MMP3-1
ASTL-1	ASTL-1
TMEM79-1	TMEM79-1
EIF2B1-1	EIF2B1-1
TRADD-1	TRADD-1
JRK-1	JRK-1
ARFGAP1-1	ARFGAP1-1
IL5-1	IL5-1
UTP20-1	UTP20-1
IDNK-1	IDNK-1
CCDC167-1	CCDC167-1
CDK5-1	CDK5-1
SRSF6-1	SRSF6-1
SNCA-1	SNCA-1
CCDC6-1	CCDC6-1
CPTP-1	CPTP-1
CNNM2-1	CNNM2-1
OSBPL2-1	OSBPL2-1
TMEM121-1	TMEM121-1
KLHL25-1	KLHL25-1
PTPRF-1	PTPRF-1
TERB1-1	TERB1-1
FOXD4L4-1	FOXD4L4-1
MRPL17-1	MRPL17-1
MZF1-1	MZF1-1
CNTD1-1	CNTD1-1
RPL8-1	RPL8-1
CPM-1	CPM-1
FES-1	FES-1
RPL37-1	RPL37-1
PIANP-1	PIANP-1
AKAP2-1	AKAP2-1
BCL2A1-1	BCL2A1-1
SLC25A44-1	SLC25A44-1
VAMP2-1	VAMP2-1
CCL28-1	CCL28-1
SPAST-1	SPAST-1
CHID1-1	CHID1-1
TGIF1-1	TGIF1-1
FGFR1OP-1	FGFR1OP-1
GIMAP4-1	GIMAP4-1
METTL18-1	METTL18-1
EBPL-1	EBPL-1
HIST1H3J-1	HIST1H3J-1
ICMT-1	ICMT-1
BCAP31-1	BCAP31-1
CNOT11-1	CNOT11-1
MEN1-1	MEN1-1
TOR2A-1	TOR2A-1
GDF7-1	GDF7-1
GYG1-1	GYG1-1
ERG28-1	ERG28-1
PDLIM5-1	PDLIM5-1
DSE-1	DSE-1
XIAP-1	XIAP-1
TG-1	TG-1
GIMAP2-1	GIMAP2-1
RBM25-1	RBM25-1
B3GLCT-1	B3GLCT-1
RBKS-1	RBKS-1
EMP1-1	EMP1-1
SLC25A42-1	SLC25A42-1
TES-1	TES-1
LMNB1-1	LMNB1-1
COA1-1	COA1-1
INO80E-1	INO80E-1
TPBG-1	TPBG-1
RRM2-1	RRM2-1
PPARD-1	PPARD-1
CEP192-1	CEP192-1
PPHLN1-1	PPHLN1-1
ANLN-1	ANLN-1
ARRDC5-1	ARRDC5-1
ABHD17A-1	ABHD17A-1
PFDN1-1	PFDN1-1
FANCM-1	FANCM-1
RABL3-1	RABL3-1
LZTFL1-1	LZTFL1-1
HOXD9-1	HOXD9-1
HOXC4-1	HOXC4-1
MFSD3-1	MFSD3-1
SLC30A6-1	SLC30A6-1
C20orf202-1	C20orf202-1
LAMP1-1	LAMP1-1
ARMC5-2	ARMC5-2
DDB1-2	DDB1-2
FNDC10-2	FNDC10-2
RORC-2	RORC-2
SLC35F6-2	SLC35F6-2
C22orf46-2	C22orf46-2
POLR2A-2	POLR2A-2
TBX18-2	TBX18-2
TTC17-2	TTC17-2
C16orf87-2	C16orf87-2
DDX42-2	DDX42-2
C20orf194-2	C20orf194-2
SIX4-2	SIX4-2
TNIP1-2	TNIP1-2
RINT1-2	RINT1-2
UBAP2L-2	UBAP2L-2
AGAP2-2	AGAP2-2
CNOT2-2	CNOT2-2
KDM4A-2	KDM4A-2
FBXW2-2	FBXW2-2
SAP30L-2	SAP30L-2
TMEM258-2	TMEM258-2
HOXB1-2	HOXB1-2
DBNDD2-2	DBNDD2-2
WDR83-2	WDR83-2
NOD2-2	NOD2-2
TM6SF1-2	TM6SF1-2
SPR-2	SPR-2
ZNF510-2	ZNF510-2
PEX14-2	PEX14-2
ZDHHC14-2	ZDHHC14-2
PANX1-2	PANX1-2
UPF2-2	UPF2-2
NKAP-2	NKAP-2
ZNF235-2	ZNF235-2
FARS2-2	FARS2-2
SPON2-2	SPON2-2
ZFYVE19-2	ZFYVE19-2
RRNAD1-2	RRNAD1-2
CNOT6L-2	CNOT6L-2
FKBP11-2	FKBP11-2
KCNK7-2	KCNK7-2
ATAD3B-2	ATAD3B-2
SFT2D2-2	SFT2D2-2
ARL6IP4-2	ARL6IP4-2
MOSMO-2	MOSMO-2
DBNDD1-2	DBNDD1-2
LYSMD2-2	LYSMD2-2
TBC1D8-2	TBC1D8-2
ZNF689-2	ZNF689-2
COPS2-2	COPS2-2
LEAP2-2	LEAP2-2
TENM1-2	TENM1-2
EIF4E2-2	EIF4E2-2
ARID1A-2	ARID1A-2
OLIG1-2	OLIG1-2
YIF1A-2	YIF1A-2
ZNF575-2	ZNF575-2
BAZ1B-2	BAZ1B-2
UBR3-2	UBR3-2
STYXL1-2	STYXL1-2
EPS15L1-2	EPS15L1-2
CARNMT1-2	CARNMT1-2
PPP4R3B-2	PPP4R3B-2
RPL39-2	RPL39-2
CDX1-2	CDX1-2
PPP1R3D-2	PPP1R3D-2
EXOC5-2	EXOC5-2
PSMD13-2	PSMD13-2
ANKRD13A-2	ANKRD13A-2
TMC6-2	TMC6-2
DYNLT3-2	DYNLT3-2
TMTC2-2	TMTC2-2
PTPN1-2	PTPN1-2
SECISBP2L-2	SECISBP2L-2
TMEM150A-2	TMEM150A-2
STK16-2	STK16-2
TUBGCP6-2	TUBGCP6-2
PLEKHH2-2	PLEKHH2-2
CEP83-2	CEP83-2
FAM102A-2	FAM102A-2
TMEM43-2	TMEM43-2
ZNF16-2	ZNF16-2
DPCD-2	DPCD-2
NKX2-8-2	NKX2-8-2
RNF10-2	RNF10-2
SUPT7L-2	SUPT7L-2
HAUS3-2	HAUS3-2
ERCC6L-2	ERCC6L-2
RUVBL1-2	RUVBL1-2
GSTK1-2	GSTK1-2
FAM122B-2	FAM122B-2
EVX1-2	EVX1-2
CSMD1-2	CSMD1-2
SUPT20H-2	SUPT20H-2
MYOG-2	MYOG-2
UXS1-2	UXS1-2
POLR3K-2	POLR3K-2
NFE2L2-2	NFE2L2-2
HERC3-2	HERC3-2
GPATCH4-2	GPATCH4-2
RETREG2-2	RETREG2-2
EIF3I-2	EIF3I-2
NT5M-2	NT5M-2
CEP68-2	CEP68-2
SMIM13-2	SMIM13-2
TMEM241-2	TMEM241-2
HSPB11-2	HSPB11-2
PZP-2	PZP-2
ICK-2	ICK-2
TRIM13-2	TRIM13-2
EREG-2	EREG-2
TWNK-2	TWNK-2
EPHB4-2	EPHB4-2
SAMD10-2	SAMD10-2
IRX5-2	IRX5-2
CCDC142-2	CCDC142-2
PIGU-2	PIGU-2
ADGRE5-2	ADGRE5-2
ZNF358-2	ZNF358-2
HECA-2	HECA-2
RGS16-2	RGS16-2
ARL4C-2	ARL4C-2
SACS-2	SACS-2
C12orf10-2	C12orf10-2
NLRC3-2	NLRC3-2
KCNA3-2	KCNA3-2
PHF3-2	PHF3-2
ITIH4-2	ITIH4-2
LIFR-2	LIFR-2
PSMA7-2	PSMA7-2
MSL3-2	MSL3-2
PAX4-2	PAX4-2
RPS6KA1-2	RPS6KA1-2
MNAT1-2	MNAT1-2
PACSIN1-2	PACSIN1-2
POLD3-2	POLD3-2
GZMB-2	GZMB-2
PEX5L-2	PEX5L-2
SLC35E4-2	SLC35E4-2
FBXO32-2	FBXO32-2
HDX-2	HDX-2
NUDCD1-2	NUDCD1-2
KIAA1328-2	KIAA1328-2
LMNA-2	LMNA-2
TNFAIP3-2	TNFAIP3-2
KAT2A-2	KAT2A-2
TEDC1-2	TEDC1-2
CYP3A5-2	CYP3A5-2
EVI5L-2	EVI5L-2
SLC7A11-2	SLC7A11-2
ADRB2-2	ADRB2-2
AP3D1-2	AP3D1-2
NR4A3-2	NR4A3-2
HIRIP3-2	HIRIP3-2
MID2-2	MID2-2
MSC-2	MSC-2
SH2D2A-2	SH2D2A-2
SHPRH-2	SHPRH-2
EPC2-2	EPC2-2
ZNF197-2	ZNF197-2
CAMK2D-2	CAMK2D-2
SCRN1-2	SCRN1-2
SURF4-2	SURF4-2
PRSS3-2	PRSS3-2
LBH-2	LBH-2
PTDSS2-2	PTDSS2-2
PABPC4-2	PABPC4-2
IL5RA-2	IL5RA-2
PRELID1-2	PRELID1-2
DOK4-2	DOK4-2
PTGER4-2	PTGER4-2
ZNF790-2	ZNF790-2
OSTF1-2	OSTF1-2
ISM1-2	ISM1-2
ANKS3-2	ANKS3-2
SLF1-2	SLF1-2
AFG3L2-2	AFG3L2-2
SGO1-2	SGO1-2
ZNF846-2	ZNF846-2
SLC4A5-2	SLC4A5-2
NAT1-2	NAT1-2
TDP2-2	TDP2-2
HOXA13-2	HOXA13-2
LRRC4-2	LRRC4-2
TCAF1-2	TCAF1-2
KPTN-2	KPTN-2
ZNF181-2	ZNF181-2
CSNK1G1-2	CSNK1G1-2
SF3B3-2	SF3B3-2
HCFC2-2	HCFC2-2
TCF7-2	TCF7-2
C1QTNF6-2	C1QTNF6-2
HIKESHI-2	HIKESHI-2
ZFAND2B-2	ZFAND2B-2
TIMD4-2	TIMD4-2
TIMP2-2	TIMP2-2
KLHDC10-2	KLHDC10-2
SLC16A6-2	SLC16A6-2
PSMG2-2	PSMG2-2
DECR1-2	DECR1-2
TOMM6-2	TOMM6-2
DOCK2-2	DOCK2-2
RER1-2	RER1-2
CKS1B-2	CKS1B-2
UBTF-2	UBTF-2
KCTD5-2	KCTD5-2
DNAJC30-2	DNAJC30-2
ENPP3-2	ENPP3-2
CCNG1-2	CCNG1-2
TNIK-2	TNIK-2
HSPA4-2	HSPA4-2
LYN-2	LYN-2
FOXD2-2	FOXD2-2
RAB3GAP1-2	RAB3GAP1-2
DYNC1LI2-2	DYNC1LI2-2
CRTC1-2	CRTC1-2
HOXA7-2	HOXA7-2
CEP295-2	CEP295-2
MBNL3-2	MBNL3-2
MITD1-2	MITD1-2
SLC41A3-2	SLC41A3-2
SCFD1-2	SCFD1-2
INPPL1-2	INPPL1-2
BIN3-2	BIN3-2
SIAH3-2	SIAH3-2
TMEM259-2	TMEM259-2
DMRTA2-2	DMRTA2-2
CD22-2	CD22-2
TEX10-2	TEX10-2
EIF2B5-2	EIF2B5-2
BHLHE23-2	BHLHE23-2
KDM5A-2	KDM5A-2
DSCC1-2	DSCC1-2
DRC3-2	DRC3-2
ALKAL2-2	ALKAL2-2
CDK6-2	CDK6-2
KHK-2	KHK-2
SPCS2-2	SPCS2-2
UBE2Q1-2	UBE2Q1-2
PPM1L-2	PPM1L-2
TRIM52-2	TRIM52-2
CORO1C-2	CORO1C-2
IRF4-2	IRF4-2
DDX19B-2	DDX19B-2
KIF3A-2	KIF3A-2
ANKRD9-2	ANKRD9-2
BHLHE22-2	BHLHE22-2
FURIN-2	FURIN-2
DCLRE1C-2	DCLRE1C-2
SCAI-2	SCAI-2
GNPTAB-2	GNPTAB-2
ELOVL1-2	ELOVL1-2
TRIM17-2	TRIM17-2
DYSF-2	DYSF-2
IFFO2-2	IFFO2-2
NCSTN-2	NCSTN-2
PLCG2-2	PLCG2-2
RPLP2-2	RPLP2-2
RPLP0-2	RPLP0-2
EFNA1-2	EFNA1-2
XRCC4-2	XRCC4-2
ZNF786-2	ZNF786-2
NRARP-2	NRARP-2
POLG2-2	POLG2-2
STX10-2	STX10-2
HMGA2-2	HMGA2-2
PIK3CG-2	PIK3CG-2
CCDC85C-2	CCDC85C-2
NPLOC4-2	NPLOC4-2
MAGI2-2	MAGI2-2
UHRF2-2	UHRF2-2
FLVCR1-2	FLVCR1-2
FAM129B-2	FAM129B-2
ATP2B1-2	ATP2B1-2
CBLN3-2	CBLN3-2
HSPA5-2	HSPA5-2
WDR20-2	WDR20-2
RNF214-2	RNF214-2
COL7A1-2	COL7A1-2
MUC16-2	MUC16-2
CENPB-2	CENPB-2
FBXO5-2	FBXO5-2
PRR14-2	PRR14-2
PSEN2-2	PSEN2-2
RBM27-2	RBM27-2
SEMA4D-2	SEMA4D-2
HIST1H3D-2	HIST1H3D-2
MRPS27-2	MRPS27-2
GIMAP7-2	GIMAP7-2
BCL9L-2	BCL9L-2
DCK-2	DCK-2
GADD45GIP1-2	GADD45GIP1-2
FUT4-2	FUT4-2
NBR1-2	NBR1-2
HIST1H1D-2	HIST1H1D-2
BEX3-2	BEX3-2
C9orf78-2	C9orf78-2
WAC-2	WAC-2
POMGNT2-2	POMGNT2-2
FOXB2-2	FOXB2-2
LTO1-2	LTO1-2
POU5F2-2	POU5F2-2
CD80-2	CD80-2
ZC3H7B-2	ZC3H7B-2
APOL6-2	APOL6-2
SPECC1-2	SPECC1-2
LUZP1-2	LUZP1-2
TRAF1-2	TRAF1-2
SEC23A-2	SEC23A-2
PNMT-2	PNMT-2
PSMA8-2	PSMA8-2
RAB11A-2	RAB11A-2
EMILIN2-2	EMILIN2-2
NDUFB7-2	NDUFB7-2
CALM3-2	CALM3-2
MTO1-2	MTO1-2
AXIN2-2	AXIN2-2
NFATC3-2	NFATC3-2
ZFY-2	ZFY-2
TIAM1-2	TIAM1-2
STS-2	STS-2
EPHX1-2	EPHX1-2
FN3KRP-2	FN3KRP-2
FBXL12-2	FBXL12-2
DPH5-2	DPH5-2
GSTO1-2	GSTO1-2
SPDEF-2	SPDEF-2
PRAF2-2	PRAF2-2
RIOK2-2	RIOK2-2
INSM1-2	INSM1-2
NIPSNAP2-2	NIPSNAP2-2
SIGLEC10-2	SIGLEC10-2
NCKAP1-2	NCKAP1-2
NUBPL-2	NUBPL-2
FNIP1-2	FNIP1-2
IGFBP5-2	IGFBP5-2
PRG4-2	PRG4-2
AOC2-2	AOC2-2
ZNRF3-2	ZNRF3-2
IFT140-2	IFT140-2
CCDC154-2	CCDC154-2
TOP1-2	TOP1-2
POLR3B-2	POLR3B-2
SPSB1-2	SPSB1-2
MOK-2	MOK-2
NUDT11-2	NUDT11-2
ARL14EP-2	ARL14EP-2
ZNF324-2	ZNF324-2
HSPBAP1-2	HSPBAP1-2
SLC35G1-2	SLC35G1-2
C9orf85-2	C9orf85-2
GRK6-2	GRK6-2
CCDC124-2	CCDC124-2
KLHL7-2	KLHL7-2
QARS-2	QARS-2
RNF19A-2	RNF19A-2
C12orf29-2	C12orf29-2
GRAMD1B-2	GRAMD1B-2
MRPL39-2	MRPL39-2
RETREG1-2	RETREG1-2
TMEM184B-2	TMEM184B-2
ZNF735-2	ZNF735-2
RUNX2-2	RUNX2-2
TP73-2	TP73-2
PFKP-2	PFKP-2
MIER2-2	MIER2-2
ZCCHC3-2	ZCCHC3-2
COL6A2-2	COL6A2-2
PCBP4-2	PCBP4-2
C1QB-2	C1QB-2
GPATCH8-2	GPATCH8-2
CLINT1-2	CLINT1-2
MTDH-2	MTDH-2
SASH3-2	SASH3-2
RNF123-2	RNF123-2
RHBDD1-2	RHBDD1-2
FRS3-2	FRS3-2
CLUAP1-2	CLUAP1-2
ZNF354B-2	ZNF354B-2
CCDC22-2	CCDC22-2
TGFBR2-2	TGFBR2-2
BEND4-2	BEND4-2
SFXN1-2	SFXN1-2
CLOCK-2	CLOCK-2
N4BP1-2	N4BP1-2
ZNF8-2	ZNF8-2
PANK3-2	PANK3-2
ZNF585B-2	ZNF585B-2
BPNT1-2	BPNT1-2
LRRC14-2	LRRC14-2
TNKS1BP1-2	TNKS1BP1-2
PRPF39-2	PRPF39-2
CDPF1-2	CDPF1-2
UBXN7-2	UBXN7-2
EPB41L5-2	EPB41L5-2
APRT-2	APRT-2
PI4KB-2	PI4KB-2
SNX15-2	SNX15-2
QKI-2	QKI-2
TMEM175-2	TMEM175-2
CLDN1-2	CLDN1-2
PATZ1-2	PATZ1-2
MAPK1IP1L-2	MAPK1IP1L-2
PHOX2B-2	PHOX2B-2
RAB11B-2	RAB11B-2
ZNF428-2	ZNF428-2
CNPPD1-2	CNPPD1-2
RANBP2-2	RANBP2-2
ANKRD23-2	ANKRD23-2
THAP10-2	THAP10-2
SMKR1-2	SMKR1-2
ZFHX3-2	ZFHX3-2
DCAF10-2	DCAF10-2
SLC10A7-2	SLC10A7-2
RAB18-2	RAB18-2
SALL2-2	SALL2-2
UST-2	UST-2
COG7-2	COG7-2
TIFA-2	TIFA-2
SERTAD1-2	SERTAD1-2
ARL5B-2	ARL5B-2
OGDH-2	OGDH-2
CPEB3-2	CPEB3-2
ENY2-2	ENY2-2
GPR107-2	GPR107-2
HIST1H2BN-2	HIST1H2BN-2
PFAS-2	PFAS-2
ARF1-2	ARF1-2
GP5-2	GP5-2
SH2D3A-2	SH2D3A-2
NR2F1-2	NR2F1-2
NEUROG2-2	NEUROG2-2
ZNF418-2	ZNF418-2
ZNF513-2	ZNF513-2
SPRED2-2	SPRED2-2
GPR25-2	GPR25-2
ZNF827-2	ZNF827-2
GRINA-2	GRINA-2
ZNF777-2	ZNF777-2
ZFP41-2	ZFP41-2
EXO5-2	EXO5-2
CEBPD-2	CEBPD-2
ATAD5-2	ATAD5-2
PLD3-2	PLD3-2
TMEM204-2	TMEM204-2
AMH-2	AMH-2
CXCL1-2	CXCL1-2
EIF3L-2	EIF3L-2
ZNF653-2	ZNF653-2
ZNF664-2	ZNF664-2
IFIH1-2	IFIH1-2
MOB3A-2	MOB3A-2
SMPD3-2	SMPD3-2
FAM174A-2	FAM174A-2
MRPL24-2	MRPL24-2
XKR6-2	XKR6-2
RANBP3-2	RANBP3-2
ZSCAN29-2	ZSCAN29-2
IL32-2	IL32-2
ZSCAN12-2	ZSCAN12-2
CSF3R-2	CSF3R-2
FSCN1-2	FSCN1-2
C3orf52-2	C3orf52-2
PPP4C-2	PPP4C-2
MS4A6A-2	MS4A6A-2
ST20-MTHFS-2	ST20-MTHFS-2
PPP3R1-2	PPP3R1-2
SLC5A5-2	SLC5A5-2
DHRS13-2	DHRS13-2
HPGDS-2	HPGDS-2
FOXP4-2	FOXP4-2
UBASH3A-2	UBASH3A-2
C19orf70-2	C19orf70-2
MCRIP1-2	MCRIP1-2
GRAP2-2	GRAP2-2
PICALM-2	PICALM-2
CCDC28B-2	CCDC28B-2
STAG3-2	STAG3-2
TMEM255A-2	TMEM255A-2
DENND1C-2	DENND1C-2
HOOK1-2	HOOK1-2
ATXN1-2	ATXN1-2
WDFY4-2	WDFY4-2
CNOT10-2	CNOT10-2
PEX10-2	PEX10-2
NRAS-2	NRAS-2
NAXD-2	NAXD-2
ASCC1-2	ASCC1-2
EMSY-2	EMSY-2
MED18-2	MED18-2
REXO1-2	REXO1-2
EEFSEC-2	EEFSEC-2
DNAJC3-2	DNAJC3-2
ATG4A-2	ATG4A-2
IFI44-2	IFI44-2
GCC1-2	GCC1-2
NDUFS4-2	NDUFS4-2
AP5Z1-2	AP5Z1-2
XPA-2	XPA-2
SCRG1-2	SCRG1-2
SCN8A-2	SCN8A-2
CSRNP1-2	CSRNP1-2
TDRKH-2	TDRKH-2
CISD2-2	CISD2-2
TCF7L1-2	TCF7L1-2
RBBP5-2	RBBP5-2
PGC-2	PGC-2
ING1-2	ING1-2
ERP44-2	ERP44-2
SALL4-2	SALL4-2
EDEM2-2	EDEM2-2
CKAP2-2	CKAP2-2
HDAC10-2	HDAC10-2
CYBRD1-2	CYBRD1-2
NUP88-2	NUP88-2
KLHL20-2	KLHL20-2
TRIM35-2	TRIM35-2
SPSB3-2	SPSB3-2
WBP2-2	WBP2-2
ACOT4-2	ACOT4-2
NASP-2	NASP-2
RACK1-2	RACK1-2
ELK3-2	ELK3-2
ACADSB-2	ACADSB-2
SLC39A14-2	SLC39A14-2
NPHP3-2	NPHP3-2
METTL4-2	METTL4-2
SIL1-2	SIL1-2
RGP1-2	RGP1-2
MCUB-2	MCUB-2
MED12-2	MED12-2
IRX4-2	IRX4-2
KIF13B-2	KIF13B-2
RNF6-2	RNF6-2
PSMG4-2	PSMG4-2
DNTTIP1-2	DNTTIP1-2
ZNF517-2	ZNF517-2
DGUOK-2	DGUOK-2
SMAGP-2	SMAGP-2
CAPNS1-2	CAPNS1-2
KTI12-2	KTI12-2
TREX1-2	TREX1-2
SGSH-2	SGSH-2
IRAK3-2	IRAK3-2
WDR5B-2	WDR5B-2
MAMDC4-2	MAMDC4-2
C19orf33-2	C19orf33-2
GRPEL1-2	GRPEL1-2
FAM50B-2	FAM50B-2
MAD2L1-2	MAD2L1-2
FOXM1-2	FOXM1-2
UFSP1-2	UFSP1-2
SMARCC1-2	SMARCC1-2
GABARAP-2	GABARAP-2
MSTO1-2	MSTO1-2
MBOAT4-2	MBOAT4-2
ABCF2-2	ABCF2-2
TNFRSF8-2	TNFRSF8-2
ZNF792-2	ZNF792-2
SYNCRIP-2	SYNCRIP-2
ENDOV-2	ENDOV-2
INCA1-2	INCA1-2
TFE3-2	TFE3-2
DERL1-2	DERL1-2
TWF2-2	TWF2-2
RNF40-2	RNF40-2
ZNF33B-2	ZNF33B-2
ANKRD39-2	ANKRD39-2
CHTF18-2	CHTF18-2
BTN2A2-2	BTN2A2-2
TPPP-2	TPPP-2
ISG20-2	ISG20-2
NEK11-2	NEK11-2
EBI3-2	EBI3-2
CD6-2	CD6-2
PLAC8-2	PLAC8-2
COA5-2	COA5-2
MOB2-2	MOB2-2
GP1BA-2	GP1BA-2
TFRC-2	TFRC-2
C1orf162-2	C1orf162-2
MAD2L2-2	MAD2L2-2
BUD13-2	BUD13-2
RPS7-2	RPS7-2
ZNF784-2	ZNF784-2
PIMREG-2	PIMREG-2
ELP6-2	ELP6-2
ARL6IP6-2	ARL6IP6-2
ZNF737-2	ZNF737-2
DMRT2-2	DMRT2-2
ALDOC-2	ALDOC-2
COPS6-2	COPS6-2
ARMCX6-2	ARMCX6-2
TFR2-2	TFR2-2
MRPL1-2	MRPL1-2
INTS6L-2	INTS6L-2
TTI2-2	TTI2-2
SERINC5-2	SERINC5-2
BSCL2-2	BSCL2-2
ACAA1-2	ACAA1-2
CTSS-2	CTSS-2
TGOLN2-2	TGOLN2-2
ZNF765-2	ZNF765-2
KDSR-2	KDSR-2
PTK2-2	PTK2-2
PGR-2	PGR-2
ATP5PF-2	ATP5PF-2
KCTD15-2	KCTD15-2
CCDC96-2	CCDC96-2
ZBTB32-2	ZBTB32-2
APOO-2	APOO-2
RNF212-2	RNF212-2
AKAP5-2	AKAP5-2
POU6F1-2	POU6F1-2
KRTCAP3-2	KRTCAP3-2
CDCA2-2	CDCA2-2
SPIN1-2	SPIN1-2
ESR1-2	ESR1-2
SMG6-2	SMG6-2
GTPBP2-2	GTPBP2-2
LAMB1-2	LAMB1-2
TPH1-2	TPH1-2
OGG1-2	OGG1-2
ZNF132-2	ZNF132-2
C11orf74-2	C11orf74-2
FAM131A-2	FAM131A-2
TMCO1-2	TMCO1-2
GRK2-2	GRK2-2
TNNC2-2	TNNC2-2
CDH23-2	CDH23-2
ATP1A1-2	ATP1A1-2
BEX5-2	BEX5-2
RCAN2-2	RCAN2-2
ACER2-2	ACER2-2
SPTLC1-2	SPTLC1-2
PYCARD-2	PYCARD-2
MTPAP-2	MTPAP-2
METTL1-2	METTL1-2
APLP1-2	APLP1-2
PDE4B-2	PDE4B-2
VSX2-2	VSX2-2
VMAC-2	VMAC-2
UBXN8-2	UBXN8-2
C1orf56-2	C1orf56-2
RARRES2-2	RARRES2-2
SLC16A3-2	SLC16A3-2
ZNF677-2	ZNF677-2
CITED4-2	CITED4-2
ABCA7-2	ABCA7-2
PARP10-2	PARP10-2
TRABD-2	TRABD-2
MRPL11-2	MRPL11-2
URB2-2	URB2-2
ZBTB11-2	ZBTB11-2
RAB28-2	RAB28-2
TMEM214-2	TMEM214-2
PPP1R13B-2	PPP1R13B-2
JMJD4-2	JMJD4-2
ITSN1-2	ITSN1-2
VPS54-2	VPS54-2
IL9-2	IL9-2
MON1A-2	MON1A-2
SAMD4B-2	SAMD4B-2
ZFYVE1-2	ZFYVE1-2
NGRN-2	NGRN-2
C1QTNF3-2	C1QTNF3-2
CRELD2-2	CRELD2-2
UBE2O-2	UBE2O-2
FAM174B-2	FAM174B-2
DALRD3-2	DALRD3-2
RDH14-2	RDH14-2
SLC9B1-2	SLC9B1-2
RENBP-2	RENBP-2
S1PR5-2	S1PR5-2
PRKCZ-2	PRKCZ-2
ODR4-2	ODR4-2
ERC1-2	ERC1-2
MNX1-2	MNX1-2
NDUFV2-2	NDUFV2-2
TRPM2-2	TRPM2-2
WDR48-2	WDR48-2
EXOSC2-2	EXOSC2-2
HSH2D-2	HSH2D-2
BMI1-2	BMI1-2
C1RL-2	C1RL-2
MAML2-2	MAML2-2
GLE1-2	GLE1-2
KRT19-2	KRT19-2
CGRRF1-2	CGRRF1-2
AP5S1-2	AP5S1-2
SENP6-2	SENP6-2
ZNF821-2	ZNF821-2
KRCC1-2	KRCC1-2
COQ10B-2	COQ10B-2
ANTXR2-2	ANTXR2-2
CDK8-2	CDK8-2
EIF4E-2	EIF4E-2
TMEM60-2	TMEM60-2
LONRF1-2	LONRF1-2
DNAH17-2	DNAH17-2
E2F3-2	E2F3-2
RPL22L1-2	RPL22L1-2
PPP1R12B-2	PPP1R12B-2
STAU1-2	STAU1-2
AGTPBP1-2	AGTPBP1-2
IRF9-2	IRF9-2
PRPF4-2	PRPF4-2
KMT2C-2	KMT2C-2
KDELR1-2	KDELR1-2
C5orf30-2	C5orf30-2
ADAM12-2	ADAM12-2
RBM6-2	RBM6-2
CLDND2-2	CLDND2-2
CCDC127-2	CCDC127-2
ZNF565-2	ZNF565-2
NEU3-2	NEU3-2
SLA-2	SLA-2
IFT74-2	IFT74-2
VENTX-2	VENTX-2
TMX4-2	TMX4-2
GCLC-2	GCLC-2
HDDC2-2	HDDC2-2
HAUS5-2	HAUS5-2
PIH1D1-2	PIH1D1-2
SIK2-2	SIK2-2
CREB5-2	CREB5-2
SNAPC2-2	SNAPC2-2
PPM1B-2	PPM1B-2
SLC25A43-2	SLC25A43-2
ACBD5-2	ACBD5-2
LRRC45-2	LRRC45-2
NEIL1-2	NEIL1-2
PTTG1IP-2	PTTG1IP-2
C17orf107-2	C17orf107-2
GCSH-2	GCSH-2
RPS6KC1-2	RPS6KC1-2
COX7A2L-2	COX7A2L-2
IL1R1-2	IL1R1-2
IL2RB-2	IL2RB-2
PYGB-2	PYGB-2
ZNF20-2	ZNF20-2
RCL1-2	RCL1-2
TRAPPC5-2	TRAPPC5-2
PDS5B-2	PDS5B-2
GPR35-2	GPR35-2
RCOR3-2	RCOR3-2
KRT8-2	KRT8-2
PPP1R9B-2	PPP1R9B-2
ATG4C-2	ATG4C-2
MEFV-2	MEFV-2
HDAC5-2	HDAC5-2
PSMA1-2	PSMA1-2
C2orf15-2	C2orf15-2
CMPK1-2	CMPK1-2
AP3M1-2	AP3M1-2
PM20D2-2	PM20D2-2
DHCR24-2	DHCR24-2
FBXO48-2	FBXO48-2
TM2D2-2	TM2D2-2
ASB13-2	ASB13-2
CAPN7-2	CAPN7-2
BICDL1-2	BICDL1-2
GABPB1-2	GABPB1-2
TMEM80-2	TMEM80-2
YIPF3-2	YIPF3-2
KIF14-2	KIF14-2
FOXL2-2	FOXL2-2
PHF8-2	PHF8-2
CDCP1-2	CDCP1-2
RRM2B-2	RRM2B-2
COPS8-2	COPS8-2
SREBF2-2	SREBF2-2
NRCAM-2	NRCAM-2
GIMAP6-2	GIMAP6-2
HIVEP1-2	HIVEP1-2
SP6-2	SP6-2
ATP6V0B-2	ATP6V0B-2
MAML1-2	MAML1-2
PMEPA1-2	PMEPA1-2
MORN2-2	MORN2-2
SOX7-2	SOX7-2
RBM7-2	RBM7-2
CARD8-2	CARD8-2
GSK3B-2	GSK3B-2
SSH1-2	SSH1-2
ANXA9-2	ANXA9-2
CTNNB1-2	CTNNB1-2
ADPGK-2	ADPGK-2
GAS2L1-2	GAS2L1-2
PIP-2	PIP-2
SOHLH1-2	SOHLH1-2
GRASP-2	GRASP-2
ARRDC4-2	ARRDC4-2
PMF1-2	PMF1-2
COPA-2	COPA-2
SARNP-2	SARNP-2
BASP1-2	BASP1-2
TNS4-2	TNS4-2
PHF23-2	PHF23-2
ATP6V1G1-2	ATP6V1G1-2
BTN3A1-2	BTN3A1-2
NTNG2-2	NTNG2-2
HAND1-2	HAND1-2
ZEB1-2	ZEB1-2
IKZF3-2	IKZF3-2
INSL3-2	INSL3-2
PJA1-2	PJA1-2
FANCC-2	FANCC-2
NTN4-2	NTN4-2
KBTBD3-2	KBTBD3-2
HELT-2	HELT-2
SAMSN1-2	SAMSN1-2
CUL7-2	CUL7-2
MAFA-2	MAFA-2
SF3A3-2	SF3A3-2
WNT10A-2	WNT10A-2
UBE4B-2	UBE4B-2
MLX-2	MLX-2
CARD19-2	CARD19-2
MTM1-2	MTM1-2
C2orf76-2	C2orf76-2
MCM2-2	MCM2-2
HBD-2	HBD-2
TMEM131-2	TMEM131-2
CD244-2	CD244-2
NSUN6-2	NSUN6-2
RYR2-2	RYR2-2
MYO1B-2	MYO1B-2
WDR7-2	WDR7-2
MFSD12-2	MFSD12-2
ZNF527-2	ZNF527-2
TYSND1-2	TYSND1-2
SLC35D2-2	SLC35D2-2
ZNF860-2	ZNF860-2
ORAI2-2	ORAI2-2
LTN1-2	LTN1-2
XRCC1-2	XRCC1-2
C4orf48-2	C4orf48-2
PRDX5-2	PRDX5-2
MMS19-2	MMS19-2
FNBP4-2	FNBP4-2
RRP1B-2	RRP1B-2
NIT2-2	NIT2-2
GCNT7-2	GCNT7-2
VCP-2	VCP-2
THYN1-2	THYN1-2
TBL2-2	TBL2-2
ALDH18A1-2	ALDH18A1-2
FRAT1-2	FRAT1-2
WDHD1-2	WDHD1-2
LRRC69-2	LRRC69-2
LMAN2L-2	LMAN2L-2
STK24-2	STK24-2
STMN3-2	STMN3-2
GALNT6-2	GALNT6-2
TMEM203-2	TMEM203-2
NUSAP1-2	NUSAP1-2
FBXO8-2	FBXO8-2
UBXN11-2	UBXN11-2
MAP3K2-2	MAP3K2-2
IMP3-2	IMP3-2
TLE2-2	TLE2-2
PTPN22-2	PTPN22-2
DNAJC18-2	DNAJC18-2
CDC25C-2	CDC25C-2
OGT-2	OGT-2
YARS-2	YARS-2
ACCS-2	ACCS-2
GCHFR-2	GCHFR-2
PLXNA3-2	PLXNA3-2
PREPL-2	PREPL-2
EIF3E-2	EIF3E-2
ZYG11B-2	ZYG11B-2
KIF23-2	KIF23-2
MPEG1-2	MPEG1-2
TMEM230-2	TMEM230-2
BORCS8-2	BORCS8-2
CUL5-2	CUL5-2
CTSL-2	CTSL-2
CHST12-2	CHST12-2
EML5-2	EML5-2
IFT46-2	IFT46-2
ANGEL1-2	ANGEL1-2
YPEL3-2	YPEL3-2
EPS15-2	EPS15-2
ZNF574-2	ZNF574-2
ZNF726-2	ZNF726-2
CYTH2-2	CYTH2-2
DAPK1-2	DAPK1-2
BCL10-2	BCL10-2
DNAJB9-2	DNAJB9-2
MAD1L1-2	MAD1L1-2
KCNMA1-2	KCNMA1-2
DDX49-2	DDX49-2
ZNF160-2	ZNF160-2
IL11RA-2	IL11RA-2
SLC2A13-2	SLC2A13-2
FAM162A-2	FAM162A-2
SV2A-2	SV2A-2
PLEC-2	PLEC-2
FAM20B-2	FAM20B-2
SEC24A-2	SEC24A-2
TTC26-2	TTC26-2
UBE2L3-2	UBE2L3-2
C6orf89-2	C6orf89-2
LAMA1-2	LAMA1-2
CLEC7A-2	CLEC7A-2
AASS-2	AASS-2
PITPNC1-2	PITPNC1-2
SSNA1-2	SSNA1-2
CASC3-2	CASC3-2
RASSF3-2	RASSF3-2
TMEM102-2	TMEM102-2
RPUSD2-2	RPUSD2-2
PEX3-2	PEX3-2
TMEM68-2	TMEM68-2
CDC26-2	CDC26-2
MALSU1-2	MALSU1-2
CLIP3-2	CLIP3-2
SCML4-2	SCML4-2
LSM10-2	LSM10-2
ISY1-RAB43-2	ISY1-RAB43-2
FAM214A-2	FAM214A-2
CIAO2A-2	CIAO2A-2
CDYL2-2	CDYL2-2
CCNB1-2	CCNB1-2
PLA2G7-2	PLA2G7-2
TRMT112-2	TRMT112-2
CDA-2	CDA-2
TTC39B-2	TTC39B-2
MFSD8-2	MFSD8-2
CTSZ-2	CTSZ-2
SIM2-2	SIM2-2
DPYD-2	DPYD-2
HEATR6-2	HEATR6-2
SDC4-2	SDC4-2
DGCR6L-2	DGCR6L-2
CEP350-2	CEP350-2
RPA3-2	RPA3-2
KCNAB3-2	KCNAB3-2
ESR2-2	ESR2-2
ZBTB8A-2	ZBTB8A-2
TACO1-2	TACO1-2
LRCH4-2	LRCH4-2
PI4KA-2	PI4KA-2
PROCR-2	PROCR-2
PRDM6-2	PRDM6-2
TBC1D4-2	TBC1D4-2
BRPF3-2	BRPF3-2
HIST3H2BB-2	HIST3H2BB-2
GON4L-2	GON4L-2
SPRYD7-2	SPRYD7-2
RNF185-2	RNF185-2
CUL4B-2	CUL4B-2
RSU1-2	RSU1-2
RPL35A-2	RPL35A-2
SECTM1-2	SECTM1-2
TMEM238-2	TMEM238-2
RASSF6-2	RASSF6-2
NT5DC1-2	NT5DC1-2
STAMBP-2	STAMBP-2
NUP62-2	NUP62-2
DCTN1-2	DCTN1-2
HK3-2	HK3-2
OSBP-2	OSBP-2
HES7-2	HES7-2
ZNF641-2	ZNF641-2
VXN-2	VXN-2
CAVIN1-2	CAVIN1-2
RPS27A-2	RPS27A-2
LMF2-2	LMF2-2
MFNG-2	MFNG-2
MIS18A-2	MIS18A-2
DPH6-2	DPH6-2
RAD9A-2	RAD9A-2
AHI1-2	AHI1-2
CETN3-2	CETN3-2
KCTD13-2	KCTD13-2
HIP1-2	HIP1-2
ZNF730-2	ZNF730-2
VKORC1-2	VKORC1-2
BATF3-2	BATF3-2
RPP25-2	RPP25-2
PLCXD2-2	PLCXD2-2
IFT172-2	IFT172-2
POLR1E-2	POLR1E-2
CYBB-2	CYBB-2
PCYOX1-2	PCYOX1-2
EDEM3-2	EDEM3-2
TCF24-2	TCF24-2
CCDC90B-2	CCDC90B-2
ELF1-2	ELF1-2
DFFB-2	DFFB-2
TNFRSF11A-2	TNFRSF11A-2
CPA5-2	CPA5-2
DTL-2	DTL-2
PKNOX1-2	PKNOX1-2
NAAA-2	NAAA-2
ETNK2-2	ETNK2-2
CXADR-2	CXADR-2
MAST2-2	MAST2-2
MCM7-2	MCM7-2
DENND6A-2	DENND6A-2
SIK3-2	SIK3-2
TESK1-2	TESK1-2
CTRL-2	CTRL-2
ENOPH1-2	ENOPH1-2
FICD-2	FICD-2
DVL2-2	DVL2-2
INTS6-2	INTS6-2
DDIT3-2	DDIT3-2
CCDC138-2	CCDC138-2
TNNC1-2	TNNC1-2
HOXC10-2	HOXC10-2
DUS4L-2	DUS4L-2
FBXO31-2	FBXO31-2
LAP3-2	LAP3-2
BNIP3-2	BNIP3-2
NRG4-2	NRG4-2
MEGF6-2	MEGF6-2
RGS1-2	RGS1-2
UBE2E2-2	UBE2E2-2
TMEM243-2	TMEM243-2
VTA1-2	VTA1-2
DOCK6-2	DOCK6-2
DMXL1-2	DMXL1-2
CHST11-2	CHST11-2
RBM28-2	RBM28-2
ZSCAN5B-2	ZSCAN5B-2
LSM7-2	LSM7-2
USF1-2	USF1-2
PRPSAP2-2	PRPSAP2-2
RPUSD1-2	RPUSD1-2
COL4A2-2	COL4A2-2
CFAP126-2	CFAP126-2
SLC38A5-2	SLC38A5-2
ABLIM1-2	ABLIM1-2
CASP8AP2-2	CASP8AP2-2
CPT1A-2	CPT1A-2
ARHGAP12-2	ARHGAP12-2
CAPRIN1-2	CAPRIN1-2
GNS-2	GNS-2
PHAX-2	PHAX-2
PIK3R2-2	PIK3R2-2
COMMD5-2	COMMD5-2
NFKBID-2	NFKBID-2
PRICKLE3-2	PRICKLE3-2
TET1-2	TET1-2
HIST1H2AL-2	HIST1H2AL-2
LIG1-2	LIG1-2
RBM17-2	RBM17-2
C19orf71-2	C19orf71-2
HCAR1-2	HCAR1-2
LGALSL-2	LGALSL-2
LYPD3-2	LYPD3-2
RAD23A-2	RAD23A-2
NFKB2-2	NFKB2-2
GOLT1B-2	GOLT1B-2
FAM172A-2	FAM172A-2
CD300A-2	CD300A-2
L3MBTL4-2	L3MBTL4-2
LRRC20-2	LRRC20-2
EIF4G2-2	EIF4G2-2
TMED4-2	TMED4-2
FTSJ1-2	FTSJ1-2
RASGEF1A-2	RASGEF1A-2
CTPS1-2	CTPS1-2
LPCAT4-2	LPCAT4-2
NETO2-2	NETO2-2
ATF7IP-2	ATF7IP-2
RNF220-2	RNF220-2
TUBA1C-2	TUBA1C-2
CA6-2	CA6-2
LRRC75A-2	LRRC75A-2
CHST2-2	CHST2-2
MYOM1-2	MYOM1-2
ARID1B-2	ARID1B-2
SLC3A2-2	SLC3A2-2
WDR1-2	WDR1-2
CCNI2-2	CCNI2-2
OCIAD1-2	OCIAD1-2
FAM210A-2	FAM210A-2
ACTR1B-2	ACTR1B-2
TTC38-2	TTC38-2
FKBP14-2	FKBP14-2
ZNF224-2	ZNF224-2
FAM92A-2	FAM92A-2
ZNF688-2	ZNF688-2
IL4I1-2	IL4I1-2
POLD4-2	POLD4-2
HHEX-2	HHEX-2
SUMO4-2	SUMO4-2
UBE2E3-2	UBE2E3-2
CCT8-2	CCT8-2
IL1R2-2	IL1R2-2
USP14-2	USP14-2
EPS8L2-2	EPS8L2-2
MEI1-2	MEI1-2
TOMM5-2	TOMM5-2
SWSAP1-2	SWSAP1-2
ATP9A-2	ATP9A-2
MED1-2	MED1-2
FDXR-2	FDXR-2
USP19-2	USP19-2
SP4-2	SP4-2
BNC1-2	BNC1-2
DUXA-2	DUXA-2
DLG4-2	DLG4-2
ZNF862-2	ZNF862-2
ATP5F1D-2	ATP5F1D-2
SERPINA1-2	SERPINA1-2
UXT-2	UXT-2
CBX5-2	CBX5-2
NUDT22-2	NUDT22-2
MLANA-2	MLANA-2
ZFAND1-2	ZFAND1-2
SLC6A6-2	SLC6A6-2
FOXQ1-2	FOXQ1-2
MAGEF1-2	MAGEF1-2
C11orf49-2	C11orf49-2
THNSL1-2	THNSL1-2
CCDC107-2	CCDC107-2
NUP85-2	NUP85-2
PDP2-2	PDP2-2
GRK5-2	GRK5-2
BLK-2	BLK-2
SERPINI1-2	SERPINI1-2
SLC4A8-2	SLC4A8-2
NFAM1-2	NFAM1-2
CNN3-2	CNN3-2
TMEM53-2	TMEM53-2
LRSAM1-2	LRSAM1-2
GBF1-2	GBF1-2
USP37-2	USP37-2
LNX2-2	LNX2-2
DPM1-2	DPM1-2
BORA-2	BORA-2
PRKACB-2	PRKACB-2
MCUR1-2	MCUR1-2
UBXN2A-2	UBXN2A-2
TRRAP-2	TRRAP-2
DSP-2	DSP-2
PREP-2	PREP-2
PABPC1L-2	PABPC1L-2
STX7-2	STX7-2
PDSS1-2	PDSS1-2
CRELD1-2	CRELD1-2
MFSD9-2	MFSD9-2
TMEM254-2	TMEM254-2
UGGT1-2	UGGT1-2
NBEAL2-2	NBEAL2-2
DDX18-2	DDX18-2
NIPA1-2	NIPA1-2
NUDC-2	NUDC-2
ASB7-2	ASB7-2
MAK-2	MAK-2
C21orf91-2	C21orf91-2
BUB1-2	BUB1-2
ZNF469-2	ZNF469-2
ZBTB21-2	ZBTB21-2
EEF1AKMT3-2	EEF1AKMT3-2
PATL1-2	PATL1-2
HAGHL-2	HAGHL-2
RPIA-2	RPIA-2
ZFP37-2	ZFP37-2
CFH-2	CFH-2
FMNL2-2	FMNL2-2
TMEM104-2	TMEM104-2
PFKFB4-2	PFKFB4-2
HPCAL4-2	HPCAL4-2
EIF2B3-2	EIF2B3-2
C1orf109-2	C1orf109-2
LBHD1-2	LBHD1-2
WDR12-2	WDR12-2
CAMK2G-2	CAMK2G-2
STAM2-2	STAM2-2
RFX1-2	RFX1-2
FAM69B-2	FAM69B-2
HSPA9-2	HSPA9-2
SEPHS2-2	SEPHS2-2
NOLC1-2	NOLC1-2
SVIL-2	SVIL-2
DNAJA1-2	DNAJA1-2
BAD-2	BAD-2
TMEM167B-2	TMEM167B-2
RSRC1-2	RSRC1-2
PSMD12-2	PSMD12-2
TRMT10C-2	TRMT10C-2
SNRPA-2	SNRPA-2
DCP1A-2	DCP1A-2
CENPT-2	CENPT-2
ATF6-2	ATF6-2
NDUFS5-2	NDUFS5-2
CTSB-2	CTSB-2
NRIP1-2	NRIP1-2
MIA-2	MIA-2
DNAJC14-2	DNAJC14-2
GCA-2	GCA-2
CCT4-2	CCT4-2
RPE-2	RPE-2
PRMT6-2	PRMT6-2
RPL10-2	RPL10-2
BCKDK-2	BCKDK-2
ONECUT1-2	ONECUT1-2
DENND1B-2	DENND1B-2
ENO3-2	ENO3-2
DYNLL2-2	DYNLL2-2
PROCA1-2	PROCA1-2
ADARB1-2	ADARB1-2
ARHGEF7-2	ARHGEF7-2
ZNF506-2	ZNF506-2
STXBP5-2	STXBP5-2
ADCK5-2	ADCK5-2
IRS1-2	IRS1-2
ZNF579-2	ZNF579-2
SPN-2	SPN-2
NANP-2	NANP-2
TBCCD1-2	TBCCD1-2
TLE4-2	TLE4-2
WDR18-2	WDR18-2
PRR34-2	PRR34-2
BICD1-2	BICD1-2
ZNF320-2	ZNF320-2
MKI67-2	MKI67-2
RAB22A-2	RAB22A-2
ALX4-2	ALX4-2
PNPLA8-2	PNPLA8-2
BTRC-2	BTRC-2
CIAO3-2	CIAO3-2
ADAMTS10-2	ADAMTS10-2
TIMM44-2	TIMM44-2
OTX2-2	OTX2-2
WDR26-2	WDR26-2
MINPP1-2	MINPP1-2
GNPAT-2	GNPAT-2
APOBEC3F-2	APOBEC3F-2
FADS3-2	FADS3-2
SRA1-2	SRA1-2
IPO4-2	IPO4-2
RNF138-2	RNF138-2
USP5-2	USP5-2
ERAP1-2	ERAP1-2
PAM-2	PAM-2
OLIG3-2	OLIG3-2
POU4F2-2	POU4F2-2
NBEAL1-2	NBEAL1-2
TMEM154-2	TMEM154-2
LSM6-2	LSM6-2
CD96-2	CD96-2
PQBP1-2	PQBP1-2
CSH1-2	CSH1-2
PLB1-2	PLB1-2
IFRD1-2	IFRD1-2
CFAP70-2	CFAP70-2
EXO1-2	EXO1-2
GNAI1-2	GNAI1-2
TTF1-2	TTF1-2
MAP1A-2	MAP1A-2
HMCES-2	HMCES-2
SLC33A1-2	SLC33A1-2
MOB4-2	MOB4-2
TYK2-2	TYK2-2
UBB-2	UBB-2
L3MBTL1-2	L3MBTL1-2
SLC25A39-2	SLC25A39-2
HOPX-2	HOPX-2
PRDM16-2	PRDM16-2
CNOT6-2	CNOT6-2
TM4SF1-2	TM4SF1-2
ZNF391-2	ZNF391-2
GTSE1-2	GTSE1-2
DUSP2-2	DUSP2-2
SMPD1-2	SMPD1-2
FSIP1-2	FSIP1-2
NUP214-2	NUP214-2
ZNF865-2	ZNF865-2
CD9-2	CD9-2
NMT2-2	NMT2-2
COX6B1-2	COX6B1-2
AGA-2	AGA-2
CDKN2D-2	CDKN2D-2
DNAJB2-2	DNAJB2-2
LAMTOR1-2	LAMTOR1-2
MYPOP-2	MYPOP-2
HKDC1-2	HKDC1-2
COL6A3-2	COL6A3-2
DNAJB4-2	DNAJB4-2
YAE1-2	YAE1-2
NBN-2	NBN-2
SORCS3-2	SORCS3-2
GCN1-2	GCN1-2
KCNAB2-2	KCNAB2-2
CUZD1-2	CUZD1-2
COG8-2	COG8-2
CNIH4-2	CNIH4-2
GNG2-2	GNG2-2
SNX4-2	SNX4-2
MBD3-2	MBD3-2
IQGAP2-2	IQGAP2-2
NBEA-2	NBEA-2
SCAND1-2	SCAND1-2
MGST1-2	MGST1-2
NOTO-2	NOTO-2
CEP55-2	CEP55-2
ZNF692-2	ZNF692-2
SNX30-2	SNX30-2
HCK-2	HCK-2
HMGN1-2	HMGN1-2
SCARB1-2	SCARB1-2
DOCK9-2	DOCK9-2
CDKN2C-2	CDKN2C-2
SLC23A2-2	SLC23A2-2
B4GALT5-2	B4GALT5-2
ZNF629-2	ZNF629-2
KRT18-2	KRT18-2
FNDC3A-2	FNDC3A-2
CCDC82-2	CCDC82-2
TUT4-2	TUT4-2
HOXD13-2	HOXD13-2
MYBBP1A-2	MYBBP1A-2
DPY19L1-2	DPY19L1-2
RFTN1-2	RFTN1-2
NSUN5-2	NSUN5-2
MARCKSL1-2	MARCKSL1-2
RTCA-2	RTCA-2
UBE2B-2	UBE2B-2
SLC1A4-2	SLC1A4-2
NDUFS8-2	NDUFS8-2
ALDH8A1-2	ALDH8A1-2
ARL10-2	ARL10-2
ETV3-2	ETV3-2
DVL1-2	DVL1-2
HOXD10-2	HOXD10-2
KIDINS220-2	KIDINS220-2
IQCG-2	IQCG-2
MBOAT2-2	MBOAT2-2
BMT2-2	BMT2-2
ACADM-2	ACADM-2
HAUS6-2	HAUS6-2
ZNF831-2	ZNF831-2
VWDE-2	VWDE-2
SNX14-2	SNX14-2
STK4-2	STK4-2
NUDT14-2	NUDT14-2
S100A4-2	S100A4-2
MASP2-2	MASP2-2
ZNF804A-2	ZNF804A-2
SYCE2-2	SYCE2-2
MIF4GD-2	MIF4GD-2
BIK-2	BIK-2
IFIT5-2	IFIT5-2
ARSA-2	ARSA-2
PIGBOS1-2	PIGBOS1-2
ABCB1-2	ABCB1-2
FARP2-2	FARP2-2
RBP2-2	RBP2-2
KIFC3-2	KIFC3-2
LAMA3-2	LAMA3-2
ADAM8-2	ADAM8-2
EDEM1-2	EDEM1-2
STK35-2	STK35-2
NPAS4-2	NPAS4-2
WNT9A-2	WNT9A-2
RDX-2	RDX-2
TBC1D10A-2	TBC1D10A-2
AGPAT5-2	AGPAT5-2
MUCL1-2	MUCL1-2
CALM2-2	CALM2-2
TAF7-2	TAF7-2
CTU2-2	CTU2-2
ACOX3-2	ACOX3-2
DHFR2-2	DHFR2-2
PITPNM1-2	PITPNM1-2
SPAG1-2	SPAG1-2
SIRPA-2	SIRPA-2
NUP35-2	NUP35-2
FUOM-2	FUOM-2
SLC25A11-2	SLC25A11-2
AURKA-2	AURKA-2
ZBTB43-2	ZBTB43-2
LPAR5-2	LPAR5-2
HMGCL-2	HMGCL-2
APBA2-2	APBA2-2
CCNT2-2	CCNT2-2
ANKRD36B-2	ANKRD36B-2
RAI2-2	RAI2-2
IGIP-2	IGIP-2
CYC1-2	CYC1-2
CCT3-2	CCT3-2
SLPI-2	SLPI-2
ODF3B-2	ODF3B-2
STRN3-2	STRN3-2
GATAD1-2	GATAD1-2
MRPS25-2	MRPS25-2
SLC4A1AP-2	SLC4A1AP-2
TFAP2C-2	TFAP2C-2
CDH1-2	CDH1-2
ZDHHC9-2	ZDHHC9-2
PMS1-2	PMS1-2
PERP-2	PERP-2
CEMIP2-2	CEMIP2-2
RUBCN-2	RUBCN-2
PIGP-2	PIGP-2
RAB3B-2	RAB3B-2
SLAIN2-2	SLAIN2-2
PDRG1-2	PDRG1-2
TRIP13-2	TRIP13-2
PRKCB-2	PRKCB-2
GSTP1-2	GSTP1-2
ARMT1-2	ARMT1-2
HERC1-2	HERC1-2
CRAMP1-2	CRAMP1-2
C19orf53-2	C19orf53-2
CCDC93-2	CCDC93-2
SUOX-2	SUOX-2
TTC8-2	TTC8-2
RRP36-2	RRP36-2
ATP2A3-2	ATP2A3-2
GNAI3-2	GNAI3-2
RCSD1-2	RCSD1-2
KDM5D-2	KDM5D-2
PHLDB2-2	PHLDB2-2
ABCC4-2	ABCC4-2
CAPN2-2	CAPN2-2
CREBRF-2	CREBRF-2
LIN7B-2	LIN7B-2
SETBP1-2	SETBP1-2
GREM2-2	GREM2-2
RPRD1B-2	RPRD1B-2
ADCK2-2	ADCK2-2
C11orf24-2	C11orf24-2
FAM32A-2	FAM32A-2
UCN-2	UCN-2
TPRG1L-2	TPRG1L-2
SUB1-2	SUB1-2
CTCF-2	CTCF-2
LHFPL5-2	LHFPL5-2
EGF-2	EGF-2
NPAS3-2	NPAS3-2
RAC2-2	RAC2-2
SDR39U1-2	SDR39U1-2
ZFP62-2	ZFP62-2
CLASP2-2	CLASP2-2
XRRA1-2	XRRA1-2
TOMM7-2	TOMM7-2
ANKHD1-EIF4EBP3-2	ANKHD1-EIF4EBP3-2
ZNF618-2	ZNF618-2
PSPH-2	PSPH-2
VPS25-2	VPS25-2
ALDH5A1-2	ALDH5A1-2
FAM149B1-2	FAM149B1-2
CYB561A3-2	CYB561A3-2
GPR174-2	GPR174-2
EIF3F-2	EIF3F-2
CHKB-2	CHKB-2
TANC2-2	TANC2-2
LAMP3-2	LAMP3-2
BCL11A-2	BCL11A-2
SMYD4-2	SMYD4-2
ENC1-2	ENC1-2
MYH14-2	MYH14-2
CDK4-2	CDK4-2
ZNF318-2	ZNF318-2
SLC4A2-2	SLC4A2-2
STX11-2	STX11-2
SLC25A14-2	SLC25A14-2
OCM-2	OCM-2
NVL-2	NVL-2
MRPL13-2	MRPL13-2
ZNF79-2	ZNF79-2
UTP25-2	UTP25-2
ABCE1-2	ABCE1-2
PRKX-2	PRKX-2
EIF5A2-2	EIF5A2-2
GSTA1-2	GSTA1-2
KLHL11-2	KLHL11-2
PPDPF-2	PPDPF-2
CLTA-2	CLTA-2
SPTLC2-2	SPTLC2-2
CXCL5-2	CXCL5-2
PLA2G12A-2	PLA2G12A-2
ANKRD17-2	ANKRD17-2
IFNG-2	IFNG-2
DMD-2	DMD-2
ZNF684-2	ZNF684-2
HAND2-2	HAND2-2
TEAD3-2	TEAD3-2
DEPTOR-2	DEPTOR-2
C19orf48-2	C19orf48-2
RFX5-2	RFX5-2
GTF2IRD1-2	GTF2IRD1-2
PLSCR1-2	PLSCR1-2
TST-2	TST-2
DAZAP2-2	DAZAP2-2
LARGE2-2	LARGE2-2
STIP1-2	STIP1-2
C10orf105-2	C10orf105-2
HEMK1-2	HEMK1-2
TBC1D17-2	TBC1D17-2
SNX1-2	SNX1-2
EGLN3-2	EGLN3-2
PHLPP2-2	PHLPP2-2
TNFSF14-2	TNFSF14-2
TAS2R5-2	TAS2R5-2
USP12-2	USP12-2
SUSD6-2	SUSD6-2
HYKK-2	HYKK-2
RBPMS-2	RBPMS-2
RBMXL1-2	RBMXL1-2
HPCAL1-2	HPCAL1-2
PFDN2-2	PFDN2-2
VPS13D-2	VPS13D-2
ASAH2B-2	ASAH2B-2
TACC2-2	TACC2-2
ITPR1-2	ITPR1-2
SLC9A7-2	SLC9A7-2
DGKQ-2	DGKQ-2
SEPT5-2	SEPT5-2
NUMBL-2	NUMBL-2
C16orf46-2	C16orf46-2
ZNF480-2	ZNF480-2
BBX-2	BBX-2
PDLIM1-2	PDLIM1-2
IL7R-2	IL7R-2
FOXRED2-2	FOXRED2-2
SCOC-2	SCOC-2
ACTR6-2	ACTR6-2
CCDC25-2	CCDC25-2
C7orf31-2	C7orf31-2
STAMBPL1-2	STAMBPL1-2
FOXJ3-2	FOXJ3-2
MAP1LC3B-2	MAP1LC3B-2
MAPK11-2	MAPK11-2
FASTKD5-2	FASTKD5-2
PARP6-2	PARP6-2
THAP1-2	THAP1-2
NFIC-2	NFIC-2
RCCD1-2	RCCD1-2
ZIC5-2	ZIC5-2
SPIN3-2	SPIN3-2
CD2BP2-2	CD2BP2-2
CLSPN-2	CLSPN-2
UBE2E1-2	UBE2E1-2
OIP5-2	OIP5-2
C8orf88-2	C8orf88-2
MTMR6-2	MTMR6-2
C17orf75-2	C17orf75-2
RUNX3-2	RUNX3-2
TIMP3-2	TIMP3-2
RBM34-2	RBM34-2
VIPR2-2	VIPR2-2
ZDHHC24-2	ZDHHC24-2
TMEM110-MUSTN1-2	TMEM110-MUSTN1-2
ZNF582-2	ZNF582-2
KCTD6-2	KCTD6-2
BLOC1S2-2	BLOC1S2-2
NKX6-1-2	NKX6-1-2
SPG7-2	SPG7-2
TAF1D-2	TAF1D-2
ABCC2-2	ABCC2-2
CD86-2	CD86-2
ATP6V1H-2	ATP6V1H-2
IL1A-2	IL1A-2
OXR1-2	OXR1-2
DOLK-2	DOLK-2
RTKN2-2	RTKN2-2
ACKR3-2	ACKR3-2
LRRC29-2	LRRC29-2
POLR3G-2	POLR3G-2
SOD2-2	SOD2-2
PTRHD1-2	PTRHD1-2
SNX5-2	SNX5-2
HIST1H3F-2	HIST1H3F-2
MRPS16-2	MRPS16-2
LIN9-2	LIN9-2
MYCBPAP-2	MYCBPAP-2
CENPJ-2	CENPJ-2
LPIN2-2	LPIN2-2
TESPA1-2	TESPA1-2
GLT8D1-2	GLT8D1-2
EFCAB7-2	EFCAB7-2
VWCE-2	VWCE-2
ELMOD3-2	ELMOD3-2
HSPE1-MOB4-2	HSPE1-MOB4-2
SRSF3-2	SRSF3-2
GSKIP-2	GSKIP-2
ADAMTSL5-2	ADAMTSL5-2
FAM120A-2	FAM120A-2
PLBD1-2	PLBD1-2
GNA13-2	GNA13-2
FAM57A-2	FAM57A-2
ARMCX2-2	ARMCX2-2
HOXA11-2	HOXA11-2
HS3ST3B1-2	HS3ST3B1-2
HIGD1A-2	HIGD1A-2
PAFAH2-2	PAFAH2-2
TIGD6-2	TIGD6-2
KMT2D-2	KMT2D-2
IL13RA1-2	IL13RA1-2
AZGP1-2	AZGP1-2
LONRF3-2	LONRF3-2
CAPN1-2	CAPN1-2
ZFPL1-2	ZFPL1-2
MTPN-2	MTPN-2
PTMS-2	PTMS-2
CMTM6-2	CMTM6-2
PTGS1-2	PTGS1-2
ALDOB-2	ALDOB-2
CDNF-2	CDNF-2
WDR45B-2	WDR45B-2
GOT1-2	GOT1-2
SDHC-2	SDHC-2
INPP4B-2	INPP4B-2
APOE-2	APOE-2
CCNG2-2	CCNG2-2
PCSK1N-2	PCSK1N-2
TMPPE-2	TMPPE-2
CRTAM-2	CRTAM-2
KDM4C-2	KDM4C-2
HSPBP1-2	HSPBP1-2
HAUS1-2	HAUS1-2
SERPINE1-2	SERPINE1-2
CALCOCO2-2	CALCOCO2-2
MTMR8-2	MTMR8-2
ZNF682-2	ZNF682-2
ATP11C-2	ATP11C-2
BTAF1-2	BTAF1-2
PLXNA1-2	PLXNA1-2
REV3L-2	REV3L-2
DMRTC2-2	DMRTC2-2
SLC37A1-2	SLC37A1-2
POM121-2	POM121-2
SP5-2	SP5-2
POLR1C-2	POLR1C-2
KATNAL1-2	KATNAL1-2
HOXB6-2	HOXB6-2
NAGA-2	NAGA-2
MSX2-2	MSX2-2
PDF-2	PDF-2
UBE2K-2	UBE2K-2
C16orf91-2	C16orf91-2
HIST2H2BE-2	HIST2H2BE-2
CYSLTR2-2	CYSLTR2-2
CD3E-2	CD3E-2
SCNM1-2	SCNM1-2
RILPL1-2	RILPL1-2
TSHZ2-2	TSHZ2-2
XPO6-2	XPO6-2
FLCN-2	FLCN-2
FAM184B-2	FAM184B-2
POU6F2-2	POU6F2-2
NMT1-2	NMT1-2
TFB2M-2	TFB2M-2
IFT80-2	IFT80-2
ZBTB48-2	ZBTB48-2
SNRPD2-2	SNRPD2-2
TNFAIP1-2	TNFAIP1-2
NFIB-2	NFIB-2
SLC17A3-2	SLC17A3-2
CNOT1-2	CNOT1-2
SUPT16H-2	SUPT16H-2
GPN1-2	GPN1-2
JHY-2	JHY-2
SREBF1-2	SREBF1-2
EXOC3-2	EXOC3-2
CIC-2	CIC-2
CEBPG-2	CEBPG-2
HIRA-2	HIRA-2
MRPS14-2	MRPS14-2
CSF2RB-2	CSF2RB-2
EVI5-2	EVI5-2
DBNL-2	DBNL-2
MTA2-2	MTA2-2
DZIP3-2	DZIP3-2
CALML4-2	CALML4-2
C1S-2	C1S-2
DCUN1D1-2	DCUN1D1-2
GSX1-2	GSX1-2
NUB1-2	NUB1-2
HSF2-2	HSF2-2
ACAT2-2	ACAT2-2
PER3-2	PER3-2
PAGR1-2	PAGR1-2
DPY19L3-2	DPY19L3-2
AGR2-2	AGR2-2
DDX54-2	DDX54-2
ZFP1-2	ZFP1-2
ARHGAP24-2	ARHGAP24-2
CHERP-2	CHERP-2
TOM1-2	TOM1-2
KIAA2013-2	KIAA2013-2
PLS1-2	PLS1-2
PACS1-2	PACS1-2
CMTR1-2	CMTR1-2
PDIA6-2	PDIA6-2
SF3B2-2	SF3B2-2
RBMX2-2	RBMX2-2
FANCL-2	FANCL-2
SCAP-2	SCAP-2
MOSPD2-2	MOSPD2-2
ACTR3B-2	ACTR3B-2
MRFAP1-2	MRFAP1-2
SERPINE3-2	SERPINE3-2
ARNTL2-2	ARNTL2-2
EPHA4-2	EPHA4-2
NDC1-2	NDC1-2
SLC35B4-2	SLC35B4-2
LRRC41-2	LRRC41-2
DSTN-2	DSTN-2
COX6A1-2	COX6A1-2
MTRNR2L8-2	MTRNR2L8-2
PTPRJ-2	PTPRJ-2
MAP3K7-2	MAP3K7-2
KHDC4-2	KHDC4-2
RNF208-2	RNF208-2
BTN3A3-2	BTN3A3-2
ST6GALNAC4-2	ST6GALNAC4-2
CHEK1-2	CHEK1-2
MPP1-2	MPP1-2
BTBD9-2	BTBD9-2
SLC38A2-2	SLC38A2-2
SSRP1-2	SSRP1-2
WRAP73-2	WRAP73-2
NHSL2-2	NHSL2-2
SPTSSB-2	SPTSSB-2
NSMF-2	NSMF-2
FMN1-2	FMN1-2
C11orf80-2	C11orf80-2
SLC16A13-2	SLC16A13-2
RBM18-2	RBM18-2
ASNS-2	ASNS-2
CACNB4-2	CACNB4-2
NIP7-2	NIP7-2
PHACTR2-2	PHACTR2-2
ACACB-2	ACACB-2
COA6-2	COA6-2
OSBPL8-2	OSBPL8-2
TENT5A-2	TENT5A-2
RAB40B-2	RAB40B-2
SLC38A10-2	SLC38A10-2
C2orf42-2	C2orf42-2
OCRL-2	OCRL-2
ARL8A-2	ARL8A-2
MMAB-2	MMAB-2
MYCN-2	MYCN-2
TBC1D10B-2	TBC1D10B-2
DZIP1-2	DZIP1-2
GPN2-2	GPN2-2
PPP3CA-2	PPP3CA-2
PARP1-2	PARP1-2
ATOH1-2	ATOH1-2
TSPAN18-2	TSPAN18-2
RNF32-2	RNF32-2
ZNF155-2	ZNF155-2
C17orf51-2	C17orf51-2
MFAP3-2	MFAP3-2
SRPK1-2	SRPK1-2
PIK3IP1-2	PIK3IP1-2
DENND4A-2	DENND4A-2
TOR1AIP2-2	TOR1AIP2-2
IWS1-2	IWS1-2
C6orf163-2	C6orf163-2
ZER1-2	ZER1-2
HINT1-2	HINT1-2
ATOH7-2	ATOH7-2
SLC2A6-2	SLC2A6-2
PRKAB2-2	PRKAB2-2
SMOX-2	SMOX-2
EIF5B-2	EIF5B-2
CEP76-2	CEP76-2
CCDC34-2	CCDC34-2
UQCRQ-2	UQCRQ-2
SIGMAR1-2	SIGMAR1-2
LARP4-2	LARP4-2
SLC17A9-2	SLC17A9-2
FKBP8-2	FKBP8-2
ZNF606-2	ZNF606-2
RAB27A-2	RAB27A-2
PRIM2-2	PRIM2-2
ZNF467-2	ZNF467-2
C1orf35-2	C1orf35-2
RAB36-2	RAB36-2
ADNP-2	ADNP-2
PCNX2-2	PCNX2-2
AMDHD2-2	AMDHD2-2
DUSP3-2	DUSP3-2
KIAA1958-2	KIAA1958-2
COX4I1-2	COX4I1-2
SAT1-2	SAT1-2
TCOF1-2	TCOF1-2
SLC1A5-2	SLC1A5-2
SPATA7-2	SPATA7-2
CRTC3-2	CRTC3-2
IL15RA-2	IL15RA-2
ABHD12-2	ABHD12-2
LDAH-2	LDAH-2
PRELID2-2	PRELID2-2
BRD4-2	BRD4-2
CIB1-2	CIB1-2
RALB-2	RALB-2
PDAP1-2	PDAP1-2
AP1AR-2	AP1AR-2
SEL1L3-2	SEL1L3-2
BUB3-2	BUB3-2
HMX2-2	HMX2-2
PIGM-2	PIGM-2
PPP1R3B-2	PPP1R3B-2
C15orf39-2	C15orf39-2
UAP1L1-2	UAP1L1-2
POU2F3-2	POU2F3-2
KIF18A-2	KIF18A-2
ZNF394-2	ZNF394-2
CHRAC1-2	CHRAC1-2
POLK-2	POLK-2
TMCO6-2	TMCO6-2
GDAP2-2	GDAP2-2
DTWD2-2	DTWD2-2
ZBTB40-2	ZBTB40-2
ZC3H4-2	ZC3H4-2
BRICD5-2	BRICD5-2
ZNF121-2	ZNF121-2
TRAM2-2	TRAM2-2
ATN1-2	ATN1-2
TP53INP2-2	TP53INP2-2
C12orf60-2	C12orf60-2
CCNB2-2	CCNB2-2
GDI2-2	GDI2-2
CD81-2	CD81-2
JAM3-2	JAM3-2
GCC2-2	GCC2-2
IBA57-2	IBA57-2
MRPL51-2	MRPL51-2
DMRTB1-2	DMRTB1-2
DDX55-2	DDX55-2
CORO6-2	CORO6-2
ERCC3-2	ERCC3-2
WDSUB1-2	WDSUB1-2
ETV5-2	ETV5-2
CDKL5-2	CDKL5-2
MOB1A-2	MOB1A-2
ZMYM3-2	ZMYM3-2
TEFM-2	TEFM-2
RNF14-2	RNF14-2
LPXN-2	LPXN-2
AMT-2	AMT-2
CEP104-2	CEP104-2
C3-2	C3-2
ME3-2	ME3-2
GRAMD1A-2	GRAMD1A-2
EMX1-2	EMX1-2
MRNIP-2	MRNIP-2
YPEL1-2	YPEL1-2
MAN1C1-2	MAN1C1-2
SMARCD3-2	SMARCD3-2
SRSF9-2	SRSF9-2
TRIP6-2	TRIP6-2
COQ10A-2	COQ10A-2
HLF-2	HLF-2
RYR3-2	RYR3-2
PALB2-2	PALB2-2
KLF6-2	KLF6-2
EBNA1BP2-2	EBNA1BP2-2
MFGE8-2	MFGE8-2
MDM1-2	MDM1-2
P2RX1-2	P2RX1-2
CTNNBL1-2	CTNNBL1-2
PSMB1-2	PSMB1-2
RPS6KB2-2	RPS6KB2-2
CCR9-2	CCR9-2
LASP1-2	LASP1-2
LIN28A-2	LIN28A-2
TLE1-2	TLE1-2
TRAM1-2	TRAM1-2
JAK1-2	JAK1-2
PWWP2A-2	PWWP2A-2
TGFBR1-2	TGFBR1-2
C15orf53-2	C15orf53-2
DAGLA-2	DAGLA-2
CSNK2A2-2	CSNK2A2-2
BMP8A-2	BMP8A-2
TMEM117-2	TMEM117-2
DGKD-2	DGKD-2
OSTC-2	OSTC-2
SMPD4-2	SMPD4-2
CD163-2	CD163-2
HOXA9-2	HOXA9-2
FRMD4A-2	FRMD4A-2
UBE2T-2	UBE2T-2
IRAK4-2	IRAK4-2
MTFR2-2	MTFR2-2
RNF111-2	RNF111-2
ZNF841-2	ZNF841-2
ALKBH5-2	ALKBH5-2
STRAP-2	STRAP-2
SLC25A17-2	SLC25A17-2
UACA-2	UACA-2
ZSCAN1-2	ZSCAN1-2
LSG1-2	LSG1-2
VCL-2	VCL-2
NCOA7-2	NCOA7-2
USP18-2	USP18-2
RAP1A-2	RAP1A-2
FZD6-2	FZD6-2
CTBP1-2	CTBP1-2
DTNBP1-2	DTNBP1-2
OPRL1-2	OPRL1-2
LIME1-2	LIME1-2
PTGDS-2	PTGDS-2
OLFM4-2	OLFM4-2
FEZ2-2	FEZ2-2
KBTBD4-2	KBTBD4-2
ZNF212-2	ZNF212-2
SLC25A13-2	SLC25A13-2
HIST1H2BB-2	HIST1H2BB-2
CDC37L1-2	CDC37L1-2
PYGM-2	PYGM-2
EGLN1-2	EGLN1-2
HELZ2-2	HELZ2-2
COX16-2	COX16-2
VPS4A-2	VPS4A-2
ZADH2-2	ZADH2-2
CRK-2	CRK-2
FBXO7-2	FBXO7-2
THOC7-2	THOC7-2
HMGN4-2	HMGN4-2
TARS2-2	TARS2-2
CMKLR1-2	CMKLR1-2
PPARG-2	PPARG-2
ZNF789-2	ZNF789-2
NLRP3-2	NLRP3-2
ARX-2	ARX-2
UVRAG-2	UVRAG-2
CEP85-2	CEP85-2
CRIP2-2	CRIP2-2
TENT4B-2	TENT4B-2
NAALADL1-2	NAALADL1-2
NDUFB8-2	NDUFB8-2
PCGF1-2	PCGF1-2
RPS6KA4-2	RPS6KA4-2
INPP5B-2	INPP5B-2
KCNQ1-2	KCNQ1-2
EMC6-2	EMC6-2
NFKBIB-2	NFKBIB-2
ZNF148-2	ZNF148-2
NDUFS2-2	NDUFS2-2
NAP1L5-2	NAP1L5-2
TIRAP-2	TIRAP-2
ZNF556-2	ZNF556-2
SERPINB8-2	SERPINB8-2
NIF3L1-2	NIF3L1-2
SMPD2-2	SMPD2-2
SEMA4F-2	SEMA4F-2
RC3H2-2	RC3H2-2
FSBP-2	FSBP-2
SPATA2L-2	SPATA2L-2
GPR180-2	GPR180-2
NAGK-2	NAGK-2
NOBOX-2	NOBOX-2
ADCY1-2	ADCY1-2
MCEMP1-2	MCEMP1-2
G3BP2-2	G3BP2-2
CHURC1-2	CHURC1-2
GPX7-2	GPX7-2
MCC-2	MCC-2
HDHD2-2	HDHD2-2
DNAJC8-2	DNAJC8-2
PPP2R5E-2	PPP2R5E-2
JOSD1-2	JOSD1-2
SLC25A30-2	SLC25A30-2
PRKRA-2	PRKRA-2
ASRGL1-2	ASRGL1-2
DNAL4-2	DNAL4-2
IFT52-2	IFT52-2
SYCE1L-2	SYCE1L-2
OST4-2	OST4-2
CALR-2	CALR-2
CXorf56-2	CXorf56-2
BBS9-2	BBS9-2
C5orf22-2	C5orf22-2
NFIX-2	NFIX-2
NF2-2	NF2-2
ADH5-2	ADH5-2
MAP4K4-2	MAP4K4-2
IGSF9B-2	IGSF9B-2
PGBD2-2	PGBD2-2
SIX5-2	SIX5-2
FAM45A-2	FAM45A-2
PYHIN1-2	PYHIN1-2
TBKBP1-2	TBKBP1-2
CAMKK1-2	CAMKK1-2
JAK2-2	JAK2-2
MAGOH-2	MAGOH-2
ETNK1-2	ETNK1-2
CMPK2-2	CMPK2-2
FBXL6-2	FBXL6-2
SKP2-2	SKP2-2
PIDD1-2	PIDD1-2
SLC39A10-2	SLC39A10-2
GDPGP1-2	GDPGP1-2
ZNF22-2	ZNF22-2
RAMAC-2	RAMAC-2
POLR2J2-2	POLR2J2-2
OTX1-2	OTX1-2
ARV1-2	ARV1-2
GZMH-2	GZMH-2
AIG1-2	AIG1-2
GLG1-2	GLG1-2
SNRK-2	SNRK-2
DCAF17-2	DCAF17-2
TCTEX1D4-2	TCTEX1D4-2
ZNHIT6-2	ZNHIT6-2
ZC3H13-2	ZC3H13-2
TIGAR-2	TIGAR-2
AKNA-2	AKNA-2
ST20-2	ST20-2
VTI1A-2	VTI1A-2
KRIT1-2	KRIT1-2
SIX2-2	SIX2-2
C2CD2L-2	C2CD2L-2
EVL-2	EVL-2
ZSCAN10-2	ZSCAN10-2
NAPG-2	NAPG-2
ZNF230-2	ZNF230-2
RPLP1-2	RPLP1-2
HNRNPU-2	HNRNPU-2
ZNF254-2	ZNF254-2
EGFL6-2	EGFL6-2
LY75-2	LY75-2
PRRT3-2	PRRT3-2
HSDL2-2	HSDL2-2
DMRTA1-2	DMRTA1-2
CHPF-2	CHPF-2
MIB1-2	MIB1-2
PSME4-2	PSME4-2
TPD52L1-2	TPD52L1-2
THG1L-2	THG1L-2
SNX24-2	SNX24-2
GRSF1-2	GRSF1-2
PNPLA4-2	PNPLA4-2
APOL2-2	APOL2-2
AFAP1-2	AFAP1-2
HNRNPA2B1-2	HNRNPA2B1-2
SLC7A5-2	SLC7A5-2
SKA3-2	SKA3-2
ATP6AP2-2	ATP6AP2-2
IL6R-2	IL6R-2
THOC5-2	THOC5-2
TMEM223-2	TMEM223-2
NOL7-2	NOL7-2
BCL7B-2	BCL7B-2
FAM104A-2	FAM104A-2
TCF7L2-2	TCF7L2-2
ARL9-2	ARL9-2
KCNC3-2	KCNC3-2
MICALL1-2	MICALL1-2
UHMK1-2	UHMK1-2
ZNF142-2	ZNF142-2
GTF2A2-2	GTF2A2-2
PUS1-2	PUS1-2
ITGB1-2	ITGB1-2
SLC25A40-2	SLC25A40-2
DAPK2-2	DAPK2-2
TIAM2-2	TIAM2-2
ISOC2-2	ISOC2-2
GABARAPL1-2	GABARAPL1-2
LTF-2	LTF-2
TUBGCP2-2	TUBGCP2-2
PLA2G2A-2	PLA2G2A-2
RORB-2	RORB-2
TPP2-2	TPP2-2
FANCE-2	FANCE-2
F2R-2	F2R-2
BACE1-2	BACE1-2
DDHD1-2	DDHD1-2
UHRF1-2	UHRF1-2
ABHD14A-2	ABHD14A-2
SPINK4-2	SPINK4-2
CDK20-2	CDK20-2
TRIM65-2	TRIM65-2
UBE3B-2	UBE3B-2
HIST1H4K-2	HIST1H4K-2
CCDC117-2	CCDC117-2
SNRPA1-2	SNRPA1-2
TUBA1B-2	TUBA1B-2
TMC8-2	TMC8-2
HAVCR2-2	HAVCR2-2
FBL-2	FBL-2
PINK1-2	PINK1-2
RAC3-2	RAC3-2
TLN2-2	TLN2-2
C12orf73-2	C12orf73-2
METTL14-2	METTL14-2
CNPY2-2	CNPY2-2
ATP1B1-2	ATP1B1-2
CAMTA1-2	CAMTA1-2
PDE6G-2	PDE6G-2
TOP2A-2	TOP2A-2
PLXNB2-2	PLXNB2-2
FAM89B-2	FAM89B-2
AES-2	AES-2
SMCHD1-2	SMCHD1-2
DAP3-2	DAP3-2
GNAL-2	GNAL-2
TIMM9-2	TIMM9-2
STRN-2	STRN-2
NFKB1-2	NFKB1-2
SPCS1-2	SPCS1-2
PNO1-2	PNO1-2
PPP6R1-2	PPP6R1-2
VILL-2	VILL-2
POGLUT1-2	POGLUT1-2
ZNHIT2-2	ZNHIT2-2
FABP3-2	FABP3-2
NDUFB4-2	NDUFB4-2
KRBA2-2	KRBA2-2
TAF2-2	TAF2-2
ISOC1-2	ISOC1-2
TNFRSF21-2	TNFRSF21-2
MTIF2-2	MTIF2-2
PTGER3-2	PTGER3-2
FKBP4-2	FKBP4-2
SZRD1-2	SZRD1-2
SBNO1-2	SBNO1-2
GMFG-2	GMFG-2
MLN-2	MLN-2
C4orf19-2	C4orf19-2
PEX16-2	PEX16-2
ZNF157-2	ZNF157-2
MDM4-2	MDM4-2
DPEP2-2	DPEP2-2
PBRM1-2	PBRM1-2
SNAP25-2	SNAP25-2
TIMM10B-2	TIMM10B-2
POU5F1B-2	POU5F1B-2
DPP8-2	DPP8-2
FARSA-2	FARSA-2
CCDC85B-2	CCDC85B-2
UBE2J1-2	UBE2J1-2
NECTIN1-2	NECTIN1-2
PPRC1-2	PPRC1-2
IAH1-2	IAH1-2
SAPCD2-2	SAPCD2-2
TBCE-2	TBCE-2
RPUSD3-2	RPUSD3-2
HIST1H2BG-2	HIST1H2BG-2
SMU1-2	SMU1-2
IFRD2-2	IFRD2-2
ZNF555-2	ZNF555-2
OSBPL3-2	OSBPL3-2
RASD1-2	RASD1-2
CD8B-2	CD8B-2
ZDHHC5-2	ZDHHC5-2
UBR2-2	UBR2-2
TCTN3-2	TCTN3-2
NUDT9-2	NUDT9-2
ZNF69-2	ZNF69-2
GID8-2	GID8-2
SLC44A5-2	SLC44A5-2
CFAP20-2	CFAP20-2
FITM1-2	FITM1-2
OVOL1-2	OVOL1-2
ASCL2-2	ASCL2-2
RCN3-2	RCN3-2
JRKL-2	JRKL-2
CHIC2-2	CHIC2-2
MARS2-2	MARS2-2
ZNF319-2	ZNF319-2
ZNF853-2	ZNF853-2
SUPT4H1-2	SUPT4H1-2
SUMO1-2	SUMO1-2
TSPAN14-2	TSPAN14-2
KIF15-2	KIF15-2
JDP2-2	JDP2-2
GLCE-2	GLCE-2
BCORL1-2	BCORL1-2
ARHGAP35-2	ARHGAP35-2
DHX29-2	DHX29-2
SPARC-2	SPARC-2
CDC6-2	CDC6-2
MED27-2	MED27-2
ARHGAP1-2	ARHGAP1-2
RPL27-2	RPL27-2
BAG1-2	BAG1-2
TEDC2-2	TEDC2-2
MAOA-2	MAOA-2
PKN1-2	PKN1-2
STC2-2	STC2-2
PSMB4-2	PSMB4-2
KLHL3-2	KLHL3-2
KIF1C-2	KIF1C-2
PAQR7-2	PAQR7-2
MRM3-2	MRM3-2
RCN1-2	RCN1-2
GOLPH3L-2	GOLPH3L-2
SIMC1-2	SIMC1-2
CYB5R1-2	CYB5R1-2
NRDC-2	NRDC-2
FNBP1-2	FNBP1-2
ARCN1-2	ARCN1-2
KIAA0408-2	KIAA0408-2
BRK1-2	BRK1-2
KRTCAP2-2	KRTCAP2-2
NELL2-2	NELL2-2
FHL2-2	FHL2-2
ESPL1-2	ESPL1-2
ACVR2B-2	ACVR2B-2
SKI-2	SKI-2
HPF1-2	HPF1-2
RFX8-2	RFX8-2
MRPS26-2	MRPS26-2
DYNC2LI1-2	DYNC2LI1-2
CEBPE-2	CEBPE-2
GNE-2	GNE-2
TP53I11-2	TP53I11-2
ZNF114-2	ZNF114-2
GSTM2-2	GSTM2-2
PTCD3-2	PTCD3-2
SDF2-2	SDF2-2
AP1G1-2	AP1G1-2
PIP5K1A-2	PIP5K1A-2
CWF19L2-2	CWF19L2-2
CDC7-2	CDC7-2
LRRC46-2	LRRC46-2
MCAM-2	MCAM-2
MTMR1-2	MTMR1-2
ARF5-2	ARF5-2
ZMIZ2-2	ZMIZ2-2
SECISBP2-2	SECISBP2-2
CDHR3-2	CDHR3-2
HACL1-2	HACL1-2
INO80C-2	INO80C-2
PGM3-2	PGM3-2
SPINDOC-2	SPINDOC-2
RGS10-2	RGS10-2
CYP2U1-2	CYP2U1-2
GSDMA-2	GSDMA-2
COG5-2	COG5-2
RBM44-2	RBM44-2
DCAF11-2	DCAF11-2
BATF-2	BATF-2
ANKRD37-2	ANKRD37-2
SLC35A1-2	SLC35A1-2
EFNA4-2	EFNA4-2
AMIGO2-2	AMIGO2-2
ORMDL1-2	ORMDL1-2
ULK3-2	ULK3-2
AP4B1-2	AP4B1-2
FAM136A-2	FAM136A-2
DGCR8-2	DGCR8-2
IPP-2	IPP-2
TSPAN3-2	TSPAN3-2
FAM8A1-2	FAM8A1-2
CPLANE1-2	CPLANE1-2
TNFSF13B-2	TNFSF13B-2
EIF3J-2	EIF3J-2
PIWIL4-2	PIWIL4-2
CACNA1A-2	CACNA1A-2
BIRC2-2	BIRC2-2
ATP6V0D1-2	ATP6V0D1-2
CACNA2D2-2	CACNA2D2-2
TRPC4AP-2	TRPC4AP-2
THUMPD3-2	THUMPD3-2
DIP2A-2	DIP2A-2
MTOR-2	MTOR-2
HDAC2-2	HDAC2-2
PLAGL2-2	PLAGL2-2
ICE2-2	ICE2-2
TDG-2	TDG-2
SYTL3-2	SYTL3-2
ZNF592-2	ZNF592-2
LZIC-2	LZIC-2
TXNDC15-2	TXNDC15-2
ADTRP-2	ADTRP-2
LRMP-2	LRMP-2
ACTR2-2	ACTR2-2
COMMD2-2	COMMD2-2
CD248-2	CD248-2
MPV17-2	MPV17-2
C11orf68-2	C11orf68-2
ZNF585A-2	ZNF585A-2
LUC7L-2	LUC7L-2
MIER3-2	MIER3-2
CLEC16A-2	CLEC16A-2
RCN2-2	RCN2-2
GSTM1-2	GSTM1-2
TAF3-2	TAF3-2
CSNK1D-2	CSNK1D-2
ACBD4-2	ACBD4-2
VPS26A-2	VPS26A-2
GMPPA-2	GMPPA-2
LARP1-2	LARP1-2
SKOR1-2	SKOR1-2
WBP1L-2	WBP1L-2
VPS41-2	VPS41-2
NOL12-2	NOL12-2
MED22-2	MED22-2
RRAS-2	RRAS-2
SRSF1-2	SRSF1-2
HSP90B1-2	HSP90B1-2
PSTPIP1-2	PSTPIP1-2
ILF3-2	ILF3-2
RMI1-2	RMI1-2
RANGRF-2	RANGRF-2
RHOH-2	RHOH-2
GNGT2-2	GNGT2-2
FAM241A-2	FAM241A-2
DCXR-2	DCXR-2
ASB16-2	ASB16-2
MLEC-2	MLEC-2
HIBCH-2	HIBCH-2
NFATC2-2	NFATC2-2
FOSL2-2	FOSL2-2
LARP4B-2	LARP4B-2
KIAA0825-2	KIAA0825-2
SUPT5H-2	SUPT5H-2
PLK1-2	PLK1-2
NPAS1-2	NPAS1-2
ZNF221-2	ZNF221-2
PPP1R37-2	PPP1R37-2
IGFBP4-2	IGFBP4-2
ZDHHC16-2	ZDHHC16-2
PCK2-2	PCK2-2
OPTN-2	OPTN-2
UTP6-2	UTP6-2
CALD1-2	CALD1-2
APBB1IP-2	APBB1IP-2
SERINC1-2	SERINC1-2
PSMD14-2	PSMD14-2
DZANK1-2	DZANK1-2
GCNT1-2	GCNT1-2
RGS14-2	RGS14-2
SUGT1-2	SUGT1-2
EPN1-2	EPN1-2
ADK-2	ADK-2
FILIP1L-2	FILIP1L-2
SLC36A4-2	SLC36A4-2
GCM2-2	GCM2-2
ZNF385B-2	ZNF385B-2
DNAJC9-2	DNAJC9-2
BMP8B-2	BMP8B-2
SCP2-2	SCP2-2
FAM3C-2	FAM3C-2
CYFIP2-2	CYFIP2-2
DCTN5-2	DCTN5-2
HYOU1-2	HYOU1-2
UBXN1-2	UBXN1-2
GPATCH2L-2	GPATCH2L-2
KMT2B-2	KMT2B-2
RRAD-2	RRAD-2
MBD2-2	MBD2-2
EIF2S3-2	EIF2S3-2
AHCTF1-2	AHCTF1-2
SNX27-2	SNX27-2
TRIM8-2	TRIM8-2
MPZL3-2	MPZL3-2
PSMC5-2	PSMC5-2
PAPOLA-2	PAPOLA-2
ASL-2	ASL-2
SLC7A8-2	SLC7A8-2
MPZ-2	MPZ-2
PHF21A-2	PHF21A-2
PCCA-2	PCCA-2
GPAT4-2	GPAT4-2
DEPDC7-2	DEPDC7-2
NCOA5-2	NCOA5-2
ARL15-2	ARL15-2
SERHL2-2	SERHL2-2
ZNF408-2	ZNF408-2
HSBP1-2	HSBP1-2
NTPCR-2	NTPCR-2
SULF2-2	SULF2-2
EP400-2	EP400-2
CTTN-2	CTTN-2
UQCRB-2	UQCRB-2
FECH-2	FECH-2
KIAA1324L-2	KIAA1324L-2
UPRT-2	UPRT-2
MLLT3-2	MLLT3-2
NCAM1-2	NCAM1-2
MANEA-2	MANEA-2
CDC5L-2	CDC5L-2
LONP2-2	LONP2-2
SPACA9-2	SPACA9-2
SLC7A6OS-2	SLC7A6OS-2
ZBTB45-2	ZBTB45-2
RTL8A-2	RTL8A-2
ZNF385D-2	ZNF385D-2
ANKRD28-2	ANKRD28-2
AKAP1-2	AKAP1-2
CS-2	CS-2
THAP4-2	THAP4-2
DPY19L4-2	DPY19L4-2
OASL-2	OASL-2
FADS2-2	FADS2-2
RHNO1-2	RHNO1-2
SLC10A3-2	SLC10A3-2
BAX-2	BAX-2
EDRF1-2	EDRF1-2
OFD1-2	OFD1-2
LAMTOR3-2	LAMTOR3-2
ADGRA3-2	ADGRA3-2
KCTD18-2	KCTD18-2
CDC16-2	CDC16-2
ADM5-2	ADM5-2
SLC39A6-2	SLC39A6-2
ELL2-2	ELL2-2
MEF2D-2	MEF2D-2
ALKBH8-2	ALKBH8-2
PYGO2-2	PYGO2-2
SMIM22-2	SMIM22-2
ACTR3-2	ACTR3-2
PFKFB2-2	PFKFB2-2
PELI3-2	PELI3-2
PNISR-2	PNISR-2
PRIM1-2	PRIM1-2
NSUN2-2	NSUN2-2
USP45-2	USP45-2
ADAT1-2	ADAT1-2
MED29-2	MED29-2
ACSS2-2	ACSS2-2
FKBP15-2	FKBP15-2
RBSN-2	RBSN-2
POLR1D-2	POLR1D-2
MUSTN1-2	MUSTN1-2
PACSIN2-2	PACSIN2-2
CIP2A-2	CIP2A-2
GPD1L-2	GPD1L-2
NUDT13-2	NUDT13-2
HPSE-2	HPSE-2
C1orf122-2	C1orf122-2
RPA2-2	RPA2-2
INTS1-2	INTS1-2
LRRC8B-2	LRRC8B-2
AQP11-2	AQP11-2
PARP9-2	PARP9-2
GRWD1-2	GRWD1-2
MT1G-2	MT1G-2
ZNF404-2	ZNF404-2
NEDD4-2	NEDD4-2
ADORA2B-2	ADORA2B-2
MDN1-2	MDN1-2
SRF-2	SRF-2
SART3-2	SART3-2
CKB-2	CKB-2
CACYBP-2	CACYBP-2
STX1A-2	STX1A-2
RFT1-2	RFT1-2
TBC1D22A-2	TBC1D22A-2
MLLT10-2	MLLT10-2
ARHGEF40-2	ARHGEF40-2
FANCI-2	FANCI-2
GPR3-2	GPR3-2
PIN1-2	PIN1-2
CCDC106-2	CCDC106-2
USP38-2	USP38-2
RPF1-2	RPF1-2
GPR137-2	GPR137-2
CPSF3-2	CPSF3-2
RAB21-2	RAB21-2
ZCCHC12-2	ZCCHC12-2
IQCB1-2	IQCB1-2
PPM1K-2	PPM1K-2
PPID-2	PPID-2
S1PR4-2	S1PR4-2
ZNF660-2	ZNF660-2
ZMYND11-2	ZMYND11-2
SRRD-2	SRRD-2
PITPNA-2	PITPNA-2
XPO4-2	XPO4-2
SH3YL1-2	SH3YL1-2
MORN3-2	MORN3-2
TMEM248-2	TMEM248-2
MRPL14-2	MRPL14-2
GNL3L-2	GNL3L-2
FAM78A-2	FAM78A-2
SEMA3G-2	SEMA3G-2
FBXL16-2	FBXL16-2
PPIL3-2	PPIL3-2
MMP17-2	MMP17-2
CA1-2	CA1-2
ATP5IF1-2	ATP5IF1-2
KIAA0556-2	KIAA0556-2
KLHL29-2	KLHL29-2
RNF20-2	RNF20-2
CLCN7-2	CLCN7-2
CHMP3-2	CHMP3-2
DDX39A-2	DDX39A-2
HGS-2	HGS-2
NDUFAF1-2	NDUFAF1-2
BZW1-2	BZW1-2
RBBP9-2	RBBP9-2
CHCHD6-2	CHCHD6-2
PRPF3-2	PRPF3-2
TMEM8A-2	TMEM8A-2
EFEMP2-2	EFEMP2-2
FEM1C-2	FEM1C-2
S1PR2-2	S1PR2-2
EVX2-2	EVX2-2
ELAVL1-2	ELAVL1-2
TMX1-2	TMX1-2
ACOT13-2	ACOT13-2
ABI3-2	ABI3-2
GMFB-2	GMFB-2
RPS2-2	RPS2-2
CHMP2B-2	CHMP2B-2
TSHR-2	TSHR-2
BTBD1-2	BTBD1-2
CMTR2-2	CMTR2-2
SEC14L5-2	SEC14L5-2
EOGT-2	EOGT-2
SUPT6H-2	SUPT6H-2
LCAT-2	LCAT-2
FLVCR2-2	FLVCR2-2
HNRNPA1-2	HNRNPA1-2
DUT-2	DUT-2
LRPPRC-2	LRPPRC-2
PNRC1-2	PNRC1-2
PDE6B-2	PDE6B-2
MGST3-2	MGST3-2
DHX37-2	DHX37-2
PAK1IP1-2	PAK1IP1-2
SLK-2	SLK-2
AGR3-2	AGR3-2
EZH1-2	EZH1-2
KIAA1586-2	KIAA1586-2
MAPKAPK2-2	MAPKAPK2-2
RABGGTB-2	RABGGTB-2
TPD52-2	TPD52-2
NEDD1-2	NEDD1-2
HDAC9-2	HDAC9-2
STUB1-2	STUB1-2
NEDD4L-2	NEDD4L-2
NUCKS1-2	NUCKS1-2
DLGAP5-2	DLGAP5-2
ISCA1-2	ISCA1-2
SMIM15-2	SMIM15-2
GAK-2	GAK-2
CDCA8-2	CDCA8-2
CCNDBP1-2	CCNDBP1-2
ATAD2-2	ATAD2-2
ATP10A-2	ATP10A-2
CD8A-2	CD8A-2
LAGE3-2	LAGE3-2
MFSD1-2	MFSD1-2
NDUFC1-2	NDUFC1-2
DNAJA4-2	DNAJA4-2
TFAP4-2	TFAP4-2
HSPB1-2	HSPB1-2
DDX5-2	DDX5-2
MTRNR2L1-2	MTRNR2L1-2
ISL1-2	ISL1-2
TTC16-2	TTC16-2
BLOC1S5-2	BLOC1S5-2
IL1RL1-2	IL1RL1-2
COL4A1-2	COL4A1-2
CFL2-2	CFL2-2
MTUS1-2	MTUS1-2
HIST1H4I-2	HIST1H4I-2
TRDMT1-2	TRDMT1-2
YJU2-2	YJU2-2
CARMIL1-2	CARMIL1-2
CBR1-2	CBR1-2
FOXD1-2	FOXD1-2
MIEF1-2	MIEF1-2
MRPL19-2	MRPL19-2
CSNK2A1-2	CSNK2A1-2
FGF2-2	FGF2-2
SLCO4A1-2	SLCO4A1-2
PCMTD1-2	PCMTD1-2
GRN-2	GRN-2
OTUD5-2	OTUD5-2
DPH2-2	DPH2-2
QTRT1-2	QTRT1-2
PKIG-2	PKIG-2
TESK2-2	TESK2-2
SLC22A15-2	SLC22A15-2
MTRR-2	MTRR-2
MYRF-2	MYRF-2
ZNF443-2	ZNF443-2
SMAD5-2	SMAD5-2
USP6NL-2	USP6NL-2
PTPN13-2	PTPN13-2
STK17A-2	STK17A-2
RPL36-2	RPL36-2
UBAP2-2	UBAP2-2
CBX1-2	CBX1-2
CCDC17-2	CCDC17-2
POLDIP2-2	POLDIP2-2
TLNRD1-2	TLNRD1-2
TEX264-2	TEX264-2
COQ8A-2	COQ8A-2
ZNF530-2	ZNF530-2
ADPRH-2	ADPRH-2
XKR8-2	XKR8-2
HIST1H2BM-2	HIST1H2BM-2
ONECUT2-2	ONECUT2-2
HIF1A-2	HIF1A-2
SHARPIN-2	SHARPIN-2
NDUFV3-2	NDUFV3-2
FAM241B-2	FAM241B-2
DNPEP-2	DNPEP-2
MORC2-2	MORC2-2
GLMN-2	GLMN-2
RBM47-2	RBM47-2
DEFA6-2	DEFA6-2
GSC2-2	GSC2-2
SNAI3-2	SNAI3-2
TRPM7-2	TRPM7-2
GIN1-2	GIN1-2
PLXNA4-2	PLXNA4-2
LIN54-2	LIN54-2
TMEM101-2	TMEM101-2
ACY1-2	ACY1-2
MOB1B-2	MOB1B-2
KIAA1841-2	KIAA1841-2
CSPP1-2	CSPP1-2
COIL-2	COIL-2
ABCB6-2	ABCB6-2
NEUROD2-2	NEUROD2-2
AKR1C3-2	AKR1C3-2
PLEK2-2	PLEK2-2
ABHD14B-2	ABHD14B-2
MAP3K10-2	MAP3K10-2
RPL41-2	RPL41-2
RIOX2-2	RIOX2-2
TM2D3-2	TM2D3-2
ZBTB39-2	ZBTB39-2
TPD52L2-2	TPD52L2-2
MIEN1-2	MIEN1-2
APOC3-2	APOC3-2
IFNLR1-2	IFNLR1-2
RCC2-2	RCC2-2
MORF4L1-2	MORF4L1-2
FAM89A-2	FAM89A-2
NLRX1-2	NLRX1-2
MICAL2-2	MICAL2-2
FAM229B-2	FAM229B-2
TSPAN2-2	TSPAN2-2
INTS9-2	INTS9-2
EDC4-2	EDC4-2
DOK6-2	DOK6-2
BET1L-2	BET1L-2
FDFT1-2	FDFT1-2
BABAM2-2	BABAM2-2
GPR65-2	GPR65-2
FOXI3-2	FOXI3-2
TCEAL4-2	TCEAL4-2
USP44-2	USP44-2
HIST1H2BF-2	HIST1H2BF-2
CANX-2	CANX-2
ZNF99-2	ZNF99-2
NUAK2-2	NUAK2-2
NSUN3-2	NSUN3-2
DBT-2	DBT-2
ZNF524-2	ZNF524-2
BMF-2	BMF-2
KIF1A-2	KIF1A-2
COQ7-2	COQ7-2
UNC93B1-2	UNC93B1-2
C12orf65-2	C12orf65-2
ITPRIPL1-2	ITPRIPL1-2
PQLC2-2	PQLC2-2
SLC25A10-2	SLC25A10-2
GMPS-2	GMPS-2
PHC1-2	PHC1-2
NOC3L-2	NOC3L-2
BMP6-2	BMP6-2
HUS1-2	HUS1-2
KIF22-2	KIF22-2
SCCPDH-2	SCCPDH-2
NUPL2-2	NUPL2-2
FAAH-2	FAAH-2
CEP164-2	CEP164-2
ATF4-2	ATF4-2
IGFBP7-2	IGFBP7-2
XPOT-2	XPOT-2
STK11IP-2	STK11IP-2
PITHD1-2	PITHD1-2
RPGR-2	RPGR-2
SELENBP1-2	SELENBP1-2
SETD1A-2	SETD1A-2
TRIP4-2	TRIP4-2
KLHDC2-2	KLHDC2-2
CELSR3-2	CELSR3-2
TBC1D2-2	TBC1D2-2
ANAPC4-2	ANAPC4-2
TALDO1-2	TALDO1-2
E2F4-2	E2F4-2
MYL5-2	MYL5-2
C6orf226-2	C6orf226-2
RPS6KA5-2	RPS6KA5-2
VPS37A-2	VPS37A-2
CNP-2	CNP-2
SMC3-2	SMC3-2
BARHL2-2	BARHL2-2
CEP78-2	CEP78-2
PDCL-2	PDCL-2
PARP12-2	PARP12-2
COQ8B-2	COQ8B-2
ANGPTL6-2	ANGPTL6-2
NEPRO-2	NEPRO-2
GNAQ-2	GNAQ-2
TPM1-2	TPM1-2
MAT2A-2	MAT2A-2
FGGY-2	FGGY-2
PRDM9-2	PRDM9-2
TMEM208-2	TMEM208-2
LRRC37A3-2	LRRC37A3-2
DHX9-2	DHX9-2
IL6ST-2	IL6ST-2
ZNF681-2	ZNF681-2
GUK1-2	GUK1-2
TBX5-2	TBX5-2
ANKRD42-2	ANKRD42-2
STX16-2	STX16-2
ATOX1-2	ATOX1-2
AP3S2-2	AP3S2-2
KDM1A-2	KDM1A-2
ZNF407-2	ZNF407-2
PCP4L1-2	PCP4L1-2
PARS2-2	PARS2-2
SMARCD1-2	SMARCD1-2
ZSCAN26-2	ZSCAN26-2
ALDH16A1-2	ALDH16A1-2
DNLZ-2	DNLZ-2
REEP2-2	REEP2-2
AAGAB-2	AAGAB-2
SYNJ1-2	SYNJ1-2
FSTL1-2	FSTL1-2
ANAPC13-2	ANAPC13-2
PKMYT1-2	PKMYT1-2
ZFP42-2	ZFP42-2
PDHA1-2	PDHA1-2
CNN2-2	CNN2-2
NUDT16-2	NUDT16-2
CISD1-2	CISD1-2
SLC2A4RG-2	SLC2A4RG-2
GRK4-2	GRK4-2
LDOC1-2	LDOC1-2
C16orf72-2	C16orf72-2
PDGFA-2	PDGFA-2
SOCS3-2	SOCS3-2
SPATS2-2	SPATS2-2
USP9Y-2	USP9Y-2
NSMAF-2	NSMAF-2
SKP1-2	SKP1-2
DYRK1A-2	DYRK1A-2
ZNF267-2	ZNF267-2
VGLL4-2	VGLL4-2
KLHL8-2	KLHL8-2
HAX1-2	HAX1-2
GIMAP8-2	GIMAP8-2
ARPC1A-2	ARPC1A-2
KDM5C-2	KDM5C-2
HCST-2	HCST-2
MAP2K3-2	MAP2K3-2
CES2-2	CES2-2
FAM228B-2	FAM228B-2
POR-2	POR-2
CDC42BPA-2	CDC42BPA-2
CELF1-2	CELF1-2
TMEM217-2	TMEM217-2
FAH-2	FAH-2
FCGRT-2	FCGRT-2
RAB3D-2	RAB3D-2
ATXN7L2-2	ATXN7L2-2
LARP1B-2	LARP1B-2
FUT8-2	FUT8-2
SUN1-2	SUN1-2
SLC1A6-2	SLC1A6-2
FNDC9-2	FNDC9-2
C17orf58-2	C17orf58-2
ORC3-2	ORC3-2
CNEP1R1-2	CNEP1R1-2
FASTK-2	FASTK-2
PGM2L1-2	PGM2L1-2
DBF4-2	DBF4-2
MBP-2	MBP-2
DRGX-2	DRGX-2
TMEM267-2	TMEM267-2
FPGT-2	FPGT-2
GOSR2-2	GOSR2-2
GFM2-2	GFM2-2
CBR3-2	CBR3-2
RFX4-2	RFX4-2
CLMP-2	CLMP-2
STMP1-2	STMP1-2
BTNL9-2	BTNL9-2
SIDT1-2	SIDT1-2
TMEM218-2	TMEM218-2
FNTB-2	FNTB-2
DENND3-2	DENND3-2
GEN1-2	GEN1-2
CLEC11A-2	CLEC11A-2
SPOPL-2	SPOPL-2
PHACTR1-2	PHACTR1-2
SCGB2B2-2	SCGB2B2-2
LRRC39-2	LRRC39-2
SCMH1-2	SCMH1-2
ARPC4-TTLL3-2	ARPC4-TTLL3-2
MAPRE1-2	MAPRE1-2
FZD3-2	FZD3-2
MATR3-2	MATR3-2
BRD9-2	BRD9-2
NODAL-2	NODAL-2
CDK2AP2-2	CDK2AP2-2
CELSR2-2	CELSR2-2
IL22-2	IL22-2
DMC1-2	DMC1-2
ATP5MG-2	ATP5MG-2
CCNK-2	CCNK-2
NR1I3-2	NR1I3-2
ZNF410-2	ZNF410-2
NHLH2-2	NHLH2-2
MRI1-2	MRI1-2
TRAFD1-2	TRAFD1-2
FAM173B-2	FAM173B-2
C16orf86-2	C16orf86-2
NR4A1-2	NR4A1-2
C1orf198-2	C1orf198-2
ILDR2-2	ILDR2-2
EXOC4-2	EXOC4-2
RPP38-2	RPP38-2
PAXIP1-2	PAXIP1-2
LRRC28-2	LRRC28-2
MON2-2	MON2-2
MYDGF-2	MYDGF-2
CSE1L-2	CSE1L-2
CD69-2	CD69-2
ANKRD12-2	ANKRD12-2
UBQLN2-2	UBQLN2-2
COMMD7-2	COMMD7-2
STAM-2	STAM-2
PSMA6-2	PSMA6-2
NTHL1-2	NTHL1-2
CXCR6-2	CXCR6-2
FBXO42-2	FBXO42-2
HDHD5-2	HDHD5-2
SKOR2-2	SKOR2-2
QTRT2-2	QTRT2-2
UBA2-2	UBA2-2
RALGAPB-2	RALGAPB-2
IK-2	IK-2
DCAF5-2	DCAF5-2
GPR155-2	GPR155-2
APIP-2	APIP-2
CASP9-2	CASP9-2
ANXA4-2	ANXA4-2
COG4-2	COG4-2
INCENP-2	INCENP-2
PRRC2C-2	PRRC2C-2
CYP2R1-2	CYP2R1-2
CLCA1-2	CLCA1-2
MZT2A-2	MZT2A-2
SEBOX-2	SEBOX-2
TRAF3IP1-2	TRAF3IP1-2
SLC35A3-2	SLC35A3-2
VEZT-2	VEZT-2
PRKAR1B-2	PRKAR1B-2
PDXK-2	PDXK-2
WWP1-2	WWP1-2
LDHA-2	LDHA-2
TRIM46-2	TRIM46-2
GRB10-2	GRB10-2
ZSCAN25-2	ZSCAN25-2
MEOX1-2	MEOX1-2
XPNPEP1-2	XPNPEP1-2
GANAB-2	GANAB-2
BLM-2	BLM-2
SHISA2-2	SHISA2-2
CD177-2	CD177-2
PCCB-2	PCCB-2
PHF20L1-2	PHF20L1-2
CGAS-2	CGAS-2
CAND1-2	CAND1-2
CHAC2-2	CHAC2-2
CYTH4-2	CYTH4-2
ACO1-2	ACO1-2
OSBPL7-2	OSBPL7-2
SLC14A1-2	SLC14A1-2
WDR13-2	WDR13-2
HYPK-2	HYPK-2
BAZ1A-2	BAZ1A-2
MRPS35-2	MRPS35-2
C3orf14-2	C3orf14-2
MSN-2	MSN-2
ZDHHC2-2	ZDHHC2-2
ZNF470-2	ZNF470-2
PAK3-2	PAK3-2
S100A6-2	S100A6-2
NMB-2	NMB-2
SLFN5-2	SLFN5-2
SCO1-2	SCO1-2
TRAPPC9-2	TRAPPC9-2
TMEM186-2	TMEM186-2
PTGS2-2	PTGS2-2
CRISPLD2-2	CRISPLD2-2
RBM8A-2	RBM8A-2
ARFGAP2-2	ARFGAP2-2
HPS6-2	HPS6-2
ST3GAL5-2	ST3GAL5-2
CEP131-2	CEP131-2
LIAS-2	LIAS-2
SLAMF7-2	SLAMF7-2
SLC19A2-2	SLC19A2-2
PLCL2-2	PLCL2-2
GSTA4-2	GSTA4-2
TRIM61-2	TRIM61-2
ZNF511-2	ZNF511-2
CLCN5-2	CLCN5-2
GMNN-2	GMNN-2
MRPL28-2	MRPL28-2
CBX7-2	CBX7-2
ACP2-2	ACP2-2
MOGS-2	MOGS-2
DCAF7-2	DCAF7-2
B3GAT1-2	B3GAT1-2
ZNF256-2	ZNF256-2
IL26-2	IL26-2
MYO6-2	MYO6-2
RNPC3-2	RNPC3-2
ZNF571-2	ZNF571-2
BCL11B-2	BCL11B-2
MOCS2-2	MOCS2-2
LIMD2-2	LIMD2-2
ZNF284-2	ZNF284-2
TMED7-2	TMED7-2
COPS9-2	COPS9-2
PAN2-2	PAN2-2
TUBGCP4-2	TUBGCP4-2
NANOG-2	NANOG-2
FBXW11-2	FBXW11-2
ZNF514-2	ZNF514-2
DUSP19-2	DUSP19-2
DOCK11-2	DOCK11-2
POLR3F-2	POLR3F-2
NUP188-2	NUP188-2
VANGL1-2	VANGL1-2
PAF1-2	PAF1-2
XRN1-2	XRN1-2
MAP2K4-2	MAP2K4-2
FDX1-2	FDX1-2
OSR1-2	OSR1-2
COA4-2	COA4-2
KIF21B-2	KIF21B-2
POU2F2-2	POU2F2-2
CD7-2	CD7-2
S1PR1-2	S1PR1-2
SH3BP5-2	SH3BP5-2
QRICH1-2	QRICH1-2
CDK1-2	CDK1-2
EMP3-2	EMP3-2
CPEB4-2	CPEB4-2
SERBP1-2	SERBP1-2
RRAGA-2	RRAGA-2
SLC25A53-2	SLC25A53-2
SPSB2-2	SPSB2-2
NANOS1-2	NANOS1-2
CHST14-2	CHST14-2
ZMAT1-2	ZMAT1-2
MED28-2	MED28-2
RBM11-2	RBM11-2
FAM216A-2	FAM216A-2
FXYD1-2	FXYD1-2
TSTD1-2	TSTD1-2
UBAP1L-2	UBAP1L-2
PUS7-2	PUS7-2
CDC25A-2	CDC25A-2
DYRK2-2	DYRK2-2
PDE12-2	PDE12-2
ATP1B3-2	ATP1B3-2
S100A5-2	S100A5-2
ZHX2-2	ZHX2-2
KCNA2-2	KCNA2-2
CDX4-2	CDX4-2
C15orf41-2	C15orf41-2
RAPGEF2-2	RAPGEF2-2
WDR4-2	WDR4-2
CDT1-2	CDT1-2
SCGB1A1-2	SCGB1A1-2
INO80B-2	INO80B-2
REPS1-2	REPS1-2
ARHGEF1-2	ARHGEF1-2
TBC1D23-2	TBC1D23-2
PHF13-2	PHF13-2
FANCA-2	FANCA-2
CRBN-2	CRBN-2
LGALS9-2	LGALS9-2
ZNF280D-2	ZNF280D-2
INSIG1-2	INSIG1-2
MINOS1-2	MINOS1-2
MDH2-2	MDH2-2
RPS21-2	RPS21-2
DMRT3-2	DMRT3-2
ELF4-2	ELF4-2
GPBP1L1-2	GPBP1L1-2
RPS20-2	RPS20-2
ALDH1A1-2	ALDH1A1-2
ZBED6-2	ZBED6-2
TREML2-2	TREML2-2
DHX33-2	DHX33-2
TMEM14B-2	TMEM14B-2
PSD-2	PSD-2
MTA3-2	MTA3-2
NLRP6-2	NLRP6-2
HMX3-2	HMX3-2
TMEM39B-2	TMEM39B-2
C1orf112-2	C1orf112-2
TNRC6A-2	TNRC6A-2
NTMT1-2	NTMT1-2
HP1BP3-2	HP1BP3-2
TUBGCP3-2	TUBGCP3-2
PLEKHO2-2	PLEKHO2-2
WIPI2-2	WIPI2-2
SNUPN-2	SNUPN-2
KIF2C-2	KIF2C-2
TTC3-2	TTC3-2
TMTC3-2	TMTC3-2
NOP16-2	NOP16-2
IQGAP1-2	IQGAP1-2
HIST1H2AI-2	HIST1H2AI-2
PICK1-2	PICK1-2
SLC11A1-2	SLC11A1-2
HID1-2	HID1-2
PEX7-2	PEX7-2
PITPNB-2	PITPNB-2
FAM91A1-2	FAM91A1-2
GORASP2-2	GORASP2-2
ST6GALNAC6-2	ST6GALNAC6-2
EHMT1-2	EHMT1-2
HIST1H1A-2	HIST1H1A-2
H1FX-2	H1FX-2
TM9SF4-2	TM9SF4-2
CHI3L2-2	CHI3L2-2
RAD52-2	RAD52-2
SUSD1-2	SUSD1-2
KPNA4-2	KPNA4-2
TMED3-2	TMED3-2
ZNF362-2	ZNF362-2
RBM10-2	RBM10-2
THAP2-2	THAP2-2
GZMA-2	GZMA-2
C6orf201-2	C6orf201-2
TFIP11-2	TFIP11-2
YAF2-2	YAF2-2
CLC-2	CLC-2
GBP7-2	GBP7-2
NRN1-2	NRN1-2
MAP4K2-2	MAP4K2-2
ZNF700-2	ZNF700-2
THOP1-2	THOP1-2
PIGQ-2	PIGQ-2
DAD1-2	DAD1-2
PREX1-2	PREX1-2
POLR3GL-2	POLR3GL-2
SGPL1-2	SGPL1-2
DAB2-2	DAB2-2
TLK2-2	TLK2-2
CD93-2	CD93-2
CXorf65-2	CXorf65-2
TBX19-2	TBX19-2
IVD-2	IVD-2
HRH4-2	HRH4-2
ZNF541-2	ZNF541-2
USP15-2	USP15-2
PLPP6-2	PLPP6-2
RAD54L2-2	RAD54L2-2
PLAC9-2	PLAC9-2
GABARAPL2-2	GABARAPL2-2
REC8-2	REC8-2
SLC22A18-2	SLC22A18-2
SYNGR3-2	SYNGR3-2
BRD3-2	BRD3-2
DTYMK-2	DTYMK-2
FCGBP-2	FCGBP-2
CERS5-2	CERS5-2
RAB5B-2	RAB5B-2
F2RL1-2	F2RL1-2
SS18-2	SS18-2
TSR2-2	TSR2-2
UBE2F-2	UBE2F-2
ITGB1BP1-2	ITGB1BP1-2
FCHO2-2	FCHO2-2
ANAPC7-2	ANAPC7-2
TMCO3-2	TMCO3-2
MECP2-2	MECP2-2
EEF2KMT-2	EEF2KMT-2
ITFG1-2	ITFG1-2
CA9-2	CA9-2
SUDS3-2	SUDS3-2
SP7-2	SP7-2
TAF12-2	TAF12-2
HOXC12-2	HOXC12-2
TNFAIP8-2	TNFAIP8-2
IPCEF1-2	IPCEF1-2
CARD11-2	CARD11-2
SLIT3-2	SLIT3-2
CCDC47-2	CCDC47-2
CEP57L1-2	CEP57L1-2
AJAP1-2	AJAP1-2
SLC5A3-2	SLC5A3-2
SNRPG-2	SNRPG-2
ASAP2-2	ASAP2-2
ZNF281-2	ZNF281-2
SCNN1D-2	SCNN1D-2
LRTOMT-2	LRTOMT-2
LSM8-2	LSM8-2
C9orf64-2	C9orf64-2
STK10-2	STK10-2
SPATA33-2	SPATA33-2
TUBB1-2	TUBB1-2
SHISA5-2	SHISA5-2
DNHD1-2	DNHD1-2
MCM3AP-2	MCM3AP-2
CLDN4-2	CLDN4-2
PHF10-2	PHF10-2
APOC1-2	APOC1-2
ZDHHC23-2	ZDHHC23-2
ZNF888-2	ZNF888-2
EIF3K-2	EIF3K-2
LGALS2-2	LGALS2-2
CFAP36-2	CFAP36-2
MESP2-2	MESP2-2
ATP6V1E1-2	ATP6V1E1-2
CYB5A-2	CYB5A-2
ABHD3-2	ABHD3-2
DSN1-2	DSN1-2
PTPN6-2	PTPN6-2
KDM4B-2	KDM4B-2
PEX11B-2	PEX11B-2
IRX6-2	IRX6-2
SMS-2	SMS-2
UBL5-2	UBL5-2
TNFSF10-2	TNFSF10-2
NMNAT1-2	NMNAT1-2
ESPN-2	ESPN-2
TMEM120A-2	TMEM120A-2
PSMD11-2	PSMD11-2
LRRN2-2	LRRN2-2
ZNF713-2	ZNF713-2
WFDC2-2	WFDC2-2
MAPKAPK5-2	MAPKAPK5-2
RTTN-2	RTTN-2
LGALS3-2	LGALS3-2
TPCN2-2	TPCN2-2
RNF2-2	RNF2-2
PSMA3-2	PSMA3-2
ZNF266-2	ZNF266-2
FNIP2-2	FNIP2-2
FBXL8-2	FBXL8-2
DENND4B-2	DENND4B-2
CASD1-2	CASD1-2
CD59-2	CD59-2
ZNF18-2	ZNF18-2
CRKL-2	CRKL-2
SUPT3H-2	SUPT3H-2
ZNF382-2	ZNF382-2
MAOB-2	MAOB-2
SAMM50-2	SAMM50-2
RNF168-2	RNF168-2
HIST1H2AJ-2	HIST1H2AJ-2
ARRB1-2	ARRB1-2
MRTFB-2	MRTFB-2
MINDY3-2	MINDY3-2
ZNF48-2	ZNF48-2
ZNF776-2	ZNF776-2
FASN-2	FASN-2
CRIP1-2	CRIP1-2
TSPYL5-2	TSPYL5-2
HNRNPH1-2	HNRNPH1-2
HOXA6-2	HOXA6-2
ING3-2	ING3-2
POT1-2	POT1-2
ZC4H2-2	ZC4H2-2
ABRAXAS1-2	ABRAXAS1-2
GBX2-2	GBX2-2
RNF24-2	RNF24-2
ALKBH3-2	ALKBH3-2
ZBTB8B-2	ZBTB8B-2
COMMD8-2	COMMD8-2
FOXI1-2	FOXI1-2
GOPC-2	GOPC-2
WIZ-2	WIZ-2
SPEF2-2	SPEF2-2
MAP2K7-2	MAP2K7-2
VPS26B-2	VPS26B-2
CDK11B-2	CDK11B-2
TASP1-2	TASP1-2
B4GALT7-2	B4GALT7-2
ZFP64-2	ZFP64-2
GLYCTK-2	GLYCTK-2
CDIP1-2	CDIP1-2
PAAF1-2	PAAF1-2
RAB11FIP1-2	RAB11FIP1-2
SMARCA4-2	SMARCA4-2
SOS2-2	SOS2-2
EXOSC9-2	EXOSC9-2
PRMT9-2	PRMT9-2
FRYL-2	FRYL-2
DMBX1-2	DMBX1-2
NDUFA12-2	NDUFA12-2
BIRC5-2	BIRC5-2
CANT1-2	CANT1-2
GNG10-2	GNG10-2
ZNF471-2	ZNF471-2
R3HDM4-2	R3HDM4-2
DNMBP-2	DNMBP-2
SMIM3-2	SMIM3-2
CSGALNACT2-2	CSGALNACT2-2
MEOX2-2	MEOX2-2
BDH2-2	BDH2-2
ZNF793-2	ZNF793-2
METTL2A-2	METTL2A-2
ARFIP2-2	ARFIP2-2
HIVEP2-2	HIVEP2-2
LRCH3-2	LRCH3-2
CIAO1-2	CIAO1-2
DSC1-2	DSC1-2
ZNF441-2	ZNF441-2
PRMT5-2	PRMT5-2
RPL17-2	RPL17-2
VEZF1-2	VEZF1-2
TBCD-2	TBCD-2
TBC1D5-2	TBC1D5-2
PAIP2-2	PAIP2-2
MNDA-2	MNDA-2
TMOD2-2	TMOD2-2
SNX17-2	SNX17-2
C10orf88-2	C10orf88-2
SRGN-2	SRGN-2
POLR2I-2	POLR2I-2
FTSJ3-2	FTSJ3-2
MEF2C-2	MEF2C-2
ZNF26-2	ZNF26-2
STAC3-2	STAC3-2
ACVR2A-2	ACVR2A-2
CEP97-2	CEP97-2
LRP8-2	LRP8-2
COPZ1-2	COPZ1-2
SIN3A-2	SIN3A-2
HILPDA-2	HILPDA-2
ICOS-2	ICOS-2
CCND2-2	CCND2-2
ANXA2R-2	ANXA2R-2
ZBTB33-2	ZBTB33-2
IMMP2L-2	IMMP2L-2
FOXD3-2	FOXD3-2
DFFA-2	DFFA-2
RPL28-2	RPL28-2
CC2D1B-2	CC2D1B-2
GALNT10-2	GALNT10-2
CDC42SE2-2	CDC42SE2-2
SLC8B1-2	SLC8B1-2
IER3IP1-2	IER3IP1-2
GEMIN5-2	GEMIN5-2
ARGLU1-2	ARGLU1-2
AHR-2	AHR-2
THUMPD1-2	THUMPD1-2
YBX3-2	YBX3-2
METTL2B-2	METTL2B-2
MAP4K5-2	MAP4K5-2
GSN-2	GSN-2
NFE2L3-2	NFE2L3-2
MYO5A-2	MYO5A-2
RAN-2	RAN-2
EMB-2	EMB-2
IRGQ-2	IRGQ-2
MB21D2-2	MB21D2-2
RRP8-2	RRP8-2
ZFP2-2	ZFP2-2
GPX4-2	GPX4-2
CFAP53-2	CFAP53-2
SRC-2	SRC-2
TAPT1-2	TAPT1-2
TMEM67-2	TMEM67-2
SCD5-2	SCD5-2
PPP1R16A-2	PPP1R16A-2
MOSPD3-2	MOSPD3-2
THOC2-2	THOC2-2
FOXRED1-2	FOXRED1-2
RAP2A-2	RAP2A-2
TMEM63C-2	TMEM63C-2
XRCC2-2	XRCC2-2
ZNF276-2	ZNF276-2
FGF11-2	FGF11-2
RAP1B-2	RAP1B-2
COX6C-2	COX6C-2
SLC44A2-2	SLC44A2-2
MSH6-2	MSH6-2
TRAT1-2	TRAT1-2
MRPL4-2	MRPL4-2
ODC1-2	ODC1-2
ZNF804B-2	ZNF804B-2
GGPS1-2	GGPS1-2
GPRASP1-2	GPRASP1-2
ADAT3-2	ADAT3-2
KLHL42-2	KLHL42-2
FCMR-2	FCMR-2
BBS12-2	BBS12-2
TAF4B-2	TAF4B-2
SLC39A3-2	SLC39A3-2
MRPL38-2	MRPL38-2
PIGS-2	PIGS-2
SLC5A10-2	SLC5A10-2
ZBTB14-2	ZBTB14-2
ANXA6-2	ANXA6-2
VBP1-2	VBP1-2
MED30-2	MED30-2
AMDHD1-2	AMDHD1-2
ZC3H15-2	ZC3H15-2
GAB3-2	GAB3-2
TMEM260-2	TMEM260-2
PGK1-2	PGK1-2
ZNF474-2	ZNF474-2
AGPAT3-2	AGPAT3-2
SPAG16-2	SPAG16-2
FBXW8-2	FBXW8-2
RHPN1-2	RHPN1-2
KMT5A-2	KMT5A-2
FIGNL1-2	FIGNL1-2
MLYCD-2	MLYCD-2
POLR2F-2	POLR2F-2
PFKFB3-2	PFKFB3-2
LRRC70-2	LRRC70-2
BCL2-2	BCL2-2
OXSM-2	OXSM-2
GNPDA2-2	GNPDA2-2
PRDM14-2	PRDM14-2
SLC7A1-2	SLC7A1-2
SPART-2	SPART-2
TTC4-2	TTC4-2
TUSC2-2	TUSC2-2
SLC9B2-2	SLC9B2-2
XPR1-2	XPR1-2
CHPT1-2	CHPT1-2
CD36-2	CD36-2
LRRC6-2	LRRC6-2
SRP68-2	SRP68-2
ANKRD13B-2	ANKRD13B-2
MESD-2	MESD-2
SLC25A26-2	SLC25A26-2
STARD3NL-2	STARD3NL-2
MRPS17-2	MRPS17-2
KAT14-2	KAT14-2
GOLGA5-2	GOLGA5-2
PLCB3-2	PLCB3-2
VNN2-2	VNN2-2
TRAP1-2	TRAP1-2
MBD1-2	MBD1-2
PNPLA7-2	PNPLA7-2
SAP30BP-2	SAP30BP-2
FIGLA-2	FIGLA-2
STUM-2	STUM-2
MAPK8-2	MAPK8-2
FRMD6-2	FRMD6-2
RABL2B-2	RABL2B-2
RNF144B-2	RNF144B-2
LIPA-2	LIPA-2
C7orf55-LUC7L2-2	C7orf55-LUC7L2-2
ELOC-2	ELOC-2
SDHAF1-2	SDHAF1-2
RFXANK-2	RFXANK-2
LGMN-2	LGMN-2
GIPC1-2	GIPC1-2
PTMA-2	PTMA-2
ALG6-2	ALG6-2
PLTP-2	PLTP-2
COPS4-2	COPS4-2
ZDHHC12-2	ZDHHC12-2
PAN3-2	PAN3-2
HNRNPDL-2	HNRNPDL-2
LRRC27-2	LRRC27-2
MCM5-2	MCM5-2
ZNF670-2	ZNF670-2
TAGLN-2	TAGLN-2
BTG2-2	BTG2-2
IMP4-2	IMP4-2
ARRDC2-2	ARRDC2-2
AGO2-2	AGO2-2
IL1RN-2	IL1RN-2
SLC25A20-2	SLC25A20-2
PELO-2	PELO-2
GIGYF1-2	GIGYF1-2
DEFB1-2	DEFB1-2
ZNF778-2	ZNF778-2
GPR137B-2	GPR137B-2
ANO8-2	ANO8-2
DMXL2-2	DMXL2-2
FBLIM1-2	FBLIM1-2
EFCAB14-2	EFCAB14-2
GRPEL2-2	GRPEL2-2
TRIM23-2	TRIM23-2
ADAM23-2	ADAM23-2
ZNF283-2	ZNF283-2
RAD54B-2	RAD54B-2
GATA4-2	GATA4-2
ZFAND4-2	ZFAND4-2
UMAD1-2	UMAD1-2
TNFAIP8L1-2	TNFAIP8L1-2
MMRN1-2	MMRN1-2
LAMA2-2	LAMA2-2
GYPC-2	GYPC-2
TMEM220-2	TMEM220-2
SLC38A7-2	SLC38A7-2
SLC44A3-2	SLC44A3-2
MLLT1-2	MLLT1-2
B4GALT3-2	B4GALT3-2
EIF4EBP3-2	EIF4EBP3-2
PRDM12-2	PRDM12-2
ENKD1-2	ENKD1-2
SEC31A-2	SEC31A-2
SOAT2-2	SOAT2-2
IL12RB2-2	IL12RB2-2
RUVBL2-2	RUVBL2-2
CCDC65-2	CCDC65-2
B3GAT2-2	B3GAT2-2
FN1-2	FN1-2
NAA38-2	NAA38-2
KLF16-2	KLF16-2
SLAMF1-2	SLAMF1-2
HAUS2-2	HAUS2-2
YY1-2	YY1-2
RASD2-2	RASD2-2
RASA4B-2	RASA4B-2
EHD1-2	EHD1-2
DDHD2-2	DDHD2-2
CUL9-2	CUL9-2
IFT27-2	IFT27-2
AK4-2	AK4-2
SNAP23-2	SNAP23-2
DYNLRB1-2	DYNLRB1-2
CPNE3-2	CPNE3-2
IL17RB-2	IL17RB-2
KCTD17-2	KCTD17-2
STAG2-2	STAG2-2
SLC25A46-2	SLC25A46-2
DAB1-2	DAB1-2
CD38-2	CD38-2
ZNF449-2	ZNF449-2
SAXO2-2	SAXO2-2
AVL9-2	AVL9-2
PIKFYVE-2	PIKFYVE-2
MANBAL-2	MANBAL-2
RPS10-2	RPS10-2
ETV1-2	ETV1-2
KDM2B-2	KDM2B-2
BRMS1-2	BRMS1-2
GUCA2B-2	GUCA2B-2
PDE7B-2	PDE7B-2
MMACHC-2	MMACHC-2
HOXA2-2	HOXA2-2
YBEY-2	YBEY-2
YIPF1-2	YIPF1-2
HEY1-2	HEY1-2
ALKBH7-2	ALKBH7-2
ABCC5-2	ABCC5-2
DBH-2	DBH-2
ZNF775-2	ZNF775-2
EDARADD-2	EDARADD-2
CACFD1-2	CACFD1-2
MTHFR-2	MTHFR-2
LBR-2	LBR-2
RNF41-2	RNF41-2
IL10-2	IL10-2
CLNS1A-2	CLNS1A-2
FAM169A-2	FAM169A-2
JADE2-2	JADE2-2
PRR22-2	PRR22-2
CCDC97-2	CCDC97-2
INTS10-2	INTS10-2
STYX-2	STYX-2
AGL-2	AGL-2
FAM117A-2	FAM117A-2
IGF1R-2	IGF1R-2
DCPS-2	DCPS-2
SWT1-2	SWT1-2
MTX1-2	MTX1-2
BST2-2	BST2-2
BCL6-2	BCL6-2
HADH-2	HADH-2
PNMA5-2	PNMA5-2
CACNA1H-2	CACNA1H-2
PSMG1-2	PSMG1-2
FAM133B-2	FAM133B-2
PRPF38A-2	PRPF38A-2
DPYSL4-2	DPYSL4-2
FAM208A-2	FAM208A-2
E2F5-2	E2F5-2
AQP3-2	AQP3-2
BUB1B-2	BUB1B-2
WBP4-2	WBP4-2
ZNF518B-2	ZNF518B-2
SGSM1-2	SGSM1-2
TMEM135-2	TMEM135-2
ADGRG5-2	ADGRG5-2
IGSF6-2	IGSF6-2
KRAS-2	KRAS-2
NEK2-2	NEK2-2
HLA-C-2	HLA-C-2
LYSMD1-2	LYSMD1-2
PAX1-2	PAX1-2
PDE4D-2	PDE4D-2
INSR-2	INSR-2
ZNF268-2	ZNF268-2
CDAN1-2	CDAN1-2
SEC24B-2	SEC24B-2
IDH3A-2	IDH3A-2
PLOD1-2	PLOD1-2
CKLF-CMTM1-2	CKLF-CMTM1-2
ZFAND5-2	ZFAND5-2
TULP2-2	TULP2-2
SNURF-2	SNURF-2
RAD51-2	RAD51-2
ABCA5-2	ABCA5-2
STXBP1-2	STXBP1-2
RAD18-2	RAD18-2
BHLHA9-2	BHLHA9-2
NLN-2	NLN-2
UBA6-2	UBA6-2
HEXDC-2	HEXDC-2
TANK-2	TANK-2
YBX1-2	YBX1-2
RMDN2-2	RMDN2-2
GLCCI1-2	GLCCI1-2
OAZ1-2	OAZ1-2
TMEM106B-2	TMEM106B-2
USP1-2	USP1-2
NDUFV1-2	NDUFV1-2
SEC22C-2	SEC22C-2
CD302-2	CD302-2
APOL3-2	APOL3-2
YWHAB-2	YWHAB-2
TRIM47-2	TRIM47-2
MIDN-2	MIDN-2
SPIN2B-2	SPIN2B-2
RAB32-2	RAB32-2
THRAP3-2	THRAP3-2
MTG1-2	MTG1-2
SMARCA1-2	SMARCA1-2
GGH-2	GGH-2
ZNF609-2	ZNF609-2
PCGF6-2	PCGF6-2
PPAT-2	PPAT-2
DDX59-2	DDX59-2
SOAT1-2	SOAT1-2
AR-2	AR-2
PHKG1-2	PHKG1-2
DESI2-2	DESI2-2
C2orf50-2	C2orf50-2
ALDH1B1-2	ALDH1B1-2
RARA-2	RARA-2
MED8-2	MED8-2
NFU1-2	NFU1-2
PCNT-2	PCNT-2
RPP25L-2	RPP25L-2
CRIP3-2	CRIP3-2
MYL9-2	MYL9-2
RANBP6-2	RANBP6-2
NSG1-2	NSG1-2
DERA-2	DERA-2
SACM1L-2	SACM1L-2
HNRNPL-2	HNRNPL-2
CCDC112-2	CCDC112-2
TRAPPC6A-2	TRAPPC6A-2
CCDC186-2	CCDC186-2
ARHGEF3-2	ARHGEF3-2
GEMIN4-2	GEMIN4-2
LSM12-2	LSM12-2
KLHDC4-2	KLHDC4-2
MAP1S-2	MAP1S-2
RHOF-2	RHOF-2
MTFMT-2	MTFMT-2
USF2-2	USF2-2
ZMYM4-2	ZMYM4-2
TMEM64-2	TMEM64-2
MRPL57-2	MRPL57-2
KAT2B-2	KAT2B-2
ZNFX1-2	ZNFX1-2
MAPK12-2	MAPK12-2
MYF6-2	MYF6-2
MLF1-2	MLF1-2
PANX2-2	PANX2-2
EGR3-2	EGR3-2
TEF-2	TEF-2
CCDC71L-2	CCDC71L-2
PPP2CB-2	PPP2CB-2
ATG10-2	ATG10-2
SMARCA5-2	SMARCA5-2
ZNF227-2	ZNF227-2
TMEM41A-2	TMEM41A-2
TAX1BP3-2	TAX1BP3-2
ZMYM2-2	ZMYM2-2
MRPL41-2	MRPL41-2
HSBP1L1-2	HSBP1L1-2
BLZF1-2	BLZF1-2
TMEM63A-2	TMEM63A-2
RAB3GAP2-2	RAB3GAP2-2
SERAC1-2	SERAC1-2
ZNF668-2	ZNF668-2
MUC19-2	MUC19-2
OXCT1-2	OXCT1-2
SPCS3-2	SPCS3-2
PML-2	PML-2
TAF4-2	TAF4-2
AP2B1-2	AP2B1-2
KAT5-2	KAT5-2
RPS15A-2	RPS15A-2
HES4-2	HES4-2
ZBED2-2	ZBED2-2
BTF3L4-2	BTF3L4-2
RRP9-2	RRP9-2
SGTB-2	SGTB-2
MCM4-2	MCM4-2
GNB5-2	GNB5-2
FOXO1-2	FOXO1-2
KSR1-2	KSR1-2
CACNA1C-2	CACNA1C-2
ERCC2-2	ERCC2-2
MIER1-2	MIER1-2
LTK-2	LTK-2
H2AFZ-2	H2AFZ-2
ANKH-2	ANKH-2
CYBA-2	CYBA-2
VSIG1-2	VSIG1-2
C19orf18-2	C19orf18-2
KCTD21-2	KCTD21-2
ASB6-2	ASB6-2
SIRT4-2	SIRT4-2
MAST4-2	MAST4-2
ZBTB24-2	ZBTB24-2
BEND3-2	BEND3-2
CCL25-2	CCL25-2
SLCO3A1-2	SLCO3A1-2
PF4-2	PF4-2
ZNF544-2	ZNF544-2
RPAP1-2	RPAP1-2
USP32-2	USP32-2
PF4V1-2	PF4V1-2
PCSK5-2	PCSK5-2
FUS-2	FUS-2
TSPAN6-2	TSPAN6-2
PROSER1-2	PROSER1-2
ATP6V0E1-2	ATP6V0E1-2
ATP6V1B2-2	ATP6V1B2-2
IRAK1BP1-2	IRAK1BP1-2
KRI1-2	KRI1-2
IDH2-2	IDH2-2
SRM-2	SRM-2
RABIF-2	RABIF-2
ABI1-2	ABI1-2
FEM1B-2	FEM1B-2
ANPEP-2	ANPEP-2
METAP1-2	METAP1-2
GUCA2A-2	GUCA2A-2
AP1M1-2	AP1M1-2
GNAZ-2	GNAZ-2
BTD-2	BTD-2
IFNGR1-2	IFNGR1-2
PHC3-2	PHC3-2
ABCC8-2	ABCC8-2
TUT1-2	TUT1-2
HSD17B11-2	HSD17B11-2
ZSCAN22-2	ZSCAN22-2
LDHB-2	LDHB-2
CDC14B-2	CDC14B-2
SRRM1-2	SRRM1-2
F13A1-2	F13A1-2
HASPIN-2	HASPIN-2
PRMT3-2	PRMT3-2
MTMR14-2	MTMR14-2
ZNF93-2	ZNF93-2
TBC1D20-2	TBC1D20-2
FGFR2-2	FGFR2-2
C1orf43-2	C1orf43-2
MAML3-2	MAML3-2
OLAH-2	OLAH-2
SEPT7-2	SEPT7-2
DLD-2	DLD-2
PKP4-2	PKP4-2
PSMB6-2	PSMB6-2
REG3A-2	REG3A-2
SUV39H2-2	SUV39H2-2
ECPAS-2	ECPAS-2
ERI1-2	ERI1-2
RNF187-2	RNF187-2
NKAPD1-2	NKAPD1-2
NKX2-5-2	NKX2-5-2
GPATCH11-2	GPATCH11-2
CYB561-2	CYB561-2
BARHL1-2	BARHL1-2
ZC3H12D-2	ZC3H12D-2
MYT1L-2	MYT1L-2
FAM209B-2	FAM209B-2
DUSP12-2	DUSP12-2
DMTF1-2	DMTF1-2
TAF8-2	TAF8-2
PCBP3-2	PCBP3-2
PSTK-2	PSTK-2
BRCC3-2	BRCC3-2
TLR2-2	TLR2-2
CLDN3-2	CLDN3-2
DEF6-2	DEF6-2
ZNF41-2	ZNF41-2
BCAS3-2	BCAS3-2
MESP1-2	MESP1-2
IDE-2	IDE-2
KIAA1551-2	KIAA1551-2
MKS1-2	MKS1-2
ZNF766-2	ZNF766-2
WSB2-2	WSB2-2
ZC3H18-2	ZC3H18-2
THRA-2	THRA-2
TIPIN-2	TIPIN-2
FAIM-2	FAIM-2
FEV-2	FEV-2
AP1G2-2	AP1G2-2
MICAL3-2	MICAL3-2
ITPKC-2	ITPKC-2
POLR3A-2	POLR3A-2
SENP3-2	SENP3-2
POLA2-2	POLA2-2
MMP9-2	MMP9-2
IREB2-2	IREB2-2
TDP1-2	TDP1-2
SOX2-2	SOX2-2
PFN1-2	PFN1-2
ZNF248-2	ZNF248-2
TRMT6-2	TRMT6-2
LGALS3BP-2	LGALS3BP-2
BBS7-2	BBS7-2
TSC1-2	TSC1-2
STK11-2	STK11-2
CD200R1-2	CD200R1-2
C19orf44-2	C19orf44-2
RIMKLB-2	RIMKLB-2
CLP1-2	CLP1-2
PUM2-2	PUM2-2
BIRC3-2	BIRC3-2
C1QL3-2	C1QL3-2
KLF5-2	KLF5-2
TFF3-2	TFF3-2
GNRH2-2	GNRH2-2
P4HTM-2	P4HTM-2
RELCH-2	RELCH-2
CBX2-2	CBX2-2
SUCLG2-2	SUCLG2-2
GOLGA7-2	GOLGA7-2
CEP89-2	CEP89-2
CTH-2	CTH-2
WBP11-2	WBP11-2
ZNF529-2	ZNF529-2
IGF2-2	IGF2-2
QRICH2-2	QRICH2-2
TMEM181-2	TMEM181-2
PRCP-2	PRCP-2
FADD-2	FADD-2
MSANTD4-2	MSANTD4-2
CEP44-2	CEP44-2
MRTO4-2	MRTO4-2
FXYD3-2	FXYD3-2
LEUTX-2	LEUTX-2
CCL20-2	CCL20-2
IPO9-2	IPO9-2
GPRASP2-2	GPRASP2-2
TSNAX-2	TSNAX-2
SPRYD3-2	SPRYD3-2
TNPO1-2	TNPO1-2
HDDC3-2	HDDC3-2
GALNT18-2	GALNT18-2
ABRACL-2	ABRACL-2
BCL9-2	BCL9-2
LZTS2-2	LZTS2-2
TSPAN9-2	TSPAN9-2
CREB1-2	CREB1-2
SGMS1-2	SGMS1-2
DENND2D-2	DENND2D-2
RRAGB-2	RRAGB-2
CAPN5-2	CAPN5-2
DNAJC11-2	DNAJC11-2
RPL9-2	RPL9-2
VWA8-2	VWA8-2
ALG14-2	ALG14-2
NKX2-3-2	NKX2-3-2
KIAA0895L-2	KIAA0895L-2
FBXO44-2	FBXO44-2
GPR160-2	GPR160-2
NIPA2-2	NIPA2-2
DEPDC1B-2	DEPDC1B-2
DPP7-2	DPP7-2
AGO1-2	AGO1-2
AREG-2	AREG-2
SYPL1-2	SYPL1-2
ZNF223-2	ZNF223-2
MRPL47-2	MRPL47-2
ZCCHC2-2	ZCCHC2-2
VDR-2	VDR-2
PROZ-2	PROZ-2
CPNE8-2	CPNE8-2
MRPS12-2	MRPS12-2
CD58-2	CD58-2
EZH2-2	EZH2-2
CDK12-2	CDK12-2
BRF1-2	BRF1-2
HSD17B7-2	HSD17B7-2
SLC30A1-2	SLC30A1-2
SMG5-2	SMG5-2
NUDT8-2	NUDT8-2
RANBP10-2	RANBP10-2
AURKAIP1-2	AURKAIP1-2
WDR86-2	WDR86-2
PDE5A-2	PDE5A-2
SRP19-2	SRP19-2
DHX40-2	DHX40-2
PPP2R5B-2	PPP2R5B-2
PTGER2-2	PTGER2-2
GIMAP1-GIMAP5-2	GIMAP1-GIMAP5-2
CEP250-2	CEP250-2
SCRT1-2	SCRT1-2
HIST2H2AB-2	HIST2H2AB-2
PPFIA1-2	PPFIA1-2
ALDH6A1-2	ALDH6A1-2
CFL1-2	CFL1-2
NIPAL1-2	NIPAL1-2
GPR171-2	GPR171-2
PDIA4-2	PDIA4-2
KTN1-2	KTN1-2
DOLPP1-2	DOLPP1-2
USP31-2	USP31-2
U2SURP-2	U2SURP-2
PBX4-2	PBX4-2
PPP1R15A-2	PPP1R15A-2
ATPAF1-2	ATPAF1-2
MST1-2	MST1-2
RLN2-2	RLN2-2
TARBP1-2	TARBP1-2
LTB4R2-2	LTB4R2-2
COX10-2	COX10-2
ARHGEF18-2	ARHGEF18-2
ZSCAN21-2	ZSCAN21-2
COX8A-2	COX8A-2
PRKAG1-2	PRKAG1-2
HNF4A-2	HNF4A-2
SLC35A4-2	SLC35A4-2
RASAL3-2	RASAL3-2
RNASEH2A-2	RNASEH2A-2
MPLKIP-2	MPLKIP-2
ZNF286A-2	ZNF286A-2
TXK-2	TXK-2
KDF1-2	KDF1-2
SLC25A22-2	SLC25A22-2
IGSF22-2	IGSF22-2
UBE2D4-2	UBE2D4-2
EIF3M-2	EIF3M-2
CDK9-2	CDK9-2
PPM1A-2	PPM1A-2
GDAP1-2	GDAP1-2
SMC5-2	SMC5-2
FRS2-2	FRS2-2
ZBTB6-2	ZBTB6-2
MED11-2	MED11-2
PPP6C-2	PPP6C-2
ANKZF1-2	ANKZF1-2
NACC2-2	NACC2-2
B3GAT3-2	B3GAT3-2
HACD3-2	HACD3-2
RRBP1-2	RRBP1-2
GPNMB-2	GPNMB-2
CYB5B-2	CYB5B-2
PRR12-2	PRR12-2
C2orf40-2	C2orf40-2
ECH1-2	ECH1-2
PRDM1-2	PRDM1-2
PI4K2B-2	PI4K2B-2
HACD1-2	HACD1-2
IL17A-2	IL17A-2
UBR4-2	UBR4-2
ABCA1-2	ABCA1-2
ZNF622-2	ZNF622-2
SMIM8-2	SMIM8-2
RTF1-2	RTF1-2
PLD6-2	PLD6-2
BLOC1S3-2	BLOC1S3-2
TRIM59-2	TRIM59-2
RNGTT-2	RNGTT-2
PSMB7-2	PSMB7-2
NRP2-2	NRP2-2
AREL1-2	AREL1-2
ANP32E-2	ANP32E-2
CCDC88C-2	CCDC88C-2
SLC44A1-2	SLC44A1-2
DUSP7-2	DUSP7-2
PDLIM2-2	PDLIM2-2
SAFB-2	SAFB-2
RBX1-2	RBX1-2
KIAA0895-2	KIAA0895-2
DDX47-2	DDX47-2
GNG4-2	GNG4-2
PPP1R12A-2	PPP1R12A-2
GAS8-2	GAS8-2
FSD1-2	FSD1-2
JAG1-2	JAG1-2
HSD11B2-2	HSD11B2-2
PC-2	PC-2
PIK3C2B-2	PIK3C2B-2
DBP-2	DBP-2
MYLK4-2	MYLK4-2
ZSWIM5-2	ZSWIM5-2
IL18RAP-2	IL18RAP-2
PABPC1-2	PABPC1-2
TBX10-2	TBX10-2
MYO18A-2	MYO18A-2
ANKFY1-2	ANKFY1-2
DSC2-2	DSC2-2
IKZF4-2	IKZF4-2
BPGM-2	BPGM-2
WDR75-2	WDR75-2
RAB5C-2	RAB5C-2
RAB3A-2	RAB3A-2
ANKEF1-2	ANKEF1-2
PROX1-2	PROX1-2
SETD9-2	SETD9-2
ASAP3-2	ASAP3-2
VPS13A-2	VPS13A-2
SH3BP2-2	SH3BP2-2
TNFRSF10A-2	TNFRSF10A-2
ZNF57-2	ZNF57-2
TRIM3-2	TRIM3-2
IDUA-2	IDUA-2
TBC1D10C-2	TBC1D10C-2
PRCC-2	PRCC-2
MRTFA-2	MRTFA-2
ZNF429-2	ZNF429-2
HIPK3-2	HIPK3-2
OS9-2	OS9-2
PLEKHG2-2	PLEKHG2-2
KRT72-2	KRT72-2
R3HCC1-2	R3HCC1-2
PIAS3-2	PIAS3-2
PDCD2-2	PDCD2-2
SLAIN1-2	SLAIN1-2
PNPO-2	PNPO-2
EDAR-2	EDAR-2
PARP15-2	PARP15-2
TRMT2B-2	TRMT2B-2
ANAPC5-2	ANAPC5-2
MINDY1-2	MINDY1-2
GADD45A-2	GADD45A-2
NOC2L-2	NOC2L-2
PLXDC2-2	PLXDC2-2
CREB3L4-2	CREB3L4-2
CBR4-2	CBR4-2
F11R-2	F11R-2
SLC22A5-2	SLC22A5-2
HIST1H2AE-2	HIST1H2AE-2
JOSD2-2	JOSD2-2
TXNDC12-2	TXNDC12-2
RAB43-2	RAB43-2
SUSD4-2	SUSD4-2
RPL27A-2	RPL27A-2
GNA15-2	GNA15-2
SEC22B-2	SEC22B-2
TRAPPC10-2	TRAPPC10-2
GTF3C6-2	GTF3C6-2
NAGPA-2	NAGPA-2
MRPS6-2	MRPS6-2
EGR4-2	EGR4-2
ANK3-2	ANK3-2
ZNF608-2	ZNF608-2
ANK1-2	ANK1-2
OGFOD1-2	OGFOD1-2
SGO2-2	SGO2-2
ETFRF1-2	ETFRF1-2
BCKDHB-2	BCKDHB-2
NR4A2-2	NR4A2-2
PMVK-2	PMVK-2
KDELC1-2	KDELC1-2
NT5DC2-2	NT5DC2-2
NEO1-2	NEO1-2
JCHAIN-2	JCHAIN-2
ZBTB1-2	ZBTB1-2
TMEM131L-2	TMEM131L-2
ATG16L2-2	ATG16L2-2
MAP3K1-2	MAP3K1-2
SLC12A2-2	SLC12A2-2
FAHD1-2	FAHD1-2
ATXN7L3-2	ATXN7L3-2
AOC3-2	AOC3-2
SARM1-2	SARM1-2
AKT2-2	AKT2-2
LHPP-2	LHPP-2
C16orf74-2	C16orf74-2
UBE3A-2	UBE3A-2
B4GALNT4-2	B4GALNT4-2
FAM219B-2	FAM219B-2
HOXB4-2	HOXB4-2
TMA7-2	TMA7-2
DNAH9-2	DNAH9-2
RAB11FIP4-2	RAB11FIP4-2
H2AFV-2	H2AFV-2
EIF6-2	EIF6-2
IL23A-2	IL23A-2
ZNF691-2	ZNF691-2
YPEL4-2	YPEL4-2
COL6A1-2	COL6A1-2
EMC2-2	EMC2-2
PHLDB3-2	PHLDB3-2
GBP2-2	GBP2-2
EPCAM-2	EPCAM-2
NCBP1-2	NCBP1-2
ZNF638-2	ZNF638-2
ZDHHC18-2	ZDHHC18-2
LIN7C-2	LIN7C-2
LAMTOR4-2	LAMTOR4-2
FLT1-2	FLT1-2
DLST-2	DLST-2
ULK2-2	ULK2-2
MINDY2-2	MINDY2-2
CDC45-2	CDC45-2
LITAF-2	LITAF-2
ALDOA-2	ALDOA-2
CD164-2	CD164-2
CASK-2	CASK-2
ST6GAL1-2	ST6GAL1-2
MEIS1-2	MEIS1-2
GGT7-2	GGT7-2
PEF1-2	PEF1-2
TMLHE-2	TMLHE-2
ARHGAP5-2	ARHGAP5-2
RIOX1-2	RIOX1-2
LIMK2-2	LIMK2-2
ZFP36-2	ZFP36-2
PMCH-2	PMCH-2
BANK1-2	BANK1-2
NCOR1-2	NCOR1-2
DNAJC19-2	DNAJC19-2
CSF1-2	CSF1-2
SMG9-2	SMG9-2
RNF207-2	RNF207-2
ZNF532-2	ZNF532-2
LRRFIP1-2	LRRFIP1-2
LRBA-2	LRBA-2
VCAN-2	VCAN-2
XRN2-2	XRN2-2
ZHX3-2	ZHX3-2
CCDC173-2	CCDC173-2
SMNDC1-2	SMNDC1-2
GZMK-2	GZMK-2
PDHB-2	PDHB-2
CHIC1-2	CHIC1-2
NFASC-2	NFASC-2
GINS2-2	GINS2-2
NRIP3-2	NRIP3-2
GNPTG-2	GNPTG-2
PSTPIP2-2	PSTPIP2-2
PTPRE-2	PTPRE-2
B4GALT2-2	B4GALT2-2
CPQ-2	CPQ-2
G3BP1-2	G3BP1-2
TIMM10-2	TIMM10-2
CMC2-2	CMC2-2
CSKMT-2	CSKMT-2
FAM13B-2	FAM13B-2
ZBTB17-2	ZBTB17-2
SLC35E1-2	SLC35E1-2
VPS8-2	VPS8-2
SMARCAD1-2	SMARCAD1-2
USP42-2	USP42-2
ALDH2-2	ALDH2-2
STX4-2	STX4-2
UPP1-2	UPP1-2
THTPA-2	THTPA-2
KAT7-2	KAT7-2
PNP-2	PNP-2
RPL7A-2	RPL7A-2
ZNF720-2	ZNF720-2
NMRK1-2	NMRK1-2
CES4A-2	CES4A-2
PRUNE1-2	PRUNE1-2
LRR1-2	LRR1-2
SLC18B1-2	SLC18B1-2
SH2B1-2	SH2B1-2
ARRB2-2	ARRB2-2
TFEB-2	TFEB-2
RAB1A-2	RAB1A-2
CNOT4-2	CNOT4-2
PCDH12-2	PCDH12-2
BLMH-2	BLMH-2
PEX6-2	PEX6-2
WDR70-2	WDR70-2
BTBD6-2	BTBD6-2
STT3B-2	STT3B-2
HIST1H2AB-2	HIST1H2AB-2
PYCR2-2	PYCR2-2
THAP7-2	THAP7-2
DBX2-2	DBX2-2
ITGA5-2	ITGA5-2
PIGF-2	PIGF-2
TGFA-2	TGFA-2
SLC35B2-2	SLC35B2-2
PLEKHA4-2	PLEKHA4-2
TMEM199-2	TMEM199-2
CCT5-2	CCT5-2
BRWD1-2	BRWD1-2
NFRKB-2	NFRKB-2
ITGB2-2	ITGB2-2
WDR89-2	WDR89-2
TATDN3-2	TATDN3-2
ANKS1A-2	ANKS1A-2
PSMC1-2	PSMC1-2
SLC2A8-2	SLC2A8-2
TMED2-2	TMED2-2
FAM129C-2	FAM129C-2
TCF15-2	TCF15-2
LBX1-2	LBX1-2
KCNH3-2	KCNH3-2
SORBS3-2	SORBS3-2
HNRNPA0-2	HNRNPA0-2
ELP1-2	ELP1-2
FASLG-2	FASLG-2
SMIM24-2	SMIM24-2
LRP2BP-2	LRP2BP-2
FARP1-2	FARP1-2
ZFHX4-2	ZFHX4-2
DHRS1-2	DHRS1-2
LYSMD4-2	LYSMD4-2
SLC38A6-2	SLC38A6-2
VPS53-2	VPS53-2
KCNIP4-2	KCNIP4-2
CCDC61-2	CCDC61-2
PFKFB1-2	PFKFB1-2
MAPRE2-2	MAPRE2-2
ZIC3-2	ZIC3-2
ARHGAP33-2	ARHGAP33-2
SOX13-2	SOX13-2
GSDME-2	GSDME-2
LIPE-2	LIPE-2
LRP2-2	LRP2-2
DNAH1-2	DNAH1-2
UBXN4-2	UBXN4-2
ZNF701-2	ZNF701-2
RBCK1-2	RBCK1-2
TSGA10-2	TSGA10-2
SMAP1-2	SMAP1-2
SMIM7-2	SMIM7-2
TNFRSF10B-2	TNFRSF10B-2
TXN2-2	TXN2-2
FAM102B-2	FAM102B-2
LZTR1-2	LZTR1-2
HMGXB3-2	HMGXB3-2
ZNF461-2	ZNF461-2
LATS1-2	LATS1-2
PHB2-2	PHB2-2
LIF-2	LIF-2
COPG1-2	COPG1-2
MAGEH1-2	MAGEH1-2
RAP1GDS1-2	RAP1GDS1-2
TIMM21-2	TIMM21-2
RIBC2-2	RIBC2-2
TMEM63B-2	TMEM63B-2
IZUMO4-2	IZUMO4-2
FAM168B-2	FAM168B-2
C4orf47-2	C4orf47-2
SLC31A2-2	SLC31A2-2
NEDD8-2	NEDD8-2
IMPG2-2	IMPG2-2
PPWD1-2	PPWD1-2
PAQR6-2	PAQR6-2
SIRT2-2	SIRT2-2
SPAG9-2	SPAG9-2
DBX1-2	DBX1-2
DIAPH3-2	DIAPH3-2
ZNF567-2	ZNF567-2
STK38L-2	STK38L-2
RGMB-2	RGMB-2
PRKD3-2	PRKD3-2
RNF121-2	RNF121-2
ZNF711-2	ZNF711-2
PIP5K1B-2	PIP5K1B-2
MAPK13-2	MAPK13-2
LIG4-2	LIG4-2
GPHN-2	GPHN-2
ARHGAP25-2	ARHGAP25-2
FABP4-2	FABP4-2
ITSN2-2	ITSN2-2
C8orf76-2	C8orf76-2
SMG7-2	SMG7-2
ZNRF2-2	ZNRF2-2
PLEKHA8-2	PLEKHA8-2
GTF2H1-2	GTF2H1-2
FDPS-2	FDPS-2
SPDYA-2	SPDYA-2
PLEKHF2-2	PLEKHF2-2
RCAN1-2	RCAN1-2
FYN-2	FYN-2
CAMLG-2	CAMLG-2
MRPL49-2	MRPL49-2
NKX6-2-2	NKX6-2-2
RUFY3-2	RUFY3-2
CROCC-2	CROCC-2
DDX60-2	DDX60-2
PPP4R1-2	PPP4R1-2
RAB2B-2	RAB2B-2
SUMO3-2	SUMO3-2
UNC45A-2	UNC45A-2
POLD2-2	POLD2-2
ST3GAL1-2	ST3GAL1-2
TRA2A-2	TRA2A-2
NOP56-2	NOP56-2
PTRH1-2	PTRH1-2
ARNTL-2	ARNTL-2
PSMA5-2	PSMA5-2
SH3BP1-2	SH3BP1-2
MTMR7-2	MTMR7-2
KIAA0100-2	KIAA0100-2
QSER1-2	QSER1-2
HEATR5A-2	HEATR5A-2
DTX2-2	DTX2-2
PLPP1-2	PLPP1-2
CLASP1-2	CLASP1-2
NICN1-2	NICN1-2
GET4-2	GET4-2
MYC-2	MYC-2
NKD1-2	NKD1-2
CLCC1-2	CLCC1-2
TVP23B-2	TVP23B-2
ZFYVE9-2	ZFYVE9-2
BCS1L-2	BCS1L-2
AUTS2-2	AUTS2-2
USP25-2	USP25-2
CACNA1D-2	CACNA1D-2
RAB11FIP5-2	RAB11FIP5-2
ELOVL5-2	ELOVL5-2
ARHGAP10-2	ARHGAP10-2
CKS2-2	CKS2-2
IMPAD1-2	IMPAD1-2
CRNKL1-2	CRNKL1-2
TMED8-2	TMED8-2
SDCBP-2	SDCBP-2
GPR157-2	GPR157-2
GTF2H3-2	GTF2H3-2
CENPK-2	CENPK-2
YIPF4-2	YIPF4-2
BOP1-2	BOP1-2
HELQ-2	HELQ-2
APOBEC3H-2	APOBEC3H-2
CCM2-2	CCM2-2
PURB-2	PURB-2
VCPIP1-2	VCPIP1-2
PLEKHB1-2	PLEKHB1-2
NUDT7-2	NUDT7-2
PTCD2-2	PTCD2-2
SPZ1-2	SPZ1-2
CCDC92-2	CCDC92-2
NABP1-2	NABP1-2
SCAF4-2	SCAF4-2
RTN3-2	RTN3-2
GPRIN3-2	GPRIN3-2
CTDNEP1-2	CTDNEP1-2
PIP4P2-2	PIP4P2-2
DEDD-2	DEDD-2
TPM2-2	TPM2-2
SLC7A7-2	SLC7A7-2
ALG13-2	ALG13-2
SKIL-2	SKIL-2
FLT3LG-2	FLT3LG-2
UBE2Z-2	UBE2Z-2
UQCR10-2	UQCR10-2
ADGRE2-2	ADGRE2-2
TCEAL9-2	TCEAL9-2
RMDN3-2	RMDN3-2
SIRT3-2	SIRT3-2
PIGH-2	PIGH-2
PATJ-2	PATJ-2
DYM-2	DYM-2
C3AR1-2	C3AR1-2
FOXG1-2	FOXG1-2
MARCH9-2	MARCH9-2
TRMT5-2	TRMT5-2
VIM-2	VIM-2
PISD-2	PISD-2
SMIM19-2	SMIM19-2
ANAPC1-2	ANAPC1-2
CCNYL1-2	CCNYL1-2
MCM9-2	MCM9-2
SMUG1-2	SMUG1-2
C2orf68-2	C2orf68-2
TIMM29-2	TIMM29-2
TP53BP2-2	TP53BP2-2
PTGES2-2	PTGES2-2
FOXB1-2	FOXB1-2
GIPR-2	GIPR-2
STRADB-2	STRADB-2
STAU2-2	STAU2-2
FAM206A-2	FAM206A-2
ATP5S-2	ATP5S-2
RASL11A-2	RASL11A-2
TMEM206-2	TMEM206-2
NRIP2-2	NRIP2-2
HMGN3-2	HMGN3-2
KRT1-2	KRT1-2
AP3B1-2	AP3B1-2
FMC1-2	FMC1-2
KLHL17-2	KLHL17-2
RELA-2	RELA-2
RNF126-2	RNF126-2
DUSP11-2	DUSP11-2
CHAC1-2	CHAC1-2
MAPK7-2	MAPK7-2
SLC26A2-2	SLC26A2-2
PLK4-2	PLK4-2
FEZF2-2	FEZF2-2
ALCAM-2	ALCAM-2
TPRA1-2	TPRA1-2
RPAP2-2	RPAP2-2
MTMR9-2	MTMR9-2
PRTFDC1-2	PRTFDC1-2
SH3BGRL-2	SH3BGRL-2
RIN3-2	RIN3-2
MRPL44-2	MRPL44-2
NAA20-2	NAA20-2
TRIM22-2	TRIM22-2
DDIT4-2	DDIT4-2
RPL7L1-2	RPL7L1-2
RBPJL-2	RBPJL-2
RTCB-2	RTCB-2
SCLY-2	SCLY-2
BCKDHA-2	BCKDHA-2
ARHGAP31-2	ARHGAP31-2
RAF1-2	RAF1-2
BARD1-2	BARD1-2
DDX17-2	DDX17-2
HOXA3-2	HOXA3-2
VEGFB-2	VEGFB-2
MPC2-2	MPC2-2
VAMP1-2	VAMP1-2
SLC29A2-2	SLC29A2-2
USB1-2	USB1-2
MEAF6-2	MEAF6-2
HSPE1-2	HSPE1-2
TNFRSF13C-2	TNFRSF13C-2
ECHDC1-2	ECHDC1-2
DOK2-2	DOK2-2
NFX1-2	NFX1-2
DHRS7-2	DHRS7-2
VRK1-2	VRK1-2
CHN2-2	CHN2-2
AKAP8-2	AKAP8-2
ZNF112-2	ZNF112-2
MDH1-2	MDH1-2
PTAR1-2	PTAR1-2
MYF5-2	MYF5-2
SDK2-2	SDK2-2
PGLS-2	PGLS-2
B3GNT9-2	B3GNT9-2
TAF1B-2	TAF1B-2
GID4-2	GID4-2
IMPA1-2	IMPA1-2
FXR1-2	FXR1-2
COPB1-2	COPB1-2
DTNB-2	DTNB-2
RABAC1-2	RABAC1-2
FRAS1-2	FRAS1-2
ARF3-2	ARF3-2
SOWAHC-2	SOWAHC-2
WDR6-2	WDR6-2
CDH19-2	CDH19-2
FRMD3-2	FRMD3-2
RNF19B-2	RNF19B-2
FUCA2-2	FUCA2-2
IFT122-2	IFT122-2
DNAH10-2	DNAH10-2
LCP1-2	LCP1-2
TAF10-2	TAF10-2
PPP1R13L-2	PPP1R13L-2
SIPA1L3-2	SIPA1L3-2
TUBG2-2	TUBG2-2
FBLN7-2	FBLN7-2
D2HGDH-2	D2HGDH-2
IP6K2-2	IP6K2-2
ATP6V1E2-2	ATP6V1E2-2
TCEAL2-2	TCEAL2-2
MFSD10-2	MFSD10-2
C5AR1-2	C5AR1-2
NRROS-2	NRROS-2
MKLN1-2	MKLN1-2
RSPH4A-2	RSPH4A-2
TCEA3-2	TCEA3-2
PHLDA1-2	PHLDA1-2
SLC25A19-2	SLC25A19-2
ZNF32-2	ZNF32-2
SLC25A45-2	SLC25A45-2
ZCCHC18-2	ZCCHC18-2
UGCG-2	UGCG-2
RAMP1-2	RAMP1-2
RGS17-2	RGS17-2
PITX2-2	PITX2-2
LSP1-2	LSP1-2
LPL-2	LPL-2
CARD17-2	CARD17-2
PURA-2	PURA-2
CEP120-2	CEP120-2
PTPN12-2	PTPN12-2
EEF1A1-2	EEF1A1-2
FAM118B-2	FAM118B-2
PTPRA-2	PTPRA-2
BANP-2	BANP-2
DEGS1-2	DEGS1-2
IGLL5-2	IGLL5-2
EXOSC5-2	EXOSC5-2
TCEA1-2	TCEA1-2
TMEM229B-2	TMEM229B-2
IKBKG-2	IKBKG-2
DCST2-2	DCST2-2
MTRF1L-2	MTRF1L-2
LEF1-2	LEF1-2
USP11-2	USP11-2
MARK4-2	MARK4-2
CRYBG2-2	CRYBG2-2
POU4F3-2	POU4F3-2
IL2RA-2	IL2RA-2
OCEL1-2	OCEL1-2
TRNAU1AP-2	TRNAU1AP-2
UBE2V2-2	UBE2V2-2
KLHDC1-2	KLHDC1-2
WDR44-2	WDR44-2
CARMIL2-2	CARMIL2-2
SOX9-2	SOX9-2
FUCA1-2	FUCA1-2
HDC-2	HDC-2
ADGRB2-2	ADGRB2-2
ABCA2-2	ABCA2-2
SLC16A10-2	SLC16A10-2
GBGT1-2	GBGT1-2
SNTA1-2	SNTA1-2
STX5-2	STX5-2
CLIP4-2	CLIP4-2
SEMA4B-2	SEMA4B-2
GLB1-2	GLB1-2
RICTOR-2	RICTOR-2
CWC15-2	CWC15-2
HCFC1R1-2	HCFC1R1-2
RBAK-2	RBAK-2
ZNF683-2	ZNF683-2
RNF169-2	RNF169-2
CHMP7-2	CHMP7-2
F3-2	F3-2
UBE2W-2	UBE2W-2
ELOVL7-2	ELOVL7-2
SARS-2	SARS-2
NBAS-2	NBAS-2
GART-2	GART-2
BEGAIN-2	BEGAIN-2
GPAT3-2	GPAT3-2
CST7-2	CST7-2
FERD3L-2	FERD3L-2
PCBD2-2	PCBD2-2
ZNF490-2	ZNF490-2
MGAT2-2	MGAT2-2
ABCD4-2	ABCD4-2
M6PR-2	M6PR-2
NME2-2	NME2-2
ZC3H14-2	ZC3H14-2
PTPDC1-2	PTPDC1-2
DLG3-2	DLG3-2
OTUD1-2	OTUD1-2
ABI2-2	ABI2-2
EFCAB2-2	EFCAB2-2
POU1F1-2	POU1F1-2
IP6K1-2	IP6K1-2
GTF2A1-2	GTF2A1-2
RANBP9-2	RANBP9-2
LPIN1-2	LPIN1-2
UBE2H-2	UBE2H-2
TANGO6-2	TANGO6-2
MYOF-2	MYOF-2
MANBA-2	MANBA-2
CR1-2	CR1-2
DNTTIP2-2	DNTTIP2-2
SEC61B-2	SEC61B-2
RHBDL1-2	RHBDL1-2
FAM76B-2	FAM76B-2
SP3-2	SP3-2
SLC48A1-2	SLC48A1-2
BAIAP3-2	BAIAP3-2
SNX6-2	SNX6-2
SYTL2-2	SYTL2-2
GLUD1-2	GLUD1-2
DEF8-2	DEF8-2
MTG2-2	MTG2-2
ISG20L2-2	ISG20L2-2
ULBP1-2	ULBP1-2
PIK3R6-2	PIK3R6-2
GSAP-2	GSAP-2
ANXA7-2	ANXA7-2
PANK1-2	PANK1-2
VSIG10-2	VSIG10-2
NRBF2-2	NRBF2-2
FBXL5-2	FBXL5-2
PGAP3-2	PGAP3-2
SULT1B1-2	SULT1B1-2
SAMD9L-2	SAMD9L-2
ZNF607-2	ZNF607-2
SURF6-2	SURF6-2
RASSF4-2	RASSF4-2
SLC9A8-2	SLC9A8-2
TARSL2-2	TARSL2-2
ADAMTS17-2	ADAMTS17-2
MAP3K4-2	MAP3K4-2
WDR47-2	WDR47-2
ZNF316-2	ZNF316-2
SFMBT2-2	SFMBT2-2
SYTL1-2	SYTL1-2
PIGV-2	PIGV-2
ZNF81-2	ZNF81-2
PSMD5-2	PSMD5-2
SELENOI-2	SELENOI-2
RFX3-2	RFX3-2
ADIPOR1-2	ADIPOR1-2
TMEM45B-2	TMEM45B-2
GPR135-2	GPR135-2
AP4E1-2	AP4E1-2
FPGS-2	FPGS-2
NNAT-2	NNAT-2
NT5C3A-2	NT5C3A-2
TBXAS1-2	TBXAS1-2
B3GALNT2-2	B3GALNT2-2
DDX60L-2	DDX60L-2
C3orf62-2	C3orf62-2
ZYX-2	ZYX-2
TRIM14-2	TRIM14-2
PRRC2B-2	PRRC2B-2
ELP4-2	ELP4-2
GDF15-2	GDF15-2
CLCF1-2	CLCF1-2
PPM1D-2	PPM1D-2
HENMT1-2	HENMT1-2
HLA-DRB1-2	HLA-DRB1-2
SNRNP200-2	SNRNP200-2
CRYL1-2	CRYL1-2
SSBP4-2	SSBP4-2
MAP4K1-2	MAP4K1-2
ZNF630-2	ZNF630-2
SH2D1A-2	SH2D1A-2
TMEM234-2	TMEM234-2
TSN-2	TSN-2
ZNF473-2	ZNF473-2
TRAPPC11-2	TRAPPC11-2
PMM1-2	PMM1-2
CLPX-2	CLPX-2
MAPRE3-2	MAPRE3-2
TNFSF13-2	TNFSF13-2
NAA40-2	NAA40-2
ALMS1-2	ALMS1-2
ZNF764-2	ZNF764-2
GYS1-2	GYS1-2
ZNF217-2	ZNF217-2
PLAGL1-2	PLAGL1-2
RNF216-2	RNF216-2
ZRANB1-2	ZRANB1-2
PIK3CA-2	PIK3CA-2
ZNF44-2	ZNF44-2
ATP8B3-2	ATP8B3-2
AMMECR1-2	AMMECR1-2
SNRPB-2	SNRPB-2
SMAD3-2	SMAD3-2
TBPL1-2	TBPL1-2
NUP54-2	NUP54-2
CAPN10-2	CAPN10-2
TCF12-2	TCF12-2
PPP4R3A-2	PPP4R3A-2
FAM83D-2	FAM83D-2
CCT7-2	CCT7-2
RAB5A-2	RAB5A-2
MXRA8-2	MXRA8-2
ATIC-2	ATIC-2
CNOT8-2	CNOT8-2
TMEM141-2	TMEM141-2
RWDD4-2	RWDD4-2
TXNRD2-2	TXNRD2-2
ABCG1-2	ABCG1-2
ITPRID2-2	ITPRID2-2
LACTB2-2	LACTB2-2
C1GALT1-2	C1GALT1-2
TBC1D25-2	TBC1D25-2
IFI35-2	IFI35-2
MAL-2	MAL-2
S100PBP-2	S100PBP-2
S100A12-2	S100A12-2
MACF1-2	MACF1-2
ARL16-2	ARL16-2
PAGE5-2	PAGE5-2
AKIP1-2	AKIP1-2
HPS5-2	HPS5-2
RPL13-2	RPL13-2
ULK4-2	ULK4-2
LAPTM5-2	LAPTM5-2
KNOP1-2	KNOP1-2
RPN1-2	RPN1-2
AAK1-2	AAK1-2
RLIM-2	RLIM-2
OCLM-2	OCLM-2
NCAPD2-2	NCAPD2-2
PHLPP1-2	PHLPP1-2
TMUB2-2	TMUB2-2
RHOB-2	RHOB-2
DOCK8-2	DOCK8-2
OPA3-2	OPA3-2
RAB8A-2	RAB8A-2
NIPSNAP1-2	NIPSNAP1-2
FOXK1-2	FOXK1-2
ENGASE-2	ENGASE-2
GTPBP1-2	GTPBP1-2
IFT88-2	IFT88-2
HDAC8-2	HDAC8-2
KATNAL2-2	KATNAL2-2
ZNF580-2	ZNF580-2
PEG3-2	PEG3-2
LEPR-2	LEPR-2
ARL4D-2	ARL4D-2
R3HCC1L-2	R3HCC1L-2
EPB42-2	EPB42-2
CBLL1-2	CBLL1-2
KIF1BP-2	KIF1BP-2
CCL1-2	CCL1-2
MALT1-2	MALT1-2
AP3M2-2	AP3M2-2
CCS-2	CCS-2
ZBTB3-2	ZBTB3-2
MRPL48-2	MRPL48-2
MAF1-2	MAF1-2
MAP3K7CL-2	MAP3K7CL-2
NELFB-2	NELFB-2
CD70-2	CD70-2
PAX9-2	PAX9-2
BEX2-2	BEX2-2
KIF1B-2	KIF1B-2
VIL1-2	VIL1-2
FRMD8-2	FRMD8-2
NCOR2-2	NCOR2-2
NUFIP1-2	NUFIP1-2
HOXB9-2	HOXB9-2
DAAM1-2	DAAM1-2
ADAMTS1-2	ADAMTS1-2
TEC-2	TEC-2
MCMBP-2	MCMBP-2
VAV3-2	VAV3-2
RBM14-2	RBM14-2
C19orf24-2	C19orf24-2
FBXO36-2	FBXO36-2
PRIMPOL-2	PRIMPOL-2
RUNDC1-2	RUNDC1-2
SGK2-2	SGK2-2
WDR92-2	WDR92-2
CCND1-2	CCND1-2
LLPH-2	LLPH-2
SMTN-2	SMTN-2
ARAP1-2	ARAP1-2
C20orf96-2	C20orf96-2
ZNF627-2	ZNF627-2
RYBP-2	RYBP-2
GATAD2B-2	GATAD2B-2
ZNF783-2	ZNF783-2
TECPR1-2	TECPR1-2
P4HA2-2	P4HA2-2
POLA1-2	POLA1-2
GNG7-2	GNG7-2
C2orf69-2	C2orf69-2
C1orf131-2	C1orf131-2
PNMA1-2	PNMA1-2
JAK3-2	JAK3-2
GINM1-2	GINM1-2
NKX6-3-2	NKX6-3-2
GOLM1-2	GOLM1-2
EDC3-2	EDC3-2
ARHGEF6-2	ARHGEF6-2
ENDOG-2	ENDOG-2
TIMM17B-2	TIMM17B-2
SELPLG-2	SELPLG-2
SERPINB9-2	SERPINB9-2
ACBD6-2	ACBD6-2
GNL2-2	GNL2-2
GOLGA4-2	GOLGA4-2
FUNDC2-2	FUNDC2-2
MAEA-2	MAEA-2
MECR-2	MECR-2
KBTBD6-2	KBTBD6-2
HOXB2-2	HOXB2-2
CHKA-2	CHKA-2
FOXI2-2	FOXI2-2
SHLD2-2	SHLD2-2
ZWINT-2	ZWINT-2
DYNC1H1-2	DYNC1H1-2
RHOT2-2	RHOT2-2
DRAM1-2	DRAM1-2
CENPF-2	CENPF-2
GLIS1-2	GLIS1-2
WDR24-2	WDR24-2
MVB12B-2	MVB12B-2
POU3F2-2	POU3F2-2
MPRIP-2	MPRIP-2
UBLCP1-2	UBLCP1-2
NR5A2-2	NR5A2-2
RHOXF1-2	RHOXF1-2
CACNB2-2	CACNB2-2
LY9-2	LY9-2
ORMDL3-2	ORMDL3-2
GPR89B-2	GPR89B-2
L2HGDH-2	L2HGDH-2
ASTE1-2	ASTE1-2
CC2D1A-2	CC2D1A-2
DNA2-2	DNA2-2
ZNF23-2	ZNF23-2
FAM49A-2	FAM49A-2
FOXJ1-2	FOXJ1-2
GPATCH3-2	GPATCH3-2
RALGAPA2-2	RALGAPA2-2
ECHDC2-2	ECHDC2-2
MRPL37-2	MRPL37-2
CD247-2	CD247-2
MSX1-2	MSX1-2
TUBE1-2	TUBE1-2
SLC50A1-2	SLC50A1-2
XPO1-2	XPO1-2
LTB4R-2	LTB4R-2
UTP3-2	UTP3-2
NRBP1-2	NRBP1-2
VSIR-2	VSIR-2
MUT-2	MUT-2
AKIRIN1-2	AKIRIN1-2
GOLGA1-2	GOLGA1-2
LPP-2	LPP-2
C18orf25-2	C18orf25-2
OSR2-2	OSR2-2
TMEM86B-2	TMEM86B-2
HLA-DQB1-2	HLA-DQB1-2
CASTOR1-2	CASTOR1-2
PCID2-2	PCID2-2
LHX5-2	LHX5-2
OXSR1-2	OXSR1-2
MXI1-2	MXI1-2
POLQ-2	POLQ-2
PPCDC-2	PPCDC-2
CLSTN3-2	CLSTN3-2
LTBP4-2	LTBP4-2
TMEM107-2	TMEM107-2
ARL6IP5-2	ARL6IP5-2
HOXA4-2	HOXA4-2
ENSA-2	ENSA-2
C6orf120-2	C6orf120-2
DHRS4L2-2	DHRS4L2-2
PET100-2	PET100-2
G0S2-2	G0S2-2
KIF3B-2	KIF3B-2
KIAA0586-2	KIAA0586-2
DNAI2-2	DNAI2-2
SARS2-2	SARS2-2
ZGPAT-2	ZGPAT-2
RNF170-2	RNF170-2
RBM15-2	RBM15-2
TRAF6-2	TRAF6-2
AACS-2	AACS-2
HIST1H2BO-2	HIST1H2BO-2
ZNF787-2	ZNF787-2
CCNF-2	CCNF-2
KATNA1-2	KATNA1-2
FAM200A-2	FAM200A-2
C15orf40-2	C15orf40-2
TIGIT-2	TIGIT-2
PTCH1-2	PTCH1-2
JAKMIP2-2	JAKMIP2-2
MED23-2	MED23-2
ZNF540-2	ZNF540-2
CTSK-2	CTSK-2
POGK-2	POGK-2
GFM1-2	GFM1-2
PROX2-2	PROX2-2
TRIM58-2	TRIM58-2
RPL36AL-2	RPL36AL-2
TRAPPC6B-2	TRAPPC6B-2
SLC39A11-2	SLC39A11-2
MED26-2	MED26-2
TTC22-2	TTC22-2
SAAL1-2	SAAL1-2
MKNK2-2	MKNK2-2
MGMT-2	MGMT-2
RNF181-2	RNF181-2
GPR19-2	GPR19-2
HIST1H1B-2	HIST1H1B-2
CHD1L-2	CHD1L-2
NFKBIA-2	NFKBIA-2
JAGN1-2	JAGN1-2
MPL-2	MPL-2
MAFF-2	MAFF-2
PRPF38B-2	PRPF38B-2
DRAP1-2	DRAP1-2
ZNF771-2	ZNF771-2
GIGYF2-2	GIGYF2-2
PCSK7-2	PCSK7-2
SCAMP1-2	SCAMP1-2
WASHC4-2	WASHC4-2
RIF1-2	RIF1-2
CNTROB-2	CNTROB-2
MAP3K20-2	MAP3K20-2
FGFBP3-2	FGFBP3-2
PGM2-2	PGM2-2
ALG9-2	ALG9-2
TIMM8A-2	TIMM8A-2
TPRX1-2	TPRX1-2
USP22-2	USP22-2
GALC-2	GALC-2
KATNBL1-2	KATNBL1-2
PIEZO1-2	PIEZO1-2
NUPR1-2	NUPR1-2
TYMP-2	TYMP-2
ZNF324B-2	ZNF324B-2
TCEANC-2	TCEANC-2
INPP5F-2	INPP5F-2
APAF1-2	APAF1-2
NUDT15-2	NUDT15-2
GTF2F2-2	GTF2F2-2
EMG1-2	EMG1-2
SPRY2-2	SPRY2-2
HK2-2	HK2-2
SUFU-2	SUFU-2
UBE2I-2	UBE2I-2
CASP8-2	CASP8-2
ISX-2	ISX-2
KCTD20-2	KCTD20-2
TMEM219-2	TMEM219-2
NUP43-2	NUP43-2
MRPS2-2	MRPS2-2
TAF5L-2	TAF5L-2
PER2-2	PER2-2
LETM2-2	LETM2-2
LEMD3-2	LEMD3-2
TP53I13-2	TP53I13-2
CHUK-2	CHUK-2
NDUFB2-2	NDUFB2-2
FCRLA-2	FCRLA-2
MLH1-2	MLH1-2
SSTR3-2	SSTR3-2
LIMA1-2	LIMA1-2
P2RY14-2	P2RY14-2
DCAF13-2	DCAF13-2
PIK3R5-2	PIK3R5-2
WDR88-2	WDR88-2
NKIRAS1-2	NKIRAS1-2
SERPINH1-2	SERPINH1-2
HOXC8-2	HOXC8-2
RHBDD3-2	RHBDD3-2
EPC1-2	EPC1-2
ASB1-2	ASB1-2
TCAIM-2	TCAIM-2
EPPK1-2	EPPK1-2
CLCN6-2	CLCN6-2
ST13-2	ST13-2
RELL1-2	RELL1-2
PKD2-2	PKD2-2
MPPE1-2	MPPE1-2
SSR3-2	SSR3-2
OSM-2	OSM-2
NBPF3-2	NBPF3-2
TFAP2D-2	TFAP2D-2
PSMC4-2	PSMC4-2
AAR2-2	AAR2-2
RCC1-2	RCC1-2
HOXD1-2	HOXD1-2
EIF3A-2	EIF3A-2
HNRNPUL2-2	HNRNPUL2-2
GJB6-2	GJB6-2
RPL29-2	RPL29-2
FAM160A2-2	FAM160A2-2
NR2C1-2	NR2C1-2
TOR1B-2	TOR1B-2
ENO1-2	ENO1-2
EPM2AIP1-2	EPM2AIP1-2
ATG12-2	ATG12-2
FBXW4-2	FBXW4-2
ARC-2	ARC-2
TAS2R4-2	TAS2R4-2
RMDN1-2	RMDN1-2
SLC35E3-2	SLC35E3-2
GTPBP4-2	GTPBP4-2
KIZ-2	KIZ-2
VPS29-2	VPS29-2
NEXN-2	NEXN-2
GEMIN6-2	GEMIN6-2
RTL8C-2	RTL8C-2
HSD17B1-2	HSD17B1-2
SH3D19-2	SH3D19-2
TMEM33-2	TMEM33-2
NDUFB6-2	NDUFB6-2
HTN3-2	HTN3-2
IRF5-2	IRF5-2
ZNF680-2	ZNF680-2
NARS-2	NARS-2
EZR-2	EZR-2
DIRC2-2	DIRC2-2
FCHSD1-2	FCHSD1-2
SORBS2-2	SORBS2-2
PLEKHG5-2	PLEKHG5-2
GMPR-2	GMPR-2
RPS25-2	RPS25-2
FBXL19-2	FBXL19-2
AMZ2-2	AMZ2-2
NFKBIE-2	NFKBIE-2
MAN2C1-2	MAN2C1-2
WIPI1-2	WIPI1-2
VPS37B-2	VPS37B-2
GALR2-2	GALR2-2
REV1-2	REV1-2
CDKN2AIP-2	CDKN2AIP-2
SSH3-2	SSH3-2
CDO1-2	CDO1-2
MTERF2-2	MTERF2-2
DMAP1-2	DMAP1-2
COPG2-2	COPG2-2
COPS7A-2	COPS7A-2
YTHDF1-2	YTHDF1-2
B3GNT2-2	B3GNT2-2
DOCK3-2	DOCK3-2
TPI1-2	TPI1-2
SGPP1-2	SGPP1-2
RCC1L-2	RCC1L-2
IL21-2	IL21-2
CDC25B-2	CDC25B-2
LYZ-2	LYZ-2
PPIL2-2	PPIL2-2
C3orf38-2	C3orf38-2
TADA1-2	TADA1-2
NFAT5-2	NFAT5-2
GFI1B-2	GFI1B-2
CLTB-2	CLTB-2
COX5B-2	COX5B-2
EIF5-2	EIF5-2
TRMT10A-2	TRMT10A-2
CNBP-2	CNBP-2
CSNK1G2-2	CSNK1G2-2
ZNF74-2	ZNF74-2
POLDIP3-2	POLDIP3-2
CYB5RL-2	CYB5RL-2
HSPA13-2	HSPA13-2
HMBS-2	HMBS-2
SLC26A3-2	SLC26A3-2
MEGF9-2	MEGF9-2
ELF5-2	ELF5-2
GNPDA1-2	GNPDA1-2
XPNPEP3-2	XPNPEP3-2
CCDC78-2	CCDC78-2
NCOA3-2	NCOA3-2
LRP5-2	LRP5-2
RPS6KL1-2	RPS6KL1-2
SURF1-2	SURF1-2
HMBOX1-2	HMBOX1-2
TIAL1-2	TIAL1-2
HSPG2-2	HSPG2-2
ZNF696-2	ZNF696-2
HEXIM2-2	HEXIM2-2
STRADA-2	STRADA-2
ATP8A1-2	ATP8A1-2
MAMLD1-2	MAMLD1-2
PRKAB1-2	PRKAB1-2
FBXO46-2	FBXO46-2
CEP290-2	CEP290-2
ZSWIM4-2	ZSWIM4-2
FRMD4B-2	FRMD4B-2
ATXN7L3B-2	ATXN7L3B-2
STT3A-2	STT3A-2
KNL1-2	KNL1-2
MRPL43-2	MRPL43-2
WDR27-2	WDR27-2
TMEM126A-2	TMEM126A-2
CH25H-2	CH25H-2
PWWP2B-2	PWWP2B-2
KDM8-2	KDM8-2
CAT-2	CAT-2
UQCC2-2	UQCC2-2
EEPD1-2	EEPD1-2
IGHMBP2-2	IGHMBP2-2
ATXN1L-2	ATXN1L-2
AP2M1-2	AP2M1-2
BRD1-2	BRD1-2
RPL14-2	RPL14-2
ATP13A2-2	ATP13A2-2
TMEM177-2	TMEM177-2
EEF1G-2	EEF1G-2
ZBTB26-2	ZBTB26-2
RFX2-2	RFX2-2
ITCH-2	ITCH-2
SLC9A1-2	SLC9A1-2
POLR2D-2	POLR2D-2
HMGCR-2	HMGCR-2
ZBTB41-2	ZBTB41-2
STXBP2-2	STXBP2-2
PDS5A-2	PDS5A-2
MMAA-2	MMAA-2
EAF2-2	EAF2-2
ARFGEF1-2	ARFGEF1-2
DCTD-2	DCTD-2
SOD1-2	SOD1-2
RALBP1-2	RALBP1-2
OSMR-2	OSMR-2
COTL1-2	COTL1-2
PEX1-2	PEX1-2
PHKA1-2	PHKA1-2
PLIN4-2	PLIN4-2
SCML1-2	SCML1-2
CYP20A1-2	CYP20A1-2
PLEKHA5-2	PLEKHA5-2
GLA-2	GLA-2
FDXACB1-2	FDXACB1-2
LDB1-2	LDB1-2
WIPF2-2	WIPF2-2
FBXO28-2	FBXO28-2
RDH5-2	RDH5-2
ASPM-2	ASPM-2
RNASEL-2	RNASEL-2
ZNF483-2	ZNF483-2
EEF2-2	EEF2-2
SFXN4-2	SFXN4-2
COPRS-2	COPRS-2
TNFSF11-2	TNFSF11-2
LCMT2-2	LCMT2-2
MFSD14A-2	MFSD14A-2
CPVL-2	CPVL-2
IL12A-2	IL12A-2
ORC5-2	ORC5-2
SKAP1-2	SKAP1-2
DYNLT1-2	DYNLT1-2
HERPUD2-2	HERPUD2-2
RABL2A-2	RABL2A-2
HAT1-2	HAT1-2
TTK-2	TTK-2
IRX1-2	IRX1-2
CTNS-2	CTNS-2
CHD3-2	CHD3-2
PPA2-2	PPA2-2
RAVER1-2	RAVER1-2
FRAT2-2	FRAT2-2
CDIPT-2	CDIPT-2
ARHGAP30-2	ARHGAP30-2
EIF1AY-2	EIF1AY-2
FYB1-2	FYB1-2
DOCK7-2	DOCK7-2
CCR2-2	CCR2-2
PABPN1-2	PABPN1-2
MORC3-2	MORC3-2
HGSNAT-2	HGSNAT-2
SUMO2-2	SUMO2-2
ITM2A-2	ITM2A-2
DNM1L-2	DNM1L-2
SLC35A2-2	SLC35A2-2
CIB2-2	CIB2-2
ITGA2B-2	ITGA2B-2
MAFB-2	MAFB-2
TMEM147-2	TMEM147-2
RDH10-2	RDH10-2
ULBP2-2	ULBP2-2
GUCY1B1-2	GUCY1B1-2
GNB1-2	GNB1-2
ZNF233-2	ZNF233-2
LMOD3-2	LMOD3-2
SAFB2-2	SAFB2-2
NR2E3-2	NR2E3-2
IPO11-2	IPO11-2
FKTN-2	FKTN-2
PLA2G6-2	PLA2G6-2
SNRPE-2	SNRPE-2
CPSF7-2	CPSF7-2
ZNF226-2	ZNF226-2
EPB41L3-2	EPB41L3-2
CYLD-2	CYLD-2
JMJD1C-2	JMJD1C-2
PHOSPHO1-2	PHOSPHO1-2
ZNF70-2	ZNF70-2
RCAN3-2	RCAN3-2
ZNF345-2	ZNF345-2
FOXA1-2	FOXA1-2
SPOUT1-2	SPOUT1-2
SCFD2-2	SCFD2-2
FIS1-2	FIS1-2
KPNA3-2	KPNA3-2
GRIP1-2	GRIP1-2
HIST1H2BD-2	HIST1H2BD-2
PAPSS1-2	PAPSS1-2
PDE9A-2	PDE9A-2
RNF167-2	RNF167-2
SON-2	SON-2
CCNL1-2	CCNL1-2
ATP2B4-2	ATP2B4-2
PAQR3-2	PAQR3-2
HNF4G-2	HNF4G-2
GADD45G-2	GADD45G-2
TSKU-2	TSKU-2
HDLBP-2	HDLBP-2
ANKRD54-2	ANKRD54-2
MIA2-2	MIA2-2
ZNF343-2	ZNF343-2
ZNF444-2	ZNF444-2
ANKRD16-2	ANKRD16-2
GATA5-2	GATA5-2
TMEM25-2	TMEM25-2
MAP2K2-2	MAP2K2-2
YEATS2-2	YEATS2-2
LDLRAP1-2	LDLRAP1-2
DEAF1-2	DEAF1-2
ZNF440-2	ZNF440-2
TINF2-2	TINF2-2
GPX3-2	GPX3-2
CA7-2	CA7-2
GPS1-2	GPS1-2
NUDT4-2	NUDT4-2
TRIM33-2	TRIM33-2
SGTA-2	SGTA-2
LY96-2	LY96-2
AIFM1-2	AIFM1-2
ATM-2	ATM-2
RAX2-2	RAX2-2
SLC52A2-2	SLC52A2-2
ATRN-2	ATRN-2
ZBTB7B-2	ZBTB7B-2
WARS2-2	WARS2-2
TMEM129-2	TMEM129-2
ZRANB2-2	ZRANB2-2
ZFP69B-2	ZFP69B-2
ARL8B-2	ARL8B-2
LYST-2	LYST-2
ENTPD6-2	ENTPD6-2
SEPT6-2	SEPT6-2
KLK14-2	KLK14-2
RHOBTB1-2	RHOBTB1-2
GPM6B-2	GPM6B-2
RPL3-2	RPL3-2
PEX2-2	PEX2-2
DNAJC25-GNG10-2	DNAJC25-GNG10-2
RASGRF2-2	RASGRF2-2
SFXN2-2	SFXN2-2
MAST3-2	MAST3-2
BTBD8-2	BTBD8-2
DUSP14-2	DUSP14-2
CDH26-2	CDH26-2
STK25-2	STK25-2
HOMER3-2	HOMER3-2
DNAH3-2	DNAH3-2
DHX34-2	DHX34-2
PYROXD1-2	PYROXD1-2
DCAF1-2	DCAF1-2
TMEM222-2	TMEM222-2
CCDC120-2	CCDC120-2
PPP1R16B-2	PPP1R16B-2
CSTF2-2	CSTF2-2
ZNF772-2	ZNF772-2
NOP14-2	NOP14-2
NDUFA8-2	NDUFA8-2
ALS2-2	ALS2-2
RARG-2	RARG-2
HIST1H3E-2	HIST1H3E-2
MCF2L2-2	MCF2L2-2
PSMD9-2	PSMD9-2
PEMT-2	PEMT-2
SARAF-2	SARAF-2
ZMYND8-2	ZMYND8-2
KEAP1-2	KEAP1-2
PBDC1-2	PBDC1-2
MYBL1-2	MYBL1-2
CD63-2	CD63-2
GPR132-2	GPR132-2
TNRC6B-2	TNRC6B-2
UFSP2-2	UFSP2-2
CCDC88A-2	CCDC88A-2
PAX5-2	PAX5-2
RHOG-2	RHOG-2
GRAMD4-2	GRAMD4-2
ZNF512B-2	ZNF512B-2
ATP8B2-2	ATP8B2-2
VAV1-2	VAV1-2
CRYZ-2	CRYZ-2
NXT2-2	NXT2-2
PRXL2C-2	PRXL2C-2
ZNF791-2	ZNF791-2
SRSF11-2	SRSF11-2
HOXA5-2	HOXA5-2
DLX3-2	DLX3-2
ZNF708-2	ZNF708-2
CRIPT-2	CRIPT-2
AIMP1-2	AIMP1-2
MUS81-2	MUS81-2
FAM204A-2	FAM204A-2
SOX11-2	SOX11-2
AKAP9-2	AKAP9-2
ZNF557-2	ZNF557-2
BTBD2-2	BTBD2-2
NDRG2-2	NDRG2-2
NEUROG3-2	NEUROG3-2
ANKRD27-2	ANKRD27-2
USE1-2	USE1-2
EI24-2	EI24-2
RPL36A-HNRNPH2-2	RPL36A-HNRNPH2-2
C19orf38-2	C19orf38-2
PAWR-2	PAWR-2
MANF-2	MANF-2
MCTP1-2	MCTP1-2
MTSS1-2	MTSS1-2
SSR2-2	SSR2-2
DUSP18-2	DUSP18-2
DDX41-2	DDX41-2
ZKSCAN5-2	ZKSCAN5-2
SNX20-2	SNX20-2
GATA3-2	GATA3-2
PARP16-2	PARP16-2
RPS19-2	RPS19-2
ZMAT4-2	ZMAT4-2
HSD17B13-2	HSD17B13-2
CD101-2	CD101-2
MGST2-2	MGST2-2
CDKN1A-2	CDKN1A-2
SLC19A1-2	SLC19A1-2
UCHL3-2	UCHL3-2
SLC25A33-2	SLC25A33-2
CD28-2	CD28-2
OAS1-2	OAS1-2
DUSP4-2	DUSP4-2
BAIAP2L2-2	BAIAP2L2-2
NFIA-2	NFIA-2
FAM220A-2	FAM220A-2
EEF1B2-2	EEF1B2-2
SH3KBP1-2	SH3KBP1-2
HYLS1-2	HYLS1-2
SLC36A1-2	SLC36A1-2
RNASEH2B-2	RNASEH2B-2
SEC11A-2	SEC11A-2
RXRG-2	RXRG-2
SFI1-2	SFI1-2
MIGA1-2	MIGA1-2
ADCK1-2	ADCK1-2
ETF1-2	ETF1-2
TUFM-2	TUFM-2
MIS18BP1-2	MIS18BP1-2
HBP1-2	HBP1-2
IGFBP6-2	IGFBP6-2
NIPAL2-2	NIPAL2-2
ZBED3-2	ZBED3-2
SBF1-2	SBF1-2
ZNF260-2	ZNF260-2
FBXW9-2	FBXW9-2
HES6-2	HES6-2
PIK3R4-2	PIK3R4-2
ZRANB3-2	ZRANB3-2
NAT10-2	NAT10-2
ZNF761-2	ZNF761-2
SIDT2-2	SIDT2-2
MAP1LC3B2-2	MAP1LC3B2-2
KIAA1191-2	KIAA1191-2
TMEM273-2	TMEM273-2
DIP2B-2	DIP2B-2
CHMP5-2	CHMP5-2
ISCU-2	ISCU-2
MED13L-2	MED13L-2
MAK16-2	MAK16-2
PLIN3-2	PLIN3-2
MYH10-2	MYH10-2
TMEM216-2	TMEM216-2
ECT2-2	ECT2-2
NR2C2-2	NR2C2-2
ACADVL-2	ACADVL-2
TLK1-2	TLK1-2
SOX30-2	SOX30-2
YDJC-2	YDJC-2
RGS12-2	RGS12-2
ZNF732-2	ZNF732-2
PLCG1-2	PLCG1-2
UQCC1-2	UQCC1-2
RSL24D1-2	RSL24D1-2
KDM5B-2	KDM5B-2
NINJ2-2	NINJ2-2
ELMO2-2	ELMO2-2
PLEKHA1-2	PLEKHA1-2
HABP4-2	HABP4-2
INSM2-2	INSM2-2
CASP10-2	CASP10-2
YLPM1-2	YLPM1-2
RNF8-2	RNF8-2
ATP5MC3-2	ATP5MC3-2
MED25-2	MED25-2
KANSL1L-2	KANSL1L-2
LMBRD2-2	LMBRD2-2
ZNF550-2	ZNF550-2
ATF7IP2-2	ATF7IP2-2
WTAP-2	WTAP-2
MTA1-2	MTA1-2
HEBP2-2	HEBP2-2
ATG13-2	ATG13-2
DBN1-2	DBN1-2
ZNF600-2	ZNF600-2
ZNF781-2	ZNF781-2
PAFAH1B2-2	PAFAH1B2-2
ANAPC16-2	ANAPC16-2
BRSK1-2	BRSK1-2
SQOR-2	SQOR-2
BCR-2	BCR-2
ANKRD11-2	ANKRD11-2
PRAG1-2	PRAG1-2
PITPNM2-2	PITPNM2-2
GHDC-2	GHDC-2
BIN1-2	BIN1-2
HELZ-2	HELZ-2
APBB2-2	APBB2-2
ZSCAN30-2	ZSCAN30-2
ZFP36L1-2	ZFP36L1-2
AAAS-2	AAAS-2
NLRC5-2	NLRC5-2
TNPO3-2	TNPO3-2
PTCRA-2	PTCRA-2
PA2G4-2	PA2G4-2
ZNF583-2	ZNF583-2
PECAM1-2	PECAM1-2
ACTR8-2	ACTR8-2
TEPSIN-2	TEPSIN-2
GJB2-2	GJB2-2
WDR11-2	WDR11-2
ERGIC2-2	ERGIC2-2
MSS51-2	MSS51-2
BIRC6-2	BIRC6-2
RTL5-2	RTL5-2
SOX21-2	SOX21-2
RPS19BP1-2	RPS19BP1-2
WNT2B-2	WNT2B-2
ZNF581-2	ZNF581-2
CHPF2-2	CHPF2-2
NAP1L3-2	NAP1L3-2
AKAP12-2	AKAP12-2
LPCAT2-2	LPCAT2-2
TARDBP-2	TARDBP-2
RNPEP-2	RNPEP-2
IL1B-2	IL1B-2
CRB3-2	CRB3-2
KIF27-2	KIF27-2
RPRD1A-2	RPRD1A-2
RFESD-2	RFESD-2
REG4-2	REG4-2
FGR-2	FGR-2
TEAD2-2	TEAD2-2
VPS45-2	VPS45-2
NREP-2	NREP-2
SF3B1-2	SF3B1-2
CX3CR1-2	CX3CR1-2
POLR2G-2	POLR2G-2
GALNT4-2	GALNT4-2
ZNF133-2	ZNF133-2
MTBP-2	MTBP-2
LAMP2-2	LAMP2-2
ETV3L-2	ETV3L-2
HIST1H2AC-2	HIST1H2AC-2
HSD17B10-2	HSD17B10-2
ZNF589-2	ZNF589-2
CLN6-2	CLN6-2
CPNE5-2	CPNE5-2
SREK1IP1-2	SREK1IP1-2
ATP5MC1-2	ATP5MC1-2
ZC3HAV1L-2	ZC3HAV1L-2
OBSCN-2	OBSCN-2
WWC1-2	WWC1-2
MPZL1-2	MPZL1-2
RALGAPA1-2	RALGAPA1-2
EHBP1L1-2	EHBP1L1-2
TMCC3-2	TMCC3-2
PLEKHG1-2	PLEKHG1-2
LONP1-2	LONP1-2
ZNF185-2	ZNF185-2
MAP3K11-2	MAP3K11-2
CEP63-2	CEP63-2
WDR54-2	WDR54-2
EXTL3-2	EXTL3-2
RITA1-2	RITA1-2
CXCL16-2	CXCL16-2
KCNJ1-2	KCNJ1-2
AKR1E2-2	AKR1E2-2
FAAP100-2	FAAP100-2
ATP2C1-2	ATP2C1-2
CACNB3-2	CACNB3-2
ORC1-2	ORC1-2
PRDM8-2	PRDM8-2
CINP-2	CINP-2
CD160-2	CD160-2
KNTC1-2	KNTC1-2
AGPAT2-2	AGPAT2-2
RP2-2	RP2-2
LRRFIP2-2	LRRFIP2-2
KDM6A-2	KDM6A-2
PCBP2-2	PCBP2-2
HMMR-2	HMMR-2
XPO7-2	XPO7-2
SFT2D1-2	SFT2D1-2
ZNF785-2	ZNF785-2
PCIF1-2	PCIF1-2
MRPS31-2	MRPS31-2
NCEH1-2	NCEH1-2
DCTN4-2	DCTN4-2
FAS-2	FAS-2
CCDC141-2	CCDC141-2
CENPO-2	CENPO-2
WASF2-2	WASF2-2
TBC1D13-2	TBC1D13-2
NKX2-6-2	NKX2-6-2
FAM13A-2	FAM13A-2
PRRX2-2	PRRX2-2
ATP6V1D-2	ATP6V1D-2
GGCT-2	GGCT-2
ZNF521-2	ZNF521-2
ANO10-2	ANO10-2
STON1-2	STON1-2
HIST1H4E-2	HIST1H4E-2
FOXE1-2	FOXE1-2
TBC1D1-2	TBC1D1-2
MGAT5-2	MGAT5-2
UCK2-2	UCK2-2
INPP4A-2	INPP4A-2
CD46-2	CD46-2
ZNF626-2	ZNF626-2
ZNF2-2	ZNF2-2
NEFM-2	NEFM-2
POLM-2	POLM-2
ZFYVE27-2	ZFYVE27-2
COPS5-2	COPS5-2
SP140L-2	SP140L-2
ALG10B-2	ALG10B-2
COX7A2-2	COX7A2-2
LRIG2-2	LRIG2-2
PHLDA3-2	PHLDA3-2
KCNN4-2	KCNN4-2
TMX3-2	TMX3-2
HPDL-2	HPDL-2
GM2A-2	GM2A-2
CCDC171-2	CCDC171-2
SMURF1-2	SMURF1-2
TPRG1-2	TPRG1-2
TSPYL2-2	TSPYL2-2
CD276-2	CD276-2
AGTRAP-2	AGTRAP-2
TTF2-2	TTF2-2
AZIN1-2	AZIN1-2
ADARB2-2	ADARB2-2
GPSM2-2	GPSM2-2
RNF139-2	RNF139-2
PRSS21-2	PRSS21-2
GAA-2	GAA-2
NPC2-2	NPC2-2
MMS22L-2	MMS22L-2
ZSWIM3-2	ZSWIM3-2
ESYT2-2	ESYT2-2
C5orf24-2	C5orf24-2
B9D2-2	B9D2-2
CTR9-2	CTR9-2
ZNF19-2	ZNF19-2
BYSL-2	BYSL-2
CD4-2	CD4-2
TIMM8B-2	TIMM8B-2
BRAT1-2	BRAT1-2
EOMES-2	EOMES-2
CSF2-2	CSF2-2
TOP3A-2	TOP3A-2
GNRH1-2	GNRH1-2
SLC27A5-2	SLC27A5-2
SNED1-2	SNED1-2
TTC24-2	TTC24-2
ERCC4-2	ERCC4-2
ZNF285-2	ZNF285-2
ANGEL2-2	ANGEL2-2
ADCY7-2	ADCY7-2
ZNF710-2	ZNF710-2
MTR-2	MTR-2
RPS6-2	RPS6-2
RCE1-2	RCE1-2
PRKAA1-2	PRKAA1-2
KPNA5-2	KPNA5-2
SBF2-2	SBF2-2
RPL39L-2	RPL39L-2
ATP5F1B-2	ATP5F1B-2
CALHM6-2	CALHM6-2
SLC5A6-2	SLC5A6-2
FXYD7-2	FXYD7-2
TLCD1-2	TLCD1-2
FAM170A-2	FAM170A-2
RAB9B-2	RAB9B-2
FOXC2-2	FOXC2-2
RAX-2	RAX-2
ZFYVE21-2	ZFYVE21-2
PRR5L-2	PRR5L-2
HOXD4-2	HOXD4-2
HOXC11-2	HOXC11-2
TCAP-2	TCAP-2
PSPC1-2	PSPC1-2
USP34-2	USP34-2
SYNGR2-2	SYNGR2-2
MUC13-2	MUC13-2
H1F0-2	H1F0-2
TMED5-2	TMED5-2
PRR27-2	PRR27-2
FAM227B-2	FAM227B-2
DUSP22-2	DUSP22-2
SSH2-2	SSH2-2
MON1B-2	MON1B-2
CLIC3-2	CLIC3-2
COMMD3-BMI1-2	COMMD3-BMI1-2
ZNF880-2	ZNF880-2
SNRNP35-2	SNRNP35-2
TBPL2-2	TBPL2-2
SOGA3-2	SOGA3-2
CCDC150-2	CCDC150-2
TBC1D15-2	TBC1D15-2
REEP4-2	REEP4-2
ZNF200-2	ZNF200-2
BCLAF1-2	BCLAF1-2
ALKBH1-2	ALKBH1-2
WDR82-2	WDR82-2
RXYLT1-2	RXYLT1-2
TKT-2	TKT-2
EFR3A-2	EFR3A-2
TPMT-2	TPMT-2
SEMA6A-2	SEMA6A-2
UAP1-2	UAP1-2
TF-2	TF-2
SLC9A3R2-2	SLC9A3R2-2
TRIM2-2	TRIM2-2
NAA60-2	NAA60-2
RASSF1-2	RASSF1-2
OSGEPL1-2	OSGEPL1-2
MRPS34-2	MRPS34-2
SH3BGRL2-2	SH3BGRL2-2
IPO13-2	IPO13-2
HIST1H2BI-2	HIST1H2BI-2
MECOM-2	MECOM-2
RBBP8-2	RBBP8-2
MARCKS-2	MARCKS-2
CFAP410-2	CFAP410-2
NDST1-2	NDST1-2
STX12-2	STX12-2
FAAP20-2	FAAP20-2
TULP4-2	TULP4-2
ABCC10-2	ABCC10-2
ZNF493-2	ZNF493-2
RB1-2	RB1-2
ZNF354A-2	ZNF354A-2
ELF3-2	ELF3-2
KLC4-2	KLC4-2
TAF6-2	TAF6-2
EBF4-2	EBF4-2
TBCC-2	TBCC-2
TPK1-2	TPK1-2
FAM111B-2	FAM111B-2
LAG3-2	LAG3-2
ZNF304-2	ZNF304-2
STIM1-2	STIM1-2
NME6-2	NME6-2
TBX4-2	TBX4-2
SLC26A1-2	SLC26A1-2
CSMD2-2	CSMD2-2
TRIB2-2	TRIB2-2
C2orf49-2	C2orf49-2
ACTR10-2	ACTR10-2
VSX1-2	VSX1-2
ZNF236-2	ZNF236-2
NOTCH2-2	NOTCH2-2
NDUFB11-2	NDUFB11-2
STARD3-2	STARD3-2
ZNF614-2	ZNF614-2
MARS-2	MARS-2
DTD1-2	DTD1-2
CRY1-2	CRY1-2
ARFRP1-2	ARFRP1-2
AHCY-2	AHCY-2
EIF3D-2	EIF3D-2
CST3-2	CST3-2
PLEKHO1-2	PLEKHO1-2
ZNF282-2	ZNF282-2
NPR2-2	NPR2-2
LAPTM4B-2	LAPTM4B-2
CHCHD2-2	CHCHD2-2
CORO2A-2	CORO2A-2
KIF2A-2	KIF2A-2
PLD4-2	PLD4-2
HMCN1-2	HMCN1-2
AMBRA1-2	AMBRA1-2
TCEAL1-2	TCEAL1-2
PTPN18-2	PTPN18-2
SRP9-2	SRP9-2
RAB19-2	RAB19-2
BUD31-2	BUD31-2
TPM4-2	TPM4-2
FAM24B-2	FAM24B-2
FOXP3-2	FOXP3-2
CDRT4-2	CDRT4-2
ALG1-2	ALG1-2
NPTX1-2	NPTX1-2
NENF-2	NENF-2
C4orf3-2	C4orf3-2
ZBED4-2	ZBED4-2
TTLL2-2	TTLL2-2
ZSWIM9-2	ZSWIM9-2
CLDN7-2	CLDN7-2
BCL2L1-2	BCL2L1-2
BAG2-2	BAG2-2
SOX15-2	SOX15-2
FTH1-2	FTH1-2
FOXN3-2	FOXN3-2
ST8SIA4-2	ST8SIA4-2
RBM38-2	RBM38-2
FAM84B-2	FAM84B-2
KANSL3-2	KANSL3-2
SRD5A3-2	SRD5A3-2
ACSS1-2	ACSS1-2
SPTY2D1-2	SPTY2D1-2
MAP1LC3A-2	MAP1LC3A-2
TMEM200A-2	TMEM200A-2
KCNIP3-2	KCNIP3-2
RUFY2-2	RUFY2-2
ARHGDIA-2	ARHGDIA-2
REEP5-2	REEP5-2
COG2-2	COG2-2
ANO9-2	ANO9-2
UTRN-2	UTRN-2
KDELC2-2	KDELC2-2
RPN2-2	RPN2-2
ELMOD2-2	ELMOD2-2
SHLD1-2	SHLD1-2
ALS2CL-2	ALS2CL-2
GRHL2-2	GRHL2-2
ADPRHL2-2	ADPRHL2-2
TTLL11-2	TTLL11-2
TMEM45A-2	TMEM45A-2
FRY-2	FRY-2
EHD4-2	EHD4-2
TOMM22-2	TOMM22-2
SH3BGR-2	SH3BGR-2
USP16-2	USP16-2
SWAP70-2	SWAP70-2
RAB3IP-2	RAB3IP-2
UBQLNL-2	UBQLNL-2
SYNGR1-2	SYNGR1-2
CCR10-2	CCR10-2
TMEM231-2	TMEM231-2
KIAA1143-2	KIAA1143-2
PSAT1-2	PSAT1-2
RRP12-2	RRP12-2
COA7-2	COA7-2
NDUFAF2-2	NDUFAF2-2
HOXC5-2	HOXC5-2
ENTPD5-2	ENTPD5-2
RBM5-2	RBM5-2
RAG1-2	RAG1-2
TM7SF3-2	TM7SF3-2
GORAB-2	GORAB-2
GNB1L-2	GNB1L-2
PEBP1-2	PEBP1-2
NXT1-2	NXT1-2
HEBP1-2	HEBP1-2
CREG1-2	CREG1-2
NUDT12-2	NUDT12-2
TKFC-2	TKFC-2
XAB2-2	XAB2-2
SLC38A9-2	SLC38A9-2
PRKDC-2	PRKDC-2
ARHGEF19-2	ARHGEF19-2
ZSCAN32-2	ZSCAN32-2
SCRN3-2	SCRN3-2
ZNF131-2	ZNF131-2
AMER1-2	AMER1-2
ZNF138-2	ZNF138-2
SMARCD2-2	SMARCD2-2
CEACAM1-2	CEACAM1-2
CREBBP-2	CREBBP-2
PANK2-2	PANK2-2
HPGD-2	HPGD-2
TCEANC2-2	TCEANC2-2
EVC-2	EVC-2
PROP1-2	PROP1-2
GPATCH1-2	GPATCH1-2
MME-2	MME-2
PRKCH-2	PRKCH-2
TRIR-2	TRIR-2
GLO1-2	GLO1-2
CFAP97-2	CFAP97-2
ZNF10-2	ZNF10-2
L3HYPDH-2	L3HYPDH-2
UQCRFS1-2	UQCRFS1-2
NFE2-2	NFE2-2
PRDM13-2	PRDM13-2
PHKA2-2	PHKA2-2
ZEB2-2	ZEB2-2
TMEM173-2	TMEM173-2
ELMO3-2	ELMO3-2
TRAK1-2	TRAK1-2
TET3-2	TET3-2
SPG21-2	SPG21-2
PITX3-2	PITX3-2
SLC41A1-2	SLC41A1-2
PIAS4-2	PIAS4-2
SPARCL1-2	SPARCL1-2
ENPP1-2	ENPP1-2
IKZF1-2	IKZF1-2
CHST7-2	CHST7-2
WRB-2	WRB-2
C19orf57-2	C19orf57-2
MPP2-2	MPP2-2
CARF-2	CARF-2
SPINK1-2	SPINK1-2
STK36-2	STK36-2
ZBP1-2	ZBP1-2
SUGP2-2	SUGP2-2
DGAT1-2	DGAT1-2
VPS33B-2	VPS33B-2
RIC3-2	RIC3-2
PTBP2-2	PTBP2-2
HAUS7-2	HAUS7-2
ARHGAP32-2	ARHGAP32-2
ABHD5-2	ABHD5-2
BMP2K-2	BMP2K-2
ATG4D-2	ATG4D-2
METTL22-2	METTL22-2
RBM33-2	RBM33-2
HARS-2	HARS-2
SGK1-2	SGK1-2
MRPS24-2	MRPS24-2
ANKK1-2	ANKK1-2
STIM2-2	STIM2-2
NT5C3B-2	NT5C3B-2
C4orf46-2	C4orf46-2
SPIDR-2	SPIDR-2
CEP170B-2	CEP170B-2
DDX27-2	DDX27-2
HOOK2-2	HOOK2-2
ZNF547-2	ZNF547-2
RNFT2-2	RNFT2-2
ZNF491-2	ZNF491-2
MSANTD3-2	MSANTD3-2
GSPT2-2	GSPT2-2
CRX-2	CRX-2
NNT-2	NNT-2
RNF135-2	RNF135-2
DNMT3A-2	DNMT3A-2
FBXL18-2	FBXL18-2
CAMTA2-2	CAMTA2-2
GRK3-2	GRK3-2
F5-2	F5-2
CADM1-2	CADM1-2
SOCS2-2	SOCS2-2
PKP2-2	PKP2-2
PLPBP-2	PLPBP-2
RASGRP2-2	RASGRP2-2
HNRNPF-2	HNRNPF-2
S100A16-2	S100A16-2
ZBTB25-2	ZBTB25-2
SAT2-2	SAT2-2
CXCL9-2	CXCL9-2
NAA10-2	NAA10-2
MBLAC2-2	MBLAC2-2
S100B-2	S100B-2
OGFOD2-2	OGFOD2-2
MID1IP1-2	MID1IP1-2
SGK494-2	SGK494-2
SP140-2	SP140-2
POP5-2	POP5-2
HIST1H3I-2	HIST1H3I-2
RAE1-2	RAE1-2
EIF4A3-2	EIF4A3-2
MTF1-2	MTF1-2
ELAC1-2	ELAC1-2
CYP27B1-2	CYP27B1-2
LRRC23-2	LRRC23-2
LAX1-2	LAX1-2
MCM6-2	MCM6-2
INTS11-2	INTS11-2
ZCCHC10-2	ZCCHC10-2
PTOV1-2	PTOV1-2
VPS13B-2	VPS13B-2
SAMD4A-2	SAMD4A-2
TERF2IP-2	TERF2IP-2
KLC1-2	KLC1-2
PPP2R5D-2	PPP2R5D-2
TAOK1-2	TAOK1-2
CD3G-2	CD3G-2
SVIP-2	SVIP-2
TMEM119-2	TMEM119-2
CXCL3-2	CXCL3-2
ZNF446-2	ZNF446-2
RTP4-2	RTP4-2
NEK7-2	NEK7-2
TMEM65-2	TMEM65-2
GPR15-2	GPR15-2
CCDC146-2	CCDC146-2
RPL26L1-2	RPL26L1-2
METTL8-2	METTL8-2
LRRC2-2	LRRC2-2
ING5-2	ING5-2
HEXA-2	HEXA-2
PCYOX1L-2	PCYOX1L-2
LMO2-2	LMO2-2
PTRH2-2	PTRH2-2
APOL1-2	APOL1-2
INVS-2	INVS-2
PTGR1-2	PTGR1-2
MEF2A-2	MEF2A-2
KLF11-2	KLF11-2
EFTUD2-2	EFTUD2-2
DACH1-2	DACH1-2
PRDX3-2	PRDX3-2
ZNF165-2	ZNF165-2
CDC42EP4-2	CDC42EP4-2
FAM193A-2	FAM193A-2
ZC2HC1A-2	ZC2HC1A-2
TICRR-2	TICRR-2
BARX1-2	BARX1-2
PCTP-2	PCTP-2
CSDE1-2	CSDE1-2
ACSL5-2	ACSL5-2
ZDHHC6-2	ZDHHC6-2
SGK3-2	SGK3-2
NAE1-2	NAE1-2
ARG1-2	ARG1-2
TMC5-2	TMC5-2
TMPO-2	TMPO-2
MFSD4A-2	MFSD4A-2
CACHD1-2	CACHD1-2
TTC33-2	TTC33-2
NDUFAF3-2	NDUFAF3-2
EXD2-2	EXD2-2
ZNF586-2	ZNF586-2
LUC7L3-2	LUC7L3-2
CFLAR-2	CFLAR-2
UFC1-2	UFC1-2
DPAGT1-2	DPAGT1-2
NR1H2-2	NR1H2-2
TIMELESS-2	TIMELESS-2
COG1-2	COG1-2
TIMP1-2	TIMP1-2
ADAM15-2	ADAM15-2
ALAS1-2	ALAS1-2
ZNF431-2	ZNF431-2
DYRK1B-2	DYRK1B-2
FHL3-2	FHL3-2
TNPO2-2	TNPO2-2
CNNM4-2	CNNM4-2
MAP2K6-2	MAP2K6-2
MCM8-2	MCM8-2
SUN2-2	SUN2-2
DTWD1-2	DTWD1-2
HPS4-2	HPS4-2
CTSW-2	CTSW-2
HNRNPM-2	HNRNPM-2
CACNA1E-2	CACNA1E-2
PPIP5K2-2	PPIP5K2-2
KRBA1-2	KRBA1-2
ZBTB5-2	ZBTB5-2
ASAH1-2	ASAH1-2
LTBP3-2	LTBP3-2
CRYBG1-2	CRYBG1-2
HJURP-2	HJURP-2
UBA3-2	UBA3-2
RELB-2	RELB-2
GSK3A-2	GSK3A-2
CERKL-2	CERKL-2
ITM2C-2	ITM2C-2
MAGI1-2	MAGI1-2
WNT7A-2	WNT7A-2
LINS1-2	LINS1-2
TJP3-2	TJP3-2
TRAF3IP2-2	TRAF3IP2-2
ZNF721-2	ZNF721-2
NUP153-2	NUP153-2
XRCC3-2	XRCC3-2
DVL3-2	DVL3-2
PRELID3B-2	PRELID3B-2
MCOLN3-2	MCOLN3-2
TTPAL-2	TTPAL-2
SIGLEC9-2	SIGLEC9-2
SOX3-2	SOX3-2
PEX13-2	PEX13-2
CETN2-2	CETN2-2
TTC28-2	TTC28-2
SIRT1-2	SIRT1-2
ZNF300-2	ZNF300-2
CXCR4-2	CXCR4-2
DONSON-2	DONSON-2
TLR1-2	TLR1-2
EIF2A-2	EIF2A-2
PPM1N-2	PPM1N-2
CEP135-2	CEP135-2
DMWD-2	DMWD-2
HMGCS1-2	HMGCS1-2
VDAC2-2	VDAC2-2
MAZ-2	MAZ-2
TCP11L1-2	TCP11L1-2
ZC3H6-2	ZC3H6-2
AKR7A3-2	AKR7A3-2
TRIP10-2	TRIP10-2
BRIP1-2	BRIP1-2
PIF1-2	PIF1-2
INTS2-2	INTS2-2
PSMC6-2	PSMC6-2
HOMER1-2	HOMER1-2
TSACC-2	TSACC-2
PLCD1-2	PLCD1-2
RNF25-2	RNF25-2
DCTN6-2	DCTN6-2
GTF3C1-2	GTF3C1-2
PIGG-2	PIGG-2
MCHR1-2	MCHR1-2
VPS36-2	VPS36-2
CAPS-2	CAPS-2
HIST1H4D-2	HIST1H4D-2
DDB2-2	DDB2-2
ABCB8-2	ABCB8-2
TOMM40-2	TOMM40-2
FCF1-2	FCF1-2
PSMD8-2	PSMD8-2
NDUFA13-2	NDUFA13-2
TMEM88-2	TMEM88-2
BCL3-2	BCL3-2
ARMC2-2	ARMC2-2
PRR7-2	PRR7-2
SYS1-2	SYS1-2
ABCC3-2	ABCC3-2
CD151-2	CD151-2
CARS2-2	CARS2-2
ABHD11-2	ABHD11-2
TSFM-2	TSFM-2
MICAL1-2	MICAL1-2
P3H4-2	P3H4-2
RPL17-C18orf32-2	RPL17-C18orf32-2
TSR3-2	TSR3-2
FXYD2-2	FXYD2-2
WDR33-2	WDR33-2
MED24-2	MED24-2
TCIM-2	TCIM-2
FAM192A-2	FAM192A-2
STN1-2	STN1-2
SPATA13-2	SPATA13-2
YARS2-2	YARS2-2
ZNF695-2	ZNF695-2
TMEM39A-2	TMEM39A-2
TK1-2	TK1-2
HNRNPD-2	HNRNPD-2
PPP6R3-2	PPP6R3-2
IL10RA-2	IL10RA-2
RPRD2-2	RPRD2-2
C6orf62-2	C6orf62-2
TSEN2-2	TSEN2-2
UBXN2B-2	UBXN2B-2
MEMO1-2	MEMO1-2
TMEM14A-2	TMEM14A-2
PROK2-2	PROK2-2
GSPT1-2	GSPT1-2
CELF2-2	CELF2-2
KIAA0232-2	KIAA0232-2
GADD45B-2	GADD45B-2
ATE1-2	ATE1-2
FOSL1-2	FOSL1-2
TENT5C-2	TENT5C-2
GVQW3-2	GVQW3-2
CLEC12A-2	CLEC12A-2
INPP5K-2	INPP5K-2
BRI3-2	BRI3-2
TGIF2-RAB5IF-2	TGIF2-RAB5IF-2
TRAF4-2	TRAF4-2
KIAA0930-2	KIAA0930-2
HMGA1-2	HMGA1-2
PDCD6-2	PDCD6-2
BBS10-2	BBS10-2
SAMD8-2	SAMD8-2
SPG11-2	SPG11-2
AHRR-2	AHRR-2
GALE-2	GALE-2
RIPOR1-2	RIPOR1-2
RBM48-2	RBM48-2
ZNF740-2	ZNF740-2
FYCO1-2	FYCO1-2
C12orf42-2	C12orf42-2
MFSD14B-2	MFSD14B-2
FN3K-2	FN3K-2
CSNK1E-2	CSNK1E-2
PNPLA6-2	PNPLA6-2
NIPAL4-2	NIPAL4-2
ETHE1-2	ETHE1-2
IGSF8-2	IGSF8-2
ARSK-2	ARSK-2
NISCH-2	NISCH-2
SH2B3-2	SH2B3-2
SLU7-2	SLU7-2
CYB5R4-2	CYB5R4-2
C3orf58-2	C3orf58-2
ALYREF-2	ALYREF-2
ARHGAP9-2	ARHGAP9-2
CRYBG3-2	CRYBG3-2
ACVR1C-2	ACVR1C-2
POP7-2	POP7-2
SRPK2-2	SRPK2-2
KDM3B-2	KDM3B-2
PPM1M-2	PPM1M-2
RNF31-2	RNF31-2
PHF11-2	PHF11-2
PSMD6-2	PSMD6-2
SOX1-2	SOX1-2
P2RY12-2	P2RY12-2
PPP2R5A-2	PPP2R5A-2
TPX2-2	TPX2-2
LRRC25-2	LRRC25-2
DST-2	DST-2
APBA3-2	APBA3-2
ARNT2-2	ARNT2-2
ACAD10-2	ACAD10-2
TMEM185B-2	TMEM185B-2
IARS2-2	IARS2-2
MRRF-2	MRRF-2
RNPEPL1-2	RNPEPL1-2
SEMA3E-2	SEMA3E-2
TACR2-2	TACR2-2
LRRC40-2	LRRC40-2
RPS11-2	RPS11-2
ZNF613-2	ZNF613-2
CATSPER2-2	CATSPER2-2
PHTF2-2	PHTF2-2
ENPP4-2	ENPP4-2
ZNF174-2	ZNF174-2
METTL5-2	METTL5-2
SMAD9-2	SMAD9-2
METTL7A-2	METTL7A-2
PRKCQ-2	PRKCQ-2
TMEM263-2	TMEM263-2
C14orf132-2	C14orf132-2
CHN1-2	CHN1-2
CBX6-2	CBX6-2
HPRT1-2	HPRT1-2
MT1H-2	MT1H-2
SLC35C2-2	SLC35C2-2
IER5L-2	IER5L-2
ACER1-2	ACER1-2
CDR2-2	CDR2-2
RPL34-2	RPL34-2
CHD9-2	CHD9-2
FH-2	FH-2
SELENOM-2	SELENOM-2
RHBDD2-2	RHBDD2-2
MGME1-2	MGME1-2
PUS3-2	PUS3-2
IDH3B-2	IDH3B-2
TTC39C-2	TTC39C-2
GOLGA2-2	GOLGA2-2
KPNB1-2	KPNB1-2
ABHD15-2	ABHD15-2
GMDS-2	GMDS-2
EPRS-2	EPRS-2
TP53INP1-2	TP53INP1-2
DHRS7B-2	DHRS7B-2
TMEM185A-2	TMEM185A-2
IRGM-2	IRGM-2
ZGRF1-2	ZGRF1-2
DCTN2-2	DCTN2-2
BICRAL-2	BICRAL-2
NSMCE2-2	NSMCE2-2
ACSF3-2	ACSF3-2
MOV10-2	MOV10-2
SHMT1-2	SHMT1-2
PRMT1-2	PRMT1-2
C8orf58-2	C8orf58-2
ZBTB18-2	ZBTB18-2
MFAP1-2	MFAP1-2
ZNF623-2	ZNF623-2
DMBT1-2	DMBT1-2
FLNA-2	FLNA-2
CCDC157-2	CCDC157-2
KCTD3-2	KCTD3-2
LRFN3-2	LRFN3-2
RPF2-2	RPF2-2
CCNE2-2	CCNE2-2
HRH2-2	HRH2-2
XYLT2-2	XYLT2-2
EMC3-2	EMC3-2
TRAPPC3-2	TRAPPC3-2
WEE1-2	WEE1-2
CAVIN3-2	CAVIN3-2
PYM1-2	PYM1-2
TMEM127-2	TMEM127-2
SYNJ2BP-COX16-2	SYNJ2BP-COX16-2
TTYH3-2	TTYH3-2
RAB41-2	RAB41-2
PRF1-2	PRF1-2
TXNL1-2	TXNL1-2
GPR18-2	GPR18-2
NOTCH1-2	NOTCH1-2
SIX1-2	SIX1-2
CENPBD1-2	CENPBD1-2
CALCOCO1-2	CALCOCO1-2
HACE1-2	HACE1-2
SPINK2-2	SPINK2-2
RPS3A-2	RPS3A-2
CHSY1-2	CHSY1-2
TCTN2-2	TCTN2-2
GAB2-2	GAB2-2
SPPL2A-2	SPPL2A-2
ERGIC1-2	ERGIC1-2
CHD8-2	CHD8-2
MTREX-2	MTREX-2
ANKIB1-2	ANKIB1-2
OARD1-2	OARD1-2
RGL4-2	RGL4-2
IQCE-2	IQCE-2
RBL1-2	RBL1-2
ZNF180-2	ZNF180-2
APPL1-2	APPL1-2
HS1BP3-2	HS1BP3-2
LCLAT1-2	LCLAT1-2
HUS1B-2	HUS1B-2
TIMM17A-2	TIMM17A-2
TSEN15-2	TSEN15-2
TXN-2	TXN-2
DAPK3-2	DAPK3-2
INIP-2	INIP-2
STXBP3-2	STXBP3-2
SPI1-2	SPI1-2
ZNF624-2	ZNF624-2
MEPCE-2	MEPCE-2
CREM-2	CREM-2
TFAP2A-2	TFAP2A-2
MEX3C-2	MEX3C-2
EN2-2	EN2-2
TFAP2E-2	TFAP2E-2
E2F8-2	E2F8-2
ATG2A-2	ATG2A-2
SLC24A1-2	SLC24A1-2
CCDC18-2	CCDC18-2
TNFRSF12A-2	TNFRSF12A-2
NR0B1-2	NR0B1-2
POLR2E-2	POLR2E-2
AKR7A2-2	AKR7A2-2
MGAT1-2	MGAT1-2
AGPS-2	AGPS-2
AP1S2-2	AP1S2-2
CAMK1-2	CAMK1-2
SYDE2-2	SYDE2-2
MRPL33-2	MRPL33-2
EXOC8-2	EXOC8-2
MAPK9-2	MAPK9-2
CD37-2	CD37-2
PEX19-2	PEX19-2
DICER1-2	DICER1-2
DUSP6-2	DUSP6-2
ATG14-2	ATG14-2
MSRB1-2	MSRB1-2
SIRPG-2	SIRPG-2
SOX14-2	SOX14-2
GINS1-2	GINS1-2
OSGIN2-2	OSGIN2-2
MAP3K13-2	MAP3K13-2
GPM6A-2	GPM6A-2
P4HB-2	P4HB-2
UPF1-2	UPF1-2
ZACN-2	ZACN-2
SNX25-2	SNX25-2
LPGAT1-2	LPGAT1-2
ZNF169-2	ZNF169-2
ACOT8-2	ACOT8-2
ARHGAP18-2	ARHGAP18-2
RAMP3-2	RAMP3-2
BATF2-2	BATF2-2
IFIT1-2	IFIT1-2
PDXP-2	PDXP-2
ZNF568-2	ZNF568-2
TMED1-2	TMED1-2
BBS4-2	BBS4-2
CYB561D2-2	CYB561D2-2
SPRYD4-2	SPRYD4-2
FAXDC2-2	FAXDC2-2
PGRMC2-2	PGRMC2-2
TNFRSF18-2	TNFRSF18-2
KLHL5-2	KLHL5-2
SPEG-2	SPEG-2
FOXH1-2	FOXH1-2
HIST1H1C-2	HIST1H1C-2
PTPRO-2	PTPRO-2
NTRK1-2	NTRK1-2
HYAL2-2	HYAL2-2
TRMT2A-2	TRMT2A-2
MUM1-2	MUM1-2
RBM39-2	RBM39-2
STMN1-2	STMN1-2
LRWD1-2	LRWD1-2
MRPS28-2	MRPS28-2
CHST10-2	CHST10-2
TAZ-2	TAZ-2
ACYP2-2	ACYP2-2
THAP8-2	THAP8-2
NR5A1-2	NR5A1-2
CIRBP-2	CIRBP-2
KPNA1-2	KPNA1-2
TANGO2-2	TANGO2-2
RBP5-2	RBP5-2
DERL2-2	DERL2-2
ZNF496-2	ZNF496-2
ZDHHC11-2	ZDHHC11-2
FAM69A-2	FAM69A-2
PCGF5-2	PCGF5-2
CLDN5-2	CLDN5-2
NAMPT-2	NAMPT-2
NDUFS1-2	NDUFS1-2
ALOX5AP-2	ALOX5AP-2
GPC2-2	GPC2-2
HOXA10-2	HOXA10-2
RBFA-2	RBFA-2
VLDLR-2	VLDLR-2
ZSCAN23-2	ZSCAN23-2
NECAP2-2	NECAP2-2
SFN-2	SFN-2
BCL6B-2	BCL6B-2
XBP1-2	XBP1-2
NCS1-2	NCS1-2
FRA10AC1-2	FRA10AC1-2
CCL22-2	CCL22-2
ZKSCAN3-2	ZKSCAN3-2
PDZK1IP1-2	PDZK1IP1-2
YWHAZ-2	YWHAZ-2
CDCA7L-2	CDCA7L-2
SRPRA-2	SRPRA-2
IL36A-2	IL36A-2
NRBP2-2	NRBP2-2
HMOX1-2	HMOX1-2
FBH1-2	FBH1-2
HHAT-2	HHAT-2
LRIG1-2	LRIG1-2
ACYP1-2	ACYP1-2
NDC80-2	NDC80-2
TTC21B-2	TTC21B-2
TUBA1A-2	TUBA1A-2
ZNF706-2	ZNF706-2
MAGOHB-2	MAGOHB-2
HIST1H2AH-2	HIST1H2AH-2
DNAJB5-2	DNAJB5-2
API5-2	API5-2
CUL3-2	CUL3-2
C8orf82-2	C8orf82-2
SURF2-2	SURF2-2
PPP4R2-2	PPP4R2-2
MEGF8-2	MEGF8-2
EMC9-2	EMC9-2
MAPK3-2	MAPK3-2
VPS4B-2	VPS4B-2
TMEM161B-2	TMEM161B-2
CPSF4-2	CPSF4-2
TTC9-2	TTC9-2
TMEM81-2	TMEM81-2
LEMD2-2	LEMD2-2
ERF-2	ERF-2
CNDP2-2	CNDP2-2
WDR37-2	WDR37-2
ZNF566-2	ZNF566-2
HNRNPK-2	HNRNPK-2
PRPF4B-2	PRPF4B-2
KIAA0391-2	KIAA0391-2
ELP5-2	ELP5-2
C5orf15-2	C5orf15-2
WDYHV1-2	WDYHV1-2
SEMA6C-2	SEMA6C-2
SBDS-2	SBDS-2
BHLHA15-2	BHLHA15-2
PARL-2	PARL-2
NAF1-2	NAF1-2
RNASEH2C-2	RNASEH2C-2
TSSK6-2	TSSK6-2
KIF20B-2	KIF20B-2
CRLF3-2	CRLF3-2
AFF4-2	AFF4-2
PKN2-2	PKN2-2
IFITM5-2	IFITM5-2
MSGN1-2	MSGN1-2
ZNF215-2	ZNF215-2
CREBL2-2	CREBL2-2
BAG5-2	BAG5-2
SCAF1-2	SCAF1-2
SETD5-2	SETD5-2
PRDX1-2	PRDX1-2
PDCD4-2	PDCD4-2
HSPA2-2	HSPA2-2
MSANTD1-2	MSANTD1-2
NIT1-2	NIT1-2
NPEPPS-2	NPEPPS-2
GHITM-2	GHITM-2
LHX3-2	LHX3-2
WDR83OS-2	WDR83OS-2
SALL1-2	SALL1-2
GNMT-2	GNMT-2
SLFN12-2	SLFN12-2
PRPS2-2	PRPS2-2
RMND5B-2	RMND5B-2
SCAPER-2	SCAPER-2
ACSF2-2	ACSF2-2
UBE2D2-2	UBE2D2-2
NDUFAF6-2	NDUFAF6-2
SF3A2-2	SF3A2-2
MAU2-2	MAU2-2
HOXD12-2	HOXD12-2
TSTD3-2	TSTD3-2
TUBB6-2	TUBB6-2
CCDC102A-2	CCDC102A-2
CALML5-2	CALML5-2
C2CD4D-2	C2CD4D-2
FOXF2-2	FOXF2-2
HIST1H3B-2	HIST1H3B-2
IL17RE-2	IL17RE-2
SEPT10-2	SEPT10-2
SPATA20-2	SPATA20-2
BPHL-2	BPHL-2
ZBTB34-2	ZBTB34-2
WDR76-2	WDR76-2
TRIOBP-2	TRIOBP-2
S100Z-2	S100Z-2
FOXA3-2	FOXA3-2
RECQL5-2	RECQL5-2
LMX1A-2	LMX1A-2
LMAN2-2	LMAN2-2
MTCH1-2	MTCH1-2
HNRNPUL1-2	HNRNPUL1-2
YWHAG-2	YWHAG-2
HIST1H4A-2	HIST1H4A-2
UROS-2	UROS-2
TMEM11-2	TMEM11-2
EBAG9-2	EBAG9-2
ZKSCAN1-2	ZKSCAN1-2
MORF4L2-2	MORF4L2-2
CFAP44-2	CFAP44-2
GLYR1-2	GLYR1-2
ZNF728-2	ZNF728-2
ZNF140-2	ZNF140-2
ZNF25-2	ZNF25-2
FLRT2-2	FLRT2-2
PRSS23-2	PRSS23-2
PLAT-2	PLAT-2
FIZ1-2	FIZ1-2
XPO5-2	XPO5-2
MRPL52-2	MRPL52-2
CENPX-2	CENPX-2
NDUFB1-2	NDUFB1-2
C3orf18-2	C3orf18-2
TRMT61B-2	TRMT61B-2
SOS1-2	SOS1-2
TADA2B-2	TADA2B-2
TNS1-2	TNS1-2
STX17-2	STX17-2
PSAP-2	PSAP-2
REPIN1-2	REPIN1-2
ZNF484-2	ZNF484-2
PHACTR4-2	PHACTR4-2
HMSD-2	HMSD-2
TNFRSF13B-2	TNFRSF13B-2
RFC3-2	RFC3-2
ZFP82-2	ZFP82-2
ZNF416-2	ZNF416-2
CALHM2-2	CALHM2-2
HSPH1-2	HSPH1-2
ACLY-2	ACLY-2
CAPZA2-2	CAPZA2-2
JMJD8-2	JMJD8-2
TMED6-2	TMED6-2
COQ6-2	COQ6-2
LMBR1-2	LMBR1-2
DRG2-2	DRG2-2
SLC9A6-2	SLC9A6-2
ZNF705E-2	ZNF705E-2
SLF2-2	SLF2-2
AHDC1-2	AHDC1-2
TYW5-2	TYW5-2
MICU1-2	MICU1-2
ST5-2	ST5-2
TLN1-2	TLN1-2
MAGED1-2	MAGED1-2
CD72-2	CD72-2
PCOLCE-2	PCOLCE-2
NPRL3-2	NPRL3-2
SLC40A1-2	SLC40A1-2
SASS6-2	SASS6-2
RPL5-2	RPL5-2
EPM2A-2	EPM2A-2
SNX9-2	SNX9-2
NUP93-2	NUP93-2
STX8-2	STX8-2
KRT7-2	KRT7-2
KCTD2-2	KCTD2-2
TNFRSF25-2	TNFRSF25-2
JARID2-2	JARID2-2
STAT5B-2	STAT5B-2
ZNF518A-2	ZNF518A-2
LRP1-2	LRP1-2
CUL2-2	CUL2-2
ZSWIM1-2	ZSWIM1-2
ZC3H10-2	ZC3H10-2
CCDC134-2	CCDC134-2
TAC4-2	TAC4-2
CACUL1-2	CACUL1-2
CXCR3-2	CXCR3-2
CKAP5-2	CKAP5-2
RNF11-2	RNF11-2
RCBTB1-2	RCBTB1-2
PTP4A2-2	PTP4A2-2
SIRPB1-2	SIRPB1-2
PASK-2	PASK-2
CLN3-2	CLN3-2
MFSD13A-2	MFSD13A-2
PNKD-2	PNKD-2
KMT5C-2	KMT5C-2
TMEM98-2	TMEM98-2
ARID4B-2	ARID4B-2
LIMS1-2	LIMS1-2
TRPT1-2	TRPT1-2
SELENOH-2	SELENOH-2
DNAJC4-2	DNAJC4-2
ASCL5-2	ASCL5-2
HSD11B1-2	HSD11B1-2
SFTPC-2	SFTPC-2
ZNF543-2	ZNF543-2
PARP14-2	PARP14-2
DLX5-2	DLX5-2
SNPH-2	SNPH-2
KDELR3-2	KDELR3-2
MAD2L1BP-2	MAD2L1BP-2
ENPP2-2	ENPP2-2
CCDC9-2	CCDC9-2
DCAKD-2	DCAKD-2
NUP98-2	NUP98-2
PTPN23-2	PTPN23-2
MGAT4A-2	MGAT4A-2
ZNF611-2	ZNF611-2
KLF3-2	KLF3-2
C12orf49-2	C12orf49-2
NAALAD2-2	NAALAD2-2
RTN4IP1-2	RTN4IP1-2
ISYNA1-2	ISYNA1-2
TUBD1-2	TUBD1-2
N4BP3-2	N4BP3-2
TMEM91-2	TMEM91-2
MAN2A2-2	MAN2A2-2
BRMS1L-2	BRMS1L-2
APP-2	APP-2
MRPL20-2	MRPL20-2
ISCA2-2	ISCA2-2
CERS4-2	CERS4-2
ETFA-2	ETFA-2
NUCB2-2	NUCB2-2
NCAPH2-2	NCAPH2-2
FOXE3-2	FOXE3-2
CSK-2	CSK-2
SYCP2-2	SYCP2-2
RABGGTA-2	RABGGTA-2
PTGDR2-2	PTGDR2-2
TAB3-2	TAB3-2
ATP5F1C-2	ATP5F1C-2
PRR5-2	PRR5-2
IFI44L-2	IFI44L-2
RIMS3-2	RIMS3-2
MYO1F-2	MYO1F-2
N4BP2L1-2	N4BP2L1-2
FBN3-2	FBN3-2
ZNF331-2	ZNF331-2
HHLA2-2	HHLA2-2
EDF1-2	EDF1-2
PCF11-2	PCF11-2
YPEL2-2	YPEL2-2
ATG5-2	ATG5-2
ANKS6-2	ANKS6-2
ARL2BP-2	ARL2BP-2
SMG8-2	SMG8-2
GK5-2	GK5-2
ZCCHC7-2	ZCCHC7-2
CDC20-2	CDC20-2
LRRC59-2	LRRC59-2
HYAL3-2	HYAL3-2
REXO2-2	REXO2-2
ESCO1-2	ESCO1-2
QSOX1-2	QSOX1-2
BID-2	BID-2
GPCPD1-2	GPCPD1-2
STAT4-2	STAT4-2
CLDN15-2	CLDN15-2
KIAA1324-2	KIAA1324-2
CPNE2-2	CPNE2-2
SMIM20-2	SMIM20-2
PRPS1-2	PRPS1-2
GOLGA8B-2	GOLGA8B-2
TRAF3-2	TRAF3-2
TLX3-2	TLX3-2
RPL23A-2	RPL23A-2
ECI1-2	ECI1-2
TRIM25-2	TRIM25-2
CTCFL-2	CTCFL-2
TTLL4-2	TTLL4-2
FMNL3-2	FMNL3-2
RRAS2-2	RRAS2-2
PDE4A-2	PDE4A-2
CASZ1-2	CASZ1-2
GNPNAT1-2	GNPNAT1-2
COL5A2-2	COL5A2-2
ELOB-2	ELOB-2
G6PD-2	G6PD-2
TPST1-2	TPST1-2
ZHX1-C8orf76-2	ZHX1-C8orf76-2
MARCH8-2	MARCH8-2
PFDN4-2	PFDN4-2
NKRF-2	NKRF-2
ANXA3-2	ANXA3-2
TGIF2-2	TGIF2-2
UNG-2	UNG-2
NDUFAF5-2	NDUFAF5-2
CD3D-2	CD3D-2
SGPP2-2	SGPP2-2
NAGLU-2	NAGLU-2
TWSG1-2	TWSG1-2
ANKRA2-2	ANKRA2-2
ARIH2OS-2	ARIH2OS-2
TMEM176B-2	TMEM176B-2
SQLE-2	SQLE-2
PTGFRN-2	PTGFRN-2
RAB9A-2	RAB9A-2
TIMM13-2	TIMM13-2
THAP6-2	THAP6-2
SNAPIN-2	SNAPIN-2
FGD1-2	FGD1-2
ATP2A2-2	ATP2A2-2
BCL2L14-2	BCL2L14-2
FABP5-2	FABP5-2
TMCO4-2	TMCO4-2
UBFD1-2	UBFD1-2
NOM1-2	NOM1-2
GKAP1-2	GKAP1-2
UQCR11-2	UQCR11-2
ASPSCR1-2	ASPSCR1-2
RAD54L-2	RAD54L-2
KLRG1-2	KLRG1-2
PPARA-2	PPARA-2
KCTD9-2	KCTD9-2
ZNF124-2	ZNF124-2
PPAN-2	PPAN-2
OTULIN-2	OTULIN-2
ZNF423-2	ZNF423-2
SMAD2-2	SMAD2-2
TP53BP1-2	TP53BP1-2
ELP3-2	ELP3-2
HSD17B14-2	HSD17B14-2
CEP85L-2	CEP85L-2
ZNF17-2	ZNF17-2
EXTL2-2	EXTL2-2
ZNF202-2	ZNF202-2
SKA2-2	SKA2-2
SMIM29-2	SMIM29-2
DHX58-2	DHX58-2
CSRNP3-2	CSRNP3-2
C1orf52-2	C1orf52-2
TRAPPC2L-2	TRAPPC2L-2
CDK16-2	CDK16-2
CIR1-2	CIR1-2
APMAP-2	APMAP-2
CD44-2	CD44-2
KDM7A-2	KDM7A-2
VAMP3-2	VAMP3-2
PDCD1LG2-2	PDCD1LG2-2
ARHGEF9-2	ARHGEF9-2
ARMC6-2	ARMC6-2
POLD1-2	POLD1-2
ATP11B-2	ATP11B-2
GLI1-2	GLI1-2
S100P-2	S100P-2
ATP5ME-2	ATP5ME-2
ZNF479-2	ZNF479-2
RPL19-2	RPL19-2
SIRT5-2	SIRT5-2
ZNF655-2	ZNF655-2
LRRC8C-2	LRRC8C-2
ELMO1-2	ELMO1-2
MEIS3-2	MEIS3-2
HS6ST1-2	HS6ST1-2
PAQR4-2	PAQR4-2
ZNF277-2	ZNF277-2
COQ9-2	COQ9-2
ACTL6A-2	ACTL6A-2
CDC23-2	CDC23-2
MED31-2	MED31-2
NFATC4-2	NFATC4-2
TXLNB-2	TXLNB-2
MMD-2	MMD-2
IRS2-2	IRS2-2
PODXL2-2	PODXL2-2
TTC21A-2	TTC21A-2
ATXN2L-2	ATXN2L-2
SF3B4-2	SF3B4-2
BOLA3-2	BOLA3-2
DUSP10-2	DUSP10-2
ALG12-2	ALG12-2
ZNF98-2	ZNF98-2
CCDC191-2	CCDC191-2
HIST1H4B-2	HIST1H4B-2
FGFRL1-2	FGFRL1-2
ARMCX3-2	ARMCX3-2
HAPLN3-2	HAPLN3-2
ERAP2-2	ERAP2-2
KIFC2-2	KIFC2-2
MXD4-2	MXD4-2
VIRMA-2	VIRMA-2
ZDHHC21-2	ZDHHC21-2
NFYA-2	NFYA-2
WDR43-2	WDR43-2
RTL6-2	RTL6-2
LNX1-2	LNX1-2
RAB24-2	RAB24-2
DNPH1-2	DNPH1-2
HMGB1-2	HMGB1-2
TMEM86A-2	TMEM86A-2
GTF2F1-2	GTF2F1-2
CBL-2	CBL-2
TWISTNB-2	TWISTNB-2
TMEM250-2	TMEM250-2
FAM168A-2	FAM168A-2
SMC1A-2	SMC1A-2
CES3-2	CES3-2
PRPF31-2	PRPF31-2
GSTCD-2	GSTCD-2
PORCN-2	PORCN-2
GINS4-2	GINS4-2
NPAS2-2	NPAS2-2
BTN3A2-2	BTN3A2-2
TBC1D2B-2	TBC1D2B-2
DNAJC24-2	DNAJC24-2
GIMAP5-2	GIMAP5-2
ZFP90-2	ZFP90-2
LCN1-2	LCN1-2
TMEM268-2	TMEM268-2
CD14-2	CD14-2
DOK5-2	DOK5-2
NAP1L2-2	NAP1L2-2
SHANK2-2	SHANK2-2
RC3H1-2	RC3H1-2
SELENOO-2	SELENOO-2
C11orf21-2	C11orf21-2
RFLNB-2	RFLNB-2
LSM5-2	LSM5-2
ITGB1BP2-2	ITGB1BP2-2
TNIP3-2	TNIP3-2
DCAF6-2	DCAF6-2
FAM83F-2	FAM83F-2
SCAF8-2	SCAF8-2
ZNF35-2	ZNF35-2
ZNF878-2	ZNF878-2
ZNF383-2	ZNF383-2
CDH3-2	CDH3-2
CYP4V2-2	CYP4V2-2
B4GALT1-2	B4GALT1-2
MORC4-2	MORC4-2
INTS14-2	INTS14-2
PPOX-2	PPOX-2
SUPV3L1-2	SUPV3L1-2
WDPCP-2	WDPCP-2
MRPS11-2	MRPS11-2
POLE4-2	POLE4-2
SLFN13-2	SLFN13-2
FXYD5-2	FXYD5-2
CFP-2	CFP-2
CHRNA10-2	CHRNA10-2
CLK1-2	CLK1-2
NOS3-2	NOS3-2
ZNF419-2	ZNF419-2
CLIC2-2	CLIC2-2
BNIP3L-2	BNIP3L-2
LIMD1-2	LIMD1-2
BNIP1-2	BNIP1-2
FAR1-2	FAR1-2
RORA-2	RORA-2
CARNS1-2	CARNS1-2
SETDB1-2	SETDB1-2
MCU-2	MCU-2
BRAP-2	BRAP-2
ZSCAN16-2	ZSCAN16-2
C14orf119-2	C14orf119-2
HSF1-2	HSF1-2
UTP14C-2	UTP14C-2
MRPS9-2	MRPS9-2
DCP1B-2	DCP1B-2
C18orf54-2	C18orf54-2
MCRS1-2	MCRS1-2
RAB13-2	RAB13-2
GRAMD2B-2	GRAMD2B-2
LRRC47-2	LRRC47-2
FDX2-2	FDX2-2
KIT-2	KIT-2
RNF114-2	RNF114-2
ITGAV-2	ITGAV-2
CIAPIN1-2	CIAPIN1-2
POLR2K-2	POLR2K-2
ZBTB46-2	ZBTB46-2
BET1-2	BET1-2
TRAPPC12-2	TRAPPC12-2
RAB5IF-2	RAB5IF-2
TMEM178B-2	TMEM178B-2
SYNM-2	SYNM-2
ARL6IP1-2	ARL6IP1-2
INSIG2-2	INSIG2-2
PRKCA-2	PRKCA-2
SLC25A28-2	SLC25A28-2
ZNF879-2	ZNF879-2
METAP1D-2	METAP1D-2
UBTD2-2	UBTD2-2
DLX2-2	DLX2-2
PIK3AP1-2	PIK3AP1-2
NDUFB5-2	NDUFB5-2
NQO1-2	NQO1-2
FXN-2	FXN-2
TPST2-2	TPST2-2
SESN2-2	SESN2-2
ASF1B-2	ASF1B-2
MYLK-2	MYLK-2
ACAD8-2	ACAD8-2
HERPUD1-2	HERPUD1-2
TOM1L2-2	TOM1L2-2
PRKG2-2	PRKG2-2
IRF6-2	IRF6-2
DCBLD1-2	DCBLD1-2
USP28-2	USP28-2
PPCS-2	PPCS-2
RERE-2	RERE-2
NKX2-2-2	NKX2-2-2
SLIRP-2	SLIRP-2
TRMT1-2	TRMT1-2
CETP-2	CETP-2
SMCR8-2	SMCR8-2
THEM5-2	THEM5-2
DBF4B-2	DBF4B-2
CCDC59-2	CCDC59-2
DDR2-2	DDR2-2
TWIST2-2	TWIST2-2
NCF2-2	NCF2-2
CIDEB-2	CIDEB-2
IPO8-2	IPO8-2
ABHD16B-2	ABHD16B-2
EEF1AKMT1-2	EEF1AKMT1-2
SH3PXD2A-2	SH3PXD2A-2
ICA1-2	ICA1-2
BAP1-2	BAP1-2
SP9-2	SP9-2
TNNT3-2	TNNT3-2
PTBP3-2	PTBP3-2
HDAC11-2	HDAC11-2
SPRY1-2	SPRY1-2
DEFA5-2	DEFA5-2
RABEP2-2	RABEP2-2
C9orf3-2	C9orf3-2
THRB-2	THRB-2
PARD6B-2	PARD6B-2
ZNF534-2	ZNF534-2
SNX10-2	SNX10-2
FEN1-2	FEN1-2
PUF60-2	PUF60-2
OSBPL9-2	OSBPL9-2
CD74-2	CD74-2
ZFHX2-2	ZFHX2-2
RFC5-2	RFC5-2
SLC25A5-2	SLC25A5-2
CRTC2-2	CRTC2-2
USO1-2	USO1-2
IMMT-2	IMMT-2
NME4-2	NME4-2
SAA1-2	SAA1-2
HEATR1-2	HEATR1-2
ZNF502-2	ZNF502-2
GNB2-2	GNB2-2
MRC2-2	MRC2-2
NAA35-2	NAA35-2
NBPF1-2	NBPF1-2
CLEC2B-2	CLEC2B-2
BLCAP-2	BLCAP-2
SOX18-2	SOX18-2
TBXA2R-2	TBXA2R-2
ATP6V0A1-2	ATP6V0A1-2
TPGS2-2	TPGS2-2
SQSTM1-2	SQSTM1-2
FKBP1A-2	FKBP1A-2
C1orf174-2	C1orf174-2
MIA3-2	MIA3-2
JMJD6-2	JMJD6-2
EMX2-2	EMX2-2
MPZL2-2	MPZL2-2
COLGALT1-2	COLGALT1-2
GTF2E1-2	GTF2E1-2
DOP1A-2	DOP1A-2
HINT3-2	HINT3-2
STOM-2	STOM-2
C19orf12-2	C19orf12-2
RGL1-2	RGL1-2
ZNF462-2	ZNF462-2
ZNF649-2	ZNF649-2
GNG11-2	GNG11-2
EARS2-2	EARS2-2
SEPHS1-2	SEPHS1-2
C5orf58-2	C5orf58-2
EGR1-2	EGR1-2
C15orf48-2	C15orf48-2
CARD16-2	CARD16-2
ANKRD26-2	ANKRD26-2
MARCH7-2	MARCH7-2
KNSTRN-2	KNSTRN-2
SAMD12-2	SAMD12-2
STARD10-2	STARD10-2
SFPQ-2	SFPQ-2
RNF157-2	RNF157-2
IKZF5-2	IKZF5-2
ZNF33A-2	ZNF33A-2
ZCWPW1-2	ZCWPW1-2
ASB8-2	ASB8-2
ALKBH6-2	ALKBH6-2
GTSF1-2	GTSF1-2
TMEM134-2	TMEM134-2
CLEC4E-2	CLEC4E-2
ARNT-2	ARNT-2
CDK5RAP3-2	CDK5RAP3-2
PEX12-2	PEX12-2
RBMS1-2	RBMS1-2
CD226-2	CD226-2
SAP30-2	SAP30-2
MIXL1-2	MIXL1-2
MANSC1-2	MANSC1-2
RAB12-2	RAB12-2
HMGN2-2	HMGN2-2
VAPA-2	VAPA-2
METTL25-2	METTL25-2
MRPL21-2	MRPL21-2
WRNIP1-2	WRNIP1-2
GGA3-2	GGA3-2
SSX2IP-2	SSX2IP-2
ANGPTL4-2	ANGPTL4-2
RWDD2B-2	RWDD2B-2
FGF9-2	FGF9-2
POLB-2	POLB-2
TNK2-2	TNK2-2
ZNF414-2	ZNF414-2
SRXN1-2	SRXN1-2
ATP6V1F-2	ATP6V1F-2
ZC3H12A-2	ZC3H12A-2
ZNF219-2	ZNF219-2
TOMM70-2	TOMM70-2
MISP-2	MISP-2
ZNF492-2	ZNF492-2
RUFY1-2	RUFY1-2
KANSL2-2	KANSL2-2
CIITA-2	CIITA-2
PARPBP-2	PARPBP-2
KLF9-2	KLF9-2
ZFPM2-2	ZFPM2-2
SLC6A1-2	SLC6A1-2
ATP8A2-2	ATP8A2-2
NET1-2	NET1-2
TAF6L-2	TAF6L-2
UIMC1-2	UIMC1-2
HIST3H2A-2	HIST3H2A-2
MTF2-2	MTF2-2
ZNF852-2	ZNF852-2
ATG101-2	ATG101-2
ABHD18-2	ABHD18-2
TSPO-2	TSPO-2
FDCSP-2	FDCSP-2
NUDT3-2	NUDT3-2
VPS51-2	VPS51-2
KCNK12-2	KCNK12-2
KLHL36-2	KLHL36-2
NEUROD4-2	NEUROD4-2
OPN3-2	OPN3-2
IRF1-2	IRF1-2
TOMM34-2	TOMM34-2
TRIT1-2	TRIT1-2
DHODH-2	DHODH-2
DPM2-2	DPM2-2
UBQLN4-2	UBQLN4-2
ANKRD36C-2	ANKRD36C-2
GABPB2-2	GABPB2-2
NIPAL3-2	NIPAL3-2
RHEBL1-2	RHEBL1-2
DARS-2	DARS-2
RAB15-2	RAB15-2
ZNF610-2	ZNF610-2
TPT1-2	TPT1-2
PELI2-2	PELI2-2
CXorf40A-2	CXorf40A-2
RASGRP3-2	RASGRP3-2
MAPK6-2	MAPK6-2
MFF-2	MFF-2
CDCA3-2	CDCA3-2
CHRNB1-2	CHRNB1-2
ASXL1-2	ASXL1-2
ANKLE2-2	ANKLE2-2
TNS3-2	TNS3-2
POPDC2-2	POPDC2-2
CCDC43-2	CCDC43-2
PTPRCAP-2	PTPRCAP-2
PSMF1-2	PSMF1-2
TRIO-2	TRIO-2
CLNK-2	CLNK-2
AIP-2	AIP-2
UNC13D-2	UNC13D-2
RNPS1-2	RNPS1-2
ALDH3A2-2	ALDH3A2-2
PPP1CB-2	PPP1CB-2
GAD1-2	GAD1-2
NUP133-2	NUP133-2
CBX3-2	CBX3-2
ZNF507-2	ZNF507-2
LBX2-2	LBX2-2
ANKRD6-2	ANKRD6-2
PDE6D-2	PDE6D-2
PTDSS1-2	PTDSS1-2
MT1E-2	MT1E-2
SAP18-2	SAP18-2
ZNF616-2	ZNF616-2
CEP152-2	CEP152-2
SIX3-2	SIX3-2
SLC43A3-2	SLC43A3-2
PRKCSH-2	PRKCSH-2
WRAP53-2	WRAP53-2
DHX8-2	DHX8-2
ETV6-2	ETV6-2
ANKAR-2	ANKAR-2
DOK1-2	DOK1-2
MYL6B-2	MYL6B-2
TP53TG5-2	TP53TG5-2
DAG1-2	DAG1-2
IL12RB1-2	IL12RB1-2
APOPT1-2	APOPT1-2
KLF10-2	KLF10-2
APOD-2	APOD-2
ST7L-2	ST7L-2
COLGALT2-2	COLGALT2-2
NCDN-2	NCDN-2
RNMT-2	RNMT-2
TSPAN31-2	TSPAN31-2
ATP6V0E2-2	ATP6V0E2-2
CHTOP-2	CHTOP-2
INPP5D-2	INPP5D-2
ATL1-2	ATL1-2
AGMAT-2	AGMAT-2
CLEC1B-2	CLEC1B-2
ZNF526-2	ZNF526-2
POMK-2	POMK-2
EXOSC10-2	EXOSC10-2
TMEM164-2	TMEM164-2
LHX8-2	LHX8-2
SFT2D3-2	SFT2D3-2
EBF1-2	EBF1-2
HIST1H2AK-2	HIST1H2AK-2
SLC3A1-2	SLC3A1-2
COG3-2	COG3-2
CCDC58-2	CCDC58-2
BTN2A1-2	BTN2A1-2
SNRNP70-2	SNRNP70-2
RNF7-2	RNF7-2
SPC24-2	SPC24-2
NFATC1-2	NFATC1-2
SLC6A9-2	SLC6A9-2
FUT10-2	FUT10-2
HNRNPR-2	HNRNPR-2
EPSTI1-2	EPSTI1-2
RTN4-2	RTN4-2
SHISAL2A-2	SHISAL2A-2
RPS15-2	RPS15-2
ZNF135-2	ZNF135-2
GFOD2-2	GFOD2-2
COPE-2	COPE-2
ZFP14-2	ZFP14-2
COMTD1-2	COMTD1-2
BTF3-2	BTF3-2
SMAP2-2	SMAP2-2
HDAC7-2	HDAC7-2
PLAUR-2	PLAUR-2
GCFC2-2	GCFC2-2
SLC9A5-2	SLC9A5-2
RPS26-2	RPS26-2
CDKN2A-2	CDKN2A-2
CDC73-2	CDC73-2
CAD-2	CAD-2
GBP1-2	GBP1-2
RSBN1L-2	RSBN1L-2
EIF2AK1-2	EIF2AK1-2
COQ4-2	COQ4-2
TAF1C-2	TAF1C-2
SLFN14-2	SLFN14-2
AURKB-2	AURKB-2
ARID3A-2	ARID3A-2
FASTKD1-2	FASTKD1-2
CCNQ-2	CCNQ-2
SLC39A13-2	SLC39A13-2
RNF26-2	RNF26-2
TRAPPC1-2	TRAPPC1-2
ATP5MF-2	ATP5MF-2
SLC35D1-2	SLC35D1-2
HSF4-2	HSF4-2
ZNF597-2	ZNF597-2
TM2D1-2	TM2D1-2
CACNA2D4-2	CACNA2D4-2
PDGFD-2	PDGFD-2
MYOD1-2	MYOD1-2
NUDT1-2	NUDT1-2
CCDC30-2	CCDC30-2
CLK4-2	CLK4-2
TLDC2-2	TLDC2-2
FCGR2A-2	FCGR2A-2
RAB8B-2	RAB8B-2
PDCL3-2	PDCL3-2
PWP1-2	PWP1-2
GTPBP8-2	GTPBP8-2
ADGRG1-2	ADGRG1-2
FAM53B-2	FAM53B-2
SRCAP-2	SRCAP-2
TVP23C-2	TVP23C-2
HIST1H4L-2	HIST1H4L-2
LEPROTL1-2	LEPROTL1-2
ALX1-2	ALX1-2
CNTF-2	CNTF-2
MAGI3-2	MAGI3-2
TYW1-2	TYW1-2
ZSCAN20-2	ZSCAN20-2
NUDT16L1-2	NUDT16L1-2
OSER1-2	OSER1-2
APH1A-2	APH1A-2
LYPLA2-2	LYPLA2-2
MRPS10-2	MRPS10-2
EVA1B-2	EVA1B-2
AP2A2-2	AP2A2-2
ZNF619-2	ZNF619-2
YBX2-2	YBX2-2
NSD3-2	NSD3-2
SPOCK2-2	SPOCK2-2
MYL12B-2	MYL12B-2
LTA4H-2	LTA4H-2
MED16-2	MED16-2
CALCB-2	CALCB-2
ESM1-2	ESM1-2
SEC61A2-2	SEC61A2-2
TMEM138-2	TMEM138-2
CCDC51-2	CCDC51-2
ZRSR2-2	ZRSR2-2
ACSL6-2	ACSL6-2
TMEM165-2	TMEM165-2
AK1-2	AK1-2
TMEM50A-2	TMEM50A-2
CBWD1-2	CBWD1-2
NUTF2-2	NUTF2-2
PUS7L-2	PUS7L-2
ELOA-2	ELOA-2
SUSD3-2	SUSD3-2
SEC61A1-2	SEC61A1-2
NPC1-2	NPC1-2
MRE11-2	MRE11-2
TLX1-2	TLX1-2
ZNF92-2	ZNF92-2
APOBEC3B-2	APOBEC3B-2
ZNF727-2	ZNF727-2
RGS3-2	RGS3-2
H6PD-2	H6PD-2
RETN-2	RETN-2
GEMIN2-2	GEMIN2-2
CTDSP2-2	CTDSP2-2
TBC1D16-2	TBC1D16-2
ZCWPW2-2	ZCWPW2-2
COL22A1-2	COL22A1-2
PARP3-2	PARP3-2
EED-2	EED-2
ANKRD46-2	ANKRD46-2
NCAPH-2	NCAPH-2
CNST-2	CNST-2
PLEKHM3-2	PLEKHM3-2
MKNK1-2	MKNK1-2
TMEM41B-2	TMEM41B-2
GMPR2-2	GMPR2-2
EBP-2	EBP-2
TSPYL1-2	TSPYL1-2
ERMN-2	ERMN-2
WDR53-2	WDR53-2
HOOK3-2	HOOK3-2
ERLEC1-2	ERLEC1-2
TSSK4-2	TSSK4-2
NLGN3-2	NLGN3-2
ZFX-2	ZFX-2
XPC-2	XPC-2
FLNB-2	FLNB-2
LY86-2	LY86-2
TRAPPC13-2	TRAPPC13-2
GOLPH3-2	GOLPH3-2
DHRS3-2	DHRS3-2
FAAH2-2	FAAH2-2
ZMPSTE24-2	ZMPSTE24-2
ARID5B-2	ARID5B-2
PTPRM-2	PTPRM-2
TCEA2-2	TCEA2-2
HEATR4-2	HEATR4-2
LGALS12-2	LGALS12-2
AP1B1-2	AP1B1-2
WDR73-2	WDR73-2
ERH-2	ERH-2
PUM3-2	PUM3-2
TSC22D4-2	TSC22D4-2
PARK7-2	PARK7-2
TPRKB-2	TPRKB-2
GAS7-2	GAS7-2
RBBP4-2	RBBP4-2
KLF8-2	KLF8-2
VAX2-2	VAX2-2
DOHH-2	DOHH-2
TAF9B-2	TAF9B-2
DHPS-2	DHPS-2
ERLIN2-2	ERLIN2-2
CDC37-2	CDC37-2
DIP2C-2	DIP2C-2
TMEM140-2	TMEM140-2
JUN-2	JUN-2
ITGAE-2	ITGAE-2
PLEKHJ1-2	PLEKHJ1-2
UBL7-2	UBL7-2
KANK1-2	KANK1-2
ZDHHC7-2	ZDHHC7-2
ZNF250-2	ZNF250-2
RABEP1-2	RABEP1-2
BCL7A-2	BCL7A-2
POU2AF1-2	POU2AF1-2
NFYC-2	NFYC-2
SLC25A24-2	SLC25A24-2
ZNF837-2	ZNF837-2
SAP130-2	SAP130-2
RNASEK-2	RNASEK-2
TRIM44-2	TRIM44-2
RABGAP1-2	RABGAP1-2
SCAMP2-2	SCAMP2-2
ZNF239-2	ZNF239-2
TXNDC5-2	TXNDC5-2
TMEM87B-2	TMEM87B-2
RWDD3-2	RWDD3-2
PKIA-2	PKIA-2
SLC16A7-2	SLC16A7-2
IER5-2	IER5-2
RBM23-2	RBM23-2
SLC37A3-2	SLC37A3-2
ZNF454-2	ZNF454-2
CHRNA6-2	CHRNA6-2
PTCD1-2	PTCD1-2
CHCHD4-2	CHCHD4-2
TRA2B-2	TRA2B-2
MED13-2	MED13-2
RPL22-2	RPL22-2
DAPP1-2	DAPP1-2
PAX7-2	PAX7-2
KLHL22-2	KLHL22-2
CLTRN-2	CLTRN-2
APOOL-2	APOOL-2
HDGFL3-2	HDGFL3-2
RHBDF2-2	RHBDF2-2
RFC2-2	RFC2-2
MRPS23-2	MRPS23-2
PRC1-2	PRC1-2
INO80-2	INO80-2
DHRS12-2	DHRS12-2
NME1-2	NME1-2
ZNF398-2	ZNF398-2
ZNF177-2	ZNF177-2
PGRMC1-2	PGRMC1-2
ZNF599-2	ZNF599-2
PPP1R8-2	PPP1R8-2
IMPDH1-2	IMPDH1-2
ADCY4-2	ADCY4-2
CUEDC2-2	CUEDC2-2
DAGLB-2	DAGLB-2
MYO9A-2	MYO9A-2
UTP14A-2	UTP14A-2
FASTKD3-2	FASTKD3-2
ARL1-2	ARL1-2
GLRX3-2	GLRX3-2
HEYL-2	HEYL-2
CLIP2-2	CLIP2-2
RAD51AP1-2	RAD51AP1-2
PRDM10-2	PRDM10-2
CXorf57-2	CXorf57-2
SLC29A3-2	SLC29A3-2
MYO1D-2	MYO1D-2
CSNK1G3-2	CSNK1G3-2
DGKI-2	DGKI-2
PHGDH-2	PHGDH-2
SNRNP48-2	SNRNP48-2
NKX1-2-2	NKX1-2-2
KPNA6-2	KPNA6-2
GSDMB-2	GSDMB-2
TCTN1-2	TCTN1-2
ABRAXAS2-2	ABRAXAS2-2
NDUFAF7-2	NDUFAF7-2
KCNJ14-2	KCNJ14-2
TRMT1L-2	TRMT1L-2
MATN2-2	MATN2-2
ADO-2	ADO-2
TCP1-2	TCP1-2
PRR14L-2	PRR14L-2
SMARCA2-2	SMARCA2-2
VRK3-2	VRK3-2
USP27X-2	USP27X-2
POMGNT1-2	POMGNT1-2
ANKDD1A-2	ANKDD1A-2
OTUD3-2	OTUD3-2
TMBIM1-2	TMBIM1-2
HIST2H2AC-2	HIST2H2AC-2
UNC119B-2	UNC119B-2
HIST1H2AM-2	HIST1H2AM-2
TMEM128-2	TMEM128-2
PAX8-2	PAX8-2
C12orf76-2	C12orf76-2
LPAR6-2	LPAR6-2
ZCCHC24-2	ZCCHC24-2
BCL2L2-2	BCL2L2-2
ATXN7L1-2	ATXN7L1-2
ZXDB-2	ZXDB-2
ZNF322-2	ZNF322-2
COPB2-2	COPB2-2
PEPD-2	PEPD-2
ST6GALNAC3-2	ST6GALNAC3-2
PHF6-2	PHF6-2
DHX57-2	DHX57-2
PIK3CB-2	PIK3CB-2
NEUROG1-2	NEUROG1-2
IPO5-2	IPO5-2
REST-2	REST-2
SC5D-2	SC5D-2
MREG-2	MREG-2
CACNB1-2	CACNB1-2
LMLN-2	LMLN-2
ZCCHC4-2	ZCCHC4-2
MFAP3L-2	MFAP3L-2
TFB1M-2	TFB1M-2
FAM219A-2	FAM219A-2
FAF2-2	FAF2-2
TBCK-2	TBCK-2
IRAK1-2	IRAK1-2
H3F3A-2	H3F3A-2
ANXA1-2	ANXA1-2
CEBPZ-2	CEBPZ-2
ELMSAN1-2	ELMSAN1-2
PRX-2	PRX-2
SLC30A9-2	SLC30A9-2
MBNL2-2	MBNL2-2
PTTG1-2	PTTG1-2
CCL2-2	CCL2-2
EEA1-2	EEA1-2
NDUFAB1-2	NDUFAB1-2
ADAMTS6-2	ADAMTS6-2
CEMIP-2	CEMIP-2
ATG7-2	ATG7-2
MATK-2	MATK-2
CMIP-2	CMIP-2
ATP5F1E-2	ATP5F1E-2
ARFGAP3-2	ARFGAP3-2
KCNK6-2	KCNK6-2
ASIC3-2	ASIC3-2
RMC1-2	RMC1-2
HGH1-2	HGH1-2
SPAG4-2	SPAG4-2
EXOSC8-2	EXOSC8-2
LMTK2-2	LMTK2-2
TTL-2	TTL-2
RUNX1-2	RUNX1-2
ADSS-2	ADSS-2
GMEB1-2	GMEB1-2
PPIH-2	PPIH-2
SRGAP3-2	SRGAP3-2
COG6-2	COG6-2
PMP22-2	PMP22-2
MRPL32-2	MRPL32-2
CDKL2-2	CDKL2-2
OVOL3-2	OVOL3-2
ZNF432-2	ZNF432-2
NUFIP2-2	NUFIP2-2
SUCLA2-2	SUCLA2-2
GATA2-2	GATA2-2
PTPA-2	PTPA-2
HAS3-2	HAS3-2
ALPK1-2	ALPK1-2
CWC22-2	CWC22-2
VAT1-2	VAT1-2
FANCG-2	FANCG-2
TBL1X-2	TBL1X-2
SLC1A2-2	SLC1A2-2
ANP32A-2	ANP32A-2
BORCS7-2	BORCS7-2
RGCC-2	RGCC-2
IL17D-2	IL17D-2
SLC43A1-2	SLC43A1-2
AP1S3-2	AP1S3-2
IDS-2	IDS-2
APEX2-2	APEX2-2
DHCR7-2	DHCR7-2
MXD1-2	MXD1-2
C1GALT1C1-2	C1GALT1C1-2
DACT1-2	DACT1-2
BRCA2-2	BRCA2-2
ZMYM6-2	ZMYM6-2
SYAP1-2	SYAP1-2
FAM120C-2	FAM120C-2
CMSS1-2	CMSS1-2
BAG3-2	BAG3-2
MRPS21-2	MRPS21-2
MYO1G-2	MYO1G-2
TMEM160-2	TMEM160-2
CENPW-2	CENPW-2
FAM167B-2	FAM167B-2
MC1R-2	MC1R-2
FMR1-2	FMR1-2
LANCL2-2	LANCL2-2
SCYL2-2	SCYL2-2
JAKMIP1-2	JAKMIP1-2
STX18-2	STX18-2
FBXO10-2	FBXO10-2
B4GAT1-2	B4GAT1-2
RAPGEFL1-2	RAPGEFL1-2
RFX6-2	RFX6-2
ARHGEF2-2	ARHGEF2-2
PRADC1-2	PRADC1-2
OSTM1-2	OSTM1-2
PDCD2L-2	PDCD2L-2
ANKRD36-2	ANKRD36-2
RASGRP1-2	RASGRP1-2
SYNE1-2	SYNE1-2
RHOQ-2	RHOQ-2
DENND4C-2	DENND4C-2
FAAP24-2	FAAP24-2
DDX43-2	DDX43-2
SLC39A8-2	SLC39A8-2
ZNF705A-2	ZNF705A-2
TXLNG-2	TXLNG-2
TOP1MT-2	TOP1MT-2
KATNB1-2	KATNB1-2
DEFB131B-2	DEFB131B-2
SNX13-2	SNX13-2
THADA-2	THADA-2
FAM156A-2	FAM156A-2
SAR1B-2	SAR1B-2
CNBD2-2	CNBD2-2
LMO7-2	LMO7-2
EAPP-2	EAPP-2
DNAJC7-2	DNAJC7-2
ACE-2	ACE-2
EFNB1-2	EFNB1-2
GTF3A-2	GTF3A-2
RPL26-2	RPL26-2
ZNF652-2	ZNF652-2
CSAD-2	CSAD-2
GCDH-2	GCDH-2
COA3-2	COA3-2
PCYT1A-2	PCYT1A-2
TOGARAM1-2	TOGARAM1-2
DNASE2-2	DNASE2-2
SNRPD1-2	SNRPD1-2
AGAP3-2	AGAP3-2
RAP2B-2	RAP2B-2
HEXIM1-2	HEXIM1-2
ZXDC-2	ZXDC-2
EIF5A-2	EIF5A-2
MADD-2	MADD-2
CA13-2	CA13-2
SENP2-2	SENP2-2
FKBP3-2	FKBP3-2
SNX16-2	SNX16-2
TCP11L2-2	TCP11L2-2
DPRX-2	DPRX-2
ANKRD61-2	ANKRD61-2
SF3A1-2	SF3A1-2
NAPB-2	NAPB-2
MYH11-2	MYH11-2
GTPBP10-2	GTPBP10-2
ACSM3-2	ACSM3-2
TTLL12-2	TTLL12-2
HSPA8-2	HSPA8-2
GLB1L2-2	GLB1L2-2
COMMD1-2	COMMD1-2
GEM-2	GEM-2
RNF215-2	RNF215-2
JMJD7-PLA2G4B-2	JMJD7-PLA2G4B-2
APLF-2	APLF-2
SYT11-2	SYT11-2
AIRE-2	AIRE-2
MPI-2	MPI-2
HSDL1-2	HSDL1-2
TAL1-2	TAL1-2
C22orf23-2	C22orf23-2
CPSF1-2	CPSF1-2
RBMX-2	RBMX-2
PLEKHA7-2	PLEKHA7-2
TYROBP-2	TYROBP-2
DRAM2-2	DRAM2-2
MRM2-2	MRM2-2
POLR1B-2	POLR1B-2
HIBADH-2	HIBADH-2
LSM3-2	LSM3-2
FAM118A-2	FAM118A-2
SPATA2-2	SPATA2-2
LIN37-2	LIN37-2
B3GALT6-2	B3GALT6-2
ZBTB7C-2	ZBTB7C-2
SSR1-2	SSR1-2
FLYWCH1-2	FLYWCH1-2
HINFP-2	HINFP-2
MYSM1-2	MYSM1-2
HLTF-2	HLTF-2
ELL-2	ELL-2
C12orf57-2	C12orf57-2
ATP8B4-2	ATP8B4-2
PIK3R1-2	PIK3R1-2
SLC35F2-2	SLC35F2-2
EPB41-2	EPB41-2
TSEN54-2	TSEN54-2
BRD8-2	BRD8-2
TROVE2-2	TROVE2-2
CEBPB-2	CEBPB-2
MBD6-2	MBD6-2
TIGD1-2	TIGD1-2
DESI1-2	DESI1-2
TSLP-2	TSLP-2
EME1-2	EME1-2
PTPRN2-2	PTPRN2-2
DNASE1L1-2	DNASE1L1-2
AEBP2-2	AEBP2-2
DEGS2-2	DEGS2-2
CLPP-2	CLPP-2
PCMT1-2	PCMT1-2
TRUB2-2	TRUB2-2
OSBPL11-2	OSBPL11-2
ZNF554-2	ZNF554-2
VPS35L-2	VPS35L-2
MAP7D3-2	MAP7D3-2
APBB3-2	APBB3-2
PLEKHF1-2	PLEKHF1-2
PIM1-2	PIM1-2
PDIA3-2	PDIA3-2
STOML1-2	STOML1-2
PARP2-2	PARP2-2
MYEF2-2	MYEF2-2
CYBC1-2	CYBC1-2
IL24-2	IL24-2
COX11-2	COX11-2
FAM160B2-2	FAM160B2-2
CD320-2	CD320-2
PGGHG-2	PGGHG-2
TRMT12-2	TRMT12-2
FCRL1-2	FCRL1-2
WDR61-2	WDR61-2
SLC17A1-2	SLC17A1-2
ZNF593-2	ZNF593-2
UPF3A-2	UPF3A-2
TMTC4-2	TMTC4-2
SLAMF8-2	SLAMF8-2
MPHOSPH10-2	MPHOSPH10-2
EXOC2-2	EXOC2-2
XIRP1-2	XIRP1-2
NUP205-2	NUP205-2
CCDC39-2	CCDC39-2
DPF1-2	DPF1-2
EHD3-2	EHD3-2
GBP3-2	GBP3-2
NUMB-2	NUMB-2
NAA16-2	NAA16-2
GALNT12-2	GALNT12-2
PRKAR2A-2	PRKAR2A-2
RNFT1-2	RNFT1-2
PBXIP1-2	PBXIP1-2
TRERF1-2	TRERF1-2
EHF-2	EHF-2
C17orf80-2	C17orf80-2
EIF4EBP2-2	EIF4EBP2-2
ZC3H12C-2	ZC3H12C-2
KIF9-2	KIF9-2
CHAF1B-2	CHAF1B-2
ACOX1-2	ACOX1-2
ODF2-2	ODF2-2
FOXL1-2	FOXL1-2
ZNF347-2	ZNF347-2
TXNRD3-2	TXNRD3-2
RSPRY1-2	RSPRY1-2
LUZP6-2	LUZP6-2
PSME2-2	PSME2-2
NECAP1-2	NECAP1-2
KLHL9-2	KLHL9-2
RBM43-2	RBM43-2
COL16A1-2	COL16A1-2
SLC35A5-2	SLC35A5-2
RNF144A-2	RNF144A-2
UCP3-2	UCP3-2
TSPAN17-2	TSPAN17-2
STAT1-2	STAT1-2
BEST1-2	BEST1-2
CIPC-2	CIPC-2
TRAF3IP3-2	TRAF3IP3-2
ARPC5L-2	ARPC5L-2
PHF20-2	PHF20-2
EID3-2	EID3-2
MYO15A-2	MYO15A-2
ZNF106-2	ZNF106-2
CD24-2	CD24-2
URB1-2	URB1-2
TIGD3-2	TIGD3-2
GDF11-2	GDF11-2
ZNF662-2	ZNF662-2
RAB14-2	RAB14-2
CD5-2	CD5-2
TUB-2	TUB-2
EPAS1-2	EPAS1-2
RBM12-2	RBM12-2
TFG-2	TFG-2
ALDH9A1-2	ALDH9A1-2
GSE1-2	GSE1-2
VPS72-2	VPS72-2
PRKAR2B-2	PRKAR2B-2
KLHL26-2	KLHL26-2
IGSF3-2	IGSF3-2
FAM173A-2	FAM173A-2
UBE2A-2	UBE2A-2
ZC3H12B-2	ZC3H12B-2
KCNIP2-2	KCNIP2-2
UBXN6-2	UBXN6-2
RAB33A-2	RAB33A-2
TMSB10-2	TMSB10-2
KIF5B-2	KIF5B-2
KAT8-2	KAT8-2
CDKL1-2	CDKL1-2
CYP1B1-2	CYP1B1-2
SYMPK-2	SYMPK-2
HBM-2	HBM-2
ATXN3-2	ATXN3-2
ABL2-2	ABL2-2
ME2-2	ME2-2
ZNF697-2	ZNF697-2
TRNT1-2	TRNT1-2
GAMT-2	GAMT-2
SESN3-2	SESN3-2
RTF2-2	RTF2-2
GCM1-2	GCM1-2
ZNF275-2	ZNF275-2
CREB3L1-2	CREB3L1-2
TDRD7-2	TDRD7-2
EXOC6-2	EXOC6-2
ZNF516-2	ZNF516-2
ARAP2-2	ARAP2-2
EBLN2-2	EBLN2-2
HES1-2	HES1-2
DCHS1-2	DCHS1-2
ABHD8-2	ABHD8-2
OLFM2-2	OLFM2-2
KLHL31-2	KLHL31-2
ZBED5-2	ZBED5-2
C16orf95-2	C16orf95-2
CCR5-2	CCR5-2
FGD2-2	FGD2-2
UFL1-2	UFL1-2
TYW3-2	TYW3-2
KLF15-2	KLF15-2
NEK10-2	NEK10-2
KRBOX4-2	KRBOX4-2
ATP13A1-2	ATP13A1-2
SEC11C-2	SEC11C-2
SLC25A37-2	SLC25A37-2
NPAT-2	NPAT-2
SOX17-2	SOX17-2
SEPT9-2	SEPT9-2
RPTOR-2	RPTOR-2
ASNSD1-2	ASNSD1-2
EIF4ENIF1-2	EIF4ENIF1-2
PYGL-2	PYGL-2
COLQ-2	COLQ-2
PHTF1-2	PHTF1-2
CAPN12-2	CAPN12-2
RGS5-2	RGS5-2
SLC25A29-2	SLC25A29-2
SMIM4-2	SMIM4-2
RRAGC-2	RRAGC-2
MGP-2	MGP-2
IRF2BP1-2	IRF2BP1-2
UHRF1BP1-2	UHRF1BP1-2
QPRT-2	QPRT-2
IL15-2	IL15-2
GPAA1-2	GPAA1-2
TMEM70-2	TMEM70-2
AGFG1-2	AGFG1-2
ZFAND2A-2	ZFAND2A-2
EML2-2	EML2-2
C4orf33-2	C4orf33-2
INF2-2	INF2-2
SIAH2-2	SIAH2-2
RPL15-2	RPL15-2
KHSRP-2	KHSRP-2
OTUD6B-2	OTUD6B-2
LDLR-2	LDLR-2
GLB1L-2	GLB1L-2
ITFG2-2	ITFG2-2
ACD-2	ACD-2
SATB1-2	SATB1-2
ATP10D-2	ATP10D-2
NPTN-2	NPTN-2
DPH3-2	DPH3-2
PLXDC1-2	PLXDC1-2
JTB-2	JTB-2
KCNA6-2	KCNA6-2
SNRPF-2	SNRPF-2
FKBP5-2	FKBP5-2
PFKL-2	PFKL-2
KCNQ5-2	KCNQ5-2
KYAT1-2	KYAT1-2
PPIG-2	PPIG-2
MGLL-2	MGLL-2
TNFAIP6-2	TNFAIP6-2
PSMG3-2	PSMG3-2
HSD3B7-2	HSD3B7-2
TOX-2	TOX-2
MEX3D-2	MEX3D-2
ZNF154-2	ZNF154-2
SRP54-2	SRP54-2
MAP7D1-2	MAP7D1-2
P3H3-2	P3H3-2
SEPT11-2	SEPT11-2
ANP32B-2	ANP32B-2
PRR29-2	PRR29-2
UFM1-2	UFM1-2
TMPRSS13-2	TMPRSS13-2
STRIP1-2	STRIP1-2
CENPL-2	CENPL-2
PHETA1-2	PHETA1-2
CXXC5-2	CXXC5-2
RECQL4-2	RECQL4-2
SPDYE3-2	SPDYE3-2
CBFB-2	CBFB-2
BCLAF3-2	BCLAF3-2
TRMO-2	TRMO-2
ZCRB1-2	ZCRB1-2
SNRPB2-2	SNRPB2-2
CHIT1-2	CHIT1-2
KIRREL2-2	KIRREL2-2
GUCY1A1-2	GUCY1A1-2
PPIF-2	PPIF-2
PON2-2	PON2-2
UBAP1-2	UBAP1-2
CDK2AP1-2	CDK2AP1-2
KLC2-2	KLC2-2
PDE1B-2	PDE1B-2
MKX-2	MKX-2
ESS2-2	ESS2-2
KIF5C-2	KIF5C-2
NCL-2	NCL-2
SF1-2	SF1-2
FBXO22-2	FBXO22-2
ESRRB-2	ESRRB-2
GPX2-2	GPX2-2
GDPD1-2	GDPD1-2
TRIP11-2	TRIP11-2
SLC5A2-2	SLC5A2-2
CENPC-2	CENPC-2
DLAT-2	DLAT-2
TTN-2	TTN-2
CYP46A1-2	CYP46A1-2
SLC46A3-2	SLC46A3-2
NOP9-2	NOP9-2
TMEM192-2	TMEM192-2
NCK2-2	NCK2-2
RHOC-2	RHOC-2
DTX1-2	DTX1-2
RIC1-2	RIC1-2
ULK1-2	ULK1-2
MOB3B-2	MOB3B-2
NOL11-2	NOL11-2
KPNA2-2	KPNA2-2
SMYD5-2	SMYD5-2
PIGN-2	PIGN-2
MAN1A2-2	MAN1A2-2
KLHL28-2	KLHL28-2
SLC25A32-2	SLC25A32-2
TTC19-2	TTC19-2
ITGAX-2	ITGAX-2
TSPO2-2	TSPO2-2
APEH-2	APEH-2
SENP5-2	SENP5-2
CASP6-2	CASP6-2
ACTN4-2	ACTN4-2
GPR82-2	GPR82-2
ZNF211-2	ZNF211-2
ARPC3-2	ARPC3-2
ZNF497-2	ZNF497-2
TAF5-2	TAF5-2
GLRX2-2	GLRX2-2
BSG-2	BSG-2
SLC4A7-2	SLC4A7-2
CARHSP1-2	CARHSP1-2
SLFNL1-2	SLFNL1-2
TRPC1-2	TRPC1-2
ATRIP-2	ATRIP-2
ERCC5-2	ERCC5-2
TVP23A-2	TVP23A-2
SPIN4-2	SPIN4-2
VPS9D1-2	VPS9D1-2
DDX56-2	DDX56-2
FAM120AOS-2	FAM120AOS-2
NR1H3-2	NR1H3-2
PLA2G16-2	PLA2G16-2
ADD3-2	ADD3-2
NUP155-2	NUP155-2
ZMYM5-2	ZMYM5-2
ACRBP-2	ACRBP-2
ITGA6-2	ITGA6-2
UBR5-2	UBR5-2
THAP9-2	THAP9-2
EEF2K-2	EEF2K-2
CLDND1-2	CLDND1-2
DROSHA-2	DROSHA-2
DCLRE1B-2	DCLRE1B-2
DMRT1-2	DMRT1-2
MED20-2	MED20-2
YES1-2	YES1-2
FOSB-2	FOSB-2
NOXA1-2	NOXA1-2
MCTP2-2	MCTP2-2
NAPA-2	NAPA-2
PNPLA2-2	PNPLA2-2
SPIRE1-2	SPIRE1-2
DCAF15-2	DCAF15-2
MLKL-2	MLKL-2
GNL3-2	GNL3-2
A1BG-2	A1BG-2
CAVIN2-2	CAVIN2-2
F12-2	F12-2
DPP9-2	DPP9-2
ZXDA-2	ZXDA-2
TMEM97-2	TMEM97-2
SMURF2-2	SMURF2-2
EME2-2	EME2-2
STARD7-2	STARD7-2
NPM3-2	NPM3-2
ASCL4-2	ASCL4-2
CLCN2-2	CLCN2-2
KISS1R-2	KISS1R-2
MAIP1-2	MAIP1-2
EPB41L2-2	EPB41L2-2
FBXO3-2	FBXO3-2
ZDHHC8-2	ZDHHC8-2
FOXN1-2	FOXN1-2
HK1-2	HK1-2
CYTH1-2	CYTH1-2
S100A13-2	S100A13-2
GATAD2A-2	GATAD2A-2
ILK-2	ILK-2
ALS2CR12-2	ALS2CR12-2
PLBD2-2	PLBD2-2
KLHL2-2	KLHL2-2
SNU13-2	SNU13-2
C2orf74-2	C2orf74-2
ZNF207-2	ZNF207-2
ARID4A-2	ARID4A-2
HOMEZ-2	HOMEZ-2
NONO-2	NONO-2
FKRP-2	FKRP-2
CEP70-2	CEP70-2
PER1-2	PER1-2
SH3BP5L-2	SH3BP5L-2
HYI-2	HYI-2
BAIAP2-2	BAIAP2-2
PTGIR-2	PTGIR-2
APLP2-2	APLP2-2
ZFP28-2	ZFP28-2
VSTM2L-2	VSTM2L-2
FAM210B-2	FAM210B-2
PLAA-2	PLAA-2
VPS50-2	VPS50-2
SHKBP1-2	SHKBP1-2
SEPSECS-2	SEPSECS-2
PEAK1-2	PEAK1-2
PTK6-2	PTK6-2
C17orf49-2	C17orf49-2
SCPEP1-2	SCPEP1-2
KLHL32-2	KLHL32-2
AHNAK-2	AHNAK-2
IGBP1-2	IGBP1-2
LAT2-2	LAT2-2
ZFYVE28-2	ZFYVE28-2
SELL-2	SELL-2
NUBP2-2	NUBP2-2
VSIG10L-2	VSIG10L-2
S100A1-2	S100A1-2
RSF1-2	RSF1-2
SYNE4-2	SYNE4-2
LCK-2	LCK-2
DDX46-2	DDX46-2
NADSYN1-2	NADSYN1-2
GOLGA3-2	GOLGA3-2
AMPD3-2	AMPD3-2
PMPCA-2	PMPCA-2
FGFR1OP2-2	FGFR1OP2-2
FLII-2	FLII-2
VPS35-2	VPS35-2
PLK3-2	PLK3-2
NCOA4-2	NCOA4-2
KMT2A-2	KMT2A-2
SAMD1-2	SAMD1-2
IRF3-2	IRF3-2
ST8SIA1-2	ST8SIA1-2
MAP3K3-2	MAP3K3-2
VAX1-2	VAX1-2
ZNF835-2	ZNF835-2
REEP6-2	REEP6-2
RFFL-2	RFFL-2
ZNF814-2	ZNF814-2
GRM2-2	GRM2-2
ASH2L-2	ASH2L-2
DDX51-2	DDX51-2
FOXR1-2	FOXR1-2
GRHL3-2	GRHL3-2
PGAP1-2	PGAP1-2
CR2-2	CR2-2
CEP128-2	CEP128-2
CDC123-2	CDC123-2
PGD-2	PGD-2
CDK10-2	CDK10-2
RAB35-2	RAB35-2
GALNT1-2	GALNT1-2
FBXO11-2	FBXO11-2
ZNF189-2	ZNF189-2
POLR2B-2	POLR2B-2
FUT7-2	FUT7-2
TFPI-2	TFPI-2
BCL7C-2	BCL7C-2
TMEM38B-2	TMEM38B-2
MED9-2	MED9-2
DGKZ-2	DGKZ-2
SLC25A3-2	SLC25A3-2
KHDRBS1-2	KHDRBS1-2
IKBIP-2	IKBIP-2
SEC62-2	SEC62-2
ZNF654-2	ZNF654-2
RIPK3-2	RIPK3-2
UBA1-2	UBA1-2
MT1X-2	MT1X-2
SELENOK-2	SELENOK-2
ZSCAN2-2	ZSCAN2-2
TSHZ3-2	TSHZ3-2
RAB29-2	RAB29-2
CCDC180-2	CCDC180-2
TOB1-2	TOB1-2
ZNF672-2	ZNF672-2
INAFM1-2	INAFM1-2
SEPT2-2	SEPT2-2
SLC35B1-2	SLC35B1-2
BROX-2	BROX-2
CERS3-2	CERS3-2
EPGN-2	EPGN-2
VTI1B-2	VTI1B-2
TCTA-2	TCTA-2
MYO9B-2	MYO9B-2
FCRL6-2	FCRL6-2
SLC26A11-2	SLC26A11-2
TGFB1-2	TGFB1-2
PHF2-2	PHF2-2
KIF11-2	KIF11-2
IGF2BP3-2	IGF2BP3-2
WHRN-2	WHRN-2
CSTA-2	CSTA-2
PAK2-2	PAK2-2
FLAD1-2	FLAD1-2
CDS2-2	CDS2-2
PGPEP1-2	PGPEP1-2
COX15-2	COX15-2
PHF12-2	PHF12-2
ODF2L-2	ODF2L-2
RIN1-2	RIN1-2
NAT9-2	NAT9-2
GSC-2	GSC-2
CCDC115-2	CCDC115-2
TFDP1-2	TFDP1-2
ZSCAN5A-2	ZSCAN5A-2
ARHGEF11-2	ARHGEF11-2
NIPSNAP3A-2	NIPSNAP3A-2
PMPCB-2	PMPCB-2
GFER-2	GFER-2
TOLLIP-2	TOLLIP-2
MRPL54-2	MRPL54-2
CAPN3-2	CAPN3-2
RPL35-2	RPL35-2
TCF3-2	TCF3-2
SYNJ2BP-2	SYNJ2BP-2
STK26-2	STK26-2
MDM2-2	MDM2-2
GPA33-2	GPA33-2
XCL1-2	XCL1-2
MBD5-2	MBD5-2
RNF213-2	RNF213-2
FCN1-2	FCN1-2
EXOC7-2	EXOC7-2
ZNF800-2	ZNF800-2
PEX11G-2	PEX11G-2
RNF43-2	RNF43-2
SOHLH2-2	SOHLH2-2
APOA4-2	APOA4-2
OGFR-2	OGFR-2
ZCCHC8-2	ZCCHC8-2
ITK-2	ITK-2
RNLS-2	RNLS-2
PLEKHM2-2	PLEKHM2-2
IDH3G-2	IDH3G-2
ANKRD49-2	ANKRD49-2
PDIK1L-2	PDIK1L-2
G2E3-2	G2E3-2
SCYL1-2	SCYL1-2
FGD3-2	FGD3-2
RETSAT-2	RETSAT-2
CMAS-2	CMAS-2
ETS1-2	ETS1-2
BNIP2-2	BNIP2-2
TFCP2L1-2	TFCP2L1-2
SRP72-2	SRP72-2
ZNF366-2	ZNF366-2
VHL-2	VHL-2
ATOH8-2	ATOH8-2
IFNAR1-2	IFNAR1-2
GAPDH-2	GAPDH-2
CD53-2	CD53-2
KYAT3-2	KYAT3-2
GRIN3A-2	GRIN3A-2
ANKRD18A-2	ANKRD18A-2
TLE3-2	TLE3-2
PRR13-2	PRR13-2
ESD-2	ESD-2
SDHD-2	SDHD-2
SNX11-2	SNX11-2
FANCB-2	FANCB-2
NKX2-1-2	NKX2-1-2
CCNY-2	CCNY-2
SPECC1L-2	SPECC1L-2
ARFGEF2-2	ARFGEF2-2
ABLIM3-2	ABLIM3-2
CEP41-2	CEP41-2
ENO2-2	ENO2-2
SCYL3-2	SCYL3-2
CUL1-2	CUL1-2
CACNA1I-2	CACNA1I-2
OSGEP-2	OSGEP-2
ZNF30-2	ZNF30-2
ARAF-2	ARAF-2
MIEF2-2	MIEF2-2
HM13-2	HM13-2
RPS6KA3-2	RPS6KA3-2
MTRF1-2	MTRF1-2
ZNF703-2	ZNF703-2
FIBP-2	FIBP-2
SEC24D-2	SEC24D-2
GP1BB-2	GP1BB-2
TTYH2-2	TTYH2-2
PTPN9-2	PTPN9-2
MYBL2-2	MYBL2-2
ARL13B-2	ARL13B-2
DR1-2	DR1-2
KRT73-2	KRT73-2
PLXND1-2	PLXND1-2
FOCAD-2	FOCAD-2
METTL13-2	METTL13-2
UNCX-2	UNCX-2
SIRT7-2	SIRT7-2
PEAK3-2	PEAK3-2
CXXC1-2	CXXC1-2
MRPS7-2	MRPS7-2
RPS3-2	RPS3-2
ATP5MF-PTCD1-2	ATP5MF-PTCD1-2
SDR42E2-2	SDR42E2-2
CPLANE2-2	CPLANE2-2
ATP6V0A2-2	ATP6V0A2-2
ZNF594-2	ZNF594-2
DYNLL1-2	DYNLL1-2
LRRC8D-2	LRRC8D-2
PRRC1-2	PRRC1-2
CD2AP-2	CD2AP-2
PTBP1-2	PTBP1-2
ARL2-2	ARL2-2
CHAMP1-2	CHAMP1-2
NOP53-2	NOP53-2
TMEM136-2	TMEM136-2
PAOX-2	PAOX-2
TMUB1-2	TMUB1-2
PHYHD1-2	PHYHD1-2
ACAP3-2	ACAP3-2
TEX45-2	TEX45-2
ZNF292-2	ZNF292-2
RAPGEF6-2	RAPGEF6-2
ZNF883-2	ZNF883-2
SATB2-2	SATB2-2
UQCRH-2	UQCRH-2
CCNA1-2	CCNA1-2
MAPKAPK3-2	MAPKAPK3-2
METTL3-2	METTL3-2
RPS27L-2	RPS27L-2
TMCC2-2	TMCC2-2
CHMP1A-2	CHMP1A-2
AKAP8L-2	AKAP8L-2
NKX3-2-2	NKX3-2-2
METTL17-2	METTL17-2
NEUROD6-2	NEUROD6-2
RAI14-2	RAI14-2
MPND-2	MPND-2
AUNIP-2	AUNIP-2
FEM1A-2	FEM1A-2
ATMIN-2	ATMIN-2
DMTN-2	DMTN-2
CRTAP-2	CRTAP-2
ATP13A3-2	ATP13A3-2
L3MBTL2-2	L3MBTL2-2
TGM1-2	TGM1-2
ZBTB38-2	ZBTB38-2
TRANK1-2	TRANK1-2
ARHGAP6-2	ARHGAP6-2
ZNF214-2	ZNF214-2
NMNAT3-2	NMNAT3-2
PKN3-2	PKN3-2
METTL9-2	METTL9-2
SELENON-2	SELENON-2
MAPK14-2	MAPK14-2
UBE2J2-2	UBE2J2-2
SLC9A3R1-2	SLC9A3R1-2
MTURN-2	MTURN-2
SEC61G-2	SEC61G-2
OXLD1-2	OXLD1-2
PTER-2	PTER-2
ASB14-2	ASB14-2
ATXN2-2	ATXN2-2
SCX-2	SCX-2
TENT4A-2	TENT4A-2
SUCLG1-2	SUCLG1-2
CHM-2	CHM-2
INTS7-2	INTS7-2
DTHD1-2	DTHD1-2
SPP1-2	SPP1-2
DDX28-2	DDX28-2
THAP11-2	THAP11-2
ERCC6L2-2	ERCC6L2-2
TP63-2	TP63-2
PRPF40B-2	PRPF40B-2
TBC1D22B-2	TBC1D22B-2
WDR35-2	WDR35-2
TBR1-2	TBR1-2
TIPARP-2	TIPARP-2
NOSIP-2	NOSIP-2
RACGAP1-2	RACGAP1-2
DMAC1-2	DMAC1-2
BIVM-2	BIVM-2
CTSH-2	CTSH-2
RP9-2	RP9-2
ZNF273-2	ZNF273-2
TADA3-2	TADA3-2
SNX33-2	SNX33-2
CD68-2	CD68-2
CHP1-2	CHP1-2
KCNH4-2	KCNH4-2
MT2A-2	MT2A-2
FAM126B-2	FAM126B-2
SIKE1-2	SIKE1-2
DDX1-2	DDX1-2
TIPRL-2	TIPRL-2
TTC31-2	TTC31-2
HNRNPH3-2	HNRNPH3-2
ACSL4-2	ACSL4-2
MIGA2-2	MIGA2-2
CABLES2-2	CABLES2-2
PACS2-2	PACS2-2
TPP1-2	TPP1-2
NKIRAS2-2	NKIRAS2-2
FAM98C-2	FAM98C-2
ZNF605-2	ZNF605-2
LHX9-2	LHX9-2
TMEM19-2	TMEM19-2
NSUN4-2	NSUN4-2
SPON1-2	SPON1-2
IDI1-2	IDI1-2
DUS1L-2	DUS1L-2
NPTXR-2	NPTXR-2
GIPC3-2	GIPC3-2
PGGT1B-2	PGGT1B-2
UQCRC2-2	UQCRC2-2
DDX3Y-2	DDX3Y-2
EVA1C-2	EVA1C-2
MTHFD1L-2	MTHFD1L-2
UBE2D1-2	UBE2D1-2
NOP58-2	NOP58-2
MSL2-2	MSL2-2
NUDCD2-2	NUDCD2-2
UBQLN1-2	UBQLN1-2
ACAD11-2	ACAD11-2
WDR60-2	WDR60-2
ELP2-2	ELP2-2
COL5A1-2	COL5A1-2
ZFR-2	ZFR-2
HNRNPH2-2	HNRNPH2-2
CD99L2-2	CD99L2-2
CCDC12-2	CCDC12-2
HIST2H2BF-2	HIST2H2BF-2
UBE2L6-2	UBE2L6-2
NSDHL-2	NSDHL-2
APOBEC3D-2	APOBEC3D-2
HIF3A-2	HIF3A-2
MAX-2	MAX-2
IRX2-2	IRX2-2
JUNB-2	JUNB-2
EYS-2	EYS-2
SARDH-2	SARDH-2
CCAR2-2	CCAR2-2
HADHA-2	HADHA-2
ZNF572-2	ZNF572-2
APEX1-2	APEX1-2
MYCL-2	MYCL-2
DYRK3-2	DYRK3-2
RSAD1-2	RSAD1-2
USPL1-2	USPL1-2
PPA1-2	PPA1-2
BMPR2-2	BMPR2-2
ARHGEF12-2	ARHGEF12-2
ROPN1L-2	ROPN1L-2
NCKAP1L-2	NCKAP1L-2
RRAGD-2	RRAGD-2
TBX1-2	TBX1-2
NOL10-2	NOL10-2
SATL1-2	SATL1-2
IPO7-2	IPO7-2
RBM45-2	RBM45-2
RCOR1-2	RCOR1-2
SLC16A5-2	SLC16A5-2
ADD1-2	ADD1-2
ZNF749-2	ZNF749-2
SLC25A16-2	SLC25A16-2
SETD3-2	SETD3-2
GAPVD1-2	GAPVD1-2
RABGEF1-2	RABGEF1-2
MARK2-2	MARK2-2
FTO-2	FTO-2
HECTD1-2	HECTD1-2
PTPN4-2	PTPN4-2
ZNF486-2	ZNF486-2
GDPD5-2	GDPD5-2
ITPRIP-2	ITPRIP-2
C8orf59-2	C8orf59-2
KIF21A-2	KIF21A-2
FBXO9-2	FBXO9-2
SETDB2-2	SETDB2-2
PUS10-2	PUS10-2
ANKRD52-2	ANKRD52-2
C1QBP-2	C1QBP-2
FCHSD2-2	FCHSD2-2
GTF3C4-2	GTF3C4-2
CCDC169-SOHLH2-2	CCDC169-SOHLH2-2
THEM4-2	THEM4-2
DDX10-2	DDX10-2
SLC7A6-2	SLC7A6-2
CENPI-2	CENPI-2
SLC25A1-2	SLC25A1-2
NUP50-2	NUP50-2
CD33-2	CD33-2
MFN1-2	MFN1-2
C1orf216-2	C1orf216-2
CRYZL1-2	CRYZL1-2
STXBP4-2	STXBP4-2
CLPTM1-2	CLPTM1-2
KLF17-2	KLF17-2
CDS1-2	CDS1-2
ZNF335-2	ZNF335-2
FBXO34-2	FBXO34-2
MED19-2	MED19-2
RASAL1-2	RASAL1-2
ARRDC1-2	ARRDC1-2
ZNF845-2	ZNF845-2
CXorf40B-2	CXorf40B-2
RBM19-2	RBM19-2
SMIM1-2	SMIM1-2
BSDC1-2	BSDC1-2
NOL4L-2	NOL4L-2
SLC39A1-2	SLC39A1-2
MMP1-2	MMP1-2
SFRP1-2	SFRP1-2
ZNF665-2	ZNF665-2
MRPL10-2	MRPL10-2
ZNF330-2	ZNF330-2
ASNA1-2	ASNA1-2
RASA3-2	RASA3-2
RDH11-2	RDH11-2
GIT2-2	GIT2-2
MAN1A1-2	MAN1A1-2
PFKM-2	PFKM-2
TMEM205-2	TMEM205-2
SELENOP-2	SELENOP-2
TMEM184C-2	TMEM184C-2
SET-2	SET-2
PRKCD-2	PRKCD-2
STOX1-2	STOX1-2
MSH2-2	MSH2-2
ITGB3BP-2	ITGB3BP-2
ENG-2	ENG-2
CMTM7-2	CMTM7-2
ZNF397-2	ZNF397-2
TMEM169-2	TMEM169-2
CEP162-2	CEP162-2
GPBP1-2	GPBP1-2
PPP1CC-2	PPP1CC-2
ZNF205-2	ZNF205-2
MRPS5-2	MRPS5-2
DNM3-2	DNM3-2
RNF219-2	RNF219-2
EYA3-2	EYA3-2
ZNF519-2	ZNF519-2
MFSD6-2	MFSD6-2
DIABLO-2	DIABLO-2
KDELR2-2	KDELR2-2
SLA2-2	SLA2-2
CDK5RAP1-2	CDK5RAP1-2
ASCC2-2	ASCC2-2
MFSD4B-2	MFSD4B-2
ZNF562-2	ZNF562-2
PDGFRB-2	PDGFRB-2
ITPA-2	ITPA-2
HIVEP3-2	HIVEP3-2
PDE6C-2	PDE6C-2
UBALD1-2	UBALD1-2
SEC22A-2	SEC22A-2
CLEC2D-2	CLEC2D-2
RPS12-2	RPS12-2
GLOD4-2	GLOD4-2
TOR1AIP1-2	TOR1AIP1-2
PSMD1-2	PSMD1-2
PARD6A-2	PARD6A-2
LRRC57-2	LRRC57-2
PBX1-2	PBX1-2
WDFY2-2	WDFY2-2
C12orf66-2	C12orf66-2
DGKA-2	DGKA-2
FBXL14-2	FBXL14-2
MS4A1-2	MS4A1-2
ZKSCAN4-2	ZKSCAN4-2
PCGF3-2	PCGF3-2
EXOSC7-2	EXOSC7-2
PSMD7-2	PSMD7-2
KIAA1671-2	KIAA1671-2
WDR74-2	WDR74-2
GSTO2-2	GSTO2-2
ERMP1-2	ERMP1-2
NDUFA11-2	NDUFA11-2
TRIM28-2	TRIM28-2
CTPS2-2	CTPS2-2
TMEM94-2	TMEM94-2
ARHGAP17-2	ARHGAP17-2
FBXO38-2	FBXO38-2
TFDP2-2	TFDP2-2
CXCR5-2	CXCR5-2
POM121C-2	POM121C-2
MRPS30-2	MRPS30-2
DCTPP1-2	DCTPP1-2
TRAF2-2	TRAF2-2
SPATA5L1-2	SPATA5L1-2
NQO2-2	NQO2-2
CALM1-2	CALM1-2
C15orf61-2	C15orf61-2
NOCT-2	NOCT-2
BANF1-2	BANF1-2
DUS3L-2	DUS3L-2
FNBP1L-2	FNBP1L-2
OAS3-2	OAS3-2
ABCD3-2	ABCD3-2
GGCX-2	GGCX-2
ID2-2	ID2-2
LIPT2-2	LIPT2-2
P2RX7-2	P2RX7-2
DOK3-2	DOK3-2
FABP2-2	FABP2-2
NOP2-2	NOP2-2
TAB1-2	TAB1-2
STRN4-2	STRN4-2
EIF3H-2	EIF3H-2
OTOF-2	OTOF-2
ANKRD13D-2	ANKRD13D-2
TELO2-2	TELO2-2
COL1A1-2	COL1A1-2
RPS27-2	RPS27-2
H2AFJ-2	H2AFJ-2
RLF-2	RLF-2
IFI6-2	IFI6-2
FKBP2-2	FKBP2-2
GPR34-2	GPR34-2
TM9SF3-2	TM9SF3-2
FAM129A-2	FAM129A-2
MMGT1-2	MMGT1-2
AIMP2-2	AIMP2-2
SELENOW-2	SELENOW-2
ZNF91-2	ZNF91-2
CXCL11-2	CXCL11-2
IST1-2	IST1-2
C11orf96-2	C11orf96-2
NUDT17-2	NUDT17-2
FAM110A-2	FAM110A-2
LRRC37B-2	LRRC37B-2
CCDC144A-2	CCDC144A-2
PIK3C3-2	PIK3C3-2
OAS2-2	OAS2-2
PXN-2	PXN-2
FOXD4-2	FOXD4-2
RNASEH1-2	RNASEH1-2
SPDL1-2	SPDL1-2
EML3-2	EML3-2
SHC4-2	SHC4-2
TFAP2B-2	TFAP2B-2
CRYAB-2	CRYAB-2
ZNF77-2	ZNF77-2
IQCN-2	IQCN-2
ARHGDIB-2	ARHGDIB-2
FAM217B-2	FAM217B-2
TMEM242-2	TMEM242-2
IPMK-2	IPMK-2
DAZAP1-2	DAZAP1-2
TMIGD2-2	TMIGD2-2
UBN2-2	UBN2-2
ATP5F1A-2	ATP5F1A-2
CNIH1-2	CNIH1-2
PTGDR-2	PTGDR-2
HES3-2	HES3-2
ZWILCH-2	ZWILCH-2
TXNDC9-2	TXNDC9-2
DCLRE1A-2	DCLRE1A-2
TAGAP-2	TAGAP-2
TNFAIP2-2	TNFAIP2-2
HIPK1-2	HIPK1-2
LPAR3-2	LPAR3-2
RAD51D-2	RAD51D-2
PARVB-2	PARVB-2
LIX1L-2	LIX1L-2
TMEM18-2	TMEM18-2
TOGARAM2-2	TOGARAM2-2
PPP1R21-2	PPP1R21-2
CHCHD1-2	CHCHD1-2
ADIRF-2	ADIRF-2
GARS-2	GARS-2
ARMH2-2	ARMH2-2
UNC119-2	UNC119-2
VWF-2	VWF-2
SETD2-2	SETD2-2
UBE2D3-2	UBE2D3-2
CLECL1-2	CLECL1-2
USP21-2	USP21-2
WASF1-2	WASF1-2
NRF1-2	NRF1-2
SOCS5-2	SOCS5-2
KIAA0513-2	KIAA0513-2
AFAP1L2-2	AFAP1L2-2
SLCO4C1-2	SLCO4C1-2
AHCYL2-2	AHCYL2-2
RPL21-2	RPL21-2
ZNF850-2	ZNF850-2
POLR2C-2	POLR2C-2
SELENOF-2	SELENOF-2
UROD-2	UROD-2
PM20D1-2	PM20D1-2
KRR1-2	KRR1-2
CCR8-2	CCR8-2
AK9-2	AK9-2
CYP7B1-2	CYP7B1-2
DCAF16-2	DCAF16-2
NDUFC2-2	NDUFC2-2
FUK-2	FUK-2
RFX7-2	RFX7-2
OLA1-2	OLA1-2
TCEAL3-2	TCEAL3-2
LMTK3-2	LMTK3-2
OLIG2-2	OLIG2-2
NCBP2-2	NCBP2-2
BRPF1-2	BRPF1-2
CA11-2	CA11-2
MFSD5-2	MFSD5-2
INO80D-2	INO80D-2
LATS2-2	LATS2-2
EIF4B-2	EIF4B-2
PLK2-2	PLK2-2
WDR59-2	WDR59-2
HECTD3-2	HECTD3-2
CRCP-2	CRCP-2
ABCD2-2	ABCD2-2
EIF1AX-2	EIF1AX-2
ANKRD13C-2	ANKRD13C-2
RYK-2	RYK-2
SIPA1-2	SIPA1-2
GBX1-2	GBX1-2
GXYLT1-2	GXYLT1-2
CCP110-2	CCP110-2
PTK2B-2	PTK2B-2
NSD1-2	NSD1-2
SLC38A1-2	SLC38A1-2
RMND1-2	RMND1-2
ZNF669-2	ZNF669-2
ACSL3-2	ACSL3-2
NATD1-2	NATD1-2
JUP-2	JUP-2
SHROOM1-2	SHROOM1-2
GALNT2-2	GALNT2-2
SRI-2	SRI-2
AP5B1-2	AP5B1-2
EIF4A2-2	EIF4A2-2
RALGPS1-2	RALGPS1-2
CIAO2B-2	CIAO2B-2
CAST-2	CAST-2
PIK3CD-2	PIK3CD-2
TSR1-2	TSR1-2
TMEM69-2	TMEM69-2
PPP2R2B-2	PPP2R2B-2
ZBTB2-2	ZBTB2-2
DPP4-2	DPP4-2
ZNF551-2	ZNF551-2
P4HA1-2	P4HA1-2
ST6GALNAC1-2	ST6GALNAC1-2
KAT6A-2	KAT6A-2
MCAT-2	MCAT-2
BSX-2	BSX-2
TSPYL4-2	TSPYL4-2
DNAJC2-2	DNAJC2-2
TXLNA-2	TXLNA-2
ZNF503-2	ZNF503-2
COMMD4-2	COMMD4-2
POLH-2	POLH-2
ZFP91-2	ZFP91-2
IMMP1L-2	IMMP1L-2
ESX1-2	ESX1-2
MORN1-2	MORN1-2
CDC42BPB-2	CDC42BPB-2
UBE2S-2	UBE2S-2
MUC5AC-2	MUC5AC-2
TBC1D31-2	TBC1D31-2
BRWD3-2	BRWD3-2
NOL3-2	NOL3-2
RAD23B-2	RAD23B-2
KCNAB1-2	KCNAB1-2
H3F3C-2	H3F3C-2
CD3EAP-2	CD3EAP-2
LOXL1-2	LOXL1-2
ZNF384-2	ZNF384-2
CDK5R1-2	CDK5R1-2
C11orf71-2	C11orf71-2
LIPT1-2	LIPT1-2
MVB12A-2	MVB12A-2
KIF20A-2	KIF20A-2
CDKAL1-2	CDKAL1-2
SIRT6-2	SIRT6-2
XRCC5-2	XRCC5-2
STX3-2	STX3-2
GLTP-2	GLTP-2
HMG20A-2	HMG20A-2
L3MBTL3-2	L3MBTL3-2
GNAO1-2	GNAO1-2
TJAP1-2	TJAP1-2
XYLT1-2	XYLT1-2
VAMP5-2	VAMP5-2
MIB2-2	MIB2-2
NECTIN3-2	NECTIN3-2
RASGEF1B-2	RASGEF1B-2
NDUFA7-2	NDUFA7-2
NUDT6-2	NUDT6-2
TCIRG1-2	TCIRG1-2
HNRNPAB-2	HNRNPAB-2
GAREM2-2	GAREM2-2
COL27A1-2	COL27A1-2
EFHC2-2	EFHC2-2
GTF2I-2	GTF2I-2
CD84-2	CD84-2
PSMC3IP-2	PSMC3IP-2
CYHR1-2	CYHR1-2
U2AF1L4-2	U2AF1L4-2
MTRNR2L4-2	MTRNR2L4-2
ARL14-2	ARL14-2
RIMKLA-2	RIMKLA-2
ZNF136-2	ZNF136-2
NEB-2	NEB-2
FAM114A2-2	FAM114A2-2
CCNJ-2	CCNJ-2
IMPACT-2	IMPACT-2
SNAPC4-2	SNAPC4-2
MRFAP1L1-2	MRFAP1L1-2
ACTR5-2	ACTR5-2
UTS2-2	UTS2-2
MYO1C-2	MYO1C-2
TOMM20-2	TOMM20-2
LMNB2-2	LMNB2-2
SERGEF-2	SERGEF-2
CASP4-2	CASP4-2
C11orf65-2	C11orf65-2
PALLD-2	PALLD-2
AMN-2	AMN-2
AQP5-2	AQP5-2
NELFCD-2	NELFCD-2
NCAPG-2	NCAPG-2
ATG9B-2	ATG9B-2
HCCS-2	HCCS-2
GMIP-2	GMIP-2
HAUS4-2	HAUS4-2
H2AFX-2	H2AFX-2
LAMTOR2-2	LAMTOR2-2
NUDT18-2	NUDT18-2
GSTZ1-2	GSTZ1-2
C7orf61-2	C7orf61-2
NTRK3-2	NTRK3-2
RNF166-2	RNF166-2
HMGB2-2	HMGB2-2
RABEPK-2	RABEPK-2
SYF2-2	SYF2-2
NSMCE4A-2	NSMCE4A-2
BRD7-2	BRD7-2
C12orf4-2	C12orf4-2
MGA-2	MGA-2
USP51-2	USP51-2
CHCHD5-2	CHCHD5-2
TRIM4-2	TRIM4-2
PDK2-2	PDK2-2
ZDHHC15-2	ZDHHC15-2
KCND1-2	KCND1-2
C2orf88-2	C2orf88-2
SRY-2	SRY-2
DGKE-2	DGKE-2
PHKB-2	PHKB-2
NDUFA10-2	NDUFA10-2
AAMDC-2	AAMDC-2
RPL6-2	RPL6-2
PCSK6-2	PCSK6-2
RPS23-2	RPS23-2
CYGB-2	CYGB-2
MBTPS1-2	MBTPS1-2
COP1-2	COP1-2
HAGH-2	HAGH-2
ICA1L-2	ICA1L-2
UBASH3B-2	UBASH3B-2
EIPR1-2	EIPR1-2
WRN-2	WRN-2
IFNAR2-2	IFNAR2-2
TMEM245-2	TMEM245-2
FAM98B-2	FAM98B-2
SLC6A16-2	SLC6A16-2
ARHGAP26-2	ARHGAP26-2
EMC8-2	EMC8-2
ATL2-2	ATL2-2
CCDC50-2	CCDC50-2
SRR-2	SRR-2
ERP27-2	ERP27-2
NCOA1-2	NCOA1-2
SCGB3A2-2	SCGB3A2-2
TYMS-2	TYMS-2
REG1A-2	REG1A-2
LHX2-2	LHX2-2
DEK-2	DEK-2
CMTM8-2	CMTM8-2
MED4-2	MED4-2
FBXO21-2	FBXO21-2
POLR3E-2	POLR3E-2
PLXNC1-2	PLXNC1-2
MSL1-2	MSL1-2
ATAD1-2	ATAD1-2
INTS4-2	INTS4-2
FAM161A-2	FAM161A-2
ELOVL6-2	ELOVL6-2
MVD-2	MVD-2
MYL6-2	MYL6-2
JAZF1-2	JAZF1-2
TBRG1-2	TBRG1-2
SGCB-2	SGCB-2
RILPL2-2	RILPL2-2
BHLHB9-2	BHLHB9-2
RBM3-2	RBM3-2
AKAP10-2	AKAP10-2
CLU-2	CLU-2
RFC4-2	RFC4-2
SPTB-2	SPTB-2
POMC-2	POMC-2
RPL31-2	RPL31-2
BARX2-2	BARX2-2
LSM1-2	LSM1-2
SMIM5-2	SMIM5-2
CLEC4A-2	CLEC4A-2
XK-2	XK-2
DPH7-2	DPH7-2
SPINT1-2	SPINT1-2
PAPOLG-2	PAPOLG-2
DNAJB13-2	DNAJB13-2
IRF2-2	IRF2-2
CYR61-2	CYR61-2
KLF4-2	KLF4-2
FAM122A-2	FAM122A-2
LTV1-2	LTV1-2
COMMD6-2	COMMD6-2
ARHGAP21-2	ARHGAP21-2
CLUH-2	CLUH-2
ZDHHC13-2	ZDHHC13-2
TSC22D2-2	TSC22D2-2
RPP40-2	RPP40-2
POLR3H-2	POLR3H-2
LRPAP1-2	LRPAP1-2
OPRM1-2	OPRM1-2
TTLL5-2	TTLL5-2
ORM2-2	ORM2-2
CFDP1-2	CFDP1-2
ZBTB7A-2	ZBTB7A-2
INPP5A-2	INPP5A-2
ZPR1-2	ZPR1-2
C19orf66-2	C19orf66-2
ERLIN1-2	ERLIN1-2
MAP3K12-2	MAP3K12-2
TMX2-2	TMX2-2
TMEM161A-2	TMEM161A-2
TFCP2-2	TFCP2-2
ENKUR-2	ENKUR-2
EP300-2	EP300-2
C8orf37-2	C8orf37-2
CDC14A-2	CDC14A-2
MAP6D1-2	MAP6D1-2
PHF14-2	PHF14-2
MAPK10-2	MAPK10-2
AHSP-2	AHSP-2
MLXIP-2	MLXIP-2
GUCD1-2	GUCD1-2
DOP1B-2	DOP1B-2
FHIT-2	FHIT-2
SH3D21-2	SH3D21-2
TFEC-2	TFEC-2
NEK4-2	NEK4-2
ZNF395-2	ZNF395-2
DHX35-2	DHX35-2
KIF18B-2	KIF18B-2
UNC50-2	UNC50-2
CYB561D1-2	CYB561D1-2
ZMIZ1-2	ZMIZ1-2
FAU-2	FAU-2
LAMTOR5-2	LAMTOR5-2
ZNF829-2	ZNF829-2
TMEM156-2	TMEM156-2
FAM177A1-2	FAM177A1-2
HCFC1-2	HCFC1-2
CABP5-2	CABP5-2
EFCAB13-2	EFCAB13-2
MKRN1-2	MKRN1-2
PIAS2-2	PIAS2-2
ARSB-2	ARSB-2
PRMT2-2	PRMT2-2
MTIF3-2	MTIF3-2
PSME1-2	PSME1-2
MRPL34-2	MRPL34-2
DHX15-2	DHX15-2
GALT-2	GALT-2
ST18-2	ST18-2
CASS4-2	CASS4-2
IFT20-2	IFT20-2
TRPS1-2	TRPS1-2
SFR1-2	SFR1-2
TAGLN3-2	TAGLN3-2
NPEPL1-2	NPEPL1-2
SYK-2	SYK-2
TTC32-2	TTC32-2
KCNMB4-2	KCNMB4-2
SLC12A4-2	SLC12A4-2
NBPF15-2	NBPF15-2
TMEM59-2	TMEM59-2
RBM41-2	RBM41-2
PRKRIP1-2	PRKRIP1-2
TNRC18-2	TNRC18-2
TCEAL8-2	TCEAL8-2
DIS3L-2	DIS3L-2
POLG-2	POLG-2
TUBB2A-2	TUBB2A-2
PPME1-2	PPME1-2
SHOX2-2	SHOX2-2
WDTC1-2	WDTC1-2
NLE1-2	NLE1-2
GLUL-2	GLUL-2
LAMB3-2	LAMB3-2
PPIA-2	PPIA-2
IBTK-2	IBTK-2
PEAR1-2	PEAR1-2
UBE2Q2-2	UBE2Q2-2
RPL4-2	RPL4-2
ELOF1-2	ELOF1-2
BRCA1-2	BRCA1-2
DPM3-2	DPM3-2
SLC25A36-2	SLC25A36-2
FAM107B-2	FAM107B-2
NUF2-2	NUF2-2
TRIAP1-2	TRIAP1-2
SYP-2	SYP-2
BCDIN3D-2	BCDIN3D-2
ZGLP1-2	ZGLP1-2
NDUFA9-2	NDUFA9-2
C16orf54-2	C16orf54-2
EN1-2	EN1-2
OSBPL1A-2	OSBPL1A-2
SRP14-2	SRP14-2
ACTB-2	ACTB-2
MRPL18-2	MRPL18-2
CFAP298-2	CFAP298-2
PPM1G-2	PPM1G-2
CYCS-2	CYCS-2
SLC35E2B-2	SLC35E2B-2
UVSSA-2	UVSSA-2
POGZ-2	POGZ-2
NGLY1-2	NGLY1-2
CLBA1-2	CLBA1-2
ZNF222-2	ZNF222-2
TOE1-2	TOE1-2
GLS-2	GLS-2
ZNF141-2	ZNF141-2
GALNT11-2	GALNT11-2
ITGB5-2	ITGB5-2
ACOT2-2	ACOT2-2
PHB-2	PHB-2
DHX30-2	DHX30-2
PECR-2	PECR-2
RAD51C-2	RAD51C-2
PKNOX2-2	PKNOX2-2
C4BPB-2	C4BPB-2
CCDC86-2	CCDC86-2
DGKH-2	DGKH-2
EPHX2-2	EPHX2-2
NUMA1-2	NUMA1-2
SUMF2-2	SUMF2-2
LRRC58-2	LRRC58-2
ZFP69-2	ZFP69-2
DCAF4-2	DCAF4-2
CDK5RAP2-2	CDK5RAP2-2
RTRAF-2	RTRAF-2
CRADD-2	CRADD-2
ERAL1-2	ERAL1-2
ZMYND19-2	ZMYND19-2
CUL4A-2	CUL4A-2
FAM49B-2	FAM49B-2
WASHC2A-2	WASHC2A-2
ZHX1-2	ZHX1-2
POLR2H-2	POLR2H-2
TRIM66-2	TRIM66-2
GUF1-2	GUF1-2
SERPINB6-2	SERPINB6-2
UBL4A-2	UBL4A-2
PDZD8-2	PDZD8-2
NOB1-2	NOB1-2
BEND2-2	BEND2-2
CHRNA5-2	CHRNA5-2
ZSWIM7-2	ZSWIM7-2
TRMT13-2	TRMT13-2
ABHD6-2	ABHD6-2
PPP1R3F-2	PPP1R3F-2
AKT1-2	AKT1-2
SFTPA1-2	SFTPA1-2
RASSF5-2	RASSF5-2
TREML1-2	TREML1-2
STK3-2	STK3-2
MXD3-2	MXD3-2
TBX3-2	TBX3-2
PPP1R3E-2	PPP1R3E-2
KLHL12-2	KLHL12-2
LPO-2	LPO-2
SPHK2-2	SPHK2-2
NDUFS6-2	NDUFS6-2
PBX3-2	PBX3-2
LMO4-2	LMO4-2
SERINC3-2	SERINC3-2
C3orf33-2	C3orf33-2
NDUFA1-2	NDUFA1-2
ZBTB20-2	ZBTB20-2
SAE1-2	SAE1-2
HIST1H4H-2	HIST1H4H-2
BHLHE41-2	BHLHE41-2
OAZ2-2	OAZ2-2
SLC4A4-2	SLC4A4-2
PSMB2-2	PSMB2-2
TM7SF2-2	TM7SF2-2
LMBR1L-2	LMBR1L-2
AQR-2	AQR-2
RPS6KA2-2	RPS6KA2-2
CAMK2N1-2	CAMK2N1-2
CD2-2	CD2-2
DNAH6-2	DNAH6-2
ECE1-2	ECE1-2
TAF13-2	TAF13-2
UBAC1-2	UBAC1-2
COX7C-2	COX7C-2
ASAP1-2	ASAP1-2
RASA1-2	RASA1-2
FABP1-2	FABP1-2
CD274-2	CD274-2
LRP5L-2	LRP5L-2
BBS1-2	BBS1-2
RNF103-2	RNF103-2
ARPC1B-2	ARPC1B-2
LGALS4-2	LGALS4-2
HVCN1-2	HVCN1-2
LOXL4-2	LOXL4-2
LONRF2-2	LONRF2-2
PSMC2-2	PSMC2-2
NCR3LG1-2	NCR3LG1-2
C10orf95-2	C10orf95-2
NDEL1-2	NDEL1-2
GBA2-2	GBA2-2
IRF8-2	IRF8-2
PMEL-2	PMEL-2
LSM11-2	LSM11-2
PPP1R7-2	PPP1R7-2
SLC15A4-2	SLC15A4-2
TOPBP1-2	TOPBP1-2
HIST1H3A-2	HIST1H3A-2
CRABP2-2	CRABP2-2
RBBP7-2	RBBP7-2
RFXAP-2	RFXAP-2
ZP3-2	ZP3-2
WASHC5-2	WASHC5-2
ZNF354C-2	ZNF354C-2
ZNF704-2	ZNF704-2
CNKSR1-2	CNKSR1-2
CDC42BPG-2	CDC42BPG-2
N4BP2-2	N4BP2-2
PODXL-2	PODXL-2
CAMSAP2-2	CAMSAP2-2
ZNF296-2	ZNF296-2
CNTRL-2	CNTRL-2
GFPT2-2	GFPT2-2
LFNG-2	LFNG-2
ZNF671-2	ZNF671-2
TPR-2	TPR-2
PCYT2-2	PCYT2-2
BABAM1-2	BABAM1-2
MTX3-2	MTX3-2
SLC6A8-2	SLC6A8-2
PDCD6IP-2	PDCD6IP-2
TMEM189-2	TMEM189-2
PELI1-2	PELI1-2
FAM209A-2	FAM209A-2
RAB2A-2	RAB2A-2
MYD88-2	MYD88-2
P2RX4-2	P2RX4-2
FAM229A-2	FAM229A-2
BRAF-2	BRAF-2
ABAT-2	ABAT-2
TMEM42-2	TMEM42-2
GTPBP3-2	GTPBP3-2
EXT2-2	EXT2-2
SSBP3-2	SSBP3-2
BLOC1S1-2	BLOC1S1-2
PUSL1-2	PUSL1-2
TFAM-2	TFAM-2
TBC1D7-2	TBC1D7-2
SYNC-2	SYNC-2
TSPAN15-2	TSPAN15-2
IFITM3-2	IFITM3-2
ST3GAL4-2	ST3GAL4-2
SLC25A35-2	SLC25A35-2
FANK1-2	FANK1-2
TRMT61A-2	TRMT61A-2
GSTM3-2	GSTM3-2
DEDD2-2	DEDD2-2
ESRRA-2	ESRRA-2
ZNF175-2	ZNF175-2
PSMD2-2	PSMD2-2
TECR-2	TECR-2
BIVM-ERCC5-2	BIVM-ERCC5-2
NAT14-2	NAT14-2
RRS1-2	RRS1-2
CLCN3-2	CLCN3-2
ZFAND3-2	ZFAND3-2
ESAM-2	ESAM-2
AMOT-2	AMOT-2
GPN3-2	GPN3-2
RAD1-2	RAD1-2
ARL6-2	ARL6-2
TTC1-2	TTC1-2
EIF2AK3-2	EIF2AK3-2
DIS3L2-2	DIS3L2-2
ZNF615-2	ZNF615-2
ACOT9-2	ACOT9-2
ARHGAP19-2	ARHGAP19-2
NCOA2-2	NCOA2-2
ERI2-2	ERI2-2
FOXJ2-2	FOXJ2-2
H2AFY-2	H2AFY-2
HEATR5B-2	HEATR5B-2
ANGPT2-2	ANGPT2-2
PSIP1-2	PSIP1-2
ZBED6CL-2	ZBED6CL-2
PGBD4-2	PGBD4-2
NDUFA2-2	NDUFA2-2
MLH3-2	MLH3-2
FAM185A-2	FAM185A-2
ERG-2	ERG-2
UBE3C-2	UBE3C-2
ZNF717-2	ZNF717-2
DLK2-2	DLK2-2
ZNF445-2	ZNF445-2
RPGRIP1L-2	RPGRIP1L-2
ROMO1-2	ROMO1-2
LRP12-2	LRP12-2
ECSIT-2	ECSIT-2
CAMKMT-2	CAMKMT-2
SEM1-2	SEM1-2
EHBP1-2	EHBP1-2
ACTR1A-2	ACTR1A-2
ZNF229-2	ZNF229-2
ZNF438-2	ZNF438-2
CREBZF-2	CREBZF-2
ZNF774-2	ZNF774-2
ZNF808-2	ZNF808-2
HIST1H4C-2	HIST1H4C-2
CASP3-2	CASP3-2
VPREB3-2	VPREB3-2
WDR90-2	WDR90-2
AVIL-2	AVIL-2
SCIMP-2	SCIMP-2
TIMM50-2	TIMM50-2
TMEM109-2	TMEM109-2
BIN2-2	BIN2-2
CSRNP2-2	CSRNP2-2
STK40-2	STK40-2
ZNF425-2	ZNF425-2
ZNF512-2	ZNF512-2
SAMD9-2	SAMD9-2
TCHP-2	TCHP-2
RAD50-2	RAD50-2
IQSEC1-2	IQSEC1-2
NAP1L1-2	NAP1L1-2
LRP6-2	LRP6-2
CHRNE-2	CHRNE-2
CENPU-2	CENPU-2
C14orf93-2	C14orf93-2
SOX5-2	SOX5-2
UTP18-2	UTP18-2
PIM2-2	PIM2-2
EIF4EBP1-2	EIF4EBP1-2
RPAP3-2	RPAP3-2
AKAP7-2	AKAP7-2
IGF2R-2	IGF2R-2
NAA15-2	NAA15-2
CAPRIN2-2	CAPRIN2-2
HEXB-2	HEXB-2
SAMD3-2	SAMD3-2
CPXCR1-2	CPXCR1-2
SLC41A2-2	SLC41A2-2
ARL13A-2	ARL13A-2
ANAPC11-2	ANAPC11-2
GPT2-2	GPT2-2
FHOD1-2	FHOD1-2
SNN-2	SNN-2
SNX19-2	SNX19-2
CLIP1-2	CLIP1-2
SLC23A3-2	SLC23A3-2
MPP7-2	MPP7-2
TIMMDC1-2	TIMMDC1-2
ICAM2-2	ICAM2-2
QSOX2-2	QSOX2-2
ANKRD44-2	ANKRD44-2
SOX10-2	SOX10-2
MTHFSD-2	MTHFSD-2
MRS2-2	MRS2-2
SLC22A3-2	SLC22A3-2
MPP6-2	MPP6-2
GLB1L3-2	GLB1L3-2
EID1-2	EID1-2
BBIP1-2	BBIP1-2
POLE-2	POLE-2
LPCAT3-2	LPCAT3-2
CTDSPL2-2	CTDSPL2-2
BRIX1-2	BRIX1-2
CXCR2-2	CXCR2-2
DNMT1-2	DNMT1-2
YIF1B-2	YIF1B-2
POU3F3-2	POU3F3-2
LGR6-2	LGR6-2
MPHOSPH9-2	MPHOSPH9-2
PRR11-2	PRR11-2
KMT5B-2	KMT5B-2
HERC5-2	HERC5-2
RAB10-2	RAB10-2
TWF1-2	TWF1-2
CWF19L1-2	CWF19L1-2
KLF2-2	KLF2-2
CA10-2	CA10-2
SRSF5-2	SRSF5-2
FERMT3-2	FERMT3-2
UEVLD-2	UEVLD-2
ZMAT2-2	ZMAT2-2
MLST8-2	MLST8-2
ADNP2-2	ADNP2-2
RNF113A-2	RNF113A-2
SRPRB-2	SRPRB-2
GRB2-2	GRB2-2
VEGFA-2	VEGFA-2
ARMH3-2	ARMH3-2
MCM3-2	MCM3-2
UBIAD1-2	UBIAD1-2
DMGDH-2	DMGDH-2
C11orf58-2	C11orf58-2
RHEB-2	RHEB-2
TNKS2-2	TNKS2-2
ZBTB10-2	ZBTB10-2
AFMID-2	AFMID-2
MRPL55-2	MRPL55-2
DUSP28-2	DUSP28-2
ASIC1-2	ASIC1-2
RBM24-2	RBM24-2
MAPKAP1-2	MAPKAP1-2
PSME3-2	PSME3-2
GAREM1-2	GAREM1-2
CDV3-2	CDV3-2
PPP1R14B-2	PPP1R14B-2
SPTSSA-2	SPTSSA-2
UFD1-2	UFD1-2
EIF1-2	EIF1-2
WARS-2	WARS-2
TOPORS-2	TOPORS-2
CDC42-2	CDC42-2
AGPAT4-2	AGPAT4-2
HEMGN-2	HEMGN-2
ATRX-2	ATRX-2
PPP2R3C-2	PPP2R3C-2
PHC2-2	PHC2-2
CERK-2	CERK-2
ID3-2	ID3-2
ZNF28-2	ZNF28-2
C5orf34-2	C5orf34-2
LAPTM4A-2	LAPTM4A-2
SHF-2	SHF-2
FAM98A-2	FAM98A-2
SERTAD2-2	SERTAD2-2
ERGIC3-2	ERGIC3-2
KCNK5-2	KCNK5-2
KRT2-2	KRT2-2
FAM214B-2	FAM214B-2
DYRK4-2	DYRK4-2
PARD6G-2	PARD6G-2
LANCL1-2	LANCL1-2
FAF1-2	FAF1-2
HOXA1-2	HOXA1-2
NEURL4-2	NEURL4-2
BEND5-2	BEND5-2
C9orf40-2	C9orf40-2
C5-2	C5-2
ROCK1-2	ROCK1-2
TCL1A-2	TCL1A-2
PTP4A1-2	PTP4A1-2
B4GALNT3-2	B4GALNT3-2
ABCB10-2	ABCB10-2
ASPRV1-2	ASPRV1-2
GGACT-2	GGACT-2
ZNF34-2	ZNF34-2
SRSF7-2	SRSF7-2
EIF1AD-2	EIF1AD-2
PRPF18-2	PRPF18-2
TNFRSF9-2	TNFRSF9-2
ZNF598-2	ZNF598-2
TAX1BP1-2	TAX1BP1-2
NDRG1-2	NDRG1-2
PRXL2A-2	PRXL2A-2
ZNF433-2	ZNF433-2
COL18A1-2	COL18A1-2
RAB7A-2	RAB7A-2
C9orf72-2	C9orf72-2
TBCA-2	TBCA-2
NACC1-2	NACC1-2
CTSD-2	CTSD-2
ARID2-2	ARID2-2
TBL3-2	TBL3-2
CRACR2A-2	CRACR2A-2
TTLL1-2	TTLL1-2
GNG5-2	GNG5-2
CD82-2	CD82-2
USP46-2	USP46-2
CUX1-2	CUX1-2
RAVER2-2	RAVER2-2
ZNF548-2	ZNF548-2
SPAG7-2	SPAG7-2
IGFLR1-2	IGFLR1-2
ADIPOR2-2	ADIPOR2-2
SLFN11-2	SLFN11-2
EXOG-2	EXOG-2
SMYD2-2	SMYD2-2
KLF1-2	KLF1-2
NCOA6-2	NCOA6-2
CLK3-2	CLK3-2
MVK-2	MVK-2
PPP2R2D-2	PPP2R2D-2
DISC1-2	DISC1-2
PGBD1-2	PGBD1-2
IRF2BPL-2	IRF2BPL-2
PLEKHA3-2	PLEKHA3-2
PSMB10-2	PSMB10-2
KLF12-2	KLF12-2
EGFL7-2	EGFL7-2
CYREN-2	CYREN-2
ZNF385A-2	ZNF385A-2
MRGPRD-2	MRGPRD-2
SFTPB-2	SFTPB-2
SCARB2-2	SCARB2-2
WDR62-2	WDR62-2
DNAL1-2	DNAL1-2
SNIP1-2	SNIP1-2
PIBF1-2	PIBF1-2
VMA21-2	VMA21-2
MTMR11-2	MTMR11-2
MTHFD2L-2	MTHFD2L-2
HMG20B-2	HMG20B-2
IL23R-2	IL23R-2
STOML2-2	STOML2-2
REM2-2	REM2-2
MELK-2	MELK-2
CPSF6-2	CPSF6-2
PPFIA4-2	PPFIA4-2
PDK3-2	PDK3-2
MTAP-2	MTAP-2
NUP37-2	NUP37-2
NXPE3-2	NXPE3-2
PNPT1-2	PNPT1-2
POU2F1-2	POU2F1-2
RBL2-2	RBL2-2
GOLGA7B-2	GOLGA7B-2
HOXB3-2	HOXB3-2
HDAC1-2	HDAC1-2
FGFBP2-2	FGFBP2-2
UHRF1BP1L-2	UHRF1BP1L-2
SLC37A4-2	SLC37A4-2
STAT6-2	STAT6-2
OAZ3-2	OAZ3-2
CBY1-2	CBY1-2
NEK1-2	NEK1-2
TAPBPL-2	TAPBPL-2
FAM234A-2	FAM234A-2
GNB4-2	GNB4-2
PIP4K2A-2	PIP4K2A-2
SF3B6-2	SF3B6-2
ORMDL2-2	ORMDL2-2
TMEM183A-2	TMEM183A-2
G6PC3-2	G6PC3-2
TESMIN-2	TESMIN-2
KLHL6-2	KLHL6-2
ZNF674-2	ZNF674-2
CHD1-2	CHD1-2
EPHA1-2	EPHA1-2
RARS2-2	RARS2-2
NPHP4-2	NPHP4-2
FCER1A-2	FCER1A-2
WNT10B-2	WNT10B-2
CMTM5-2	CMTM5-2
DDX6-2	DDX6-2
E2F6-2	E2F6-2
MACO1-2	MACO1-2
THUMPD2-2	THUMPD2-2
ZFC3H1-2	ZFC3H1-2
PDIA5-2	PDIA5-2
ITGA10-2	ITGA10-2
NDST2-2	NDST2-2
ARID5A-2	ARID5A-2
ITGAL-2	ITGAL-2
SPACA6-2	SPACA6-2
GGA2-2	GGA2-2
ZNF439-2	ZNF439-2
ZFPM1-2	ZFPM1-2
TRIB3-2	TRIB3-2
REEP3-2	REEP3-2
MIIP-2	MIIP-2
PRAP1-2	PRAP1-2
FARSB-2	FARSB-2
PPP3CB-2	PPP3CB-2
IL31-2	IL31-2
KLRK1-2	KLRK1-2
DCAF12-2	DCAF12-2
HIF1AN-2	HIF1AN-2
LMBRD1-2	LMBRD1-2
AUP1-2	AUP1-2
ZDHHC4-2	ZDHHC4-2
DMPK-2	DMPK-2
OXNAD1-2	OXNAD1-2
RAB31-2	RAB31-2
TRIP12-2	TRIP12-2
IRAK2-2	IRAK2-2
SOX8-2	SOX8-2
NDUFB9-2	NDUFB9-2
NR2E1-2	NR2E1-2
SOCS4-2	SOCS4-2
SELENOS-2	SELENOS-2
DNAJC21-2	DNAJC21-2
SNRPD3-2	SNRPD3-2
GPKOW-2	GPKOW-2
DDX3X-2	DDX3X-2
PHEX-2	PHEX-2
FOXN4-2	FOXN4-2
HIST1H4F-2	HIST1H4F-2
SCML2-2	SCML2-2
ADAM9-2	ADAM9-2
PEX11A-2	PEX11A-2
HDHD3-2	HDHD3-2
ZNF621-2	ZNF621-2
NTRK2-2	NTRK2-2
MAPKBP1-2	MAPKBP1-2
TMEM9-2	TMEM9-2
EPG5-2	EPG5-2
UGP2-2	UGP2-2
SFXN5-2	SFXN5-2
CLIC5-2	CLIC5-2
SLC22A23-2	SLC22A23-2
CNTNAP1-2	CNTNAP1-2
STON2-2	STON2-2
PGS1-2	PGS1-2
RBM4B-2	RBM4B-2
RRP15-2	RRP15-2
ATF7-2	ATF7-2
ZMAT3-2	ZMAT3-2
TIGD4-2	TIGD4-2
ICE1-2	ICE1-2
ADAM22-2	ADAM22-2
UTP15-2	UTP15-2
PPIE-2	PPIE-2
REXO4-2	REXO4-2
PCED1B-2	PCED1B-2
AKAP13-2	AKAP13-2
ACTG1-2	ACTG1-2
SORL1-2	SORL1-2
SPATA5-2	SPATA5-2
EWSR1-2	EWSR1-2
CCDC126-2	CCDC126-2
CHD7-2	CHD7-2
TRIB1-2	TRIB1-2
NME7-2	NME7-2
TRIM68-2	TRIM68-2
C17orf53-2	C17orf53-2
RAB1B-2	RAB1B-2
HHLA3-2	HHLA3-2
FBXL15-2	FBXL15-2
MX2-2	MX2-2
GCNA-2	GCNA-2
LARP7-2	LARP7-2
DGCR2-2	DGCR2-2
MYO1E-2	MYO1E-2
GNLY-2	GNLY-2
TACC3-2	TACC3-2
POU4F1-2	POU4F1-2
RANGAP1-2	RANGAP1-2
RPS24-2	RPS24-2
MED10-2	MED10-2
BSPRY-2	BSPRY-2
GYPE-2	GYPE-2
MIOS-2	MIOS-2
PLEKHA2-2	PLEKHA2-2
FSD1L-2	FSD1L-2
GCSAM-2	GCSAM-2
PSMD3-2	PSMD3-2
PRKCI-2	PRKCI-2
SLC35B3-2	SLC35B3-2
SUGP1-2	SUGP1-2
CNIH2-2	CNIH2-2
BAZ2B-2	BAZ2B-2
NCK1-2	NCK1-2
FAR2-2	FAR2-2
RAB33B-2	RAB33B-2
PRPF40A-2	PRPF40A-2
NUDT2-2	NUDT2-2
CHST15-2	CHST15-2
NUP210-2	NUP210-2
IFT43-2	IFT43-2
SNX3-2	SNX3-2
RPS5-2	RPS5-2
COPS3-2	COPS3-2
MAPK1-2	MAPK1-2
MAF-2	MAF-2
MED17-2	MED17-2
EDN3-2	EDN3-2
ZNF561-2	ZNF561-2
LYPLA1-2	LYPLA1-2
C1orf115-2	C1orf115-2
TNFRSF10D-2	TNFRSF10D-2
PVR-2	PVR-2
MVP-2	MVP-2
PKM-2	PKM-2
WSB1-2	WSB1-2
SIX6-2	SIX6-2
ORAI1-2	ORAI1-2
DNAJC5-2	DNAJC5-2
STARD4-2	STARD4-2
TGS1-2	TGS1-2
PURG-2	PURG-2
SHC1-2	SHC1-2
RGS19-2	RGS19-2
MMADHC-2	MMADHC-2
ACTN1-2	ACTN1-2
P2RX5-2	P2RX5-2
BAZ2A-2	BAZ2A-2
ERO1B-2	ERO1B-2
TRMT11-2	TRMT11-2
STIL-2	STIL-2
POMT2-2	POMT2-2
DNMT3B-2	DNMT3B-2
PDPK1-2	PDPK1-2
NEIL3-2	NEIL3-2
SLC25A51-2	SLC25A51-2
CLASRP-2	CLASRP-2
FMNL1-2	FMNL1-2
DUSP5-2	DUSP5-2
DNAJC13-2	DNAJC13-2
PAX2-2	PAX2-2
TMEM237-2	TMEM237-2
FASTKD2-2	FASTKD2-2
PI4K2A-2	PI4K2A-2
HTATIP2-2	HTATIP2-2
SH2D3C-2	SH2D3C-2
TRUB1-2	TRUB1-2
URM1-2	URM1-2
DDIAS-2	DDIAS-2
SLC26A6-2	SLC26A6-2
DTX3-2	DTX3-2
EIF4G3-2	EIF4G3-2
RUSC1-2	RUSC1-2
ZNF500-2	ZNF500-2
ICAM1-2	ICAM1-2
MBD4-2	MBD4-2
AMD1-2	AMD1-2
EIF4G1-2	EIF4G1-2
CTDSP1-2	CTDSP1-2
PLA2G4C-2	PLA2G4C-2
SSBP2-2	SSBP2-2
ADRM1-2	ADRM1-2
TEAD1-2	TEAD1-2
RBMS3-2	RBMS3-2
GDF9-2	GDF9-2
QDPR-2	QDPR-2
STAT3-2	STAT3-2
ERP29-2	ERP29-2
ZNF317-2	ZNF317-2
C19orf47-2	C19orf47-2
SIPA1L1-2	SIPA1L1-2
PROSER3-2	PROSER3-2
HPS3-2	HPS3-2
BST1-2	BST1-2
MAN2B2-2	MAN2B2-2
CEP19-2	CEP19-2
INPP5E-2	INPP5E-2
IQGAP3-2	IQGAP3-2
PCBP1-2	PCBP1-2
LRP11-2	LRP11-2
RSPH3-2	RSPH3-2
ZNF274-2	ZNF274-2
MEIS2-2	MEIS2-2
EXPH5-2	EXPH5-2
CD79A-2	CD79A-2
ARHGEF39-2	ARHGEF39-2
CTSF-2	CTSF-2
GINS3-2	GINS3-2
ATP7A-2	ATP7A-2
GALK1-2	GALK1-2
ARID3B-2	ARID3B-2
SEL1L-2	SEL1L-2
FUNDC1-2	FUNDC1-2
SMARCC2-2	SMARCC2-2
ZNF341-2	ZNF341-2
ZNF839-2	ZNF839-2
CARD9-2	CARD9-2
PMS2-2	PMS2-2
HOXC13-2	HOXC13-2
ZMYM1-2	ZMYM1-2
OTUD4-2	OTUD4-2
ZNF678-2	ZNF678-2
UNKL-2	UNKL-2
FAM200B-2	FAM200B-2
YRDC-2	YRDC-2
SOX12-2	SOX12-2
ACVR1-2	ACVR1-2
FBXL17-2	FBXL17-2
XKRX-2	XKRX-2
ZFP30-2	ZFP30-2
ACP5-2	ACP5-2
SCO2-2	SCO2-2
HCLS1-2	HCLS1-2
MMP25-2	MMP25-2
MTMR2-2	MTMR2-2
NKX1-1-2	NKX1-1-2
PRKAR1A-2	PRKAR1A-2
BAHD1-2	BAHD1-2
HIST1H1E-2	HIST1H1E-2
MAT2B-2	MAT2B-2
ABCD1-2	ABCD1-2
P2RY10-2	P2RY10-2
EIF2S2-2	EIF2S2-2
FBLN5-2	FBLN5-2
HNRNPA3-2	HNRNPA3-2
ARL5A-2	ARL5A-2
TOMM40L-2	TOMM40L-2
MAP3K21-2	MAP3K21-2
HARS2-2	HARS2-2
CARM1-2	CARM1-2
CPD-2	CPD-2
ACAP2-2	ACAP2-2
TMEM179B-2	TMEM179B-2
SYVN1-2	SYVN1-2
CCNI-2	CCNI-2
DDRGK1-2	DDRGK1-2
NOC4L-2	NOC4L-2
NKX2-4-2	NKX2-4-2
TGFBR3-2	TGFBR3-2
RFNG-2	RFNG-2
DTX3L-2	DTX3L-2
ACIN1-2	ACIN1-2
TERF2-2	TERF2-2
GLIS3-2	GLIS3-2
TNRC6C-2	TNRC6C-2
DTD2-2	DTD2-2
YEATS4-2	YEATS4-2
MARK3-2	MARK3-2
SLC25A15-2	SLC25A15-2
ZNF746-2	ZNF746-2
GPSM1-2	GPSM1-2
PPP1R15B-2	PPP1R15B-2
TENT2-2	TENT2-2
URI1-2	URI1-2
TMEM8B-2	TMEM8B-2
DIXDC1-2	DIXDC1-2
PARP8-2	PARP8-2
ZNF816-2	ZNF816-2
CALU-2	CALU-2
UTP23-2	UTP23-2
FANCF-2	FANCF-2
CASC4-2	CASC4-2
CCSAP-2	CCSAP-2
NDUFS3-2	NDUFS3-2
PRKCE-2	PRKCE-2
BNIPL-2	BNIPL-2
LYL1-2	LYL1-2
SART1-2	SART1-2
SEPT8-2	SEPT8-2
KIAA2026-2	KIAA2026-2
CHCHD7-2	CHCHD7-2
ZNF584-2	ZNF584-2
TEX2-2	TEX2-2
EIF2B4-2	EIF2B4-2
IGFBP3-2	IGFBP3-2
TSHZ1-2	TSHZ1-2
ANXA5-2	ANXA5-2
CIART-2	CIART-2
CLSTN1-2	CLSTN1-2
ACADS-2	ACADS-2
NAB2-2	NAB2-2
MRPL50-2	MRPL50-2
IL27RA-2	IL27RA-2
MTX2-2	MTX2-2
PRDM2-2	PRDM2-2
TEN1-2	TEN1-2
TBC1D9B-2	TBC1D9B-2
FBXO45-2	FBXO45-2
RB1CC1-2	RB1CC1-2
FCER1G-2	FCER1G-2
WDR36-2	WDR36-2
LPCAT1-2	LPCAT1-2
WDR25-2	WDR25-2
FAM50A-2	FAM50A-2
LAMA5-2	LAMA5-2
SDAD1-2	SDAD1-2
ZNF101-2	ZNF101-2
PIR-2	PIR-2
MAP2K5-2	MAP2K5-2
ZNF329-2	ZNF329-2
GPR52-2	GPR52-2
KLHL21-2	KLHL21-2
TBX20-2	TBX20-2
ADGRV1-2	ADGRV1-2
GATA1-2	GATA1-2
RPL32-2	RPL32-2
AHCYL1-2	AHCYL1-2
DDX58-2	DDX58-2
GLRX5-2	GLRX5-2
FAM110C-2	FAM110C-2
ATP6V1C2-2	ATP6V1C2-2
IL4-2	IL4-2
VKORC1L1-2	VKORC1L1-2
TNFSF9-2	TNFSF9-2
HBEGF-2	HBEGF-2
SHCBP1-2	SHCBP1-2
WWC3-2	WWC3-2
NUDT19-2	NUDT19-2
SP2-2	SP2-2
RWDD1-2	RWDD1-2
FZR1-2	FZR1-2
LRG1-2	LRG1-2
IFFO1-2	IFFO1-2
TSSC4-2	TSSC4-2
NBL1-2	NBL1-2
SHMT2-2	SHMT2-2
NKX3-1-2	NKX3-1-2
LLGL1-2	LLGL1-2
SLC16A1-2	SLC16A1-2
MED6-2	MED6-2
CHMP6-2	CHMP6-2
TSPAN4-2	TSPAN4-2
ZNF714-2	ZNF714-2
NANOGNB-2	NANOGNB-2
ZBTB49-2	ZBTB49-2
ACTR3C-2	ACTR3C-2
SS18L1-2	SS18L1-2
SULT1A1-2	SULT1A1-2
OVGP1-2	OVGP1-2
IGFBP2-2	IGFBP2-2
KIF16B-2	KIF16B-2
TRAPPC8-2	TRAPPC8-2
SERP1-2	SERP1-2
SETMAR-2	SETMAR-2
ACP6-2	ACP6-2
SNTB1-2	SNTB1-2
HOXB7-2	HOXB7-2
MCEE-2	MCEE-2
NDUFB3-2	NDUFB3-2
ANKRD10-2	ANKRD10-2
SASH1-2	SASH1-2
ADGRL1-2	ADGRL1-2
MSMO1-2	MSMO1-2
ZNF747-2	ZNF747-2
PRDX2-2	PRDX2-2
VPS16-2	VPS16-2
SHPK-2	SHPK-2
TEX30-2	TEX30-2
MTERF3-2	MTERF3-2
DIAPH1-2	DIAPH1-2
JADE1-2	JADE1-2
CNKSR2-2	CNKSR2-2
TMEM120B-2	TMEM120B-2
ZNF442-2	ZNF442-2
SRFBP1-2	SRFBP1-2
PPBP-2	PPBP-2
QPCT-2	QPCT-2
CCDC137-2	CCDC137-2
TUBA8-2	TUBA8-2
RAC1-2	RAC1-2
YIPF5-2	YIPF5-2
PLA2G15-2	PLA2G15-2
SRBD1-2	SRBD1-2
KCTD10-2	KCTD10-2
GPRC5B-2	GPRC5B-2
ZFYVE26-2	ZFYVE26-2
BCAT1-2	BCAT1-2
OSBPL5-2	OSBPL5-2
CCDC91-2	CCDC91-2
SPATA6L-2	SPATA6L-2
STX6-2	STX6-2
TPGS1-2	TPGS1-2
SMARCE1-2	SMARCE1-2
CPXM1-2	CPXM1-2
ADAP1-2	ADAP1-2
TOP3B-2	TOP3B-2
NOL8-2	NOL8-2
WNK1-2	WNK1-2
MLXIPL-2	MLXIPL-2
MOCS1-2	MOCS1-2
KLK1-2	KLK1-2
AUH-2	AUH-2
MPST-2	MPST-2
CLN5-2	CLN5-2
GNAI2-2	GNAI2-2
SNRPC-2	SNRPC-2
OVOL2-2	OVOL2-2
CUBN-2	CUBN-2
RAB6B-2	RAB6B-2
HOXC9-2	HOXC9-2
RAB23-2	RAB23-2
IFNGR2-2	IFNGR2-2
BEX4-2	BEX4-2
ATP6V1A-2	ATP6V1A-2
INPP1-2	INPP1-2
CD55-2	CD55-2
ST14-2	ST14-2
MCF2L-2	MCF2L-2
PUDP-2	PUDP-2
CD48-2	CD48-2
SP110-2	SP110-2
TMEM44-2	TMEM44-2
TBP-2	TBP-2
LIN52-2	LIN52-2
C6orf203-2	C6orf203-2
SLAMF6-2	SLAMF6-2
STPG1-2	STPG1-2
HNRNPLL-2	HNRNPLL-2
ILVBL-2	ILVBL-2
PNRC2-2	PNRC2-2
SNRNP40-2	SNRNP40-2
CCDC71-2	CCDC71-2
THY1-2	THY1-2
RYR1-2	RYR1-2
DDX20-2	DDX20-2
MSRB2-2	MSRB2-2
COMT-2	COMT-2
GPRC5A-2	GPRC5A-2
MTHFD2-2	MTHFD2-2
NEMF-2	NEMF-2
DYNC1I2-2	DYNC1I2-2
MT1F-2	MT1F-2
MRPL58-2	MRPL58-2
EXD3-2	EXD3-2
VRK2-2	VRK2-2
RCHY1-2	RCHY1-2
FAM126A-2	FAM126A-2
MYO3B-2	MYO3B-2
AMY2B-2	AMY2B-2
PDE8A-2	PDE8A-2
FAM122C-2	FAM122C-2
SRSF8-2	SRSF8-2
PGLYRP1-2	PGLYRP1-2
TMCC1-2	TMCC1-2
MAP3K6-2	MAP3K6-2
AFTPH-2	AFTPH-2
CPEB2-2	CPEB2-2
CDKN1B-2	CDKN1B-2
NFS1-2	NFS1-2
MRPL27-2	MRPL27-2
SETD1B-2	SETD1B-2
SREK1-2	SREK1-2
SCRT2-2	SCRT2-2
NDUFAF4-2	NDUFAF4-2
NCKAP5L-2	NCKAP5L-2
BOLA1-2	BOLA1-2
HESX1-2	HESX1-2
HFE-2	HFE-2
PPP1R14C-2	PPP1R14C-2
POFUT2-2	POFUT2-2
BRI3BP-2	BRI3BP-2
HNRNPC-2	HNRNPC-2
CGGBP1-2	CGGBP1-2
MED7-2	MED7-2
ZNRF1-2	ZNRF1-2
CORO1B-2	CORO1B-2
BTBD3-2	BTBD3-2
TRIM21-2	TRIM21-2
AQP1-2	AQP1-2
ACAA2-2	ACAA2-2
MRPL46-2	MRPL46-2
RBBP6-2	RBBP6-2
NAXE-2	NAXE-2
SLC30A5-2	SLC30A5-2
AMFR-2	AMFR-2
MZT1-2	MZT1-2
TRIM32-2	TRIM32-2
ZBTB44-2	ZBTB44-2
AGBL2-2	AGBL2-2
PRMT7-2	PRMT7-2
GAN-2	GAN-2
PDE7A-2	PDE7A-2
VASP-2	VASP-2
PAFAH1B1-2	PAFAH1B1-2
MS4A7-2	MS4A7-2
SLC2A1-2	SLC2A1-2
MTMR4-2	MTMR4-2
PLGRKT-2	PLGRKT-2
FAM171A1-2	FAM171A1-2
STX1B-2	STX1B-2
MACROD1-2	MACROD1-2
KLHDC8B-2	KLHDC8B-2
SLC15A3-2	SLC15A3-2
NUAK1-2	NUAK1-2
ILKAP-2	ILKAP-2
ALPL-2	ALPL-2
PATL2-2	PATL2-2
DNAJC1-2	DNAJC1-2
METTL6-2	METTL6-2
TBC1D14-2	TBC1D14-2
ZNF71-2	ZNF71-2
CTBS-2	CTBS-2
SELP-2	SELP-2
ZNF587-2	ZNF587-2
POLL-2	POLL-2
RGS2-2	RGS2-2
TTC5-2	TTC5-2
LNP1-2	LNP1-2
CARD6-2	CARD6-2
IL17RA-2	IL17RA-2
GMEB2-2	GMEB2-2
FBXL4-2	FBXL4-2
TGDS-2	TGDS-2
MAN1B1-2	MAN1B1-2
CSTB-2	CSTB-2
UBE2C-2	UBE2C-2
URGCP-2	URGCP-2
SOX4-2	SOX4-2
SLC27A1-2	SLC27A1-2
GSX2-2	GSX2-2
NOL9-2	NOL9-2
CENPH-2	CENPH-2
DGLUCY-2	DGLUCY-2
TUBA4A-2	TUBA4A-2
TEP1-2	TEP1-2
CPPED1-2	CPPED1-2
TCF21-2	TCF21-2
MUC1-2	MUC1-2
B4GALNT1-2	B4GALNT1-2
SPICE1-2	SPICE1-2
PLD2-2	PLD2-2
ZNF24-2	ZNF24-2
SNAI1-2	SNAI1-2
MYB-2	MYB-2
TLX2-2	TLX2-2
FXR2-2	FXR2-2
ANKRD40-2	ANKRD40-2
WDR19-2	WDR19-2
OGFRL1-2	OGFRL1-2
ZNF45-2	ZNF45-2
NFXL1-2	NFXL1-2
ASB3-2	ASB3-2
MPG-2	MPG-2
LLGL2-2	LLGL2-2
DNAJB1-2	DNAJB1-2
ZG16-2	ZG16-2
APTX-2	APTX-2
TWIST1-2	TWIST1-2
HEATR3-2	HEATR3-2
RALY-2	RALY-2
EXOSC4-2	EXOSC4-2
CKAP4-2	CKAP4-2
UGDH-2	UGDH-2
ZC3HC1-2	ZC3HC1-2
RPAIN-2	RPAIN-2
SLC22A17-2	SLC22A17-2
RFPL2-2	RFPL2-2
RIPK2-2	RIPK2-2
SLC17A5-2	SLC17A5-2
ZNF7-2	ZNF7-2
FHL1-2	FHL1-2
ZDBF2-2	ZDBF2-2
CPSF2-2	CPSF2-2
PIGX-2	PIGX-2
TGFB3-2	TGFB3-2
NPRL2-2	NPRL2-2
AVPR2-2	AVPR2-2
LDLRAD4-2	LDLRAD4-2
SLMAP-2	SLMAP-2
IL36RN-2	IL36RN-2
ATF2-2	ATF2-2
FUBP1-2	FUBP1-2
NXF1-2	NXF1-2
EMC1-2	EMC1-2
LGALS1-2	LGALS1-2
SPATA25-2	SPATA25-2
ITPRIPL2-2	ITPRIPL2-2
MRPL40-2	MRPL40-2
ARRDC3-2	ARRDC3-2
EGR2-2	EGR2-2
HIST2H3D-2	HIST2H3D-2
NIFK-2	NIFK-2
TOB2-2	TOB2-2
ASCL3-2	ASCL3-2
LRRC42-2	LRRC42-2
ABHD13-2	ABHD13-2
ZBTB8OS-2	ZBTB8OS-2
NDFIP2-2	NDFIP2-2
TIA1-2	TIA1-2
ZNF37A-2	ZNF37A-2
RAB20-2	RAB20-2
AARS2-2	AARS2-2
UCP2-2	UCP2-2
DCP2-2	DCP2-2
TRIM37-2	TRIM37-2
MAGED2-2	MAGED2-2
ZC3H8-2	ZC3H8-2
DKK3-2	DKK3-2
ABTB1-2	ABTB1-2
SESN1-2	SESN1-2
ANAPC15-2	ANAPC15-2
CCNT1-2	CCNT1-2
IDH1-2	IDH1-2
STK17B-2	STK17B-2
PMAIP1-2	PMAIP1-2
NPIPB15-2	NPIPB15-2
ZZEF1-2	ZZEF1-2
KXD1-2	KXD1-2
VAC14-2	VAC14-2
TMED10-2	TMED10-2
NR2C2AP-2	NR2C2AP-2
TRAPPC2-2	TRAPPC2-2
CCNC-2	CCNC-2
PIP4P1-2	PIP4P1-2
YTHDF3-2	YTHDF3-2
NMD3-2	NMD3-2
SIT1-2	SIT1-2
POLR3C-2	POLR3C-2
ANKLE1-2	ANKLE1-2
WAS-2	WAS-2
POP1-2	POP1-2
MKKS-2	MKKS-2
PRDX6-2	PRDX6-2
NEMP1-2	NEMP1-2
IL1RAP-2	IL1RAP-2
ZNF596-2	ZNF596-2
CD300LF-2	CD300LF-2
THBS3-2	THBS3-2
ENDOD1-2	ENDOD1-2
FAM222B-2	FAM222B-2
MYADM-2	MYADM-2
ZNF699-2	ZNF699-2
ZIC1-2	ZIC1-2
CTDSPL-2	CTDSPL-2
MTMR3-2	MTMR3-2
COMMD9-2	COMMD9-2
FOXP2-2	FOXP2-2
LRIF1-2	LRIF1-2
ATP5PB-2	ATP5PB-2
KDM1B-2	KDM1B-2
RNF122-2	RNF122-2
CBFA2T2-2	CBFA2T2-2
GPATCH2-2	GPATCH2-2
CEP95-2	CEP95-2
PIGK-2	PIGK-2
MSH3-2	MSH3-2
CEP112-2	CEP112-2
CCNH-2	CCNH-2
CCDC174-2	CCDC174-2
APOA1-2	APOA1-2
TMEM170B-2	TMEM170B-2
C19orf73-2	C19orf73-2
ARL4A-2	ARL4A-2
CCND3-2	CCND3-2
GTF2H5-2	GTF2H5-2
KIFAP3-2	KIFAP3-2
PAPSS2-2	PAPSS2-2
GTF3C2-2	GTF3C2-2
CXCL10-2	CXCL10-2
PLPP5-2	PLPP5-2
PCNX3-2	PCNX3-2
ABHD2-2	ABHD2-2
ZNF225-2	ZNF225-2
HKR1-2	HKR1-2
SNX29-2	SNX29-2
SEC14L1-2	SEC14L1-2
AFF2-2	AFF2-2
ARMC7-2	ARMC7-2
NHP2-2	NHP2-2
RNF125-2	RNF125-2
RARS-2	RARS-2
ATP11A-2	ATP11A-2
KCTD11-2	KCTD11-2
STAB1-2	STAB1-2
POLE2-2	POLE2-2
TBX15-2	TBX15-2
LEO1-2	LEO1-2
COX14-2	COX14-2
DCBLD2-2	DCBLD2-2
MMP24-2	MMP24-2
CCDC57-2	CCDC57-2
BBS2-2	BBS2-2
MPP5-2	MPP5-2
HMGN5-2	HMGN5-2
FAM43A-2	FAM43A-2
SDHAF3-2	SDHAF3-2
COX17-2	COX17-2
ERRFI1-2	ERRFI1-2
EFHD1-2	EFHD1-2
NCAPG2-2	NCAPG2-2
LSM14B-2	LSM14B-2
PIM3-2	PIM3-2
UQCRC1-2	UQCRC1-2
YY1AP1-2	YY1AP1-2
WNT16-2	WNT16-2
MARCH6-2	MARCH6-2
ZMAT5-2	ZMAT5-2
SGSM3-2	SGSM3-2
PDZD2-2	PDZD2-2
PRDM5-2	PRDM5-2
VWA5A-2	VWA5A-2
ISG15-2	ISG15-2
CAPG-2	CAPG-2
RIOK3-2	RIOK3-2
ZNF213-2	ZNF213-2
ADAM28-2	ADAM28-2
TJP2-2	TJP2-2
OCIAD2-2	OCIAD2-2
ZNF143-2	ZNF143-2
PIGC-2	PIGC-2
HSPD1-2	HSPD1-2
LRFN4-2	LRFN4-2
C1orf123-2	C1orf123-2
DENR-2	DENR-2
FBXL20-2	FBXL20-2
THEMIS2-2	THEMIS2-2
POMT1-2	POMT1-2
ARMC1-2	ARMC1-2
WDR41-2	WDR41-2
TP53-2	TP53-2
SHQ1-2	SHQ1-2
AZIN2-2	AZIN2-2
ARIH1-2	ARIH1-2
RAB11FIP2-2	RAB11FIP2-2
PDK1-2	PDK1-2
COX5A-2	COX5A-2
CITED2-2	CITED2-2
PDSS2-2	PDSS2-2
RPA1-2	RPA1-2
PIP5K1C-2	PIP5K1C-2
ZNF302-2	ZNF302-2
KMT2E-2	KMT2E-2
MRPS18A-2	MRPS18A-2
NAIF1-2	NAIF1-2
FCGR3A-2	FCGR3A-2
NIN-2	NIN-2
ZNF830-2	ZNF830-2
TCERG1-2	TCERG1-2
CDC27-2	CDC27-2
TTC7B-2	TTC7B-2
TNFSF4-2	TNFSF4-2
TP53RK-2	TP53RK-2
YTHDC2-2	YTHDC2-2
CCNA2-2	CCNA2-2
ZNF576-2	ZNF576-2
DNAH2-2	DNAH2-2
ZDHHC3-2	ZDHHC3-2
ZNF14-2	ZNF14-2
CPOX-2	CPOX-2
ARG2-2	ARG2-2
PXYLP1-2	PXYLP1-2
GAR1-2	GAR1-2
TRIM24-2	TRIM24-2
AAMP-2	AAMP-2
ASPH-2	ASPH-2
ZNF844-2	ZNF844-2
MRPL35-2	MRPL35-2
HDGFL2-2	HDGFL2-2
ZFP92-2	ZFP92-2
UBA7-2	UBA7-2
HELLS-2	HELLS-2
N4BP2L2-2	N4BP2L2-2
CYB5D1-2	CYB5D1-2
HECW2-2	HECW2-2
YOD1-2	YOD1-2
FBF1-2	FBF1-2
LZTS1-2	LZTS1-2
PPARGC1B-2	PPARGC1B-2
CENPV-2	CENPV-2
JUND-2	JUND-2
ZNF334-2	ZNF334-2
TBX6-2	TBX6-2
NR1I2-2	NR1I2-2
CPT1B-2	CPT1B-2
GALK2-2	GALK2-2
RELT-2	RELT-2
MAGEE1-2	MAGEE1-2
BBC3-2	BBC3-2
DCUN1D3-2	DCUN1D3-2
IMPA2-2	IMPA2-2
HDAC4-2	HDAC4-2
PLCB2-2	PLCB2-2
PPP1CA-2	PPP1CA-2
EIF2AK2-2	EIF2AK2-2
TTBK2-2	TTBK2-2
C7orf26-2	C7orf26-2
GRHPR-2	GRHPR-2
ZNF184-2	ZNF184-2
RAB4A-2	RAB4A-2
SUCO-2	SUCO-2
RSAD2-2	RSAD2-2
TMEM168-2	TMEM168-2
ING4-2	ING4-2
C2CD3-2	C2CD3-2
ATP5PO-2	ATP5PO-2
DTX4-2	DTX4-2
DOCK10-2	DOCK10-2
ETFB-2	ETFB-2
ZNF813-2	ZNF813-2
MTFP1-2	MTFP1-2
FCRL3-2	FCRL3-2
DLEC1-2	DLEC1-2
TNFRSF4-2	TNFRSF4-2
ETS2-2	ETS2-2
WDR34-2	WDR34-2
GALNS-2	GALNS-2
RNASET2-2	RNASET2-2
SLC20A1-2	SLC20A1-2
ABTB2-2	ABTB2-2
LCOR-2	LCOR-2
LSR-2	LSR-2
UBE3D-2	UBE3D-2
PITRM1-2	PITRM1-2
POFUT1-2	POFUT1-2
GLMP-2	GLMP-2
DUSP23-2	DUSP23-2
S100A9-2	S100A9-2
METAP2-2	METAP2-2
ZNF287-2	ZNF287-2
SUMF1-2	SUMF1-2
STATH-2	STATH-2
ENTPD4-2	ENTPD4-2
UBA5-2	UBA5-2
TXNL4B-2	TXNL4B-2
MCL1-2	MCL1-2
RALGPS2-2	RALGPS2-2
PUM1-2	PUM1-2
IFT57-2	IFT57-2
DDA1-2	DDA1-2
LAS1L-2	LAS1L-2
C1orf21-2	C1orf21-2
ATG16L1-2	ATG16L1-2
KLHDC3-2	KLHDC3-2
C12orf75-2	C12orf75-2
TREM1-2	TREM1-2
ZNF578-2	ZNF578-2
FUBP3-2	FUBP3-2
AKAP11-2	AKAP11-2
FEZF1-2	FEZF1-2
HBB-2	HBB-2
COX19-2	COX19-2
UBE2V1-2	UBE2V1-2
STAP2-2	STAP2-2
SEMA5A-2	SEMA5A-2
TEX12-2	TEX12-2
CHAF1A-2	CHAF1A-2
C19orf54-2	C19orf54-2
PIP4K2C-2	PIP4K2C-2
LRRN3-2	LRRN3-2
RAPH1-2	RAPH1-2
GPS2-2	GPS2-2
SIGIRR-2	SIGIRR-2
CCDC84-2	CCDC84-2
IPPK-2	IPPK-2
EFL1-2	EFL1-2
ASCL1-2	ASCL1-2
NSRP1-2	NSRP1-2
TMF1-2	TMF1-2
RPL37A-2	RPL37A-2
RPS4X-2	RPS4X-2
TBX21-2	TBX21-2
HOXD8-2	HOXD8-2
PXMP4-2	PXMP4-2
C15orf62-2	C15orf62-2
C1orf54-2	C1orf54-2
MRPL16-2	MRPL16-2
COMMD10-2	COMMD10-2
STK32C-2	STK32C-2
AMIGO1-2	AMIGO1-2
ZIK1-2	ZIK1-2
RAB34-2	RAB34-2
TECPR2-2	TECPR2-2
MARCH5-2	MARCH5-2
TRIM11-2	TRIM11-2
C8orf33-2	C8orf33-2
CCDC15-2	CCDC15-2
TUFT1-2	TUFT1-2
ARPC2-2	ARPC2-2
RPL18-2	RPL18-2
NRG2-2	NRG2-2
ZBTB47-2	ZBTB47-2
PPP5C-2	PPP5C-2
ITGB3-2	ITGB3-2
SETD7-2	SETD7-2
ZIM3-2	ZIM3-2
WDFY1-2	WDFY1-2
CLYBL-2	CLYBL-2
ZNF501-2	ZNF501-2
SF3B5-2	SF3B5-2
OPA1-2	OPA1-2
LACTB-2	LACTB-2
JMY-2	JMY-2
FAM199X-2	FAM199X-2
LETMD1-2	LETMD1-2
RAP2C-2	RAP2C-2
PRPF6-2	PRPF6-2
ZNF280C-2	ZNF280C-2
FCGR3B-2	FCGR3B-2
USP54-2	USP54-2
FOXF1-2	FOXF1-2
ZNF107-2	ZNF107-2
ATP8B1-2	ATP8B1-2
AGAP1-2	AGAP1-2
VDAC3-2	VDAC3-2
U2AF2-2	U2AF2-2
REXO5-2	REXO5-2
TOR3A-2	TOR3A-2
DEPDC5-2	DEPDC5-2
RGS9-2	RGS9-2
FKBP1B-2	FKBP1B-2
AOAH-2	AOAH-2
RASSF2-2	RASSF2-2
ENTPD1-2	ENTPD1-2
PIN4-2	PIN4-2
SMC2-2	SMC2-2
ALG2-2	ALG2-2
HINT2-2	HINT2-2
EIF3B-2	EIF3B-2
BLVRA-2	BLVRA-2
SLC25A38-2	SLC25A38-2
TRMT10B-2	TRMT10B-2
SEMA7A-2	SEMA7A-2
PDPR-2	PDPR-2
RRM1-2	RRM1-2
ZIC2-2	ZIC2-2
TFDP3-2	TFDP3-2
TMBIM4-2	TMBIM4-2
PALD1-2	PALD1-2
RNF38-2	RNF38-2
HSCB-2	HSCB-2
PAQR8-2	PAQR8-2
TMOD3-2	TMOD3-2
CYP2E1-2	CYP2E1-2
CXCL2-2	CXCL2-2
MTSS1L-2	MTSS1L-2
USP39-2	USP39-2
UQCC3-2	UQCC3-2
PPP2R1A-2	PPP2R1A-2
PPP1R14A-2	PPP1R14A-2
METTL16-2	METTL16-2
AIM2-2	AIM2-2
SFMBT1-2	SFMBT1-2
NHLRC2-2	NHLRC2-2
ARPC5-2	ARPC5-2
HIGD2A-2	HIGD2A-2
SLC25A23-2	SLC25A23-2
POLRMT-2	POLRMT-2
FAM153B-2	FAM153B-2
KCNMB3-2	KCNMB3-2
ZKSCAN7-2	ZKSCAN7-2
RPL11-2	RPL11-2
ADCY9-2	ADCY9-2
S100A2-2	S100A2-2
SLC26A4-2	SLC26A4-2
TM9SF2-2	TM9SF2-2
PPIL1-2	PPIL1-2
APOBR-2	APOBR-2
NEFL-2	NEFL-2
ACBD3-2	ACBD3-2
PIK3C2A-2	PIK3C2A-2
RPP30-2	RPP30-2
TSC22D3-2	TSC22D3-2
HIST1H2BE-2	HIST1H2BE-2
AIFM2-2	AIFM2-2
ZNF84-2	ZNF84-2
TCFL5-2	TCFL5-2
C19orf25-2	C19orf25-2
SFSWAP-2	SFSWAP-2
ITGA3-2	ITGA3-2
MLLT11-2	MLLT11-2
DELE1-2	DELE1-2
ORAI3-2	ORAI3-2
MBLAC1-2	MBLAC1-2
CENPN-2	CENPN-2
EAF1-2	EAF1-2
DLX1-2	DLX1-2
GAS6-2	GAS6-2
TNFRSF1A-2	TNFRSF1A-2
CD83-2	CD83-2
TRMU-2	TRMU-2
TBC1D24-2	TBC1D24-2
RECK-2	RECK-2
CCDC122-2	CCDC122-2
SMIM12-2	SMIM12-2
ADHFE1-2	ADHFE1-2
SETX-2	SETX-2
NEK8-2	NEK8-2
PSMA4-2	PSMA4-2
HOXB13-2	HOXB13-2
FAM234B-2	FAM234B-2
ZBTB16-2	ZBTB16-2
SPRTN-2	SPRTN-2
CIZ1-2	CIZ1-2
USP4-2	USP4-2
METTL23-2	METTL23-2
HMCN2-2	HMCN2-2
TIGD7-2	TIGD7-2
SDE2-2	SDE2-2
S100A8-2	S100A8-2
ZNF836-2	ZNF836-2
MAGT1-2	MAGT1-2
ZSCAN31-2	ZSCAN31-2
DNAJB12-2	DNAJB12-2
MCFD2-2	MCFD2-2
VCPKMT-2	VCPKMT-2
NFIL3-2	NFIL3-2
IARS-2	IARS-2
SERPINB1-2	SERPINB1-2
SNAP47-2	SNAP47-2
HTT-2	HTT-2
NINJ1-2	NINJ1-2
EIF1B-2	EIF1B-2
LARS-2	LARS-2
ASH1L-2	ASH1L-2
PDCD7-2	PDCD7-2
TMEM123-2	TMEM123-2
NDOR1-2	NDOR1-2
UTP11-2	UTP11-2
MYNN-2	MYNN-2
ACER3-2	ACER3-2
ACP1-2	ACP1-2
NUGGC-2	NUGGC-2
CCDC130-2	CCDC130-2
PRDM15-2	PRDM15-2
ZNF232-2	ZNF232-2
UBL3-2	UBL3-2
POC1A-2	POC1A-2
PCM1-2	PCM1-2
BCL2L11-2	BCL2L11-2
CEP126-2	CEP126-2
TREX2-2	TREX2-2
PPP2R5C-2	PPP2R5C-2
POC5-2	POC5-2
TBC1D32-2	TBC1D32-2
CCR1-2	CCR1-2
ZNF134-2	ZNF134-2
ADA2-2	ADA2-2
OTOG-2	OTOG-2
CENPP-2	CENPP-2
FAM78B-2	FAM78B-2
FBXO4-2	FBXO4-2
ZFP36L2-2	ZFP36L2-2
SEC63-2	SEC63-2
SLC12A6-2	SLC12A6-2
TOR4A-2	TOR4A-2
HIST4H4-2	HIST4H4-2
GOLGB1-2	GOLGB1-2
CIT-2	CIT-2
ACAT1-2	ACAT1-2
RTEL1-2	RTEL1-2
HUWE1-2	HUWE1-2
NDUFS7-2	NDUFS7-2
RBM12B-2	RBM12B-2
EMC4-2	EMC4-2
C12orf45-2	C12orf45-2
FBXO30-2	FBXO30-2
CMTM2-2	CMTM2-2
PRKAG2-2	PRKAG2-2
NFYB-2	NFYB-2
QPCTL-2	QPCTL-2
FOXC1-2	FOXC1-2
RPS28-2	RPS28-2
PIGR-2	PIGR-2
POLI-2	POLI-2
SYNJ2-2	SYNJ2-2
MYLIP-2	MYLIP-2
ZNF415-2	ZNF415-2
ZNF257-2	ZNF257-2
ZNF76-2	ZNF76-2
DENND6B-2	DENND6B-2
TRIQK-2	TRIQK-2
LIMS2-2	LIMS2-2
CHFR-2	CHFR-2
TET2-2	TET2-2
ADI1-2	ADI1-2
WT1-2	WT1-2
TMEM209-2	TMEM209-2
GCLM-2	GCLM-2
CPNE7-2	CPNE7-2
THOC1-2	THOC1-2
UPF3B-2	UPF3B-2
CNPY4-2	CNPY4-2
OAF-2	OAF-2
PHOX2A-2	PHOX2A-2
GCAT-2	GCAT-2
PSEN1-2	PSEN1-2
PTPMT1-2	PTPMT1-2
KLRC1-2	KLRC1-2
RPS8-2	RPS8-2
ALAS2-2	ALAS2-2
CCDC159-2	CCDC159-2
DMAC2-2	DMAC2-2
SAP25-2	SAP25-2
PAFAH1B3-2	PAFAH1B3-2
TMEM40-2	TMEM40-2
PMM2-2	PMM2-2
KBTBD7-2	KBTBD7-2
MDGA1-2	MDGA1-2
HIST1H3H-2	HIST1H3H-2
BLVRB-2	BLVRB-2
NFE4-2	NFE4-2
CDYL-2	CDYL-2
NUP62CL-2	NUP62CL-2
IMPDH2-2	IMPDH2-2
AGBL5-2	AGBL5-2
PP2D1-2	PP2D1-2
TERF1-2	TERF1-2
PCBD1-2	PCBD1-2
MICU3-2	MICU3-2
PHLDB1-2	PHLDB1-2
ADPRM-2	ADPRM-2
MTFR1L-2	MTFR1L-2
FANCD2-2	FANCD2-2
NME3-2	NME3-2
SAV1-2	SAV1-2
BORCS6-2	BORCS6-2
GBE1-2	GBE1-2
CHDH-2	CHDH-2
RHOT1-2	RHOT1-2
ZNF552-2	ZNF552-2
FLT4-2	FLT4-2
SND1-2	SND1-2
ZNF768-2	ZNF768-2
TMEM9B-2	TMEM9B-2
SETD6-2	SETD6-2
MRPS22-2	MRPS22-2
USP8-2	USP8-2
FAM135A-2	FAM135A-2
ASCC3-2	ASCC3-2
AGO4-2	AGO4-2
BCOR-2	BCOR-2
AGO3-2	AGO3-2
PILRA-2	PILRA-2
GPC1-2	GPC1-2
WASL-2	WASL-2
METTL26-2	METTL26-2
TSG101-2	TSG101-2
THBS4-2	THBS4-2
CTNNBIP1-2	CTNNBIP1-2
ZNF823-2	ZNF823-2
CHML-2	CHML-2
SIN3B-2	SIN3B-2
CTU1-2	CTU1-2
ZNF549-2	ZNF549-2
GTF2E2-2	GTF2E2-2
BICRA-2	BICRA-2
STARD5-2	STARD5-2
ADM-2	ADM-2
OXA1L-2	OXA1L-2
AP5M1-2	AP5M1-2
ZNF891-2	ZNF891-2
GRHL1-2	GRHL1-2
DDX31-2	DDX31-2
C9orf16-2	C9orf16-2
MGRN1-2	MGRN1-2
TMEM71-2	TMEM71-2
C1orf50-2	C1orf50-2
IQCC-2	IQCC-2
CHMP4A-2	CHMP4A-2
RNASE6-2	RNASE6-2
CEP57-2	CEP57-2
ITM2B-2	ITM2B-2
ENTPD7-2	ENTPD7-2
TROAP-2	TROAP-2
WASHC3-2	WASHC3-2
CASP2-2	CASP2-2
NLGN2-2	NLGN2-2
NSMCE1-2	NSMCE1-2
TMEM201-2	TMEM201-2
FITM2-2	FITM2-2
TSTD2-2	TSTD2-2
CD200-2	CD200-2
NGDN-2	NGDN-2
RIC8A-2	RIC8A-2
FLOT2-2	FLOT2-2
POMP-2	POMP-2
TAOK2-2	TAOK2-2
GPD2-2	GPD2-2
LPAR2-2	LPAR2-2
C17orf67-2	C17orf67-2
PDCD10-2	PDCD10-2
CCDC77-2	CCDC77-2
PPP2CA-2	PPP2CA-2
AGAP5-2	AGAP5-2
BACH1-2	BACH1-2
ECHS1-2	ECHS1-2
SLC27A2-2	SLC27A2-2
WDR3-2	WDR3-2
CREB3-2	CREB3-2
TRIM38-2	TRIM38-2
SMAD7-2	SMAD7-2
ST7-2	ST7-2
NACA-2	NACA-2
NCLN-2	NCLN-2
TSPOAP1-2	TSPOAP1-2
ALKBH4-2	ALKBH4-2
FAM83G-2	FAM83G-2
TMEM30A-2	TMEM30A-2
KCTD12-2	KCTD12-2
PPP1R32-2	PPP1R32-2
MRPS15-2	MRPS15-2
CPNE1-2	CPNE1-2
MRPL9-2	MRPL9-2
ANAPC2-2	ANAPC2-2
LYRM7-2	LYRM7-2
ARHGAP15-2	ARHGAP15-2
PCNX1-2	PCNX1-2
ZNF396-2	ZNF396-2
POLR2L-2	POLR2L-2
PAK1-2	PAK1-2
PLRG1-2	PLRG1-2
AVPI1-2	AVPI1-2
HADHB-2	HADHB-2
TATDN2-2	TATDN2-2
ZC3HAV1-2	ZC3HAV1-2
TK2-2	TK2-2
SRGAP2C-2	SRGAP2C-2
A2M-2	A2M-2
KIAA0040-2	KIAA0040-2
GTDC1-2	GTDC1-2
CD40LG-2	CD40LG-2
ORC4-2	ORC4-2
AGRN-2	AGRN-2
NUS1-2	NUS1-2
USP33-2	USP33-2
MTFR1-2	MTFR1-2
BCAS4-2	BCAS4-2
GCNT4-2	GCNT4-2
SLC25A25-2	SLC25A25-2
STAT2-2	STAT2-2
STAT5A-2	STAT5A-2
CDCA4-2	CDCA4-2
LIN28B-2	LIN28B-2
CHMP1B-2	CHMP1B-2
C1QA-2	C1QA-2
MAN2A1-2	MAN2A1-2
TBCEL-2	TBCEL-2
DBI-2	DBI-2
NID2-2	NID2-2
APOBEC3G-2	APOBEC3G-2
DRICH1-2	DRICH1-2
BTBD19-2	BTBD19-2
KAT6B-2	KAT6B-2
PPT1-2	PPT1-2
TRMT44-2	TRMT44-2
WHAMM-2	WHAMM-2
KDM6B-2	KDM6B-2
HMX1-2	HMX1-2
EMC7-2	EMC7-2
RETREG3-2	RETREG3-2
DPF2-2	DPF2-2
TMEM14C-2	TMEM14C-2
MAPK8IP3-2	MAPK8IP3-2
DDX23-2	DDX23-2
PLEKHG3-2	PLEKHG3-2
PCP2-2	PCP2-2
EMC10-2	EMC10-2
PCNX4-2	PCNX4-2
UBTD1-2	UBTD1-2
ME1-2	ME1-2
RABGAP1L-2	RABGAP1L-2
HTRA2-2	HTRA2-2
MARCH3-2	MARCH3-2
TMEM35B-2	TMEM35B-2
TMEM54-2	TMEM54-2
FAM117B-2	FAM117B-2
DDOST-2	DDOST-2
KBTBD2-2	KBTBD2-2
FAM19A2-2	FAM19A2-2
OR4D1-2	OR4D1-2
CDC42EP3-2	CDC42EP3-2
INTS8-2	INTS8-2
NLRP1-2	NLRP1-2
PTPN7-2	PTPN7-2
R3HDM1-2	R3HDM1-2
CD19-2	CD19-2
RBM22-2	RBM22-2
ZDHHC17-2	ZDHHC17-2
ST3GAL2-2	ST3GAL2-2
ALX3-2	ALX3-2
KALRN-2	KALRN-2
MIPEP-2	MIPEP-2
ZNF639-2	ZNF639-2
SEC23B-2	SEC23B-2
CDON-2	CDON-2
CDKN3-2	CDKN3-2
PARVG-2	PARVG-2
SPHK1-2	SPHK1-2
MROH1-2	MROH1-2
LNPK-2	LNPK-2
AARSD1-2	AARSD1-2
CAMK1D-2	CAMK1D-2
NOL6-2	NOL6-2
ZCCHC17-2	ZCCHC17-2
RAB39B-2	RAB39B-2
SSB-2	SSB-2
REX1BD-2	REX1BD-2
ECD-2	ECD-2
MBTD1-2	MBTD1-2
SUV39H1-2	SUV39H1-2
SMARCAL1-2	SMARCAL1-2
TMEM170A-2	TMEM170A-2
LGALS8-2	LGALS8-2
PCNP-2	PCNP-2
FOXP1-2	FOXP1-2
EMD-2	EMD-2
CBLB-2	CBLB-2
TMEM106A-2	TMEM106A-2
ETFBKMT-2	ETFBKMT-2
DCUN1D5-2	DCUN1D5-2
AFF1-2	AFF1-2
FKBP7-2	FKBP7-2
ATPAF2-2	ATPAF2-2
FOXA2-2	FOXA2-2
ANXA11-2	ANXA11-2
CNNM3-2	CNNM3-2
AFDN-2	AFDN-2
PQLC3-2	PQLC3-2
TMEM30B-2	TMEM30B-2
ETV2-2	ETV2-2
SEC16A-2	SEC16A-2
BOD1L1-2	BOD1L1-2
ESRRG-2	ESRRG-2
ZNF182-2	ZNF182-2
MXRA7-2	MXRA7-2
CAMK4-2	CAMK4-2
MKRN3-2	MKRN3-2
PLOD3-2	PLOD3-2
PHYH-2	PHYH-2
CTNND1-2	CTNND1-2
PRKACA-2	PRKACA-2
LAT-2	LAT-2
ITPKB-2	ITPKB-2
GNA12-2	GNA12-2
INTS12-2	INTS12-2
TMEM143-2	TMEM143-2
CWC27-2	CWC27-2
NDFIP1-2	NDFIP1-2
LRRC32-2	LRRC32-2
NUP58-2	NUP58-2
MRPS18C-2	MRPS18C-2
ATP1A3-2	ATP1A3-2
ATF1-2	ATF1-2
MYLPF-2	MYLPF-2
NUP107-2	NUP107-2
NPM1-2	NPM1-2
ROCK2-2	ROCK2-2
MAP2K1-2	MAP2K1-2
HS2ST1-2	HS2ST1-2
TRAF5-2	TRAF5-2
RAP1GAP2-2	RAP1GAP2-2
NLK-2	NLK-2
SNF8-2	SNF8-2
RPS16-2	RPS16-2
FGFR1-2	FGFR1-2
PLLP-2	PLLP-2
CRLS1-2	CRLS1-2
DENND1A-2	DENND1A-2
SPNS1-2	SPNS1-2
SP1-2	SP1-2
OTP-2	OTP-2
TAL2-2	TAL2-2
GALNT3-2	GALNT3-2
DHRS4-2	DHRS4-2
LSM4-2	LSM4-2
NIPSNAP3B-2	NIPSNAP3B-2
OSBPL10-2	OSBPL10-2
E2F7-2	E2F7-2
USP10-2	USP10-2
CROT-2	CROT-2
GALNT7-2	GALNT7-2
NDRG3-2	NDRG3-2
GPR183-2	GPR183-2
HAUS8-2	HAUS8-2
NEK3-2	NEK3-2
CUTC-2	CUTC-2
DKC1-2	DKC1-2
TRAIP-2	TRAIP-2
LTBP1-2	LTBP1-2
GPR108-2	GPR108-2
ERCC8-2	ERCC8-2
S100A14-2	S100A14-2
ZSWIM8-2	ZSWIM8-2
AEBP1-2	AEBP1-2
MBNL1-2	MBNL1-2
AARS-2	AARS-2
MT3-2	MT3-2
EID2-2	EID2-2
SEH1L-2	SEH1L-2
GPR146-2	GPR146-2
PLA2G4A-2	PLA2G4A-2
SOCS1-2	SOCS1-2
ITGA2-2	ITGA2-2
EIF2AK4-2	EIF2AK4-2
RALA-2	RALA-2
TMEM167A-2	TMEM167A-2
LYPLAL1-2	LYPLAL1-2
TAF1A-2	TAF1A-2
SCGB3A1-2	SCGB3A1-2
SPTAN1-2	SPTAN1-2
FAM221A-2	FAM221A-2
LYRM9-2	LYRM9-2
MAP3K9-2	MAP3K9-2
NT5DC3-2	NT5DC3-2
VAMP4-2	VAMP4-2
MAVS-2	MAVS-2
RPL13A-2	RPL13A-2
TTC37-2	TTC37-2
PDHX-2	PDHX-2
RPL23-2	RPL23-2
PDX1-2	PDX1-2
RPS4Y1-2	RPS4Y1-2
ITGA4-2	ITGA4-2
TMEM62-2	TMEM62-2
ELAC2-2	ELAC2-2
HIPK2-2	HIPK2-2
PYCR1-2	PYCR1-2
NOS1-2	NOS1-2
BTK-2	BTK-2
UNC13A-2	UNC13A-2
MSRA-2	MSRA-2
MZB1-2	MZB1-2
NOP10-2	NOP10-2
ZFAND6-2	ZFAND6-2
TRABD2A-2	TRABD2A-2
FAM222A-2	FAM222A-2
TUT7-2	TUT7-2
FER-2	FER-2
C7orf43-2	C7orf43-2
ATL3-2	ATL3-2
CHMP4B-2	CHMP4B-2
MASTL-2	MASTL-2
PDCD11-2	PDCD11-2
PLP2-2	PLP2-2
IL18BP-2	IL18BP-2
NKTR-2	NKTR-2
ZNF646-2	ZNF646-2
CAP1-2	CAP1-2
DIAPH2-2	DIAPH2-2
THBS1-2	THBS1-2
POLE3-2	POLE3-2
NAA50-2	NAA50-2
PITX1-2	PITX1-2
SNAPC5-2	SNAPC5-2
POLR2M-2	POLR2M-2
SEC24C-2	SEC24C-2
AVEN-2	AVEN-2
BOD1-2	BOD1-2
ZNF385C-2	ZNF385C-2
FBP1-2	FBP1-2
HIP1R-2	HIP1R-2
TMEM106C-2	TMEM106C-2
FAM3D-2	FAM3D-2
C21orf58-2	C21orf58-2
E4F1-2	E4F1-2
TUBG1-2	TUBG1-2
USP24-2	USP24-2
DEPDC1-2	DEPDC1-2
RSRP1-2	RSRP1-2
MSANTD2-2	MSANTD2-2
GLI4-2	GLI4-2
PRPF19-2	PRPF19-2
CHORDC1-2	CHORDC1-2
MPO-2	MPO-2
ERBIN-2	ERBIN-2
TTC9C-2	TTC9C-2
CSTF3-2	CSTF3-2
SRSF2-2	SRSF2-2
DET1-2	DET1-2
SSR4-2	SSR4-2
MKRN2-2	MKRN2-2
CUX2-2	CUX2-2
REL-2	REL-2
GZF1-2	GZF1-2
ARAP3-2	ARAP3-2
TMEM189-UBE2V1-2	TMEM189-UBE2V1-2
ORC2-2	ORC2-2
DNAJC15-2	DNAJC15-2
ERCC1-2	ERCC1-2
ARL3-2	ARL3-2
USP30-2	USP30-2
FBXW5-2	FBXW5-2
DHTKD1-2	DHTKD1-2
RANBP1-2	RANBP1-2
CCR4-2	CCR4-2
GJC1-2	GJC1-2
CHMP2A-2	CHMP2A-2
PLEKHG4-2	PLEKHG4-2
AK2-2	AK2-2
ZSCAN18-2	ZSCAN18-2
MAP4-2	MAP4-2
CAMKK2-2	CAMKK2-2
SEPT1-2	SEPT1-2
SRSF10-2	SRSF10-2
GUSB-2	GUSB-2
EBF2-2	EBF2-2
EIF2S1-2	EIF2S1-2
CAB39L-2	CAB39L-2
XRCC6-2	XRCC6-2
LCORL-2	LCORL-2
CHD4-2	CHD4-2
BNC2-2	BNC2-2
PGP-2	PGP-2
FOS-2	FOS-2
DNAJC12-2	DNAJC12-2
SNAP29-2	SNAP29-2
TRAK2-2	TRAK2-2
KCNG3-2	KCNG3-2
SDHAF4-2	SDHAF4-2
TLDC1-2	TLDC1-2
VPS37C-2	VPS37C-2
ZBTB37-2	ZBTB37-2
DBR1-2	DBR1-2
NAPSA-2	NAPSA-2
GRIPAP1-2	GRIPAP1-2
FADS1-2	FADS1-2
FOXN2-2	FOXN2-2
HSP90AA1-2	HSP90AA1-2
VOPP1-2	VOPP1-2
USP7-2	USP7-2
MGAM-2	MGAM-2
PNKP-2	PNKP-2
ZNF558-2	ZNF558-2
RNF44-2	RNF44-2
SDHB-2	SDHB-2
SNX18-2	SNX18-2
ABHD10-2	ABHD10-2
MRPL22-2	MRPL22-2
TRIM41-2	TRIM41-2
CATSPERG-2	CATSPERG-2
MITF-2	MITF-2
TRAF7-2	TRAF7-2
FNTA-2	FNTA-2
WNT1-2	WNT1-2
ZNF468-2	ZNF468-2
CD79B-2	CD79B-2
NFKBIZ-2	NFKBIZ-2
PPP1R35-2	PPP1R35-2
DENND5A-2	DENND5A-2
HES2-2	HES2-2
TNIP2-2	TNIP2-2
TTC27-2	TTC27-2
GPR150-2	GPR150-2
TCF25-2	TCF25-2
ZNF546-2	ZNF546-2
TICAM1-2	TICAM1-2
RALGDS-2	RALGDS-2
IL21R-2	IL21R-2
LYRM1-2	LYRM1-2
PTGIS-2	PTGIS-2
MAP3K8-2	MAP3K8-2
FIG4-2	FIG4-2
ANAPC10-2	ANAPC10-2
NSFL1C-2	NSFL1C-2
ZNF577-2	ZNF577-2
UMPS-2	UMPS-2
ZNF536-2	ZNF536-2
KLHL24-2	KLHL24-2
ANKRD31-2	ANKRD31-2
FAM207A-2	FAM207A-2
CCDC32-2	CCDC32-2
DYNC1LI1-2	DYNC1LI1-2
RNF13-2	RNF13-2
GOLIM4-2	GOLIM4-2
GSR-2	GSR-2
ALDH7A1-2	ALDH7A1-2
ZNF346-2	ZNF346-2
ZNF750-2	ZNF750-2
MCM10-2	MCM10-2
MFSD11-2	MFSD11-2
PTGR2-2	PTGR2-2
POC1B-2	POC1B-2
NPL-2	NPL-2
CREB3L3-2	CREB3L3-2
MRPS33-2	MRPS33-2
ZNF773-2	ZNF773-2
C18orf32-2	C18orf32-2
CNOT9-2	CNOT9-2
TMEM159-2	TMEM159-2
SRRM2-2	SRRM2-2
CEBPA-2	CEBPA-2
ADAL-2	ADAL-2
UNC5CL-2	UNC5CL-2
BLOC1S4-2	BLOC1S4-2
SPAG8-2	SPAG8-2
LCMT1-2	LCMT1-2
AKIRIN2-2	AKIRIN2-2
PRDX4-2	PRDX4-2
FAM208B-2	FAM208B-2
EXT1-2	EXT1-2
COX18-2	COX18-2
TMBIM6-2	TMBIM6-2
RNF175-2	RNF175-2
BORCS5-2	BORCS5-2
MUC5B-2	MUC5B-2
RELL2-2	RELL2-2
WDR55-2	WDR55-2
TRPV2-2	TRPV2-2
QRSL1-2	QRSL1-2
NDUFB10-2	NDUFB10-2
SEC23IP-2	SEC23IP-2
NMUR1-2	NMUR1-2
ARMH1-2	ARMH1-2
DUSP16-2	DUSP16-2
CERS6-2	CERS6-2
ATR-2	ATR-2
WDR5-2	WDR5-2
ITGB7-2	ITGB7-2
ETV4-2	ETV4-2
UBE2M-2	UBE2M-2
ARMC8-2	ARMC8-2
LIG3-2	LIG3-2
KIAA1109-2	KIAA1109-2
CCNB1IP1-2	CCNB1IP1-2
SPEN-2	SPEN-2
MBIP-2	MBIP-2
MBTPS2-2	MBTPS2-2
TMEM116-2	TMEM116-2
OTULINL-2	OTULINL-2
ACVR1B-2	ACVR1B-2
ZFP3-2	ZFP3-2
SDHA-2	SDHA-2
PSMB5-2	PSMB5-2
COL9A2-2	COL9A2-2
PLEKHB2-2	PLEKHB2-2
IER2-2	IER2-2
SNAPC1-2	SNAPC1-2
ACO2-2	ACO2-2
ZNF75D-2	ZNF75D-2
PSMD10-2	PSMD10-2
SP8-2	SP8-2
DPH1-2	DPH1-2
NRDE2-2	NRDE2-2
FAM53C-2	FAM53C-2
SLTM-2	SLTM-2
AXIN1-2	AXIN1-2
PPFIBP2-2	PPFIBP2-2
SPOP-2	SPOP-2
GMCL1-2	GMCL1-2
CLHC1-2	CLHC1-2
RARRES3-2	RARRES3-2
PLIN2-2	PLIN2-2
BAG4-2	BAG4-2
KLF7-2	KLF7-2
SFTPA2-2	SFTPA2-2
USP48-2	USP48-2
JKAMP-2	JKAMP-2
NAA25-2	NAA25-2
ZSCAN9-2	ZSCAN9-2
ITPR3-2	ITPR3-2
GAS2-2	GAS2-2
HIST1H3G-2	HIST1H3G-2
ORC6-2	ORC6-2
TRIM5-2	TRIM5-2
OPN1SW-2	OPN1SW-2
CAPZB-2	CAPZB-2
ZNF3-2	ZNF3-2
MTERF4-2	MTERF4-2
TBCB-2	TBCB-2
ZNF83-2	ZNF83-2
CYSTM1-2	CYSTM1-2
CNOT7-2	CNOT7-2
ZNF263-2	ZNF263-2
SDR42E1-2	SDR42E1-2
CD52-2	CD52-2
CHEK2-2	CHEK2-2
RHOBTB2-2	RHOBTB2-2
AASDH-2	AASDH-2
IL18R1-2	IL18R1-2
FOXR2-2	FOXR2-2
MYL12A-2	MYL12A-2
SLC39A4-2	SLC39A4-2
GOT2-2	GOT2-2
SLC31A1-2	SLC31A1-2
C16orf70-2	C16orf70-2
DNASE1-2	DNASE1-2
CDX2-2	CDX2-2
NSD2-2	NSD2-2
MAP3K5-2	MAP3K5-2
MNT-2	MNT-2
STK38-2	STK38-2
SH3GL1-2	SH3GL1-2
GPAM-2	GPAM-2
C12orf43-2	C12orf43-2
HOMER2-2	HOMER2-2
PADI4-2	PADI4-2
ARMCX5-2	ARMCX5-2
RPSA-2	RPSA-2
ANKMY1-2	ANKMY1-2
TOX2-2	TOX2-2
SH3TC1-2	SH3TC1-2
GSS-2	GSS-2
SNX2-2	SNX2-2
NHEJ1-2	NHEJ1-2
KHNYN-2	KHNYN-2
VDAC1-2	VDAC1-2
RBM42-2	RBM42-2
SLC9A9-2	SLC9A9-2
FAM193B-2	FAM193B-2
CNPY3-2	CNPY3-2
SPTBN5-2	SPTBN5-2
MAP4K3-2	MAP4K3-2
STARD9-2	STARD9-2
C1orf74-2	C1orf74-2
BECN1-2	BECN1-2
LYRM4-2	LYRM4-2
ZNF620-2	ZNF620-2
BCAT2-2	BCAT2-2
DDX11-2	DDX11-2
NADK-2	NADK-2
PACSIN3-2	PACSIN3-2
SLC15A2-2	SLC15A2-2
GLS2-2	GLS2-2
TXNDC16-2	TXNDC16-2
NR3C1-2	NR3C1-2
NIPBL-2	NIPBL-2
PTPN2-2	PTPN2-2
EFHC1-2	EFHC1-2
VPS11-2	VPS11-2
SHOC2-2	SHOC2-2
SENP7-2	SENP7-2
AKR1B1-2	AKR1B1-2
BLOC1S6-2	BLOC1S6-2
FOXO6-2	FOXO6-2
HDGF-2	HDGF-2
USP9X-2	USP9X-2
ANKMY2-2	ANKMY2-2
AZI2-2	AZI2-2
CCAR1-2	CCAR1-2
EFHD2-2	EFHD2-2
NCALD-2	NCALD-2
LRRCC1-2	LRRCC1-2
CSF1R-2	CSF1R-2
TMEM187-2	TMEM187-2
TBL1XR1-2	TBL1XR1-2
WIPF1-2	WIPF1-2
TTC12-2	TTC12-2
ZNF843-2	ZNF843-2
SRRT-2	SRRT-2
DYNC2H1-2	DYNC2H1-2
CCDC88B-2	CCDC88B-2
PIGO-2	PIGO-2
PARP11-2	PARP11-2
ZNF718-2	ZNF718-2
PHF7-2	PHF7-2
ZNF687-2	ZNF687-2
SZT2-2	SZT2-2
GAL3ST4-2	GAL3ST4-2
TBK1-2	TBK1-2
SETD4-2	SETD4-2
ACAD9-2	ACAD9-2
NCBP3-2	NCBP3-2
MPHOSPH6-2	MPHOSPH6-2
RHOA-2	RHOA-2
PLAG1-2	PLAG1-2
UBP1-2	UBP1-2
IVNS1ABP-2	IVNS1ABP-2
HBS1L-2	HBS1L-2
KIF4A-2	KIF4A-2
RRP7A-2	RRP7A-2
KIF3C-2	KIF3C-2
R3HDM2-2	R3HDM2-2
LETM1-2	LETM1-2
FOXK2-2	FOXK2-2
UBE2G1-2	UBE2G1-2
ABCF3-2	ABCF3-2
ADAM10-2	ADAM10-2
TMEM99-2	TMEM99-2
FAM161B-2	FAM161B-2
HLX-2	HLX-2
ATG3-2	ATG3-2
TSNARE1-2	TSNARE1-2
PIGT-2	PIGT-2
TMEM126B-2	TMEM126B-2
PDP1-2	PDP1-2
PCNA-2	PCNA-2
PRPSAP1-2	PRPSAP1-2
DAP-2	DAP-2
TMIE-2	TMIE-2
SLC29A1-2	SLC29A1-2
STAG1-2	STAG1-2
ARF4-2	ARF4-2
GEMIN8-2	GEMIN8-2
DNAJC17-2	DNAJC17-2
ZNF367-2	ZNF367-2
C1R-2	C1R-2
CERS2-2	CERS2-2
SLX4IP-2	SLX4IP-2
MYH9-2	MYH9-2
CBX4-2	CBX4-2
SAA2-2	SAA2-2
TAB2-2	TAB2-2
MX1-2	MX1-2
AP2A1-2	AP2A1-2
NT5E-2	NT5E-2
FBXW7-2	FBXW7-2
ZNF528-2	ZNF528-2
RBM26-2	RBM26-2
TXNRD1-2	TXNRD1-2
NAA30-2	NAA30-2
PDCD5-2	PDCD5-2
UBALD2-2	UBALD2-2
BCCIP-2	BCCIP-2
ELK1-2	ELK1-2
SSSCA1-2	SSSCA1-2
CLDN20-2	CLDN20-2
RINL-2	RINL-2
APOBEC2-2	APOBEC2-2
GLI2-2	GLI2-2
DOT1L-2	DOT1L-2
RNF149-2	RNF149-2
TAOK3-2	TAOK3-2
ATP6AP1-2	ATP6AP1-2
MYO15B-2	MYO15B-2
MED15-2	MED15-2
CABP4-2	CABP4-2
RIOK1-2	RIOK1-2
SLC27A4-2	SLC27A4-2
DOCK5-2	DOCK5-2
NTN5-2	NTN5-2
CCDC28A-2	CCDC28A-2
HIST1H2BH-2	HIST1H2BH-2
DNM2-2	DNM2-2
NOG-2	NOG-2
DSTYK-2	DSTYK-2
SH2D4A-2	SH2D4A-2
RNF115-2	RNF115-2
CKAP2L-2	CKAP2L-2
CLPB-2	CLPB-2
ADA-2	ADA-2
HIST1H4J-2	HIST1H4J-2
CSTF2T-2	CSTF2T-2
FOXO3-2	FOXO3-2
ARMC12-2	ARMC12-2
TRIM62-2	TRIM62-2
ACTA2-2	ACTA2-2
PHPT1-2	PHPT1-2
HLCS-2	HLCS-2
PSD4-2	PSD4-2
MLF2-2	MLF2-2
HARBI1-2	HARBI1-2
PGAP2-2	PGAP2-2
RAB37-2	RAB37-2
LMF1-2	LMF1-2
SLC25A27-2	SLC25A27-2
NR3C2-2	NR3C2-2
TSC2-2	TSC2-2
MEA1-2	MEA1-2
ATG2B-2	ATG2B-2
LOXL2-2	LOXL2-2
USP47-2	USP47-2
MR1-2	MR1-2
RAB27B-2	RAB27B-2
NSL1-2	NSL1-2
RNF141-2	RNF141-2
SEC13-2	SEC13-2
ZNF780A-2	ZNF780A-2
RIC8B-2	RIC8B-2
CACTIN-2	CACTIN-2
TERT-2	TERT-2
FBXO41-2	FBXO41-2
MT1M-2	MT1M-2
RASSF8-2	RASSF8-2
USF3-2	USF3-2
IKBKB-2	IKBKB-2
SCRN2-2	SCRN2-2
BOK-2	BOK-2
BZW2-2	BZW2-2
MYCBP2-2	MYCBP2-2
FBRS-2	FBRS-2
DDX21-2	DDX21-2
NDUFA5-2	NDUFA5-2
DIMT1-2	DIMT1-2
DIS3-2	DIS3-2
MACC1-2	MACC1-2
PSKH1-2	PSKH1-2
KCNC4-2	KCNC4-2
PACRGL-2	PACRGL-2
SENP1-2	SENP1-2
PDZD4-2	PDZD4-2
SPINT2-2	SPINT2-2
PRDM11-2	PRDM11-2
SNX12-2	SNX12-2
EXOC1-2	EXOC1-2
NEK6-2	NEK6-2
PDLIM7-2	PDLIM7-2
TMEM115-2	TMEM115-2
HPS1-2	HPS1-2
UTY-2	UTY-2
KIAA0753-2	KIAA0753-2
ZNF264-2	ZNF264-2
GOSR1-2	GOSR1-2
ENPP5-2	ENPP5-2
FBXO33-2	FBXO33-2
COX7B-2	COX7B-2
CCDC136-2	CCDC136-2
SLC18A2-2	SLC18A2-2
TMED9-2	TMED9-2
ALG8-2	ALG8-2
VPS26C-2	VPS26C-2
MIS12-2	MIS12-2
ETV7-2	ETV7-2
ADAM17-2	ADAM17-2
THOC6-2	THOC6-2
ENOSF1-2	ENOSF1-2
CEPT1-2	CEPT1-2
MRPL3-2	MRPL3-2
USP3-2	USP3-2
CXXC4-2	CXXC4-2
CD40-2	CD40-2
RIT1-2	RIT1-2
AKR1A1-2	AKR1A1-2
SEC31B-2	SEC31B-2
ELOVL4-2	ELOVL4-2
C14orf28-2	C14orf28-2
CYB5R3-2	CYB5R3-2
ZNF460-2	ZNF460-2
SLBP-2	SLBP-2
FCHO1-2	FCHO1-2
UCHL5-2	UCHL5-2
MCOLN2-2	MCOLN2-2
ZKSCAN8-2	ZKSCAN8-2
ZNF563-2	ZNF563-2
TEAD4-2	TEAD4-2
UBE2G2-2	UBE2G2-2
BAIAP2L1-2	BAIAP2L1-2
CISH-2	CISH-2
TSPAN5-2	TSPAN5-2
LSMEM1-2	LSMEM1-2
CRAT-2	CRAT-2
N6AMT1-2	N6AMT1-2
CA5B-2	CA5B-2
ZNF736-2	ZNF736-2
RSBN1-2	RSBN1-2
TXNDC17-2	TXNDC17-2
TCF23-2	TCF23-2
RPL30-2	RPL30-2
MYCBP-2	MYCBP-2
VPS33A-2	VPS33A-2
HSF5-2	HSF5-2
PPFIBP1-2	PPFIBP1-2
FAM19A1-2	FAM19A1-2
APPL2-2	APPL2-2
ID1-2	ID1-2
UBC-2	UBC-2
CDC40-2	CDC40-2
B3GNT5-2	B3GNT5-2
PAIP2B-2	PAIP2B-2
SP100-2	SP100-2
ZNF770-2	ZNF770-2
PPP2R2A-2	PPP2R2A-2
ZNF628-2	ZNF628-2
BUD23-2	BUD23-2
FBXO43-2	FBXO43-2
AMPD2-2	AMPD2-2
OR52N4-2	OR52N4-2
MED21-2	MED21-2
ZNF337-2	ZNF337-2
FAM160B1-2	FAM160B1-2
CDK11A-2	CDK11A-2
RHOU-2	RHOU-2
PRRT2-2	PRRT2-2
SGSM2-2	SGSM2-2
PPP6R2-2	PPP6R2-2
CDK2-2	CDK2-2
PDE3B-2	PDE3B-2
NHLRC3-2	NHLRC3-2
NOD1-2	NOD1-2
PPIB-2	PPIB-2
PSRC1-2	PSRC1-2
RXRA-2	RXRA-2
RGS6-2	RGS6-2
NUCB1-2	NUCB1-2
ADD2-2	ADD2-2
GBP5-2	GBP5-2
CCT2-2	CCT2-2
RAD21-2	RAD21-2
DNAJC10-2	DNAJC10-2
XYLB-2	XYLB-2
IRX3-2	IRX3-2
PTPN14-2	PTPN14-2
NABP2-2	NABP2-2
LHX4-2	LHX4-2
PXMP2-2	PXMP2-2
ENTR1-2	ENTR1-2
FMO4-2	FMO4-2
MAFK-2	MAFK-2
TMPRSS6-2	TMPRSS6-2
EXOSC1-2	EXOSC1-2
PAG1-2	PAG1-2
HDAC3-2	HDAC3-2
NDUFAF8-2	NDUFAF8-2
ARF6-2	ARF6-2
RPS29-2	RPS29-2
HECTD4-2	HECTD4-2
EVC2-2	EVC2-2
COL5A3-2	COL5A3-2
PAIP1-2	PAIP1-2
NOA1-2	NOA1-2
HERC6-2	HERC6-2
NECAB3-2	NECAB3-2
VPS39-2	VPS39-2
TEX22-2	TEX22-2
GP9-2	GP9-2
OTUD7B-2	OTUD7B-2
CDCA7-2	CDCA7-2
NT5C-2	NT5C-2
SAMHD1-2	SAMHD1-2
SLX4-2	SLX4-2
OVCA2-2	OVCA2-2
YIPF6-2	YIPF6-2
RNF145-2	RNF145-2
KLRF1-2	KLRF1-2
TONSL-2	TONSL-2
AK5-2	AK5-2
YPEL5-2	YPEL5-2
WDCP-2	WDCP-2
SLC23A1-2	SLC23A1-2
RNF4-2	RNF4-2
SUZ12-2	SUZ12-2
TENM4-2	TENM4-2
RAI1-2	RAI1-2
PILRB-2	PILRB-2
TOR1A-2	TOR1A-2
TSC22D1-2	TSC22D1-2
RSRC2-2	RSRC2-2
PLCB1-2	PLCB1-2
CENPM-2	CENPM-2
ANKRD55-2	ANKRD55-2
UCKL1-2	UCKL1-2
FAM184A-2	FAM184A-2
CTC1-2	CTC1-2
USP40-2	USP40-2
MRPL36-2	MRPL36-2
TCTEX1D2-2	TCTEX1D2-2
STAP1-2	STAP1-2
GLRX-2	GLRX-2
ZNF43-2	ZNF43-2
BMPR1A-2	BMPR1A-2
UBE4A-2	UBE4A-2
AMN1-2	AMN1-2
CDK19-2	CDK19-2
RFK-2	RFK-2
HSD17B12-2	HSD17B12-2
SMIM14-2	SMIM14-2
VAMP8-2	VAMP8-2
CCNL2-2	CCNL2-2
SRGAP1-2	SRGAP1-2
CCDC102B-2	CCDC102B-2
LCP2-2	LCP2-2
CTNNA1-2	CTNNA1-2
C1orf159-2	C1orf159-2
DNAJC27-2	DNAJC27-2
EDN1-2	EDN1-2
TAF11-2	TAF11-2
KIAA0319L-2	KIAA0319L-2
ELF2-2	ELF2-2
OSBP2-2	OSBP2-2
ZNF780B-2	ZNF780B-2
DPF3-2	DPF3-2
BCAS2-2	BCAS2-2
CD27-2	CD27-2
CHRM4-2	CHRM4-2
DCTN3-2	DCTN3-2
ASXL2-2	ASXL2-2
LYAR-2	LYAR-2
NCKIPSD-2	NCKIPSD-2
AGK-2	AGK-2
EPOR-2	EPOR-2
MFSD2A-2	MFSD2A-2
BEST4-2	BEST4-2
PAXX-2	PAXX-2
BICD2-2	BICD2-2
FAM111A-2	FAM111A-2
SBK1-2	SBK1-2
DNAAF2-2	DNAAF2-2
PIGL-2	PIGL-2
SPIB-2	SPIB-2
NRGN-2	NRGN-2
CCDC184-2	CCDC184-2
DLGAP4-2	DLGAP4-2
ZBTB42-2	ZBTB42-2
CDK13-2	CDK13-2
FAM76A-2	FAM76A-2
TC2N-2	TC2N-2
GATA6-2	GATA6-2
PBK-2	PBK-2
RMI2-2	RMI2-2
IL13-2	IL13-2
CA2-2	CA2-2
PLCD4-2	PLCD4-2
MTCH2-2	MTCH2-2
TRIM16-2	TRIM16-2
BAMBI-2	BAMBI-2
HMGXB4-2	HMGXB4-2
PLCE1-2	PLCE1-2
MTHFD1-2	MTHFD1-2
RFC1-2	RFC1-2
GPR68-2	GPR68-2
MRPL53-2	MRPL53-2
LRRC1-2	LRRC1-2
RSL1D1-2	RSL1D1-2
AKT1S1-2	AKT1S1-2
NADK2-2	NADK2-2
ERN1-2	ERN1-2
NANS-2	NANS-2
TPCN1-2	TPCN1-2
EML4-2	EML4-2
CDKN2AIPNL-2	CDKN2AIPNL-2
ZNF667-2	ZNF667-2
C7-2	C7-2
AK3-2	AK3-2
RND3-2	RND3-2
HOXB8-2	HOXB8-2
NCAPD3-2	NCAPD3-2
HACD4-2	HACD4-2
USP35-2	USP35-2
IFIT2-2	IFIT2-2
PVRIG-2	PVRIG-2
RFWD3-2	RFWD3-2
ZDHHC20-2	ZDHHC20-2
IFT22-2	IFT22-2
ZUP1-2	ZUP1-2
PJA2-2	PJA2-2
CCR6-2	CCR6-2
TMPRSS3-2	TMPRSS3-2
SKAP2-2	SKAP2-2
TBRG4-2	TBRG4-2
METTL15-2	METTL15-2
NR2F2-2	NR2F2-2
EFNB2-2	EFNB2-2
NKG7-2	NKG7-2
C5orf51-2	C5orf51-2
TAF1-2	TAF1-2
PQLC1-2	PQLC1-2
TARS-2	TARS-2
CTNNAL1-2	CTNNAL1-2
PRDM4-2	PRDM4-2
KDM3A-2	KDM3A-2
TCF4-2	TCF4-2
PIAS1-2	PIAS1-2
TRIM56-2	TRIM56-2
KLRD1-2	KLRD1-2
PAK4-2	PAK4-2
MDP1-2	MDP1-2
EFCAB11-2	EFCAB11-2
INTS13-2	INTS13-2
DNAAF5-2	DNAAF5-2
SNAPC3-2	SNAPC3-2
SH3RF3-2	SH3RF3-2
TNFSF8-2	TNFSF8-2
LRRK2-2	LRRK2-2
VPS18-2	VPS18-2
OGA-2	OGA-2
NUDCD3-2	NUDCD3-2
HOXD11-2	HOXD11-2
EXOC6B-2	EXOC6B-2
ZNF253-2	ZNF253-2
RPP14-2	RPP14-2
NNMT-2	NNMT-2
RAPGEF1-2	RAPGEF1-2
SPATA6-2	SPATA6-2
UBR1-2	UBR1-2
NHLH1-2	NHLH1-2
NMI-2	NMI-2
BCL2L13-2	BCL2L13-2
CENPE-2	CENPE-2
EXOSC6-2	EXOSC6-2
MUTYH-2	MUTYH-2
CFAP45-2	CFAP45-2
H2AFY2-2	H2AFY2-2
C5orf63-2	C5orf63-2
TEX261-2	TEX261-2
DHX38-2	DHX38-2
TKTL1-2	TKTL1-2
NUBP1-2	NUBP1-2
RAB30-2	RAB30-2
MPV17L2-2	MPV17L2-2
IL16-2	IL16-2
APBB1-2	APBB1-2
MOSPD1-2	MOSPD1-2
SEMA4A-2	SEMA4A-2
MCOLN1-2	MCOLN1-2
ZSWIM6-2	ZSWIM6-2
LCN2-2	LCN2-2
FCER2-2	FCER2-2
TPM3-2	TPM3-2
PTAFR-2	PTAFR-2
ATXN7-2	ATXN7-2
ITPR2-2	ITPR2-2
SLC35F5-2	SLC35F5-2
MINK1-2	MINK1-2
ARFIP1-2	ARFIP1-2
MRPL42-2	MRPL42-2
KDM2A-2	KDM2A-2
THAP5-2	THAP5-2
DLG1-2	DLG1-2
TRAPPC4-2	TRAPPC4-2
EVI2B-2	EVI2B-2
AP4M1-2	AP4M1-2
UBN1-2	UBN1-2
PCK1-2	PCK1-2
SLC25A4-2	SLC25A4-2
MPC1-2	MPC1-2
ETAA1-2	ETAA1-2
GIT1-2	GIT1-2
RREB1-2	RREB1-2
ZKSCAN2-2	ZKSCAN2-2
FNDC3B-2	FNDC3B-2
UBE2R2-2	UBE2R2-2
YWHAH-2	YWHAH-2
MED14-2	MED14-2
PSMC3-2	PSMC3-2
ZNF782-2	ZNF782-2
PPP1R1A-2	PPP1R1A-2
ZCCHC9-2	ZCCHC9-2
POP4-2	POP4-2
IRF2BP2-2	IRF2BP2-2
TTLL3-2	TTLL3-2
ABHD4-2	ABHD4-2
C11orf95-2	C11orf95-2
PELP1-2	PELP1-2
HIC1-2	HIC1-2
SH3GLB2-2	SH3GLB2-2
RARB-2	RARB-2
AQP9-2	AQP9-2
ZNF350-2	ZNF350-2
DUS2-2	DUS2-2
RNF146-2	RNF146-2
APH1B-2	APH1B-2
CABLES1-2	CABLES1-2
DIDO1-2	DIDO1-2
ZNF436-2	ZNF436-2
AHSA1-2	AHSA1-2
DACH2-2	DACH2-2
ESF1-2	ESF1-2
ISL2-2	ISL2-2
TIAF1-2	TIAF1-2
SNX8-2	SNX8-2
PHGR1-2	PHGR1-2
GMPPB-2	GMPPB-2
HIST1H2BC-2	HIST1H2BC-2
UCK1-2	UCK1-2
GORASP1-2	GORASP1-2
SPAG5-2	SPAG5-2
KARS-2	KARS-2
GABPA-2	GABPA-2
NUDT21-2	NUDT21-2
PFN2-2	PFN2-2
SLC10A1-2	SLC10A1-2
SAC3D1-2	SAC3D1-2
IKZF2-2	IKZF2-2
UBAC2-2	UBAC2-2
GDE1-2	GDE1-2
SIVA1-2	SIVA1-2
LSS-2	LSS-2
PAX3-2	PAX3-2
EPS8-2	EPS8-2
ZNF451-2	ZNF451-2
HSPA12A-2	HSPA12A-2
COPS7B-2	COPS7B-2
TMPRSS5-2	TMPRSS5-2
XXYLT1-2	XXYLT1-2
CD300E-2	CD300E-2
PAX6-2	PAX6-2
RHOBTB3-2	RHOBTB3-2
DUSP1-2	DUSP1-2
DRG1-2	DRG1-2
ALG3-2	ALG3-2
ASPHD2-2	ASPHD2-2
NEK9-2	NEK9-2
ANO6-2	ANO6-2
CYTH3-2	CYTH3-2
GDI1-2	GDI1-2
SIM1-2	SIM1-2
ZNF644-2	ZNF644-2
FIP1L1-2	FIP1L1-2
PHOSPHO2-2	PHOSPHO2-2
ZNF799-2	ZNF799-2
GCH1-2	GCH1-2
PGAM1-2	PGAM1-2
CXCL8-2	CXCL8-2
METTL21A-2	METTL21A-2
PEA15-2	PEA15-2
CYB5D2-2	CYB5D2-2
RPL38-2	RPL38-2
INTS5-2	INTS5-2
SLC26A5-2	SLC26A5-2
HACD2-2	HACD2-2
C2CD2-2	C2CD2-2
ZNF559-2	ZNF559-2
PNN-2	PNN-2
KLHL18-2	KLHL18-2
MARCH1-2	MARCH1-2
SMAD4-2	SMAD4-2
GATC-2	GATC-2
PTGES3-2	PTGES3-2
EIF4E3-2	EIF4E3-2
CCNE1-2	CCNE1-2
UBE2N-2	UBE2N-2
FAM3A-2	FAM3A-2
APBA1-2	APBA1-2
KCMF1-2	KCMF1-2
RNASE1-2	RNASE1-2
HNRNPA1L2-2	HNRNPA1L2-2
PLCL1-2	PLCL1-2
RRP1-2	RRP1-2
CAMSAP1-2	CAMSAP1-2
SLC2A3-2	SLC2A3-2
ATF3-2	ATF3-2
ATAD2B-2	ATAD2B-2
GUCA1B-2	GUCA1B-2
PLVAP-2	PLVAP-2
CCT6A-2	CCT6A-2
HSD17B4-2	HSD17B4-2
LXN-2	LXN-2
ALAD-2	ALAD-2
SEC14L2-2	SEC14L2-2
CAAP1-2	CAAP1-2
GPR27-2	GPR27-2
ZNHIT1-2	ZNHIT1-2
ZNF326-2	ZNF326-2
ERI3-2	ERI3-2
SS18L2-2	SS18L2-2
GATB-2	GATB-2
TSPAN8-2	TSPAN8-2
EEF1AKMT2-2	EEF1AKMT2-2
DNAJC6-2	DNAJC6-2
APPBP2-2	APPBP2-2
FBXO2-2	FBXO2-2
PPP2R1B-2	PPP2R1B-2
THEM6-2	THEM6-2
NEDD9-2	NEDD9-2
NR1D1-2	NR1D1-2
GFPT1-2	GFPT1-2
IL10RB-2	IL10RB-2
SFXN3-2	SFXN3-2
CCDC69-2	CCDC69-2
TGFBRAP1-2	TGFBRAP1-2
PXK-2	PXK-2
ZC3H7A-2	ZC3H7A-2
NR6A1-2	NR6A1-2
WASHC2C-2	WASHC2C-2
APC-2	APC-2
USP13-2	USP13-2
MUL1-2	MUL1-2
CAV1-2	CAV1-2
P2RY11-2	P2RY11-2
MUC3A-2	MUC3A-2
JPT1-2	JPT1-2
FUZ-2	FUZ-2
SORD-2	SORD-2
CDADC1-2	CDADC1-2
CHD2-2	CHD2-2
HNF1A-2	HNF1A-2
TGIF2LX-2	TGIF2LX-2
PRNP-2	PRNP-2
CCDC7-2	CCDC7-2
EDA-2	EDA-2
ANKRD33B-2	ANKRD33B-2
STEAP4-2	STEAP4-2
CNKSR3-2	CNKSR3-2
TMSB4Y-2	TMSB4Y-2
SERF2-2	SERF2-2
ARMCX4-2	ARMCX4-2
MARCH2-2	MARCH2-2
ZIC4-2	ZIC4-2
KLF14-2	KLF14-2
FTL-2	FTL-2
TNK1-2	TNK1-2
XAF1-2	XAF1-2
EIF2B2-2	EIF2B2-2
RIPK1-2	RIPK1-2
TATDN1-2	TATDN1-2
POLR3D-2	POLR3D-2
HEG1-2	HEG1-2
ABCB9-2	ABCB9-2
UBA52-2	UBA52-2
KIN-2	KIN-2
NT5C2-2	NT5C2-2
GNG8-2	GNG8-2
STK39-2	STK39-2
MAN2B1-2	MAN2B1-2
FAHD2A-2	FAHD2A-2
ZNF146-2	ZNF146-2
DNAJB6-2	DNAJB6-2
ATG4B-2	ATG4B-2
FOXD4L1-2	FOXD4L1-2
TXNDC11-2	TXNDC11-2
H3F3B-2	H3F3B-2
AGGF1-2	AGGF1-2
PRKD2-2	PRKD2-2
RBM15B-2	RBM15B-2
WDR91-2	WDR91-2
IL17F-2	IL17F-2
FBXO25-2	FBXO25-2
TGFBI-2	TGFBI-2
NFATC2IP-2	NFATC2IP-2
CCR7-2	CCR7-2
RPS14-2	RPS14-2
GFOD1-2	GFOD1-2
SLFN12L-2	SLFN12L-2
NAV1-2	NAV1-2
TSPAN33-2	TSPAN33-2
CDC34-2	CDC34-2
CTLA4-2	CTLA4-2
MRPL2-2	MRPL2-2
PPIL4-2	PPIL4-2
E2F2-2	E2F2-2
MRPL15-2	MRPL15-2
C7orf50-2	C7orf50-2
CAPZA1-2	CAPZA1-2
CRYGS-2	CRYGS-2
SAR1A-2	SAR1A-2
ATP6V1C1-2	ATP6V1C1-2
TDRD3-2	TDRD3-2
SRSF4-2	SRSF4-2
ZNF195-2	ZNF195-2
SPRN-2	SPRN-2
NR1H4-2	NR1H4-2
FAM124B-2	FAM124B-2
MTHFS-2	MTHFS-2
BPIFA2-2	BPIFA2-2
ILF2-2	ILF2-2
ATG9A-2	ATG9A-2
SIAH1-2	SIAH1-2
NAB1-2	NAB1-2
TIGD2-2	TIGD2-2
PPTC7-2	PPTC7-2
SELENOT-2	SELENOT-2
PREB-2	PREB-2
SPIC-2	SPIC-2
COBLL1-2	COBLL1-2
RWDD2A-2	RWDD2A-2
TARBP2-2	TARBP2-2
NDUFA4-2	NDUFA4-2
GTF3C5-2	GTF3C5-2
FLYWCH2-2	FLYWCH2-2
SDCBP2-2	SDCBP2-2
C16orf58-2	C16orf58-2
ZNF569-2	ZNF569-2
MICU2-2	MICU2-2
FBXL3-2	FBXL3-2
C6orf106-2	C6orf106-2
NARS2-2	NARS2-2
GZMM-2	GZMM-2
B3GALT2-2	B3GALT2-2
P3H1-2	P3H1-2
GNAS-2	GNAS-2
YME1L1-2	YME1L1-2
ONECUT3-2	ONECUT3-2
STX2-2	STX2-2
PIGB-2	PIGB-2
SH3BGRL3-2	SH3BGRL3-2
ST3GAL3-2	ST3GAL3-2
FBXO6-2	FBXO6-2
ARMC10-2	ARMC10-2
SMTNL1-2	SMTNL1-2
NUDT5-2	NUDT5-2
HDAC6-2	HDAC6-2
SEMA4C-2	SEMA4C-2
ATP6V0C-2	ATP6V0C-2
YJEFN3-2	YJEFN3-2
ZNF90-2	ZNF90-2
SNW1-2	SNW1-2
ITGA1-2	ITGA1-2
MCCC1-2	MCCC1-2
CTSC-2	CTSC-2
IFITM2-2	IFITM2-2
LRCH1-2	LRCH1-2
ZNF12-2	ZNF12-2
CHRNA1-2	CHRNA1-2
VMP1-2	VMP1-2
ADH1B-2	ADH1B-2
S100A11-2	S100A11-2
ADORA2A-2	ADORA2A-2
SESTD1-2	SESTD1-2
MDFIC-2	MDFIC-2
ADGRE1-2	ADGRE1-2
CLTC-2	CLTC-2
ATP5MC2-2	ATP5MC2-2
CTSA-2	CTSA-2
MSI2-2	MSI2-2
RPS13-2	RPS13-2
ROGDI-2	ROGDI-2
AMMECR1L-2	AMMECR1L-2
BCL2L12-2	BCL2L12-2
SPATA24-2	SPATA24-2
RBPJ-2	RBPJ-2
POLR1A-2	POLR1A-2
TXNL4A-2	TXNL4A-2
CENPQ-2	CENPQ-2
SLC51A-2	SLC51A-2
PPP1R12C-2	PPP1R12C-2
ECE2-2	ECE2-2
DCUN1D4-2	DCUN1D4-2
CREB3L2-2	CREB3L2-2
HSPA6-2	HSPA6-2
SLC30A4-2	SLC30A4-2
AKTIP-2	AKTIP-2
TMEM265-2	TMEM265-2
ZNF573-2	ZNF573-2
PPP1R2-2	PPP1R2-2
GLI3-2	GLI3-2
DNAJC16-2	DNAJC16-2
CSNK1A1-2	CSNK1A1-2
ARIH2-2	ARIH2-2
VPS13C-2	VPS13C-2
USP53-2	USP53-2
WDR77-2	WDR77-2
AEN-2	AEN-2
MEST-2	MEST-2
GTF3C3-2	GTF3C3-2
GPR55-2	GPR55-2
THAP12-2	THAP12-2
DHX36-2	DHX36-2
TNKS-2	TNKS-2
TMEM182-2	TMEM182-2
LNPEP-2	LNPEP-2
FERMT2-2	FERMT2-2
EBF3-2	EBF3-2
ANHX-2	ANHX-2
BCAP29-2	BCAP29-2
PIGA-2	PIGA-2
CAB39-2	CAB39-2
BRF2-2	BRF2-2
KBTBD8-2	KBTBD8-2
HIST1H3C-2	HIST1H3C-2
NPDC1-2	NPDC1-2
ZDHHC11B-2	ZDHHC11B-2
USP20-2	USP20-2
IFI30-2	IFI30-2
ZFAT-2	ZFAT-2
ENOX2-2	ENOX2-2
CXCL13-2	CXCL13-2
BTBD10-2	BTBD10-2
CCPG1-2	CCPG1-2
RNF34-2	RNF34-2
PTS-2	PTS-2
SMC4-2	SMC4-2
TBX2-2	TBX2-2
ADSL-2	ADSL-2
TMA16-2	TMA16-2
GPALPP1-2	GPALPP1-2
VIPR1-2	VIPR1-2
CMC1-2	CMC1-2
ZAP70-2	ZAP70-2
CTBP2-2	CTBP2-2
MYRFL-2	MYRFL-2
GLIPR2-2	GLIPR2-2
ZNF365-2	ZNF365-2
PPP3CC-2	PPP3CC-2
GALM-2	GALM-2
SPATA32-2	SPATA32-2
DNAJB14-2	DNAJB14-2
CSRP1-2	CSRP1-2
CCZ1B-2	CCZ1B-2
CCDC152-2	CCDC152-2
GATD1-2	GATD1-2
IFITM1-2	IFITM1-2
ALG5-2	ALG5-2
SDF2L1-2	SDF2L1-2
PJVK-2	PJVK-2
UNK-2	UNK-2
HS3ST3A1-2	HS3ST3A1-2
HEY2-2	HEY2-2
SH3GLB1-2	SH3GLB1-2
HERC4-2	HERC4-2
C8orf44-2	C8orf44-2
DPYSL2-2	DPYSL2-2
ZNF420-2	ZNF420-2
DHDDS-2	DHDDS-2
PCLAF-2	PCLAF-2
TAGLN2-2	TAGLN2-2
NELFA-2	NELFA-2
CASP7-2	CASP7-2
YKT6-2	YKT6-2
DISP1-2	DISP1-2
ABCA3-2	ABCA3-2
SCD-2	SCD-2
POU3F1-2	POU3F1-2
DPP3-2	DPP3-2
ACSL1-2	ACSL1-2
PBLD-2	PBLD-2
SLC11A2-2	SLC11A2-2
SLC30A7-2	SLC30A7-2
PRRX1-2	PRRX1-2
C1orf189-2	C1orf189-2
ING2-2	ING2-2
ZNF716-2	ZNF716-2
GRIN2B-2	GRIN2B-2
SMAD1-2	SMAD1-2
CD47-2	CD47-2
TMEM256-2	TMEM256-2
EIF3G-2	EIF3G-2
SMYD3-2	SMYD3-2
GANC-2	GANC-2
MPHOSPH8-2	MPHOSPH8-2
DEXI-2	DEXI-2
TACC1-2	TACC1-2
POU3F4-2	POU3F4-2
ZNF560-2	ZNF560-2
LYRM2-2	LYRM2-2
C20orf27-2	C20orf27-2
TOP2B-2	TOP2B-2
MAFG-2	MAFG-2
CPT2-2	CPT2-2
MCTS1-2	MCTS1-2
AIDA-2	AIDA-2
SSU72-2	SSU72-2
KCNH2-2	KCNH2-2
LZTS3-2	LZTS3-2
FAM71F2-2	FAM71F2-2
ELK4-2	ELK4-2
SLC39A9-2	SLC39A9-2
SDF4-2	SDF4-2
APOLD1-2	APOLD1-2
C11orf98-2	C11orf98-2
ZCCHC14-2	ZCCHC14-2
BHLHE40-2	BHLHE40-2
LMAN1-2	LMAN1-2
ACOT7-2	ACOT7-2
NUP160-2	NUP160-2
PDZD11-2	PDZD11-2
MOB3C-2	MOB3C-2
SLC25A34-2	SLC25A34-2
ABHD17B-2	ABHD17B-2
NARF-2	NARF-2
CSGALNACT1-2	CSGALNACT1-2
ZNF417-2	ZNF417-2
FUT11-2	FUT11-2
CHD6-2	CHD6-2
CXorf38-2	CXorf38-2
GLDC-2	GLDC-2
EXOSC3-2	EXOSC3-2
PGAM5-2	PGAM5-2
NME9-2	NME9-2
HECW1-2	HECW1-2
CENPS-2	CENPS-2
DLX4-2	DLX4-2
SLC4A10-2	SLC4A10-2
GK-2	GK-2
NR1D2-2	NR1D2-2
MFHAS1-2	MFHAS1-2
BMS1-2	BMS1-2
DNAJA2-2	DNAJA2-2
RAB6A-2	RAB6A-2
MYH3-2	MYH3-2
RIPOR2-2	RIPOR2-2
OMA1-2	OMA1-2
MAP9-2	MAP9-2
ATXN10-2	ATXN10-2
ZSCAN4-2	ZSCAN4-2
LMX1B-2	LMX1B-2
COQ2-2	COQ2-2
TPRN-2	TPRN-2
BMP1-2	BMP1-2
SLC25A12-2	SLC25A12-2
KLKB1-2	KLKB1-2
DCUN1D2-2	DCUN1D2-2
WWOX-2	WWOX-2
SIPA1L2-2	SIPA1L2-2
AP2S1-2	AP2S1-2
SNRNP27-2	SNRNP27-2
TTI1-2	TTI1-2
BACH2-2	BACH2-2
JPT2-2	JPT2-2
SMCO4-2	SMCO4-2
EID2B-2	EID2B-2
CLIC4-2	CLIC4-2
SDHAF2-2	SDHAF2-2
ZNF485-2	ZNF485-2
YWHAQ-2	YWHAQ-2
HIST1H2BK-2	HIST1H2BK-2
PARP4-2	PARP4-2
TSPAN32-2	TSPAN32-2
SCLT1-2	SCLT1-2
OAT-2	OAT-2
GFI1-2	GFI1-2
ZNF488-2	ZNF488-2
AFF3-2	AFF3-2
PEX5-2	PEX5-2
ZNF333-2	ZNF333-2
RAD51B-2	RAD51B-2
ITGAM-2	ITGAM-2
LARS2-2	LARS2-2
PFDN5-2	PFDN5-2
COQ3-2	COQ3-2
FYTTD1-2	FYTTD1-2
DLX6-2	DLX6-2
BTBD11-2	BTBD11-2
MTCP1-2	MTCP1-2
LAYN-2	LAYN-2
HOXB5-2	HOXB5-2
HSP90AB1-2	HSP90AB1-2
SPATS2L-2	SPATS2L-2
ZNF570-2	ZNF570-2
CXCL14-2	CXCL14-2
PHIP-2	PHIP-2
HSPA14-2	HSPA14-2
LIMK1-2	LIMK1-2
IL4R-2	IL4R-2
LRRC8A-2	LRRC8A-2
SNAI2-2	SNAI2-2
PHKG2-2	PHKG2-2
WAPL-2	WAPL-2
CDC42SE1-2	CDC42SE1-2
PRKN-2	PRKN-2
DDX19A-2	DDX19A-2
ZNF805-2	ZNF805-2
CD109-2	CD109-2
KLHL15-2	KLHL15-2
RAB40C-2	RAB40C-2
PTF1A-2	PTF1A-2
ZW10-2	ZW10-2
FLI1-2	FLI1-2
RASGRP4-2	RASGRP4-2
IFI16-2	IFI16-2
CBWD2-2	CBWD2-2
ALOX12-2	ALOX12-2
HTATSF1-2	HTATSF1-2
SPTBN1-2	SPTBN1-2
NEMP2-2	NEMP2-2
MPDU1-2	MPDU1-2
PEX26-2	PEX26-2
SPPL2B-2	SPPL2B-2
SIAE-2	SIAE-2
RECQL-2	RECQL-2
ZNF208-2	ZNF208-2
RABL6-2	RABL6-2
ADAR-2	ADAR-2
SYNE2-2	SYNE2-2
ANXA2-2	ANXA2-2
CDH24-2	CDH24-2
SPNS3-2	SPNS3-2
NEURL1-2	NEURL1-2
SGF29-2	SGF29-2
GGA1-2	GGA1-2
COQ5-2	COQ5-2
GPR63-2	GPR63-2
USP36-2	USP36-2
MTMR12-2	MTMR12-2
ADAM19-2	ADAM19-2
EEF1E1-2	EEF1E1-2
RNF130-2	RNF130-2
KLHDC7B-2	KLHDC7B-2
JAML-2	JAML-2
TXNIP-2	TXNIP-2
MORN4-2	MORN4-2
GTF2B-2	GTF2B-2
SYNE3-2	SYNE3-2
MMP3-2	MMP3-2
PI16-2	PI16-2
ASTL-2	ASTL-2
TMEM79-2	TMEM79-2
EIF2B1-2	EIF2B1-2
TRADD-2	TRADD-2
JRK-2	JRK-2
ARFGAP1-2	ARFGAP1-2
IL5-2	IL5-2
UTP20-2	UTP20-2
IDNK-2	IDNK-2
CCDC167-2	CCDC167-2
CDK5-2	CDK5-2
SRSF6-2	SRSF6-2
SNCA-2	SNCA-2
CPTP-2	CPTP-2
CNNM2-2	CNNM2-2
OSBPL2-2	OSBPL2-2
DDI2-2	DDI2-2
TMEM121-2	TMEM121-2
KLHL25-2	KLHL25-2
PTPRF-2	PTPRF-2
TERB1-2	TERB1-2
FOXD4L4-2	FOXD4L4-2
MRPL17-2	MRPL17-2
MZF1-2	MZF1-2
CNTD1-2	CNTD1-2
RPL8-2	RPL8-2
CPM-2	CPM-2
FES-2	FES-2
RPL37-2	RPL37-2
PIANP-2	PIANP-2
AKAP2-2	AKAP2-2
BCL2A1-2	BCL2A1-2
SLC25A44-2	SLC25A44-2
VAMP2-2	VAMP2-2
CCL28-2	CCL28-2
SPAST-2	SPAST-2
CHID1-2	CHID1-2
TGIF1-2	TGIF1-2
FGFR1OP-2	FGFR1OP-2
GIMAP4-2	GIMAP4-2
METTL18-2	METTL18-2
EBPL-2	EBPL-2
ICMT-2	ICMT-2
BCAP31-2	BCAP31-2
CNOT11-2	CNOT11-2
MEN1-2	MEN1-2
TOR2A-2	TOR2A-2
GDF7-2	GDF7-2
GYG1-2	GYG1-2
ERG28-2	ERG28-2
PDLIM5-2	PDLIM5-2
DSE-2	DSE-2
XIAP-2	XIAP-2
TG-2	TG-2
GIMAP2-2	GIMAP2-2
RBM25-2	RBM25-2
B3GLCT-2	B3GLCT-2
RBKS-2	RBKS-2
EMP1-2	EMP1-2
SLC25A42-2	SLC25A42-2
TES-2	TES-2
LMNB1-2	LMNB1-2
COA1-2	COA1-2
AP1S1-2	AP1S1-2
TPBG-2	TPBG-2
RRM2-2	RRM2-2
PPARD-2	PPARD-2
CEP192-2	CEP192-2
PPHLN1-2	PPHLN1-2
ANLN-2	ANLN-2
DCN-2	DCN-2
ARRDC5-2	ARRDC5-2
ABHD17A-2	ABHD17A-2
PFDN1-2	PFDN1-2
FANCM-2	FANCM-2
RABL3-2	RABL3-2
HOXD9-2	HOXD9-2
MFSD3-2	MFSD3-2
SLC30A6-2	SLC30A6-2
C20orf202-2	C20orf202-2
LAMP1-2	LAMP1-2
PSMC6-3	PSMC6-3
BRD8-3	BRD8-3
FAM161B-3	FAM161B-3
LRRC4-3	LRRC4-3
INTS6L-3	INTS6L-3
ZYX-3	ZYX-3
PPP4R3A-3	PPP4R3A-3
HIST1H3B-3	HIST1H3B-3
VPS39-3	VPS39-3
CIAO2A-3	CIAO2A-3
YAE1-3	YAE1-3
ARL9-3	ARL9-3
CDHR3-3	CDHR3-3
HYOU1-3	HYOU1-3
SLCO4A1-3	SLCO4A1-3
FEV-3	FEV-3
VPS13A-3	VPS13A-3
CCNYL1-3	CCNYL1-3
MCM9-3	MCM9-3
RAB5A-3	RAB5A-3
WDR24-3	WDR24-3
CLTB-3	CLTB-3
AKR7A2-3	AKR7A2-3
TPST2-3	TPST2-3
ANGPTL4-3	ANGPTL4-3
ATP6V1F-3	ATP6V1F-3
AEBP2-3	AEBP2-3
RBM43-3	RBM43-3
MBD5-3	MBD5-3
MTURN-3	MTURN-3
FCHSD2-3	FCHSD2-3
DGKE-3	DGKE-3
MTMR3-3	MTMR3-3
UBA5-3	UBA5-3
MAP4-3	MAP4-3
CIB1-3	CIB1-3
ZNF248-3	ZNF248-3
NKIRAS1-3	NKIRAS1-3
TADA1-3	TADA1-3
HGSNAT-3	HGSNAT-3
TINF2-3	TINF2-3
HINT3-3	HINT3-3
SAP30-3	SAP30-3
OSER1-3	OSER1-3
NSD1-3	NSD1-3
STOML2-3	STOML2-3
ERBIN-3	ERBIN-3
ZNF563-3	ZNF563-3
HIST1H3B-4	HIST1H3B-4
AGAP2-1	AGAP2-1
PEX14-1	PEX14-1
ATAD3B-1	ATAD3B-1
SLC35E4-1	SLC35E4-1
MID2-1	MID2-1
SPCS2-1	SPCS2-1
SCAI-1	SCAI-1
TIAM1-1	TIAM1-1
RAB18-1	RAB18-1
NR2F1-1	NR2F1-1
ING1-1	ING1-1
MAD2L1-1	MAD2L1-1
TMEM214-1	TMEM214-1
SAMD4B-1	SAMD4B-1
EXOSC2-1	EXOSC2-1
CGRRF1-1	CGRRF1-1
KRT8-1	KRT8-1
ZNF527-1	ZNF527-1
GALNT6-1	GALNT6-1
PET117-1	PET117-1
C6orf89-1	C6orf89-1
CTSZ-1	CTSZ-1
ZNF641-1	ZNF641-1
RASA4-1	RASA4-1
RASGEF1A-1	RASGEF1A-1
TUBA1C-1	TUBA1C-1
ATF5-1	ATF5-1
WDR12-1	WDR12-1
ONECUT1-1	ONECUT1-1
PRR34-1	PRR34-1
MOB4-1	MOB4-1
HOPX-1	HOPX-1
SMPD1-1	SMPD1-1
HMGN1-1	HMGN1-1
SIRPA-1	SIRPA-1
CCNT2-1	CCNT2-1
OCM-1	OCM-1
IL7R-1	IL7R-1
MAP1LC3B-1	MAP1LC3B-1
KDM4C-1	KDM4C-1
MSX2-1	MSX2-1
DCUN1D1-1	DCUN1D1-1
SERPINE3-1	SERPINE3-1
COX6A1-1	COX6A1-1
PARP1-1	PARP1-1
IL15RA-1	IL15RA-1
MOB1A-1	MOB1A-1
GPX7-1	GPX7-1
POLR2J2-1	POLR2J2-1
MIB1-1	MIB1-1
HNRNPA2B1-1	HNRNPA2B1-1
DPEP2-1	DPEP2-1
GLCE-1	GLCE-1
KIF1C-1	KIF1C-1
NTPCR-1	NTPCR-1
ZBTB45-1	ZBTB45-1
ADM5-1	ADM5-1
NUDT13-1	NUDT13-1
AGAP9-1	AGAP9-1
DDX5-1	DDX5-1
MOB1B-1	MOB1B-1
PLEK2-1	PLEK2-1
NSUN3-1	NSUN3-1
PKD1-1	PKD1-1
TPM1-1	TPM1-1
ATOX1-1	ATOX1-1
CRISPLD2-1	CRISPLD2-1
RBM8A-1	RBM8A-1
CARD11-1	CARD11-1
PHF10-1	PHF10-1
GBX2-1	GBX2-1
TNFAIP8L2-1	TNFAIP8L2-1
RAP1B-1	RAP1B-1
IL1RN-1	IL1RN-1
PRPF38A-1	PRPF38A-1
KRAS-1	KRAS-1
RHOF-1	RHOF-1
KAT5-1	KAT5-1
CEP44-1	CEP44-1
GIMAP1-GIMAP5-1	GIMAP1-GIMAP5-1
KTN1-1	KTN1-1
KDF1-1	KDF1-1
ZBTB1-1	ZBTB1-1
FAHD1-1	FAHD1-1
C16orf74-1	C16orf74-1
PHLDB3-1	PHLDB3-1
DLST-1	DLST-1
ZNF720-1	ZNF720-1
ARRB2-1	ARRB2-1
ZNF701-1	ZNF701-1
ZNF461-1	ZNF461-1
CROCC-1	CROCC-1
DTX2-1	DTX2-1
SLC7A7-1	SLC7A7-1
RPL7L1-1	RPL7L1-1
VEGFB-1	VEGFB-1
TMEM229B-1	TMEM229B-1
CARMIL2-1	CARMIL2-1
ZNF683-1	ZNF683-1
NBAS-1	NBAS-1
DDX60L-1	DDX60L-1
SSBP4-1	SSBP4-1
RWDD4-1	RWDD4-1
AKIP1-1	AKIP1-1
RPL13-1	RPL13-1
CCL1-1	CCL1-1
GOLGA4-1	GOLGA4-1
GLIS1-1	GLIS1-1
MPRIP-1	MPRIP-1
DHRS4L2-1	DHRS4L2-1
CTSK-1	CTSK-1
DIRC2-1	DIRC2-1
LRP5-1	LRP5-1
PHKA1-1	PHKA1-1
SLC35A2-1	SLC35A2-1
PAQR3-1	PAQR3-1
TMEM25-1	TMEM25-1
GPX3-1	GPX3-1
TRIM33-1	TRIM33-1
LY96-1	LY96-1
ATM-1	ATM-1
TMEM129-1	TMEM129-1
DUSP14-1	DUSP14-1
CSTF2-1	CSTF2-1
RHOG-1	RHOG-1
RPL36A-HNRNPH2-1	RPL36A-HNRNPH2-1
DUSP4-1	DUSP4-1
HABP4-1	HABP4-1
PIGY-1	PIGY-1
MAP3K11-1	MAP3K11-1
HIST1H4E-1	HIST1H4E-1
CD46-1	CD46-1
TPK1-1	TPK1-1
HMCN1-1	HMCN1-1
CDRT4-1	CDRT4-1
NENF-1	NENF-1
TTLL2-1	TTLL2-1
FTH1-1	FTH1-1
UBQLNL-1	UBQLNL-1
NDUFAF2-1	NDUFAF2-1
SLC2A14-1	SLC2A14-1
ZSCAN32-1	ZSCAN32-1
TCEANC2-1	TCEANC2-1
METTL8-1	METTL8-1
NAE1-1	NAE1-1
GSK3A-1	GSK3A-1
XRCC3-1	XRCC3-1
ZC3H6-1	ZC3H6-1
PRR7-1	PRR7-1
FXYD2-1	FXYD2-1
TENT5C-1	TENT5C-1
RPS11-1	RPS11-1
FH-1	FH-1
CD72-1	CD72-1
JARID2-1	JARID2-1
ZSWIM1-1	ZSWIM1-1
N4BP2L1-1	N4BP2L1-1
CLDN15-1	CLDN15-1
SKA2-1	SKA2-1
CIR1-1	CIR1-1
GLI1-1	GLI1-1
ZNF277-1	ZNF277-1
TXLNB-1	TXLNB-1
SLFN13-1	SLFN13-1
SETDB1-1	SETDB1-1
HSF1-1	HSF1-1
DCP1B-1	DCP1B-1
ALKBH6-1	ALKBH6-1
TMEM134-1	TMEM134-1
HMGN2-1	HMGN2-1
MFF-1	MFF-1
RNPS1-1	RNPS1-1
MT1E-1	MT1E-1
KLF10-1	KLF10-1
RPS26-1	RPS26-1
LY86-1	LY86-1
TRAPPC13-1	TRAPPC13-1
ADSS-1	ADSS-1
MYO1G-1	MYO1G-1
ZNF705A-1	ZNF705A-1
EFNB1-1	EFNB1-1
PTPRN2-1	PTPRN2-1
OLFM2-1	OLFM2-1
ATP10D-1	ATP10D-1
CASP6-1	CASP6-1
ARPC3-1	ARPC3-1
SYNE4-1	SYNE4-1
XCL1-1	XCL1-1
MBD5-1	MBD5-1
RNF43-1	RNF43-1
SDHD-1	SDHD-1
RPS3-1	RPS3-1
CD68-1	CD68-1
MSL2-1	MSL2-1
IRX2-1	IRX2-1
C8orf59-1	C8orf59-1
FBXO9-1	FBXO9-1
ZNF845-1	ZNF845-1
FKBP2-1	FKBP2-1
LMTK3-1	LMTK3-1
ZBTB2-1	ZBTB2-1
UBE2S-1	UBE2S-1
GMIP-1	GMIP-1
HAUS4-1	HAUS4-1
YTHDF2-1	YTHDF2-1
ZMYND19-1	ZMYND19-1
TRIM66-1	TRIM66-1
LMBR1L-1	LMBR1L-1
PODXL-1	PODXL-1
SLC41A2-1	SLC41A2-1
C1D-1	C1D-1
AFMID-1	AFMID-1
NEURL4-1	NEURL4-1
ZNF433-1	ZNF433-1
PGBD1-1	PGBD1-1
SFTPB-1	SFTPB-1
MTMR11-1	MTMR11-1
TRIB3-1	TRIB3-1
ADAM9-1	ADAM9-1
LYPLA1-1	LYPLA1-1
NBPF9-1	NBPF9-1
MMADHC-1	MMADHC-1
BAZ2A-1	BAZ2A-1
CCSAP-1	CCSAP-1
PNRC2-1	PNRC2-1
STX1B-1	STX1B-1
LRRC42-1	LRRC42-1
APOA1-1	APOA1-1
STAB1-1	STAB1-1
ERRFI1-1	ERRFI1-1
CHAF1A-1	CHAF1A-1
RTEL1-1	RTEL1-1
NDUFS7-1	NDUFS7-1
PP2D1-1	PP2D1-1
FLT4-1	FLT4-1
ADM-1	ADM-1
SEC16A-1	SEC16A-1
PRKACA-1	PRKACA-1
SNF8-1	SNF8-1
DHRS4-1	DHRS4-1
NDRG3-1	NDRG3-1
ITGA2-1	ITGA2-1
NAA50-1	NAA50-1
MITF-1	MITF-1
RALGDS-1	RALGDS-1
LYRM1-1	LYRM1-1
POC1B-1	POC1B-1
CERS6-1	CERS6-1
ITGB7-1	ITGB7-1
SH3GL1-1	SH3GL1-1
RPSA-1	RPSA-1
BLOC1S6-1	BLOC1S6-1
PIGO-1	PIGO-1
CBX4-1	CBX4-1
SGSM2-1	SGSM2-1
FMO4-1	FMO4-1
ZNF43-1	ZNF43-1
LYAR-1	LYAR-1
RSL1D1-1	RSL1D1-1
RND3-1	RND3-1
PQLC1-1	PQLC1-1
TTLL3-1	TTLL3-1
UCK1-1	UCK1-1
PEA15-1	PEA15-1
SLC2A3-1	SLC2A3-1
GATB-1	GATB-1
SERF2-1	SERF2-1
RIPK1-1	RIPK1-1
FBXO25-1	FBXO25-1
MCRIP2-1	MCRIP2-1
SEMA4C-1	SEMA4C-1
CTSC-1	CTSC-1
IFITM2-1	IFITM2-1
RNF34-1	RNF34-1
KLKB1-1	KLKB1-1
SDHAF2-1	SDHAF2-1
PI16-1	PI16-1
DDI2-1	DDI2-1
AP1S1-1	AP1S1-1
DCN-1	DCN-1
PSENEN-2	PSENEN-2
NSA2-2	NSA2-2
PPM1F-2	PPM1F-2
ALKBH2-2	ALKBH2-2
TRIM34-2	TRIM34-2
ALG10-2	ALG10-2
FBXO40-2	FBXO40-2
RPL7-2	RPL7-2
IL2-2	IL2-2
TESC-2	TESC-2
SMG1-2	SMG1-2
ROBO3-2	ROBO3-2
ARPP19-2	ARPP19-2
NFE2L1-2	NFE2L1-2
CALY-2	CALY-2
RASA4-2	RASA4-2
HIST1H2BJ-2	HIST1H2BJ-2
IL2RG-2	IL2RG-2
EPN2-2	EPN2-2
IKBKE-2	IKBKE-2
CSTF1-2	CSTF1-2
MCPH1-2	MCPH1-2
STRBP-2	STRBP-2
ABL1-2	ABL1-2
C1QC-2	C1QC-2
YIPF2-2	YIPF2-2
CYP51A1-2	CYP51A1-2
LHX6-2	LHX6-2
TTC30B-2	TTC30B-2
COL4A3BP-2	COL4A3BP-2
SOX6-2	SOX6-2
C11orf54-2	C11orf54-2
RCBTB2-2	RCBTB2-2
RPL24-2	RPL24-2
VIPAS39-2	VIPAS39-2
PDGFB-2	PDGFB-2
PHF19-2	PHF19-2
BEX1-2	BEX1-2
CELA1-2	CELA1-2
C2CD5-2	C2CD5-2
HELB-2	HELB-2
LACC1-2	LACC1-2
IFIT3-2	IFIT3-2
HIST1H2BL-2	HIST1H2BL-2
PSMD4-2	PSMD4-2
ABCB7-2	ABCB7-2
OTUB1-2	OTUB1-2
CYSLTR1-2	CYSLTR1-2
BPTF-2	BPTF-2
SLC35C1-2	SLC35C1-2
TBC1D19-2	TBC1D19-2
TNFAIP8L2-2	TNFAIP8L2-2
SAYSD1-2	SAYSD1-2
CRY2-2	CRY2-2
BAK1-2	BAK1-2
ZNF679-2	ZNF679-2
WWP2-2	WWP2-2
COASY-2	COASY-2
PSMA2-2	PSMA2-2
METRN-2	METRN-2
EVI2A-2	EVI2A-2
FGL2-2	FGL2-2
RGPD2-2	RGPD2-2
DHRS2-2	DHRS2-2
RASA2-2	RASA2-2
PDK4-2	PDK4-2
CHCHD3-2	CHCHD3-2
SERTAD3-2	SERTAD3-2
EIF4A1-2	EIF4A1-2
STRIP2-2	STRIP2-2
MYO16-2	MYO16-2
AXL-2	AXL-2
DHX32-2	DHX32-2
UQCRHL-2	UQCRHL-2
SLC12A9-2	SLC12A9-2
ADCY3-2	ADCY3-2
HLA-DQA1-2	HLA-DQA1-2
SLC45A4-2	SLC45A4-2
PRSS53-2	PRSS53-2
HAVCR1-2	HAVCR1-2
SPPL3-2	SPPL3-2
GDPD3-2	GDPD3-2
ZFYVE16-2	ZFYVE16-2
ERO1A-2	ERO1A-2
VSIG2-2	VSIG2-2
AKR1C1-2	AKR1C1-2
DNAJB11-2	DNAJB11-2
TLR6-2	TLR6-2
CXorf21-2	CXorf21-2
EIF2D-2	EIF2D-2
SRD5A1-2	SRD5A1-2
PTEN-2	PTEN-2
P2RY13-2	P2RY13-2
PNMA3-2	PNMA3-2
HOXD3-2	HOXD3-2
NECTIN2-2	NECTIN2-2
MBOAT1-2	MBOAT1-2
SERPINE2-2	SERPINE2-2
CCSER2-2	CCSER2-2
ADAT2-2	ADAT2-2
SLC2A14-2	SLC2A14-2
SMR3B-2	SMR3B-2
NEIL2-2	NEIL2-2
WBP1-2	WBP1-2
ETFDH-2	ETFDH-2
ECI2-2	ECI2-2
ZNF80-2	ZNF80-2
VASH1-2	VASH1-2
HCN2-2	HCN2-2
TUBB4B-2	TUBB4B-2
ARID3C-2	ARID3C-2
THAP3-2	THAP3-2
KLRB1-2	KLRB1-2
GEMIN7-2	GEMIN7-2
LILRB2-2	LILRB2-2
GPR89A-2	GPR89A-2
E2F1-2	E2F1-2
TTC13-2	TTC13-2
TLR5-2	TLR5-2
PHF5A-2	PHF5A-2
ZNF648-2	ZNF648-2
AGFG2-2	AGFG2-2
BTLA-2	BTLA-2
ARGFX-2	ARGFX-2
LYSMD3-2	LYSMD3-2
RPL12-2	RPL12-2
ZNF75A-2	ZNF75A-2
HMGB3-2	HMGB3-2
MTERF1-2	MTERF1-2
ACAP1-2	ACAP1-2
ZC3H11A-2	ZC3H11A-2
PTPN11-2	PTPN11-2
TMSB4X-2	TMSB4X-2
WWC2-2	WWC2-2
COX20-2	COX20-2
FBXL22-2	FBXL22-2
ZBTB4-2	ZBTB4-2
LRRC7-2	LRRC7-2
ICAM3-2	ICAM3-2
RGS18-2	RGS18-2
PYROXD2-2	PYROXD2-2
FABP6-2	FABP6-2
POLR2J-2	POLR2J-2
CORO1A-2	CORO1A-2
YY2-2	YY2-2
MDK-2	MDK-2
C11orf1-2	C11orf1-2
SCAF11-2	SCAF11-2
PAICS-2	PAICS-2
YTHDF2-2	YTHDF2-2
CCDC14-2	CCDC14-2
SMC6-2	SMC6-2
PRAM1-2	PRAM1-2
ZNF426-2	ZNF426-2
FAM86C1-2	FAM86C1-2
MND1-2	MND1-2
LRP10-2	LRP10-2
C1D-2	C1D-2
GTF2IRD2B-2	GTF2IRD2B-2
ARHGAP45-2	ARHGAP45-2
INAFM2-2	INAFM2-2
GBP4-2	GBP4-2
RGPD6-2	RGPD6-2
CDK17-2	CDK17-2
IL3-2	IL3-2
CMTM3-2	CMTM3-2
ZNF675-2	ZNF675-2
FPR1-2	FPR1-2
PGM1-2	PGM1-2
RND1-2	RND1-2
TNFRSF1B-2	TNFRSF1B-2
TTC14-2	TTC14-2
BTG1-2	BTG1-2
PES1-2	PES1-2
KRT10-2	KRT10-2
VPS28-2	VPS28-2
ZNF587B-2	ZNF587B-2
CASP1-2	CASP1-2
RPS6KB1-2	RPS6KB1-2
B4GALT4-2	B4GALT4-2
CA14-2	CA14-2
RIDA-2	RIDA-2
VAPB-2	VAPB-2
FOXS1-2	FOXS1-2
NR2F6-2	NR2F6-2
RPL10A-2	RPL10A-2
F8-2	F8-2
USP49-2	USP49-2
PARG-2	PARG-2
CGREF1-2	CGREF1-2
DDX50-2	DDX50-2
MRGBP-2	MRGBP-2
EIF4H-2	EIF4H-2
PHYKPL-2	PHYKPL-2
RPL18A-2	RPL18A-2
MFN2-2	MFN2-2
ZG16B-2	ZG16B-2
PLEK-2	PLEK-2
NBPF26-2	NBPF26-2
CCDC66-2	CCDC66-2
NF1-2	NF1-2
FOXO4-2	FOXO4-2
ESCO2-2	ESCO2-2
HGD-2	HGD-2
C18orf21-2	C18orf21-2
MCRIP2-2	MCRIP2-2
SERPING1-2	SERPING1-2
CYTIP-2	CYTIP-2
PRR15L-2	PRR15L-2
ASF1A-2	ASF1A-2
ABT1-2	ABT1-2
CCDC6-2	CCDC6-2
HIST1H3J-2	HIST1H3J-2
LZTFL1-2	LZTFL1-2
ZFYVE19-1	ZFYVE19-1
HLA-E-1	HLA-E-1
GPANK1-1	GPANK1-1
VPS52-1	VPS52-1
FAM83H-1	FAM83H-1
ZFP57-1	ZFP57-1
AKT3-1	AKT3-1
TAP2-1	TAP2-1
AIF1-1	AIF1-1
TUBB-1	TUBB-1
MMP28-1	MMP28-1
SNTB2-1	SNTB2-1
PRRT1-1	PRRT1-1
SAPCD1-1	SAPCD1-1
LILRB3-1	LILRB3-1
AATF-1	AATF-1
CCL5-1	CCL5-1
ALOX5-1	ALOX5-1
SYNGAP1-1	SYNGAP1-1
CATSPERB-1	CATSPERB-1
PCMTD2-1	PCMTD2-1
B3GALT4-1	B3GALT4-1
SPATC1L-1	SPATC1L-1
TFPT-1	TFPT-1
PPP4R4-1	PPP4R4-1
OSCAR-1	OSCAR-1
CABIN1-1	CABIN1-1
BDH1-1	BDH1-1
HSPA1A-1	HSPA1A-1
TIGD5-1	TIGD5-1
LY6E-1	LY6E-1
CCL18-1	CCL18-1
TRIM69-1	TRIM69-1
DAXX-1	DAXX-1
MBOAT7-1	MBOAT7-1
GNL1-1	GNL1-1
RILP-1	RILP-1
HLA-DMB-1	HLA-DMB-1
RPS18-1	RPS18-1
LSM14A-1	LSM14A-1
SLC43A2-1	SLC43A2-1
RNF39-1	RNF39-1
IFI27-1	IFI27-1
INTS3-1	INTS3-1
NSF-1	NSF-1
RAB11FIP3-1	RAB11FIP3-1
ZNF251-1	ZNF251-1
LTA-1	LTA-1
KIAA0355-1	KIAA0355-1
HMOX2-1	HMOX2-1
KRT20-1	KRT20-1
RASSF7-1	RASSF7-1
RXRB-1	RXRB-1
TADA2A-1	TADA2A-1
LY6G6F-1	LY6G6F-1
DDX52-1	DDX52-1
SLC39A7-1	SLC39A7-1
PRKRA-1	PRKRA-1
SLC27A3-1	SLC27A3-1
PARN-1	PARN-1
TAMM41-1	TAMM41-1
PTP4A3-1	PTP4A3-1
FKBPL-1	FKBPL-1
CEACAM4-1	CEACAM4-1
TNXB-1	TNXB-1
SIMC1-1	SIMC1-1
PLCH2-1	PLCH2-1
DLG5-1	DLG5-1
LENG8-1	LENG8-1
SKA1-1	SKA1-1
SSBP1-1	SSBP1-1
MTMR10-1	MTMR10-1
BAG6-1	BAG6-1
COL11A2-1	COL11A2-1
RDM1-1	RDM1-1
PAXBP1-1	PAXBP1-1
ABCC1-1	ABCC1-1
RING1-1	RING1-1
ACACA-1	ACACA-1
HLA-DMA-1	HLA-DMA-1
NDE1-1	NDE1-1
ERMARD-1	ERMARD-1
FAM189B-1	FAM189B-1
IRF7-1	IRF7-1
CDK7-1	CDK7-1
RPS17-1	RPS17-1
LILRA5-1	LILRA5-1
SERPINF1-1	SERPINF1-1
ATP9B-1	ATP9B-1
MROH6-1	MROH6-1
HNF1B-1	HNF1B-1
SLC12A7-1	SLC12A7-1
TAPBP-1	TAPBP-1
MRPL45-1	MRPL45-1
TUBGCP5-1	TUBGCP5-1
TAF9-1	TAF9-1
ZBTB9-1	ZBTB9-1
MPIG6B-1	MPIG6B-1
MUC20-1	MUC20-1
MICB-1	MICB-1
KRTAP16-1-1	KRTAP16-1-1
CHCHD10-1	CHCHD10-1
RPH3AL-1	RPH3AL-1
FLOT1-1	FLOT1-1
PDCD1-1	PDCD1-1
PHF1-1	PHF1-1
MRPL23-1	MRPL23-1
MESP2-1	MESP2-1
PRTN3-1	PRTN3-1
CLIC1-1	CLIC1-1
CCL4-1	CCL4-1
WASHC1-1	WASHC1-1
KIR3DL2-1	KIR3DL2-1
MRPS36-1	MRPS36-1
LAIR2-1	LAIR2-1
HCN3-1	HCN3-1
PHLDA2-1	PHLDA2-1
RPP21-1	RPP21-1
GPSM3-1	GPSM3-1
MUC4-1	MUC4-1
HLA-C-1	HLA-C-1
B3GNTL1-1	B3GNTL1-1
CCL3L1-1	CCL3L1-1
LTB-1	LTB-1
SLC2A11-1	SLC2A11-1
HLA-DRB5-1	HLA-DRB5-1
AGPAT1-1	AGPAT1-1
ZNF430-1	ZNF430-1
LY6G5C-1	LY6G5C-1
VARS-1	VARS-1
VWA7-1	VWA7-1
OTUB2-1	OTUB2-1
LILRB1-1	LILRB1-1
ZNF676-1	ZNF676-1
HSD17B7-1	HSD17B7-1
TIMM22-1	TIMM22-1
PSMB3-1	PSMB3-1
CCHCR1-1	CCHCR1-1
MIF-1	MIF-1
GGNBP2-1	GGNBP2-1
MOAP1-1	MOAP1-1
TRIM39-1	TRIM39-1
RGL2-1	RGL2-1
C6orf136-1	C6orf136-1
YWHAE-1	YWHAE-1
PSMB8-1	PSMB8-1
ATAT1-1	ATAT1-1
ZNF280A-1	ZNF280A-1
B2M-1	B2M-1
C6orf47-1	C6orf47-1
KLF13-1	KLF13-1
CEP170-1	CEP170-1
TRIM27-1	TRIM27-1
NRM-1	NRM-1
TSTA3-1	TSTA3-1
FAM120B-1	FAM120B-1
TCTE3-1	TCTE3-1
NEU1-1	NEU1-1
SINHCAF-1	SINHCAF-1
PRR3-1	PRR3-1
KIAA1147-1	KIAA1147-1
CNOT3-1	CNOT3-1
FAM20C-1	FAM20C-1
CLK2-1	CLK2-1
C6orf48-1	C6orf48-1
DSEL-1	DSEL-1
HSD17B8-1	HSD17B8-1
NTAN1-1	NTAN1-1
CSNK2B-1	CSNK2B-1
ZNF311-1	ZNF311-1
ZNF707-1	ZNF707-1
CYP2D6-1	CYP2D6-1
BDP1-1	BDP1-1
NFKBIL1-1	NFKBIL1-1
PCGF2-1	PCGF2-1
CORO7-1	CORO7-1
MPV17L-1	MPV17L-1
IFI27L2-1	IFI27L2-1
FBRSL1-1	FBRSL1-1
PRRC2A-1	PRRC2A-1
PYCR3-1	PYCR3-1
DDR1-1	DDR1-1
HLA-DQA2-1	HLA-DQA2-1
TNF-1	TNF-1
UBR7-1	UBR7-1
SMDT1-1	SMDT1-1
PFDN6-1	PFDN6-1
MYOM2-1	MYOM2-1
STK19-1	STK19-1
IER3-1	IER3-1
DHRS11-1	DHRS11-1
ZNHIT3-1	ZNHIT3-1
EGFL8-1	EGFL8-1
RNH1-1	RNH1-1
LY6G5B-1	LY6G5B-1
PRB4-1	PRB4-1
CUTA-1	CUTA-1
MRPS18B-1	MRPS18B-1
ATP6V1G2-1	ATP6V1G2-1
DERL3-1	DERL3-1
PIGW-1	PIGW-1
MCCC2-1	MCCC2-1
C16orf45-1	C16orf45-1
LSM2-1	LSM2-1
NCF4-1	NCF4-1
DHX16-1	DHX16-1
TCF19-1	TCF19-1
VARS2-1	VARS2-1
HLA-DPB1-1	HLA-DPB1-1
LILRA1-1	LILRA1-1
NAPEPLD-1	NAPEPLD-1
TAS2R14-1	TAS2R14-1
CTSO-1	CTSO-1
TAF15-1	TAF15-1
ATP23-1	ATP23-1
CEP72-1	CEP72-1
ABCF1-1	ABCF1-1
SPC25-1	SPC25-1
FAN1-1	FAN1-1
DLL1-1	DLL1-1
YTHDC1-1	YTHDC1-1
SMIM11B-1	SMIM11B-1
PIP4K2B-1	PIP4K2B-1
KANSL1-1	KANSL1-1
DXO-1	DXO-1
TAS2R20-1	TAS2R20-1
NSMCE3-1	NSMCE3-1
HLA-DOB-1	HLA-DOB-1
HLA-DRA-1	HLA-DRA-1
CFD-1	CFD-1
PRPF8-1	PRPF8-1
NDUFA6-1	NDUFA6-1
TTC34-1	TTC34-1
PPP1R18-1	PPP1R18-1
MYH11-1	MYH11-1
KIFC1-1	KIFC1-1
THEMIS-1	THEMIS-1
SIK1-1	SIK1-1
NMRAL1-1	NMRAL1-1
GTF2H4-1	GTF2H4-1
METRNL-1	METRNL-1
PRR4-1	PRR4-1
CCL3-1	CCL3-1
CLPTM1L-1	CLPTM1L-1
PRXL2B-1	PRXL2B-1
ARHGAP11B-1	ARHGAP11B-1
BTG3-1	BTG3-1
MUC2-1	MUC2-1
PRH1-1	PRH1-1
PAM16-1	PAM16-1
SLC44A4-1	SLC44A4-1
LST1-1	LST1-1
HERC2-1	HERC2-1
SOCS7-1	SOCS7-1
LMNTD2-1	LMNTD2-1
KBTBD11-1	KBTBD11-1
ASB2-1	ASB2-1
NCF1-1	NCF1-1
GLIS2-1	GLIS2-1
ARHGAP27-1	ARHGAP27-1
THOC3-1	THOC3-1
SMARCB1-1	SMARCB1-1
HLA-G-1	HLA-G-1
ZNF658-1	ZNF658-1
CAPN15-1	CAPN15-1
FCAR-1	FCAR-1
CCDC125-1	CCDC125-1
MRM1-1	MRM1-1
HLA-DPA1-1	HLA-DPA1-1
WDR46-1	WDR46-1
RMND5A-1	RMND5A-1
LENG9-1	LENG9-1
EPHB6-1	EPHB6-1
TMEM251-1	TMEM251-1
CBS-1	CBS-1
NDUFA3-1	NDUFA3-1
TBX22-1	TBX22-1
GPI-1	GPI-1
HSPA1L-1	HSPA1L-1
PRH2-1	PRH2-1
ICOSLG-1	ICOSLG-1
PTPRC-1	PTPRC-1
BFAR-1	BFAR-1
SKIV2L-1	SKIV2L-1
ZC3H3-1	ZC3H3-1
LENG1-1	LENG1-1
CEACAM21-1	CEACAM21-1
MARF1-1	MARF1-1
SDCCAG8-1	SDCCAG8-1
ZBTB22-1	ZBTB22-1
RHEB-1	RHEB-1
GPAT2-1	GPAT2-1
GON7-1	GON7-1
ZNRD1-1	ZNRD1-1
TCF20-1	TCF20-1
OTUD7A-1	OTUD7A-1
NELFE-1	NELFE-1
RAD17-1	RAD17-1
NCR3-1	NCR3-1
DUSP8-1	DUSP8-1
MLLT6-1	MLLT6-1
PSMB9-1	PSMB9-1
REXO4-1	REXO4-1
ZNF280B-1	ZNF280B-1
TRIM26-1	TRIM26-1
LHX1-1	LHX1-1
ZNF595-1	ZNF595-1
SCRIB-1	SCRIB-1
CWC25-1	CWC25-1
SMIM10L1-1	SMIM10L1-1
MICA-1	MICA-1
CLN8-1	CLN8-1
CRIM1-1	CRIM1-1
SALL3-1	SALL3-1
MAP3K14-1	MAP3K14-1
ABR-1	ABR-1
PATL2-1	PATL2-1
NKD2-1	NKD2-1
HRAS-1	HRAS-1
TNFRSF14-1	TNFRSF14-1
PPT2-1	PPT2-1
MYT1-1	MYT1-1
FRG1-1	FRG1-1
HSPA1B-1	HSPA1B-1
CCL4L2-1	CCL4L2-1
CTDP1-1	CTDP1-1
WDR81-1	WDR81-1
RNF5-1	RNF5-1
ERICH1-1	ERICH1-1
PTPRK-1	PTPRK-1
PHRF1-1	PHRF1-1
BRD2-1	BRD2-1
CDC42EP5-1	CDC42EP5-1
ZBTB12-1	ZBTB12-1
EPOP-1	EPOP-1
SYNRG-1	SYNRG-1
ABHD16A-1	ABHD16A-1
ARHGEF10-1	ARHGEF10-1
PPP1R10-1	PPP1R10-1
PANK4-1	PANK4-1
TAP1-1	TAP1-1
MSH5-1	MSH5-1
HIC2-1	HIC2-1
GP6-1	GP6-1
SCAMP3-1	SCAMP3-1
DECR2-1	DECR2-1
RDH13-1	RDH13-1
TSEN34-1	TSEN34-1
GABBR1-1	GABBR1-1
PPP1R11-1	PPP1R11-1
DDX39B-1	DDX39B-1
ZNF85-1	ZNF85-1
ZNF100-1	ZNF100-1
HES5-1	HES5-1
ZBED9-1	ZBED9-1
DNAJA3-1	DNAJA3-1
CISD3-1	CISD3-1
HLA-B-1	HLA-B-1
GSDMD-1	GSDMD-1
ATF6B-1	ATF6B-1
ARHGAP11A-1	ARHGAP11A-1
CDHR5-1	CDHR5-1
POU5F1-1	POU5F1-1
HLA-DOA-1	HLA-DOA-1
ITPK1-1	ITPK1-1
IFI27L1-1	IFI27L1-1
CDKN1C-1	CDKN1C-1
EEF1D-1	EEF1D-1
SCARF1-1	SCARF1-1
DDX24-1	DDX24-1
LRRC56-1	LRRC56-1
FOPNL-1	FOPNL-1
PBX2-1	PBX2-1
LILRA2-1	LILRA2-1
CYFIP1-1	CYFIP1-1
EHMT2-1	EHMT2-1
CARS-1	CARS-1
ZNF729-1	ZNF729-1
PDXDC1-1	PDXDC1-1
MYO19-1	MYO19-1
PRB3-1	PRB3-1
PDE4DIP-1	PDE4DIP-1
NAPRT-1	NAPRT-1
APOBEC3A-1	APOBEC3A-1
NAP1L4-1	NAP1L4-1
RPS9-1	RPS9-1
APOM-1	APOM-1
TMEM50B-1	TMEM50B-1
HLA-E-2	HLA-E-2
GPANK1-2	GPANK1-2
VPS52-2	VPS52-2
FAM83H-2	FAM83H-2
ZFP57-2	ZFP57-2
AKT3-2	AKT3-2
TAP2-2	TAP2-2
AIF1-2	AIF1-2
TUBB-2	TUBB-2
MMP28-2	MMP28-2
SNTB2-2	SNTB2-2
GBA-2	GBA-2
SAPCD1-2	SAPCD1-2
LILRB3-2	LILRB3-2
AATF-2	AATF-2
CCL5-2	CCL5-2
ALOX5-2	ALOX5-2
SYNGAP1-2	SYNGAP1-2
CATSPERB-2	CATSPERB-2
PCMTD2-2	PCMTD2-2
B3GALT4-2	B3GALT4-2
SPATC1L-2	SPATC1L-2
TFPT-2	TFPT-2
PPP4R4-2	PPP4R4-2
OSCAR-2	OSCAR-2
CABIN1-2	CABIN1-2
BDH1-2	BDH1-2
TIGD5-2	TIGD5-2
LY6E-2	LY6E-2
PWP2-2	PWP2-2
CCL18-2	CCL18-2
TRIM69-2	TRIM69-2
DAXX-2	DAXX-2
MBOAT7-2	MBOAT7-2
GNL1-2	GNL1-2
RILP-2	RILP-2
HLA-DMB-2	HLA-DMB-2
RPS18-2	RPS18-2
LSM14A-2	LSM14A-2
SLC43A2-2	SLC43A2-2
RNF39-2	RNF39-2
CPEB1-2	CPEB1-2
IFI27-2	IFI27-2
INTS3-2	INTS3-2
ZNF251-2	ZNF251-2
LTA-2	LTA-2
KIAA0355-2	KIAA0355-2
HMOX2-2	HMOX2-2
KRT20-2	KRT20-2
RASSF7-2	RASSF7-2
RXRB-2	RXRB-2
TADA2A-2	TADA2A-2
LY6G6F-2	LY6G6F-2
DDX52-2	DDX52-2
SLC39A7-2	SLC39A7-2
SLC27A3-2	SLC27A3-2
PARN-2	PARN-2
TAMM41-2	TAMM41-2
PTP4A3-2	PTP4A3-2
FKBPL-2	FKBPL-2
CEACAM4-2	CEACAM4-2
TNXB-2	TNXB-2
PLCH2-2	PLCH2-2
DLG5-2	DLG5-2
LENG8-2	LENG8-2
SKA1-2	SKA1-2
SSBP1-2	SSBP1-2
MTMR10-2	MTMR10-2
COL11A2-2	COL11A2-2
RDM1-2	RDM1-2
PAXBP1-2	PAXBP1-2
ABCC1-2	ABCC1-2
RING1-2	RING1-2
ACACA-2	ACACA-2
HLA-DMA-2	HLA-DMA-2
NDE1-2	NDE1-2
ERMARD-2	ERMARD-2
FAM189B-2	FAM189B-2
AGAP9-2	AGAP9-2
IRF7-2	IRF7-2
CDK7-2	CDK7-2
RPS17-2	RPS17-2
LILRA5-2	LILRA5-2
SERPINF1-2	SERPINF1-2
ATP9B-2	ATP9B-2
MROH6-2	MROH6-2
HNF1B-2	HNF1B-2
SLC12A7-2	SLC12A7-2
PRB1-2	PRB1-2
ARSG-2	ARSG-2
PKD1-2	PKD1-2
TAPBP-2	TAPBP-2
MRPL45-2	MRPL45-2
TUBGCP5-2	TUBGCP5-2
TAF9-2	TAF9-2
ZBTB9-2	ZBTB9-2
MPIG6B-2	MPIG6B-2
MUC20-2	MUC20-2
MICB-2	MICB-2
KRTAP16-1-2	KRTAP16-1-2
CHCHD10-2	CHCHD10-2
RPH3AL-2	RPH3AL-2
FLOT1-2	FLOT1-2
PDCD1-2	PDCD1-2
PHF1-2	PHF1-2
MRPL23-2	MRPL23-2
PRTN3-2	PRTN3-2
CLIC1-2	CLIC1-2
CCL4-2	CCL4-2
KIR3DL2-2	KIR3DL2-2
MRPS36-2	MRPS36-2
LAIR2-2	LAIR2-2
HCN3-2	HCN3-2
PHLDA2-2	PHLDA2-2
RPP21-2	RPP21-2
GPSM3-2	GPSM3-2
AGER-2	AGER-2
MUC4-2	MUC4-2
B3GNTL1-2	B3GNTL1-2
CCL3L1-2	CCL3L1-2
LTB-2	LTB-2
SLC2A11-2	SLC2A11-2
HLA-DRB5-2	HLA-DRB5-2
AGPAT1-2	AGPAT1-2
ZNF430-2	ZNF430-2
LY6G5C-2	LY6G5C-2
VARS-2	VARS-2
VWA7-2	VWA7-2
OTUB2-2	OTUB2-2
LILRB1-2	LILRB1-2
TIMM22-2	TIMM22-2
PSMB3-2	PSMB3-2
CCHCR1-2	CCHCR1-2
MIF-2	MIF-2
DUX4-2	DUX4-2
GGNBP2-2	GGNBP2-2
MOAP1-2	MOAP1-2
TRIM39-2	TRIM39-2
RGL2-2	RGL2-2
C6orf136-2	C6orf136-2
YWHAE-2	YWHAE-2
PSMB8-2	PSMB8-2
ATAT1-2	ATAT1-2
ZNF280A-2	ZNF280A-2
B2M-2	B2M-2
C6orf47-2	C6orf47-2
KLF13-2	KLF13-2
CEP170-2	CEP170-2
TRIM27-2	TRIM27-2
NRM-2	NRM-2
TSTA3-2	TSTA3-2
FAM120B-2	FAM120B-2
TCTE3-2	TCTE3-2
NEU1-2	NEU1-2
SINHCAF-2	SINHCAF-2
PRR3-2	PRR3-2
KIAA1147-2	KIAA1147-2
CNOT3-2	CNOT3-2
FAM20C-2	FAM20C-2
CLK2-2	CLK2-2
C6orf48-2	C6orf48-2
DSEL-2	DSEL-2
HSD17B8-2	HSD17B8-2
NTAN1-2	NTAN1-2
CSNK2B-2	CSNK2B-2
ZNF311-2	ZNF311-2
ZNF707-2	ZNF707-2
CYP2D6-2	CYP2D6-2
BDP1-2	BDP1-2
DDAH2-2	DDAH2-2
NFKBIL1-2	NFKBIL1-2
PCGF2-2	PCGF2-2
CORO7-2	CORO7-2
MPV17L-2	MPV17L-2
IFI27L2-2	IFI27L2-2
FBRSL1-2	FBRSL1-2
PRRC2A-2	PRRC2A-2
PYCR3-2	PYCR3-2
DDR1-2	DDR1-2
HLA-DQA2-2	HLA-DQA2-2
TNF-2	TNF-2
UBR7-2	UBR7-2
SMDT1-2	SMDT1-2
PFDN6-2	PFDN6-2
MYOM2-2	MYOM2-2
STK19-2	STK19-2
IER3-2	IER3-2
DHRS11-2	DHRS11-2
ZNHIT3-2	ZNHIT3-2
RNH1-2	RNH1-2
LY6G5B-2	LY6G5B-2
PRB4-2	PRB4-2
CUTA-2	CUTA-2
MRPS18B-2	MRPS18B-2
TCAF2-2	TCAF2-2
ATP6V1G2-2	ATP6V1G2-2
DERL3-2	DERL3-2
PIGW-2	PIGW-2
MCCC2-2	MCCC2-2
C16orf45-2	C16orf45-2
LSM2-2	LSM2-2
NCF4-2	NCF4-2
DHX16-2	DHX16-2
TCF19-2	TCF19-2
VARS2-2	VARS2-2
HLA-DPB1-2	HLA-DPB1-2
LILRA1-2	LILRA1-2
LAIR1-2	LAIR1-2
NAPEPLD-2	NAPEPLD-2
TAS2R14-2	TAS2R14-2
CTSO-2	CTSO-2
TAF15-2	TAF15-2
ATP23-2	ATP23-2
CEP72-2	CEP72-2
HLA-A-2	HLA-A-2
ABCF1-2	ABCF1-2
SPC25-2	SPC25-2
FAN1-2	FAN1-2
DLL1-2	DLL1-2
YTHDC1-2	YTHDC1-2
SMIM11B-2	SMIM11B-2
PIP4K2B-2	PIP4K2B-2
KANSL1-2	KANSL1-2
DXO-2	DXO-2
TAS2R20-2	TAS2R20-2
NSMCE3-2	NSMCE3-2
HLA-DOB-2	HLA-DOB-2
HLA-DRA-2	HLA-DRA-2
CFD-2	CFD-2
PRPF8-2	PRPF8-2
NDUFA6-2	NDUFA6-2
TTC34-2	TTC34-2
PPP1R18-2	PPP1R18-2
KIFC1-2	KIFC1-2
THEMIS-2	THEMIS-2
SIK1-2	SIK1-2
NMRAL1-2	NMRAL1-2
GTF2H4-2	GTF2H4-2
METRNL-2	METRNL-2
PRR4-2	PRR4-2
CCL3-2	CCL3-2
CLPTM1L-2	CLPTM1L-2
PRXL2B-2	PRXL2B-2
ARHGAP11B-2	ARHGAP11B-2
BTG3-2	BTG3-2
BTBD7-2	BTBD7-2
MUC2-2	MUC2-2
PRH1-2	PRH1-2
PAM16-2	PAM16-2
SLC44A4-2	SLC44A4-2
LST1-2	LST1-2
HERC2-2	HERC2-2
SOCS7-2	SOCS7-2
LMNTD2-2	LMNTD2-2
KBTBD11-2	KBTBD11-2
ASB2-2	ASB2-2
NCF1-2	NCF1-2
GLIS2-2	GLIS2-2
ARHGAP27-2	ARHGAP27-2
FAM104B-2	FAM104B-2
THOC3-2	THOC3-2
SMARCB1-2	SMARCB1-2
GGT1-2	GGT1-2
OCLN-2	OCLN-2
HLA-G-2	HLA-G-2
ZNF658-2	ZNF658-2
CAPN15-2	CAPN15-2
FCAR-2	FCAR-2
CCDC125-2	CCDC125-2
MRM1-2	MRM1-2
HLA-DPA1-2	HLA-DPA1-2
WDR46-2	WDR46-2
RMND5A-2	RMND5A-2
LENG9-2	LENG9-2
EPHB6-2	EPHB6-2
TMEM251-2	TMEM251-2
CBS-2	CBS-2
NDUFA3-2	NDUFA3-2
TBX22-2	TBX22-2
GPI-2	GPI-2
HSPA1L-2	HSPA1L-2
PRH2-2	PRH2-2
ICOSLG-2	ICOSLG-2
PTPRC-2	PTPRC-2
BFAR-2	BFAR-2
SKIV2L-2	SKIV2L-2
ZC3H3-2	ZC3H3-2
LENG1-2	LENG1-2
CEACAM21-2	CEACAM21-2
MARF1-2	MARF1-2
SDCCAG8-2	SDCCAG8-2
ZBTB22-2	ZBTB22-2
RRN3-2	RRN3-2
GPAT2-2	GPAT2-2
GON7-2	GON7-2
ZNRD1-2	ZNRD1-2
TCF20-2	TCF20-2
OTUD7A-2	OTUD7A-2
NELFE-2	NELFE-2
RAD17-2	RAD17-2
NCR3-2	NCR3-2
DUSP8-2	DUSP8-2
MLLT6-2	MLLT6-2
PSMB9-2	PSMB9-2
ZNF280B-2	ZNF280B-2
TRIM26-2	TRIM26-2
LHX1-2	LHX1-2
ZNF595-2	ZNF595-2
SCRIB-2	SCRIB-2
MDC1-2	MDC1-2
CWC25-2	CWC25-2
SMIM10L1-2	SMIM10L1-2
MICA-2	MICA-2
CLN8-2	CLN8-2
CRIM1-2	CRIM1-2
SALL3-2	SALL3-2
MAP3K14-2	MAP3K14-2
ABR-2	ABR-2
NKD2-2	NKD2-2
HRAS-2	HRAS-2
TNFRSF14-2	TNFRSF14-2
PPT2-2	PPT2-2
MYT1-2	MYT1-2
FRG1-2	FRG1-2
HSPA1B-2	HSPA1B-2
CTDP1-2	CTDP1-2
WDR81-2	WDR81-2
RNF5-2	RNF5-2
ERICH1-2	ERICH1-2
PTPRK-2	PTPRK-2
PHRF1-2	PHRF1-2
BRD2-2	BRD2-2
CDC42EP5-2	CDC42EP5-2
ZBTB12-2	ZBTB12-2
SBNO2-2	SBNO2-2
EPOP-2	EPOP-2
SYNRG-2	SYNRG-2
ABHD16A-2	ABHD16A-2
ARHGEF10-2	ARHGEF10-2
PPP1R10-2	PPP1R10-2
PANK4-2	PANK4-2
TAP1-2	TAP1-2
MSH5-2	MSH5-2
HIC2-2	HIC2-2
GP6-2	GP6-2
SCAMP3-2	SCAMP3-2
DECR2-2	DECR2-2
RDH13-2	RDH13-2
TSEN34-2	TSEN34-2
GABBR1-2	GABBR1-2
PPP1R11-2	PPP1R11-2
DDX39B-2	DDX39B-2
ZNF85-2	ZNF85-2
ZNF100-2	ZNF100-2
HES5-2	HES5-2
ZBED9-2	ZBED9-2
DNAJA3-2	DNAJA3-2
CISD3-2	CISD3-2
HLA-B-2	HLA-B-2
GSDMD-2	GSDMD-2
ATF6B-2	ATF6B-2
ARHGAP11A-2	ARHGAP11A-2
CDHR5-2	CDHR5-2
POU5F1-2	POU5F1-2
HLA-DOA-2	HLA-DOA-2
ITPK1-2	ITPK1-2
LRRC37A-2	LRRC37A-2
HLA-F-2	HLA-F-2
IFI27L1-2	IFI27L1-2
CDKN1C-2	CDKN1C-2
EEF1D-2	EEF1D-2
SCARF1-2	SCARF1-2
DDX24-2	DDX24-2
LRRC56-2	LRRC56-2
FOPNL-2	FOPNL-2
PBX2-2	PBX2-2
LILRA2-2	LILRA2-2
CYFIP1-2	CYFIP1-2
EHMT2-2	EHMT2-2
CARS-2	CARS-2
ZNF729-2	ZNF729-2
PDXDC1-2	PDXDC1-2
MYO19-2	MYO19-2
PRB3-2	PRB3-2
PDE4DIP-2	PDE4DIP-2
NAPRT-2	NAPRT-2
APOBEC3A-2	APOBEC3A-2
NAP1L4-2	NAP1L4-2
RPS9-2	RPS9-2
TMEM50B-2	TMEM50B-2
VARS2-3	VARS2-3
DSEL-3	DSEL-3
AKAP17A-1	AKAP17A-1
AKAP17A-2	AKAP17A-2
ASMTL-1	ASMTL-1
ASMTL-2	ASMTL-2
CD99-1	CD99-1
CD99-2	CD99-2
CRLF2-1	CRLF2-1
CRLF2-2	CRLF2-2
CSF2RA-1	CSF2RA-1
CSF2RA-2	CSF2RA-2
GTPBP6-1	GTPBP6-1
GTPBP6-2	GTPBP6-2
IL3RA-1	IL3RA-1
IL3RA-2	IL3RA-2
P2RY8-1	P2RY8-1
P2RY8-2	P2RY8-2
PLCXD1-1	PLCXD1-1
PLCXD1-2	PLCXD1-2
PPP2R3B-1	PPP2R3B-1
PPP2R3B-2	PPP2R3B-2
SHOX-1	SHOX-1
SHOX-2	SHOX-2
SLC25A6-1	SLC25A6-1
SLC25A6-2	SLC25A6-2
ZBED1-1	ZBED1-1
ZBED1-2	ZBED1-2
AGAP4-1	AGAP4-1
AGAP4-2	AGAP4-2
AGAP6-1	AGAP6-1
AGAP6-2	AGAP6-2
AKR7A3-1	AKR7A3-1
ARHGEF5-1	ARHGEF5-1
ARHGEF5-2	ARHGEF5-2
ARHGEF5-3	ARHGEF5-3
ARL17A-1	ARL17A-1
ARL17B-1	ARL17B-1
ARL17B-2	ARL17B-2
ATAD3A-1	ATAD3A-1
ATAD3A-2	ATAD3A-2
ATP5PD-2	ATP5PD-2
BOLA2B-1	BOLA2B-1
BOLA2B-2	BOLA2B-2
BTBD7-1	BTBD7-1
BTN3A3-1	BTN3A3-1
CBWD2-1	CBWD2-1
CBWD3-1	CBWD3-1
CBWD3-2	CBWD3-2
CBWD5-1	CBWD5-1
CBWD5-2	CBWD5-2
CCL4L2-2	CCL4L2-2
CCZ1-1	CCZ1-1
CCZ1-2	CCZ1-2
CMTM1-2	CMTM1-2
CSNK1E-1	CSNK1E-1
DDT-2	DDT-2
DDTL-1	DDTL-1
DDTL-2	DDTL-2
DEFA3-1	DEFA3-1
DEFA3-2	DEFA3-2
DGCR6-1	DGCR6-1
DGCR6-2	DGCR6-2
DUX4-1	DUX4-1
EIF3C-1	EIF3C-1
EIF3C-2	EIF3C-2
ENTPD1-1	ENTPD1-1
F8A1-2	F8A1-2
F8A3-1	F8A3-1
FAHD2B-1	FAHD2B-1
FAHD2B-2	FAHD2B-2
FAM153A-1	FAM153A-1
FAM153A-2	FAM153A-2
FAM153B-1	FAM153B-1
FAM156B-1	FAM156B-1
FAM156B-2	FAM156B-2
FAM209A-1	FAM209A-1
FAM72A-1	FAM72A-1
FAM72C-1	FAM72C-1
FAM72C-2	FAM72C-2
FBXO34-1	FBXO34-1
FCGR2B-1	FCGR2B-1
FCGR2B-2	FCGR2B-2
FEZ1-2	FEZ1-2
FOXD4L1-1	FOXD4L1-1
FOXD4L3-1	FOXD4L3-1
FOXD4L3-2	FOXD4L3-2
FOXD4L5-1	FOXD4L5-1
FOXD4L5-2	FOXD4L5-2
FOXD4L6-1	FOXD4L6-1
FOXD4L6-2	FOXD4L6-2
GBA-1	GBA-1
GLIPR1-2	GLIPR1-2
GOLGA8A-1	GOLGA8A-1
GOLGA8A-2	GOLGA8A-2
GOLGA8N-1	GOLGA8N-1
GOLGA8N-2	GOLGA8N-2
GPR89B-1	GPR89B-1
GPRASP2-1	GPRASP2-1
GRAP-1	GRAP-1
GRAP-2	GRAP-2
GRAPL-1	GRAPL-1
GRAPL-2	GRAPL-2
GTF2H2-2	GTF2H2-2
GTF2H2C-1	GTF2H2C-1
GTF2H2C-2	GTF2H2C-2
GTF2IRD2B-1	GTF2IRD2B-1
GYPE-1	GYPE-1
HBA2-2	HBA2-2
HIST2H2AA3-1	HIST2H2AA3-1
HIST2H2AA3-2	HIST2H2AA3-2
HIST2H2BF-1	HIST2H2BF-1
HIST2H3A-1	HIST2H3A-1
HIST2H3A-2	HIST2H3A-2
HIST2H3C-1	HIST2H3C-1
HIST2H4B-1	HIST2H4B-1
HIST2H4B-2	HIST2H4B-2
HNRNPA1L2-1	HNRNPA1L2-1
HSFX1-1	HSFX1-1
HSFX1-2	HSFX1-2
HSFX2-1	HSFX2-1
HSFY2-1	HSFY2-1
HSFY2-2	HSFY2-2
HTN1-1	HTN1-1
HTN1-2	HTN1-2
IL9R-1	IL9R-1
IL9R-2	IL9R-2
LAIR1-1	LAIR1-1
LRRC37A-1	LRRC37A-1
LRRC37A2-2	LRRC37A2-2
LRRC8A-1	LRRC8A-1
LYG1-1	LYG1-1
LYG1-2	LYG1-2
MAGED4-1	MAGED4-1
MAGED4-2	MAGED4-2
MAGED4B-1	MAGED4B-1
NAIP-1	NAIP-1
NAIP-2	NAIP-2
NBPF11-1	NBPF11-1
NBPF14-2	NBPF14-2
NBPF19-1	NBPF19-1
NBPF19-2	NBPF19-2
NBPF20-1	NBPF20-1
NBPF20-2	NBPF20-2
NBPF9-2	NBPF9-2
NFE4-1	NFE4-1
NLRP2-1	NLRP2-1
NLRP2-2	NLRP2-2
NOMO1-1	NOMO1-1
NOMO1-2	NOMO1-2
NOTCH2-1	NOTCH2-1
NOTCH2NLA-2	NOTCH2NLA-2
NPIPA1-1	NPIPA1-1
NPIPA1-2	NPIPA1-2
NPIPA5-1	NPIPA5-1
NPIPA7-1	NPIPA7-1
NPIPA8-1	NPIPA8-1
NPIPA8-2	NPIPA8-2
NPIPB3-1	NPIPB3-1
NPIPB3-2	NPIPB3-2
NPIPB4-1	NPIPB4-1
NPIPB4-2	NPIPB4-2
NPIPB5-1	NPIPB5-1
NPIPB5-2	NPIPB5-2
NSF-2	NSF-2
NUDT4-1	NUDT4-1
PLA2G10-1	PLA2G10-1
PLA2G10-2	PLA2G10-2
PLEKHM1-1	PLEKHM1-1
PLEKHM1-2	PLEKHM1-2
POLR2J3-1	POLR2J3-1
POMZP3-1	POMZP3-1
POMZP3-2	POMZP3-2
PPIP5K1-1	PPIP5K1-1
PPIP5K1-2	PPIP5K1-2
PRB1-1	PRB1-1
PRB2-1	PRB2-1
PRB2-2	PRB2-2
RAB11FIP3-2	RAB11FIP3-2
RABL2B-1	RABL2B-1
RASA4B-1	RASA4B-1
RBMS2-1	RBMS2-1
RBMS2-2	RBMS2-2
RGPD5-1	RGPD5-1
RGPD8-1	RGPD8-1
RGPD8-2	RGPD8-2
RHOXF2-1	RHOXF2-1
RHOXF2-2	RHOXF2-2
RRN3-1	RRN3-1
S100A10-2	S100A10-2
SERF1B-1	SERF1B-1
SERF1B-2	SERF1B-2
SIGLEC14-1	SIGLEC14-1
SIGLEC14-2	SIGLEC14-2
SLC35E2A-2	SLC35E2A-2
SLX1A-1	SLX1A-1
SLX1A-2	SLX1A-2
SLX1B-1	SLX1B-1
SLX1B-2	SLX1B-2
SMN1-1	SMN1-1
SMN2-1	SMN2-1
SPDYE2-1	SPDYE2-1
SPDYE2-2	SPDYE2-2
SRGAP2B-1	SRGAP2B-1
SRGAP2B-2	SRGAP2B-2
SULT1A3-1	SULT1A3-1
SULT1A3-2	SULT1A3-2
SULT1A4-1	SULT1A4-1
SULT1A4-2	SULT1A4-2
TBC1D3B-1	TBC1D3B-1
TBC1D3L-1	TBC1D3L-1
TBC1D3L-2	TBC1D3L-2
TGIF2LY-2	TGIF2LY-2
TIMM23-2	TIMM23-2
TMEM191B-1	TMEM191B-1
TMEM191B-2	TMEM191B-2
TMSB15B-2	TMSB15B-2
TNKS1BP1-1	TNKS1BP1-1
TRIM74-1	TRIM74-1
TRIM74-2	TRIM74-2
TWF1-1	TWF1-1
TYMS-1	TYMS-1
TYW1B-2	TYW1B-2
U2AF1-1	U2AF1-1
U2AF1-2	U2AF1-2
U2AF1L5-1	U2AF1L5-1
U2AF1L5-2	U2AF1L5-2
UPK3BL1-1	UPK3BL1-1
UPK3BL1-2	UPK3BL1-2
USP41-1	USP41-1
USP41-2	USP41-2
VAMP7-1	VAMP7-1
VAMP7-2	VAMP7-2
WASHC1-2	WASHC1-2
XCL2-2	XCL2-2
ZNF286B-2	ZNF286B-2
ZNF676-2	ZNF676-2
ZNF705B-1	ZNF705B-1
ZNF705B-2	ZNF705B-2
ZNF705D-2	ZNF705D-2
FDXR-1	FDXR-1
MUC12-1	MUC12-1
TYW1B-1	TYW1B-1
NBPF14-1	NBPF14-1
MUC12-2	MUC12-2
SRGAP2-2	SRGAP2-2
NBPF11-2	NBPF11-2
NTC-001	NTC-001
NTC-002	NTC-002
NTC-003	NTC-003
NTC-004	NTC-004
NTC-005	NTC-005
NTC-006	NTC-006
NTC-007	NTC-007
NTC-008	NTC-008
NTC-009	NTC-009
NTC-010	NTC-010
NTC-011	NTC-011
NTC-012	NTC-012
NTC-013	NTC-013
NTC-014	NTC-014
NTC-015	NTC-015
NTC-016	NTC-016
NTC-017	NTC-017
NTC-018	NTC-018
NTC-019	NTC-019
NTC-020	NTC-020
NTC-021	NTC-021
NTC-022	NTC-022
NTC-023	NTC-023
NTC-024	NTC-024
NTC-025	NTC-025
NTC-026	NTC-026
NTC-027	NTC-027
NTC-028	NTC-028
NTC-029	NTC-029
NTC-030	NTC-030
NTC-031	NTC-031
NTC-032	NTC-032
NTC-033	NTC-033
NTC-034	NTC-034
NTC-035	NTC-035
NTC-036	NTC-036
NTC-037	NTC-037
NTC-038	NTC-038
NTC-039	NTC-039
NTC-040	NTC-040
NTC-041	NTC-041
NTC-042	NTC-042
NTC-043	NTC-043
NTC-044	NTC-044
NTC-045	NTC-045
NTC-046	NTC-046
NTC-047	NTC-047
NTC-048	NTC-048
NTC-049	NTC-049
NTC-050	NTC-050
NTC-051	NTC-051
NTC-052	NTC-052
NTC-053	NTC-053
NTC-054	NTC-054
NTC-055	NTC-055
NTC-056	NTC-056
NTC-057	NTC-057
NTC-058	NTC-058
NTC-059	NTC-059
NTC-060	NTC-060
NTC-061	NTC-061
NTC-062	NTC-062
NTC-063	NTC-063
NTC-064	NTC-064
NTC-065	NTC-065
NTC-066	NTC-066
NTC-067	NTC-067
NTC-068	NTC-068
NTC-069	NTC-069
NTC-070	NTC-070
NTC-071	NTC-071
NTC-072	NTC-072
NTC-073	NTC-073
NTC-074	NTC-074
NTC-075	NTC-075
NTC-076	NTC-076
NTC-077	NTC-077
NTC-078	NTC-078
NTC-079	NTC-079
NTC-080	NTC-080
NTC-081	NTC-081
NTC-082	NTC-082
NTC-083	NTC-083
NTC-084	NTC-084
NTC-085	NTC-085
NTC-086	NTC-086
NTC-087	NTC-087
NTC-088	NTC-088
NTC-089	NTC-089
NTC-090	NTC-090
NTC-091	NTC-091
NTC-092	NTC-092
NTC-093	NTC-093
NTC-094	NTC-094
NTC-095	NTC-095
NTC-096	NTC-096
NTC-097	NTC-097
NTC-098	NTC-098
NTC-099	NTC-099
NTC-100	NTC-100
NTC-101	NTC-101
NTC-102	NTC-102
NTC-103	NTC-103
NTC-104	NTC-104
NTC-105	NTC-105
NTC-106	NTC-106
NTC-107	NTC-107
NTC-108	NTC-108
NTC-109	NTC-109
NTC-110	NTC-110
NTC-111	NTC-111
NTC-112	NTC-112
NTC-113	NTC-113
NTC-114	NTC-114
NTC-115	NTC-115
NTC-116	NTC-116
NTC-117	NTC-117
NTC-118	NTC-118
NTC-119	NTC-119
NTC-120	NTC-120
NTC-121	NTC-121
NTC-122	NTC-122
NTC-123	NTC-123
NTC-124	NTC-124
NTC-125	NTC-125
NTC-126	NTC-126
NTC-127	NTC-127
NTC-128	NTC-128
NTC-129	NTC-129
NTC-130	NTC-130
NTC-131	NTC-131
NTC-132	NTC-132
NTC-133	NTC-133
NTC-134	NTC-134
NTC-135	NTC-135
NTC-136	NTC-136
NTC-137	NTC-137
NTC-138	NTC-138
NTC-139	NTC-139
NTC-140	NTC-140
NTC-141	NTC-141
NTC-142	NTC-142
NTC-143	NTC-143
NTC-144	NTC-144
NTC-145	NTC-145
NTC-146	NTC-146
NTC-147	NTC-147
NTC-148	NTC-148
NTC-149	NTC-149
NTC-150	NTC-150
NTC-151	NTC-151
NTC-152	NTC-152
NTC-153	NTC-153
NTC-154	NTC-154
NTC-155	NTC-155
NTC-156	NTC-156
NTC-157	NTC-157
NTC-158	NTC-158
NTC-159	NTC-159
NTC-160	NTC-160
NTC-161	NTC-161
NTC-162	NTC-162
NTC-163	NTC-163
NTC-164	NTC-164
NTC-165	NTC-165
NTC-166	NTC-166
NTC-167	NTC-167
NTC-168	NTC-168
NTC-169	NTC-169
NTC-170	NTC-170
NTC-171	NTC-171
NTC-172	NTC-172
NTC-173	NTC-173
NTC-174	NTC-174
NTC-175	NTC-175
NTC-176	NTC-176
NTC-177	NTC-177
NTC-178	NTC-178
NTC-179	NTC-179
NTC-180	NTC-180
NTC-181	NTC-181
NTC-182	NTC-182
NTC-183	NTC-183
NTC-184	NTC-184
NTC-185	NTC-185
NTC-186	NTC-186
NTC-187	NTC-187
NTC-188	NTC-188
NTC-189	NTC-189
NTC-190	NTC-190
NTC-191	NTC-191
NTC-192	NTC-192
NTC-193	NTC-193
NTC-194	NTC-194
NTC-195	NTC-195
NTC-196	NTC-196
NTC-197	NTC-197
NTC-198	NTC-198
NTC-199	NTC-199
NTC-200	NTC-200
NTC-201	NTC-201
NTC-202	NTC-202
NTC-203	NTC-203
NTC-204	NTC-204
NTC-205	NTC-205
NTC-206	NTC-206
NTC-207	NTC-207
NTC-208	NTC-208
NTC-209	NTC-209
NTC-210	NTC-210
NTC-211	NTC-211
NTC-212	NTC-212
NTC-213	NTC-213
NTC-214	NTC-214
NTC-215	NTC-215
NTC-216	NTC-216
NTC-217	NTC-217
NTC-218	NTC-218
NTC-219	NTC-219
NTC-220	NTC-220
NTC-221	NTC-221
NTC-222	NTC-222
NTC-223	NTC-223
NTC-224	NTC-224
NTC-225	NTC-225
NTC-226	NTC-226
NTC-227	NTC-227
NTC-228	NTC-228
NTC-229	NTC-229
NTC-230	NTC-230
NTC-231	NTC-231
NTC-232	NTC-232
NTC-233	NTC-233
NTC-234	NTC-234
NTC-235	NTC-235
NTC-236	NTC-236
NTC-237	NTC-237
NTC-238	NTC-238
NTC-239	NTC-239
NTC-240	NTC-240
NTC-241	NTC-241
NTC-242	NTC-242
NTC-243	NTC-243
NTC-244	NTC-244
NTC-245	NTC-245
NTC-246	NTC-246
NTC-247	NTC-247
NTC-248	NTC-248
NTC-249	NTC-249
NTC-250	NTC-250
NTC-251	NTC-251
NTC-252	NTC-252
NTC-253	NTC-253
NTC-254	NTC-254
NTC-255	NTC-255
NTC-256	NTC-256
NTC-257	NTC-257
NTC-258	NTC-258
NTC-259	NTC-259
NTC-260	NTC-260
NTC-261	NTC-261
NTC-262	NTC-262
NTC-263	NTC-263
NTC-264	NTC-264
NTC-265	NTC-265
NTC-266	NTC-266
NTC-267	NTC-267
NTC-268	NTC-268
NTC-269	NTC-269
NTC-270	NTC-270
NTC-271	NTC-271
NTC-272	NTC-272
NTC-273	NTC-273
NTC-274	NTC-274
NTC-275	NTC-275
NTC-276	NTC-276
NTC-277	NTC-277
NTC-278	NTC-278
NTC-279	NTC-279
NTC-280	NTC-280
NTC-281	NTC-281
NTC-282	NTC-282
NTC-283	NTC-283
NTC-284	NTC-284
NTC-285	NTC-285
NTC-286	NTC-286
NTC-287	NTC-287
NTC-288	NTC-288
NTC-289	NTC-289
NTC-290	NTC-290
NTC-291	NTC-291
NTC-292	NTC-292
NTC-293	NTC-293
NTC-294	NTC-294
NTC-295	NTC-295
NTC-296	NTC-296
NTC-297	NTC-297
NTC-298	NTC-298
NTC-299	NTC-299
NTC-300	NTC-300
NTC-301	NTC-301
NTC-302	NTC-302
NTC-303	NTC-303
NTC-304	NTC-304
NTC-305	NTC-305
NTC-306	NTC-306
NTC-307	NTC-307
NTC-308	NTC-308
NTC-309	NTC-309
NTC-310	NTC-310
NTC-311	NTC-311
NTC-312	NTC-312
NTC-313	NTC-313
NTC-314	NTC-314
NTC-315	NTC-315
NTC-316	NTC-316
NTC-317	NTC-317
NTC-318	NTC-318
NTC-319	NTC-319
NTC-320	NTC-320
NTC-321	NTC-321
NTC-322	NTC-322
NTC-323	NTC-323
NTC-324	NTC-324
NTC-325	NTC-325
NTC-326	NTC-326
NTC-327	NTC-327
NTC-328	NTC-328
NTC-329	NTC-329
NTC-330	NTC-330
NTC-331	NTC-331
NTC-332	NTC-332
NTC-333	NTC-333
NTC-334	NTC-334
NTC-335	NTC-335
NTC-336	NTC-336
NTC-337	NTC-337
NTC-338	NTC-338
NTC-339	NTC-339
NTC-340	NTC-340
NTC-341	NTC-341
NTC-342	NTC-342
NTC-343	NTC-343
NTC-344	NTC-344
NTC-345	NTC-345
NTC-346	NTC-346
NTC-347	NTC-347
NTC-348	NTC-348
NTC-349	NTC-349
NTC-350	NTC-350
NTC-351	NTC-351
NTC-352	NTC-352
NTC-353	NTC-353
NTC-354	NTC-354
NTC-355	NTC-355
NTC-356	NTC-356
NTC-357	NTC-357
NTC-358	NTC-358
NTC-359	NTC-359
NTC-360	NTC-360
NTC-361	NTC-361
NTC-362	NTC-362
NTC-363	NTC-363
NTC-364	NTC-364
NTC-365	NTC-365
NTC-366	NTC-366
NTC-367	NTC-367
NTC-368	NTC-368
NTC-369	NTC-369
NTC-370	NTC-370
NTC-371	NTC-371
NTC-372	NTC-372
NTC-373	NTC-373
NTC-374	NTC-374
NTC-375	NTC-375
NTC-376	NTC-376
NTC-377	NTC-377
NTC-378	NTC-378
NTC-379	NTC-379
NTC-380	NTC-380
NTC-381	NTC-381
NTC-382	NTC-382
NTC-383	NTC-383
NTC-384	NTC-384
NTC-385	NTC-385
NTC-386	NTC-386
NTC-387	NTC-387
NTC-388	NTC-388
NTC-389	NTC-389
NTC-390	NTC-390
NTC-391	NTC-391
NTC-392	NTC-392
NTC-393	NTC-393
NTC-394	NTC-394
NTC-395	NTC-395
NTC-396	NTC-396
NTC-397	NTC-397
NTC-398	NTC-398
NTC-399	NTC-399
NTC-400	NTC-400
NTC-401	NTC-401
NTC-402	NTC-402
NTC-403	NTC-403
NTC-404	NTC-404
NTC-405	NTC-405
NTC-406	NTC-406
NTC-407	NTC-407
NTC-408	NTC-408
NTC-409	NTC-409
NTC-410	NTC-410
NTC-411	NTC-411
NTC-412	NTC-412
NTC-413	NTC-413
NTC-414	NTC-414
NTC-415	NTC-415
NTC-416	NTC-416
NTC-417	NTC-417
NTC-418	NTC-418
NTC-419	NTC-419
NTC-420	NTC-420
NTC-421	NTC-421
NTC-422	NTC-422
NTC-423	NTC-423
NTC-424	NTC-424
NTC-425	NTC-425
NTC-426	NTC-426
NTC-427	NTC-427
NTC-428	NTC-428
NTC-429	NTC-429
NTC-430	NTC-430
NTC-431	NTC-431
NTC-432	NTC-432
NTC-433	NTC-433
NTC-434	NTC-434
NTC-435	NTC-435
NTC-436	NTC-436
NTC-437	NTC-437
NTC-438	NTC-438
NTC-439	NTC-439
NTC-440	NTC-440
NTC-441	NTC-441
NTC-442	NTC-442
NTC-443	NTC-443
NTC-444	NTC-444
NTC-445	NTC-445
NTC-446	NTC-446
NTC-447	NTC-447
NTC-448	NTC-448
NTC-449	NTC-449
NTC-450	NTC-450
NTC-451	NTC-451
NTC-452	NTC-452
NTC-453	NTC-453
NTC-454	NTC-454
NTC-455	NTC-455
NTC-456	NTC-456
NTC-457	NTC-457
NTC-458	NTC-458
NTC-459	NTC-459
NTC-460	NTC-460
NTC-461	NTC-461
NTC-462	NTC-462
NTC-463	NTC-463
NTC-464	NTC-464
NTC-465	NTC-465
NTC-466	NTC-466
NTC-467	NTC-467
NTC-468	NTC-468
NTC-469	NTC-469
NTC-470	NTC-470
NTC-471	NTC-471
NTC-472	NTC-472
NTC-473	NTC-473
NTC-474	NTC-474
NTC-475	NTC-475
NTC-476	NTC-476
NTC-477	NTC-477
NTC-478	NTC-478
NTC-479	NTC-479
NTC-480	NTC-480
NTC-481	NTC-481
NTC-482	NTC-482
NTC-483	NTC-483
NTC-484	NTC-484
NTC-485	NTC-485
NTC-486	NTC-486
NTC-487	NTC-487
NTC-488	NTC-488
NTC-489	NTC-489
NTC-490	NTC-490
NTC-491	NTC-491
NTC-492	NTC-492
NTC-493	NTC-493
NTC-494	NTC-494
NTC-495	NTC-495
NTC-496	NTC-496
NTC-497	NTC-497
NTC-498	NTC-498
NTC-499	NTC-499
NTC-500	NTC-500
NTC-501	NTC-501
NTC-502	NTC-502
NTC-503	NTC-503
NTC-504	NTC-504
NTC-505	NTC-505
NTC-506	NTC-506
NTC-507	NTC-507
NTC-508	NTC-508
NTC-509	NTC-509
NTC-510	NTC-510
NTC-511	NTC-511
NTC-512	NTC-512
NTC-513	NTC-513
NTC-514	NTC-514
NTC-515	NTC-515
NTC-516	NTC-516
NTC-517	NTC-517
NTC-518	NTC-518
NTC-519	NTC-519
NTC-520	NTC-520
NTC-521	NTC-521
NTC-522	NTC-522
NTC-523	NTC-523
NTC-524	NTC-524
NTC-525	NTC-525
NTC-526	NTC-526
NTC-527	NTC-527
NTC-528	NTC-528
NTC-529	NTC-529
NTC-530	NTC-530
NTC-531	NTC-531
NTC-532	NTC-532
NTC-533	NTC-533
NTC-534	NTC-534
NTC-535	NTC-535
NTC-536	NTC-536
NTC-537	NTC-537
NTC-538	NTC-538
NTC-539	NTC-539
NTC-540	NTC-540
NTC-541	NTC-541
NTC-542	NTC-542
NTC-543	NTC-543
NTC-544	NTC-544
NTC-545	NTC-545
NTC-546	NTC-546
NTC-547	NTC-547
NTC-548	NTC-548
NTC-549	NTC-549
NTC-550	NTC-550
NTC-551	NTC-551
NTC-552	NTC-552
NTC-553	NTC-553
NTC-554	NTC-554
NTC-555	NTC-555
NTC-556	NTC-556
NTC-557	NTC-557
NTC-558	NTC-558
NTC-559	NTC-559
NTC-560	NTC-560
NTC-561	NTC-561
NTC-562	NTC-562
NTC-563	NTC-563
NTC-564	NTC-564
NTC-565	NTC-565
NTC-566	NTC-566
NTC-567	NTC-567
NTC-568	NTC-568
NTC-569	NTC-569
NTC-570	NTC-570
NTC-571	NTC-571
NTC-572	NTC-572
NTC-573	NTC-573
NTC-574	NTC-574
NTC-575	NTC-575
NTC-576	NTC-576
NTC-577	NTC-577
NTC-578	NTC-578
NTC-579	NTC-579
NTC-580	NTC-580
NTC-581	NTC-581
NTC-582	NTC-582
NTC-583	NTC-583
NTC-584	NTC-584
NTC-585	NTC-585
NTC-586	NTC-586
NTC-587	NTC-587
NTC-588	NTC-588
NTC-589	NTC-589
NTC-590	NTC-590
NTC-591	NTC-591
NTC-592	NTC-592
NTC-593	NTC-593
NTC-594	NTC-594
NTC-595	NTC-595
NTC-596	NTC-596
NTC-597	NTC-597
NTC-598	NTC-598
NTC-599	NTC-599
NTC-600	NTC-600
NTC-601	NTC-601
NTC-602	NTC-602
NTC-603	NTC-603
NTC-604	NTC-604
NTC-605	NTC-605
NTC-606	NTC-606
NTC-607	NTC-607
NTC-608	NTC-608
NTC-609	NTC-609
NTC-610	NTC-610
NTC-611	NTC-611
NTC-612	NTC-612
NTC-613	NTC-613
NTC-614	NTC-614
NTC-615	NTC-615
NTC-616	NTC-616
NTC-617	NTC-617
NTC-618	NTC-618
NTC-619	NTC-619
NTC-620	NTC-620
NTC-621	NTC-621
NTC-622	NTC-622
NTC-623	NTC-623
NTC-624	NTC-624
NTC-625	NTC-625
NTC-626	NTC-626
NTC-627	NTC-627
NTC-628	NTC-628
NTC-629	NTC-629
NTC-630	NTC-630
NTC-631	NTC-631
NTC-632	NTC-632
NTC-633	NTC-633
NTC-634	NTC-634
NTC-635	NTC-635
NTC-636	NTC-636
NTC-637	NTC-637
NTC-638	NTC-638
NTC-639	NTC-639
NTC-640	NTC-640
NTC-641	NTC-641
NTC-642	NTC-642
NTC-643	NTC-643
NTC-644	NTC-644
NTC-645	NTC-645
NTC-646	NTC-646
NTC-647	NTC-647
NTC-648	NTC-648
NTC-649	NTC-649
NTC-650	NTC-650
NTC-651	NTC-651
NTC-652	NTC-652
NTC-653	NTC-653
NTC-654	NTC-654
NTC-655	NTC-655
NTC-656	NTC-656
NTC-657	NTC-657
NTC-658	NTC-658
NTC-659	NTC-659
NTC-660	NTC-660
NTC-661	NTC-661
NTC-662	NTC-662
NTC-663	NTC-663
NTC-664	NTC-664
NTC-665	NTC-665
NTC-666	NTC-666
NTC-667	NTC-667
NTC-668	NTC-668
NTC-669	NTC-669
NTC-670	NTC-670
NTC-671	NTC-671
NTC-672	NTC-672
NTC-673	NTC-673
NTC-674	NTC-674
NTC-675	NTC-675
NTC-676	NTC-676
NTC-677	NTC-677
NTC-678	NTC-678
NTC-679	NTC-679
NTC-680	NTC-680
NTC-681	NTC-681
NTC-682	NTC-682
NTC-683	NTC-683
NTC-684	NTC-684
NTC-685	NTC-685
NTC-686	NTC-686
NTC-687	NTC-687
NTC-688	NTC-688
NTC-689	NTC-689
NTC-690	NTC-690
NTC-691	NTC-691
NTC-692	NTC-692
NTC-693	NTC-693
NTC-694	NTC-694
NTC-695	NTC-695
NTC-696	NTC-696
NTC-697	NTC-697
NTC-698	NTC-698
NTC-699	NTC-699
NTC-700	NTC-700
NTC-701	NTC-701
NTC-702	NTC-702
NTC-703	NTC-703
NTC-704	NTC-704
NTC-705	NTC-705
NTC-706	NTC-706
NTC-707	NTC-707
NTC-708	NTC-708
NTC-709	NTC-709
NTC-710	NTC-710
NTC-711	NTC-711
NTC-712	NTC-712
NTC-713	NTC-713
NTC-714	NTC-714
NTC-715	NTC-715
NTC-716	NTC-716
NTC-717	NTC-717
NTC-718	NTC-718
NTC-719	NTC-719
NTC-720	NTC-720
NTC-721	NTC-721
NTC-722	NTC-722
NTC-723	NTC-723
NTC-724	NTC-724
NTC-725	NTC-725
NTC-726	NTC-726
NTC-727	NTC-727
NTC-728	NTC-728
NTC-729	NTC-729
NTC-730	NTC-730
NTC-731	NTC-731
NTC-732	NTC-732
NTC-733	NTC-733
NTC-734	NTC-734
NTC-735	NTC-735
NTC-736	NTC-736
NTC-737	NTC-737
NTC-738	NTC-738
NTC-739	NTC-739
NTC-740	NTC-740
NTC-741	NTC-741
NTC-742	NTC-742
NTC-743	NTC-743
NTC-744	NTC-744
NTC-745	NTC-745
NTC-746	NTC-746
NTC-747	NTC-747
NTC-748	NTC-748
NTC-749	NTC-749
NTC-750	NTC-750
NTC-751	NTC-751
NTC-752	NTC-752
NTC-753	NTC-753
NTC-754	NTC-754
NTC-755	NTC-755
NTC-756	NTC-756
NTC-757	NTC-757
NTC-758	NTC-758
NTC-759	NTC-759
NTC-760	NTC-760
NTC-761	NTC-761
NTC-762	NTC-762
NTC-763	NTC-763
NTC-764	NTC-764
NTC-765	NTC-765
NTC-766	NTC-766
NTC-767	NTC-767
NTC-768	NTC-768
NTC-769	NTC-769
NTC-770	NTC-770
NTC-771	NTC-771
NTC-772	NTC-772
NTC-773	NTC-773
NTC-774	NTC-774
NTC-775	NTC-775
NTC-776	NTC-776
NTC-777	NTC-777
NTC-778	NTC-778
NTC-779	NTC-779
NTC-780	NTC-780
NTC-781	NTC-781
NTC-782	NTC-782
NTC-783	NTC-783
NTC-784	NTC-784
NTC-785	NTC-785
NTC-786	NTC-786
NTC-787	NTC-787
NTC-788	NTC-788
NTC-789	NTC-789
NTC-790	NTC-790
NTC-791	NTC-791
NTC-792	NTC-792
NTC-793	NTC-793
NTC-794	NTC-794
NTC-795	NTC-795
NTC-796	NTC-796
NTC-797	NTC-797
NTC-798	NTC-798
NTC-799	NTC-799
NTC-800	NTC-800
NTC-801	NTC-801
NTC-802	NTC-802
NTC-803	NTC-803
NTC-804	NTC-804
NTC-805	NTC-805
NTC-806	NTC-806
NTC-807	NTC-807
NTC-808	NTC-808
NTC-809	NTC-809
NTC-810	NTC-810
NTC-811	NTC-811
NTC-812	NTC-812
NTC-813	NTC-813
NTC-814	NTC-814
NTC-815	NTC-815
NTC-816	NTC-816
NTC-817	NTC-817
NTC-818	NTC-818
NTC-819	NTC-819
NTC-820	NTC-820
NTC-821	NTC-821
NTC-822	NTC-822
NTC-823	NTC-823
NTC-824	NTC-824
NTC-825	NTC-825
NTC-826	NTC-826
NTC-827	NTC-827
NTC-828	NTC-828
NTC-829	NTC-829
NTC-830	NTC-830
NTC-831	NTC-831
NTC-832	NTC-832
NTC-833	NTC-833
NTC-834	NTC-834
NTC-835	NTC-835
NTC-836	NTC-836
NTC-837	NTC-837
NTC-838	NTC-838
NTC-839	NTC-839
NTC-840	NTC-840
NTC-841	NTC-841
NTC-842	NTC-842
NTC-843	NTC-843
NTC-844	NTC-844
NTC-845	NTC-845
NTC-846	NTC-846
NTC-847	NTC-847
NTC-848	NTC-848
NTC-849	NTC-849
NTC-850	NTC-850
NTC-851	NTC-851
NTC-852	NTC-852
NTC-853	NTC-853
NTC-854	NTC-854
NTC-855	NTC-855
NTC-856	NTC-856
NTC-857	NTC-857
NTC-858	NTC-858
NTC-859	NTC-859
NTC-860	NTC-860
NTC-861	NTC-861
NTC-862	NTC-862
NTC-863	NTC-863
NTC-864	NTC-864
NTC-865	NTC-865
NTC-866	NTC-866
NTC-867	NTC-867
NTC-868	NTC-868
NTC-869	NTC-869
NTC-870	NTC-870
NTC-871	NTC-871
NTC-872	NTC-872
NTC-873	NTC-873
NTC-874	NTC-874
NTC-875	NTC-875
NTC-876	NTC-876
NTC-877	NTC-877
NTC-878	NTC-878
NTC-879	NTC-879
NTC-880	NTC-880
NTC-881	NTC-881
NTC-882	NTC-882
NTC-883	NTC-883
NTC-884	NTC-884
NTC-885	NTC-885
NTC-886	NTC-886
NTC-887	NTC-887
NTC-888	NTC-888
NTC-889	NTC-889
NTC-890	NTC-890
NTC-891	NTC-891
NTC-892	NTC-892
NTC-893	NTC-893
NTC-894	NTC-894
NTC-895	NTC-895
NTC-896	NTC-896
NTC-897	NTC-897
NTC-898	NTC-898
NTC-899	NTC-899
NTC-900	NTC-900
NTC-901	NTC-901
NTC-902	NTC-902
NTC-903	NTC-903
NTC-904	NTC-904
NTC-905	NTC-905
NTC-906	NTC-906
NTC-907	NTC-907
NTC-908	NTC-908
NTC-909	NTC-909
NTC-910	NTC-910
NTC-911	NTC-911
NTC-912	NTC-912
NTC-913	NTC-913
NTC-914	NTC-914
NTC-915	NTC-915
NTC-916	NTC-916
NTC-917	NTC-917
NTC-918	NTC-918
NTC-919	NTC-919
NTC-920	NTC-920
NTC-921	NTC-921
NTC-922	NTC-922
NTC-923	NTC-923
NTC-924	NTC-924
NTC-925	NTC-925
NTC-926	NTC-926
NTC-927	NTC-927
NTC-928	NTC-928
NTC-929	NTC-929
NTC-930	NTC-930
NTC-931	NTC-931
NTC-932	NTC-932
NTC-933	NTC-933
NTC-934	NTC-934
NTC-935	NTC-935
NTC-936	NTC-936
NTC-937	NTC-937
NTC-938	NTC-938
NTC-939	NTC-939
NTC-940	NTC-940
NTC-941	NTC-941
NTC-942	NTC-942
NTC-943	NTC-943
NTC-944	NTC-944
NTC-945	NTC-945
NTC-946	NTC-946
NTC-947	NTC-947
NTC-948	NTC-948
NTC-949	NTC-949
NTC-950	NTC-950
NTC-951	NTC-951
NTC-952	NTC-952
NTC-953	NTC-953
NTC-954	NTC-954
NTC-955	NTC-955
NTC-956	NTC-956
NTC-957	NTC-957
NTC-958	NTC-958
NTC-959	NTC-959
NTC-960	NTC-960
NTC-961	NTC-961
NTC-962	NTC-962
NTC-963	NTC-963
NTC-964	NTC-964
NTC-965	NTC-965
NTC-966	NTC-966
NTC-967	NTC-967
NTC-968	NTC-968
NTC-969	NTC-969
NTC-970	NTC-970
NTC-971	NTC-971
NTC-972	NTC-972
NTC-973	NTC-973
NTC-974	NTC-974
NTC-975	NTC-975
NTC-976	NTC-976
NTC-977	NTC-977
NTC-978	NTC-978
NTC-979	NTC-979
NTC-980	NTC-980
NTC-981	NTC-981
NTC-982	NTC-982
NTC-983	NTC-983
NTC-984	NTC-984
NTC-985	NTC-985
NTC-986	NTC-986
NTC-987	NTC-987
NTC-988	NTC-988
NTC-989	NTC-989
NTC-990	NTC-990
NTC-991	NTC-991
NTC-992	NTC-992
