guide_id	target_symbol	target_ensg
ARMC5-1	ARMC5	ENSG00000140691
DDB1-1	DDB1	ENSG00000167986
FNDC10-1	FNDC10	ENSG00000228594
RORC-1	RORC	ENSG00000143365
SLC35F6-1	SLC35F6	ENSG00000213699
C22orf46-1	C22orf46P	ENSG00000293428
POLR2A-1	POLR2A	ENSG00000181222
AP3S1-1	AP3S1	ENSG00000177879
TBX18-1	TBX18	ENSG00000112837
TTC17-1	TTC17	ENSG00000052841
C16orf87-1	C16orf87	ENSG00000155330
DDX42-1	DDX42	ENSG00000198231
C20orf194-1	DNAAF9	ENSG00000088854
SIX4-1	SIX4	ENSG00000100625
TNIP1-1	TNIP1	ENSG00000145901
RINT1-1	RINT1	ENSG00000135249
UBAP2L-1	UBAP2L	ENSG00000143569
UBOX5-1	UBOX5	ENSG00000185019
CNOT2-1	CNOT2	ENSG00000111596
KDM4A-1	KDM4A	ENSG00000066135
FBXW2-1	FBXW2	ENSG00000119402
SAP30L-1	SAP30L	ENSG00000164576
TMEM258-1	TMEM258	ENSG00000134825
HOXB1-1	HOXB1	ENSG00000120094
DBNDD2-1	DBNDD2	ENSG00000244274
WDR83-1	WDR83	ENSG00000123154
NOD2-1	NOD2	ENSG00000167207
TM6SF1-1	TM6SF1	ENSG00000136404
SPR-1	SPR	ENSG00000116096
ZNF510-1	ZNF510	ENSG00000081386
ZDHHC14-1	ZDHHC14	ENSG00000175048
PANX1-1	PANX1	ENSG00000110218
UPF2-1	UPF2	ENSG00000151461
NKAP-1	NKAP	ENSG00000101882
ZNF235-1	ZNF235	ENSG00000159917
FARS2-1	FARS2	ENSG00000145982
SPON2-1	SPON2	ENSG00000159674
RRNAD1-1	METTL25B	ENSG00000143303
CNOT6L-1	CNOT6L	ENSG00000138767
FKBP11-1	FKBP11	ENSG00000134285
KCNK7-1	KCNK7	ENSG00000173338
SFT2D2-1	SFT2D2	ENSG00000213064
ARL6IP4-1	ARL6IP4	ENSG00000182196
MOSMO-1	MOSMO	ENSG00000185716
DBNDD1-1	DBNDD1	ENSG00000003249
LYSMD2-1	LYSMD2	ENSG00000140280
TBC1D8-1	TBC1D8	ENSG00000204634
ZNF689-1	ZNF689	ENSG00000156853
COPS2-1	COPS2	ENSG00000166200
LEAP2-1	LEAP2	ENSG00000164406
TENM1-1	TENM1	ENSG00000009694
EIF4E2-1	EIF4E2	ENSG00000135930
ARID1A-1	ARID1A	ENSG00000117713
OLIG1-1	OLIG1	ENSG00000184221
YIF1A-1	YIF1A	ENSG00000174851
ZNF575-1	ZNF575	ENSG00000176472
BAZ1B-1	BAZ1B	ENSG00000009954
UBR3-1	UBR3	ENSG00000144357
STYXL1-1	STYXL1	ENSG00000127952
EPS15L1-1	EPS15L1	ENSG00000127527
CARNMT1-1	CARNMT1	ENSG00000156017
PPP4R3B-1	PPP4R3B	ENSG00000275052
RPL39-1	RPL39	ENSG00000198918
CDX1-1	CDX1	ENSG00000113722
PPP1R3D-1	PPP1R3D	ENSG00000132825
EXOC5-1	EXOC5	ENSG00000070367
PSMD13-1	PSMD13	ENSG00000185627
ANKRD13A-1	ANKRD13A	ENSG00000076513
TMC6-1	TMC6	ENSG00000141524
DYNLT3-1	DYNLT3	ENSG00000165169
TMTC2-1	TMTC2	ENSG00000179104
PTPN1-1	PTPN1	ENSG00000196396
SECISBP2L-1	SECISBP2L	ENSG00000138593
TMEM150A-1	TMEM150A	ENSG00000168890
STK16-1	STK16	ENSG00000115661
TUBGCP6-1	TUBGCP6	ENSG00000128159
PLEKHH2-1	PLEKHH2	ENSG00000152527
CEP83-1	CEP83	ENSG00000173588
FAM102A-1	EEIG1	ENSG00000167106
TMEM43-1	TMEM43	ENSG00000170876
ZNF16-1	ZNF16	ENSG00000170631
DPCD-1	DPCD	ENSG00000166171
NKX2-8-1	NKX2-8	ENSG00000136327
RNF10-1	RNF10	ENSG00000022840
SUPT7L-1	SUPT7L	ENSG00000119760
HAUS3-1	HAUS3	ENSG00000214367
ERCC6L-1	ERCC6L	ENSG00000186871
RUVBL1-1	RUVBL1	ENSG00000175792
GSTK1-1	GSTK1	ENSG00000197448
FAM122B-1	PABIR2	ENSG00000156504
EVX1-1	EVX1	ENSG00000106038
CSMD1-1	CSMD1	ENSG00000183117
SUPT20H-1	SUPT20H	ENSG00000102710
MYOG-1	MYOG	ENSG00000122180
UXS1-1	UXS1	ENSG00000115652
POLR3K-1	POLR3K	ENSG00000161980
NFE2L2-1	NFE2L2	ENSG00000116044
HERC3-1	HERC3	ENSG00000138641
GPATCH4-1	GPATCH4	ENSG00000160818
RETREG2-1	RETREG2	ENSG00000144567
EIF3I-1	EIF3I	ENSG00000084623
NT5M-1	NT5M	ENSG00000205309
CEP68-1	CEP68	ENSG00000011523
SMIM13-1	SMIM13	ENSG00000224531
TMEM241-1	TMEM241	ENSG00000134490
HSPB11-1	IFT25	ENSG00000081870
PZP-1	PZP	ENSG00000126838
ICK-1	CILK1	ENSG00000112144
TRIM13-1	TRIM13	ENSG00000204977
EREG-1	EREG	ENSG00000124882
TWNK-1	TWNK	ENSG00000107815
EPHB4-1	EPHB4	ENSG00000196411
SAMD10-1	SAMD10	ENSG00000130590
IRX5-1	IRX5	ENSG00000176842
CCDC142-1	CCDC142	ENSG00000135637
PIGU-1	PIGU	ENSG00000101464
ADGRE5-1	ADGRE5	ENSG00000123146
ZNF358-1	ZNF358	ENSG00000198816
HECA-1	HECA	ENSG00000112406
RGS16-1	RGS16	ENSG00000143333
ARL4C-1	ARL4C	ENSG00000188042
SACS-1	SACS	ENSG00000151835
C12orf10-1	MYG1	ENSG00000139637
NLRC3-1	NLRC3	ENSG00000167984
KCNA3-1	KCNA3	ENSG00000177272
PHF3-1	PHF3	ENSG00000118482
ITIH4-1	ITIH4	ENSG00000055955
LIFR-1	LIFR	ENSG00000113594
PSMA7-1	PSMA7	ENSG00000101182
MSL3-1	MSL3	ENSG00000005302
PAX4-1	PAX4	ENSG00000106331
RPS6KA1-1	RPS6KA1	ENSG00000117676
MNAT1-1	MNAT1	ENSG00000020426
PACSIN1-1	PACSIN1	ENSG00000124507
POLD3-1	POLD3	ENSG00000077514
GZMB-1	GZMB	ENSG00000100453
PEX5L-1	PEX5L	ENSG00000114757
PSENEN-1	PSENEN	ENSG00000205155
FBXO32-1	FBXO32	ENSG00000156804
HDX-1	HDX	ENSG00000165259
NUDCD1-1	NUDCD1	ENSG00000120526
KIAA1328-1	KIAA1328	ENSG00000150477
LMNA-1	LMNA	ENSG00000160789
TNFAIP3-1	TNFAIP3	ENSG00000118503
KAT2A-1	KAT2A	ENSG00000108773
TEDC1-1	TEDC1	ENSG00000185347
CYP3A5-1	CYP3A5	ENSG00000106258
EVI5L-1	EVI5L	ENSG00000142459
SLC7A11-1	SLC7A11	ENSG00000151012
ADRB2-1	ADRB2	ENSG00000169252
AP3D1-1	AP3D1	ENSG00000065000
NR4A3-1	NR4A3	ENSG00000119508
HIRIP3-1	HIRIP3	ENSG00000149929
MSC-1	MSC	ENSG00000178860
SH2D2A-1	SH2D2A	ENSG00000027869
SHPRH-1	SHPRH	ENSG00000146414
EPC2-1	EPC2	ENSG00000135999
ZNF197-1	ZNF197	ENSG00000186448
CAMK2D-1	CAMK2D	ENSG00000145349
SCRN1-1	SCRN1	ENSG00000136193
SURF4-1	SURF4	ENSG00000148248
PRSS3-1	PRSS3	ENSG00000010438
LBH-1	LBH	ENSG00000213626
PTDSS2-1	PTDSS2	ENSG00000174915
PABPC4-1	PABPC4	ENSG00000090621
ATRAID-1	ATRAID	ENSG00000138085
IL5RA-1	IL5RA	ENSG00000091181
PRELID1-1	PRELID1	ENSG00000169230
DOK4-1	DOK4	ENSG00000125170
PTGER4-1	PTGER4	ENSG00000171522
ZNF117-1	ZNF117	ENSG00000152926
ZNF790-1	ZNF790	ENSG00000197863
OSTF1-1	OSTF1	ENSG00000134996
ISM1-1	ISM1	ENSG00000101230
ANKS3-1	ANKS3	ENSG00000168096
SLF1-1	SLF1	ENSG00000133302
AFG3L2-1	AFG3L2	ENSG00000141385
SGO1-1	SGO1	ENSG00000129810
ZNF846-1	ZNF846	ENSG00000196605
SLC4A5-1	SLC4A5	ENSG00000188687
NAT1-1	NAT1	ENSG00000171428
TDP2-1	TDP2	ENSG00000111802
HOXA13-1	HOXA13	ENSG00000106031
LRRC4-1	LRRC4	ENSG00000128594
TCAF1-1	TCAF1	ENSG00000198420
KPTN-1	KPTN	ENSG00000118162
ZNF181-1	ZNF181	ENSG00000197841
CSNK1G1-1	CSNK1G1	ENSG00000169118
SF3B3-1	SF3B3	ENSG00000189091
HCFC2-1	HCFC2	ENSG00000111727
TCF7-1	TCF7	ENSG00000081059
C1QTNF6-1	C1QTNF6	ENSG00000133466
HIKESHI-1	HIKESHI	ENSG00000149196
ZFAND2B-1	ZFAND2B	ENSG00000158552
TIMD4-1	TIMD4	ENSG00000145850
TIMP2-1	TIMP2	ENSG00000035862
KLHDC10-1	KLHDC10	ENSG00000128607
SLC16A6-1	SLC16A6	ENSG00000108932
PSMG2-1	PSMG2	ENSG00000128789
DECR1-1	DECR1	ENSG00000104325
TOMM6-1	TOMM6	ENSG00000214736
DOCK2-1	DOCK2	ENSG00000134516
RER1-1	RER1	ENSG00000157916
CKS1B-1	CKS1B	ENSG00000173207
UBTF-1	UBTF	ENSG00000108312
KCTD5-1	KCTD5	ENSG00000167977
DNAJC30-1	DNAJC30	ENSG00000176410
ENPP3-1	ENPP3	ENSG00000154269
CCNG1-1	CCNG1	ENSG00000113328
TNIK-1	TNIK	ENSG00000154310
HSPA4-1	HSPA4	ENSG00000170606
LYN-1	LYN	ENSG00000254087
FOXD2-1	FOXD2	ENSG00000186564
RAB3GAP1-1	RAB3GAP1	ENSG00000115839
DYNC1LI2-1	DYNC1LI2	ENSG00000135720
CRTC1-1	CRTC1	ENSG00000105662
HOXA7-1	HOXA7	ENSG00000122592
CEP295-1	CEP295	ENSG00000166004
MBNL3-1	MBNL3	ENSG00000076770
MITD1-1	MITD1	ENSG00000158411
SLC41A3-1	SLC41A3	ENSG00000114544
SCFD1-1	SCFD1	ENSG00000092108
INPPL1-1	INPPL1	ENSG00000165458
BIN3-1	BIN3	ENSG00000147439
SIAH3-1	SIAH3	ENSG00000215475
NSA2-1	NSA2	ENSG00000164346
TMEM259-1	TMEM259	ENSG00000182087
DMRTA2-1	DMRTA2	ENSG00000142700
CD22-1	CD22	ENSG00000012124
TEX10-1	TEX10	ENSG00000136891
EIF2B5-1	EIF2B5	ENSG00000145191
BHLHE23-1	BHLHE23	ENSG00000125533
KDM5A-1	KDM5A	ENSG00000073614
DSCC1-1	DSCC1	ENSG00000136982
DRC3-1	DRC3	ENSG00000171962
ALKAL2-1	ALKAL2	ENSG00000189292
CDK6-1	CDK6	ENSG00000105810
KHK-1	KHK	ENSG00000138030
UBE2Q1-1	UBE2Q1	ENSG00000160714
PPM1L-1	PPM1L	ENSG00000163590
TRIM52-1	TRIM52	ENSG00000183718
CORO1C-1	CORO1C	ENSG00000110880
IRF4-1	IRF4	ENSG00000137265
DDX19B-1	DDX19B	ENSG00000157349
KIF3A-1	KIF3A	ENSG00000131437
ANKRD9-1	ANKRD9	ENSG00000156381
BHLHE22-1	BHLHE22	ENSG00000180828
FURIN-1	FURIN	ENSG00000140564
DCLRE1C-1	DCLRE1C	ENSG00000152457
GNPTAB-1	GNPTAB	ENSG00000111670
ELOVL1-1	ELOVL1	ENSG00000066322
TRIM17-1	TRIM17	ENSG00000162931
DYSF-1	DYSF	ENSG00000135636
IFFO2-1	IFFO2	ENSG00000169991
NCSTN-1	NCSTN	ENSG00000162736
PLCG2-1	PLCG2	ENSG00000197943
RPLP2-1	RPLP2	ENSG00000177600
RPLP0-1	RPLP0	ENSG00000089157
EFNA1-1	EFNA1	ENSG00000169242
XRCC4-1	XRCC4	ENSG00000152422
ZNF786-1	ZNF786	ENSG00000197362
NRARP-1	NRARP	ENSG00000198435
POLG2-1	POLG2	ENSG00000256525
STX10-1	STX10	ENSG00000104915
HMGA2-1	HMGA2	ENSG00000149948
PIK3CG-1	PIK3CG	ENSG00000105851
CCDC85C-1	CCDC85C	ENSG00000205476
NPLOC4-1	NPLOC4	ENSG00000182446
MAGI2-1	MAGI2	ENSG00000187391
UHRF2-1	UHRF2	ENSG00000147854
FLVCR1-1	FLVCR1	ENSG00000162769
FAM129B-1	NIBAN2	ENSG00000136830
ATP2B1-1	ATP2B1	ENSG00000070961
CBLN3-1	CBLN3	ENSG00000139899
HSPA5-1	HSPA5	ENSG00000044574
WDR20-1	WDR20	ENSG00000140153
RNF214-1	RNF214	ENSG00000167257
PPM1F-1	PPM1F	ENSG00000100034
COL7A1-1	COL7A1	ENSG00000114270
MUC16-1	MUC16	ENSG00000181143
CENPB-1	CENPB	ENSG00000125817
FBXO5-1	FBXO5	ENSG00000112029
PRR14-1	PRR14	ENSG00000156858
PSEN2-1	PSEN2	ENSG00000143801
RBM27-1	RBM27	ENSG00000091009
SEMA4D-1	SEMA4D	ENSG00000187764
HIST1H3D-1	H3C4	ENSG00000197409
MRPS27-1	MRPS27	ENSG00000113048
GIMAP7-1	GIMAP7	ENSG00000179144
BCL9L-1	BCL9L	ENSG00000186174
DCK-1	DCK	ENSG00000156136
GADD45GIP1-1	GADD45GIP1	ENSG00000179271
FUT4-1	FUT4	ENSG00000196371
NBR1-1	NBR1	ENSG00000188554
HIST1H1D-1	H1-3	ENSG00000124575
BEX3-1	BEX3	ENSG00000166681
C9orf78-1	C9orf78	ENSG00000136819
WAC-1	WAC	ENSG00000095787
POMGNT2-1	POMGNT2	ENSG00000144647
FOXB2-1	FOXB2	ENSG00000204612
LTO1-1	LTO1	ENSG00000149716
POU5F2-1	POU5F2	ENSG00000248483
CD80-1	CD80	ENSG00000121594
ZC3H7B-1	ZC3H7B	ENSG00000100403
APOL6-1	APOL6	ENSG00000221963
SPECC1-1	SPECC1	ENSG00000128487
LUZP1-1	LUZP1	ENSG00000169641
TRAF1-1	TRAF1	ENSG00000056558
SEC23A-1	SEC23A	ENSG00000100934
PNMT-1	PNMT	ENSG00000141744
PSMA8-1	PSMA8	ENSG00000154611
RAB11A-1	RAB11A	ENSG00000103769
EMILIN2-1	EMILIN2	ENSG00000132205
NDUFB7-1	NDUFB7	ENSG00000099795
CALM3-1	CALM3	ENSG00000160014
MTO1-1	MTO1	ENSG00000135297
AXIN2-1	AXIN2	ENSG00000168646
NFATC3-1	NFATC3	ENSG00000072736
ZFY-1	ZFY	ENSG00000067646
STS-1	STS	ENSG00000101846
EPHX1-1	EPHX1	ENSG00000143819
FN3KRP-1	FN3KRP	ENSG00000141560
FBXL12-1	FBXL12	ENSG00000127452
DPH5-1	DPH5	ENSG00000117543
GSTO1-1	GSTO1	ENSG00000148834
SPDEF-1	SPDEF	ENSG00000124664
PRAF2-1	PRAF2	ENSG00000243279
RIOK2-1	RIOK2	ENSG00000058729
INSM1-1	INSM1	ENSG00000173404
NIPSNAP2-1	NIPSNAP2	ENSG00000146729
SIGLEC10-1	SIGLEC10	ENSG00000142512
S100A10-1	S100A10	ENSG00000197747
NCKAP1-1	NCKAP1	ENSG00000061676
NUBPL-1	NUBPL	ENSG00000151413
FNIP1-1	FNIP1	ENSG00000217128
IGFBP5-1	IGFBP5	ENSG00000115461
PRG4-1	PRG4	ENSG00000116690
AOC2-1	AOC2	ENSG00000131480
ZNRF3-1	ZNRF3	ENSG00000183579
IFT140-1	IFT140	ENSG00000187535
CCDC154-1	CCDC154	ENSG00000197599
TOP1-1	TOP1	ENSG00000198900
POLR3B-1	POLR3B	ENSG00000013503
SPSB1-1	SPSB1	ENSG00000171621
MOK-1	MOK	ENSG00000080823
NUDT11-1	NUDT11	ENSG00000196368
ARL14EP-1	ARL14EP	ENSG00000152219
ZNF324-1	ZNF324	ENSG00000083812
HSPBAP1-1	HSPBAP1	ENSG00000169087
SLC35G1-1	SLC35G1	ENSG00000176273
C9orf85-1	C9orf85	ENSG00000155621
GRK6-1	GRK6	ENSG00000198055
CCDC124-1	CCDC124	ENSG00000007080
KLHL7-1	KLHL7	ENSG00000122550
QARS-1	QARS1	ENSG00000172053
RNF19A-1	RNF19A	ENSG00000034677
C12orf29-1	RLIG1	ENSG00000133641
GRAMD1B-1	GRAMD1B	ENSG00000023171
MRPL39-1	MRPL39	ENSG00000154719
RETREG1-1	RETREG1	ENSG00000154153
TMEM184B-1	TMEM184B	ENSG00000198792
ZNF735-1	ZNF735	ENSG00000223614
RUNX2-1	RUNX2	ENSG00000124813
TP73-1	TP73	ENSG00000078900
PFKP-1	PFKP	ENSG00000067057
MIER2-1	MIER2	ENSG00000105556
ALKBH2-1	ALKBH2	ENSG00000189046
ZCCHC3-1	ZCCHC3	ENSG00000247315
COL6A2-1	COL6A2	ENSG00000142173
PCBP4-1	PCBP4	ENSG00000090097
C1QB-1	C1QB	ENSG00000173369
GPATCH8-1	GPATCH8	ENSG00000186566
CLINT1-1	CLINT1	ENSG00000113282
MTDH-1	MTDH	ENSG00000147649
SASH3-1	SASH3	ENSG00000122122
RNF123-1	RNF123	ENSG00000164068
RHBDD1-1	RHBDD1	ENSG00000144468
FRS3-1	FRS3	ENSG00000137218
CLUAP1-1	CLUAP1	ENSG00000103351
ZNF354B-1	ZNF354B	ENSG00000178338
TRIM34-1	TRIM34	ENSG00000258659
CCDC22-1	CCDC22	ENSG00000101997
TGFBR2-1	TGFBR2	ENSG00000163513
BEND4-1	BEND4	ENSG00000188848
SFXN1-1	SFXN1	ENSG00000164466
CLOCK-1	CLOCK	ENSG00000134852
N4BP1-1	N4BP1	ENSG00000102921
ZNF8-1	ZNF8	ENSG00000278129
PANK3-1	PANK3	ENSG00000120137
ZNF585B-1	ZNF585B	ENSG00000245680
BPNT1-1	BPNT1	ENSG00000162813
LRRC14-1	LRRC14	ENSG00000160959
PRPF39-1	PRPF39	ENSG00000185246
CDPF1-1	CDPF1	ENSG00000205643
UBXN7-1	UBXN7	ENSG00000163960
EPB41L5-1	EPB41L5	ENSG00000115109
APRT-1	APRT	ENSG00000198931
PI4KB-1	PI4KB	ENSG00000143393
SNX15-1	SNX15	ENSG00000110025
QKI-1	QKI	ENSG00000112531
TMEM175-1	TMEM175	ENSG00000127419
CLDN1-1	CLDN1	ENSG00000163347
PATZ1-1	PATZ1	ENSG00000100105
MAPK1IP1L-1	MAPK1IP1L	ENSG00000168175
PHOX2B-1	PHOX2B	ENSG00000109132
RAB11B-1	RAB11B	ENSG00000185236
ZNF428-1	ZNF428	ENSG00000131116
CNPPD1-1	CNPPD1	ENSG00000115649
RANBP2-1	RANBP2	ENSG00000153201
ANKRD23-1	ANKRD23	ENSG00000163126
THAP10-1	THAP10	ENSG00000129028
SMKR1-1	SMKR1	ENSG00000240204
ZFHX3-1	ZFHX3	ENSG00000140836
DCAF10-1	DCAF10	ENSG00000122741
SLC10A7-1	SLC10A7	ENSG00000120519
SALL2-1	SALL2	ENSG00000165821
UST-1	UST	ENSG00000111962
COG7-1	COG7	ENSG00000168434
TIFA-1	TIFA	ENSG00000145365
SERTAD1-1	SERTAD1	ENSG00000197019
ARL5B-1	ARL5B	ENSG00000165997
OGDH-1	OGDH	ENSG00000105953
CPEB3-1	CPEB3	ENSG00000107864
ENY2-1	ENY2	ENSG00000120533
GPR107-1	GPR107	ENSG00000148358
HIST1H2BN-1	H2BC15	ENSG00000233822
PFAS-1	PFAS	ENSG00000178921
ARF1-1	ARF1	ENSG00000143761
GP5-1	GP5	ENSG00000178732
SH2D3A-1	SH2D3A	ENSG00000125731
NEUROG2-1	NEUROG2	ENSG00000178403
ZNF418-1	ZNF418	ENSG00000196724
ZNF513-1	ZNF513	ENSG00000163795
SPRED2-1	SPRED2	ENSG00000198369
GPR25-1	GPR25	ENSG00000170128
ZNF827-1	ZNF827	ENSG00000151612
GRINA-1	GRINA	ENSG00000178719
ZNF777-1	ZNF777	ENSG00000196453
ZFP41-1	ZFP41	ENSG00000181638
EXO5-1	EXO5	ENSG00000164002
CEBPD-1	CEBPD	ENSG00000221869
ATAD5-1	ATAD5	ENSG00000176208
PLD3-1	PLD3	ENSG00000105223
TMEM204-1	TMEM204	ENSG00000131634
AMH-1	AMH	ENSG00000104899
CXCL1-1	CXCL1	ENSG00000163739
EIF3L-1	EIF3L	ENSG00000100129
ZNF653-1	ZNF653	ENSG00000161914
ZNF664-1	ZNF664	ENSG00000179195
IFIH1-1	IFIH1	ENSG00000115267
MOB3A-1	MOB3A	ENSG00000172081
SMPD3-1	SMPD3	ENSG00000103056
FAM174A-1	FAM174A	ENSG00000174132
MRPL24-1	MRPL24	ENSG00000143314
XKR6-1	XKR6	ENSG00000171044
RANBP3-1	RANBP3	ENSG00000031823
ZSCAN29-1	ZSCAN29	ENSG00000140265
IL32-1	IL32	ENSG00000008517
ZSCAN12-1	ZSCAN12	ENSG00000158691
CSF3R-1	CSF3R	ENSG00000119535
FSCN1-1	FSCN1	ENSG00000075618
C3orf52-1	C3orf52	ENSG00000114529
PPP4C-1	PPP4C	ENSG00000149923
MS4A6A-1	MS4A6A	ENSG00000110077
ST20-MTHFS-1	ST20-MTHFS	ENSG00000259332
PPP3R1-1	PPP3R1	ENSG00000221823
SLC5A5-1	SLC5A5	ENSG00000105641
DHRS13-1	DHRS13	ENSG00000167536
HPGDS-1	HPGDS	ENSG00000163106
FOXP4-1	FOXP4	ENSG00000137166
UBASH3A-1	UBASH3A	ENSG00000160185
ALG10-1	ALG10	ENSG00000139133
C19orf70-1	MICOS13	ENSG00000174917
MCRIP1-1	MCRIP1	ENSG00000225663
GRAP2-1	GRAP2	ENSG00000100351
PICALM-1	PICALM	ENSG00000073921
CCDC28B-1	CCDC28B	ENSG00000160050
STAG3-1	STAG3	ENSG00000066923
TMEM255A-1	TMEM255A	ENSG00000125355
DENND1C-1	DENND1C	ENSG00000205744
HOOK1-1	HOOK1	ENSG00000134709
ATXN1-1	ATXN1	ENSG00000124788
WDFY4-1	WDFY4	ENSG00000128815
CNOT10-1	CNOT10	ENSG00000182973
PEX10-1	PEX10	ENSG00000157911
NRAS-1	NRAS	ENSG00000213281
FBXO40-1	FBXO40	ENSG00000163833
NAXD-1	NAXD	ENSG00000213995
ASCC1-1	ASCC1	ENSG00000138303
EMSY-1	EMSY	ENSG00000158636
MED18-1	MED18	ENSG00000130772
REXO1-1	REXO1	ENSG00000079313
EEFSEC-1	EEFSEC	ENSG00000132394
DNAJC3-1	DNAJC3	ENSG00000102580
ATG4A-1	ATG4A	ENSG00000101844
IFI44-1	IFI44	ENSG00000137965
GCC1-1	GCC1	ENSG00000179562
NDUFS4-1	NDUFS4	ENSG00000164258
AP5Z1-1	AP5Z1	ENSG00000242802
XPA-1	XPA	ENSG00000136936
SCRG1-1	SCRG1	ENSG00000164106
SCN8A-1	SCN8A	ENSG00000196876
CSRNP1-1	CSRNP1	ENSG00000144655
TDRKH-1	TDRKH	ENSG00000182134
CISD2-1	CISD2	ENSG00000145354
TCF7L1-1	TCF7L1	ENSG00000152284
RBBP5-1	RBBP5	ENSG00000117222
PGC-1	PGC	ENSG00000096088
ERP44-1	ERP44	ENSG00000023318
SALL4-1	SALL4	ENSG00000101115
EDEM2-1	EDEM2	ENSG00000088298
CKAP2-1	CKAP2	ENSG00000136108
HDAC10-1	HDAC10	ENSG00000100429
CYBRD1-1	CYBRD1	ENSG00000071967
NUP88-1	NUP88	ENSG00000108559
KLHL20-1	KLHL20	ENSG00000076321
TRIM35-1	TRIM35	ENSG00000104228
SPSB3-1	SPSB3	ENSG00000162032
WBP2-1	WBP2	ENSG00000132471
ACOT4-1	ACOT4	ENSG00000177465
NASP-1	NASP	ENSG00000132780
RACK1-1	RACK1	ENSG00000204628
ELK3-1	ELK3	ENSG00000111145
ACADSB-1	ACADSB	ENSG00000196177
SLC39A14-1	SLC39A14	ENSG00000104635
NPHP3-1	NPHP3	ENSG00000113971
METTL4-1	METTL4	ENSG00000101574
SIL1-1	SIL1	ENSG00000120725
RGP1-1	RGP1	ENSG00000107185
MCUB-1	MCUB	ENSG00000005059
MED12-1	MED12	ENSG00000184634
IRX4-1	IRX4	ENSG00000113430
GTF2IRD2-1	GTF2IRD2	ENSG00000196275
KIF13B-1	KIF13B	ENSG00000197892
RPL7-1	RPL7	ENSG00000147604
RNF6-1	RNF6	ENSG00000127870
PSMG4-1	PSMG4	ENSG00000180822
DNTTIP1-1	DNTTIP1	ENSG00000101457
ZNF517-1	ZNF517	ENSG00000197363
DGUOK-1	DGUOK	ENSG00000114956
SMAGP-1	SMAGP	ENSG00000170545
CAPNS1-1	CAPNS1	ENSG00000126247
KTI12-1	KTI12	ENSG00000198841
TREX1-1	TREX1	ENSG00000213689
SGSH-1	SGSH	ENSG00000181523
IRAK3-1	IRAK3	ENSG00000090376
WDR5B-1	WDR5B	ENSG00000196981
MAMDC4-1	MAMDC4	ENSG00000177943
C19orf33-1	C19orf33	ENSG00000167644
GRPEL1-1	GRPEL1	ENSG00000109519
FAM50B-1	FAM50B	ENSG00000145945
FOXM1-1	FOXM1	ENSG00000111206
UFSP1-1	UFSP1	ENSG00000176125
SMARCC1-1	SMARCC1	ENSG00000173473
GABARAP-1	GABARAP	ENSG00000170296
MSTO1-1	MSTO1	ENSG00000125459
MBOAT4-1	MBOAT4	ENSG00000177669
ABCF2-1	ABCF2	ENSG00000033050
TNFRSF8-1	TNFRSF8	ENSG00000120949
ZNF792-1	ZNF792	ENSG00000180884
SYNCRIP-1	SYNCRIP	ENSG00000135316
ENDOV-1	ENDOV	ENSG00000173818
INCA1-1	INCA1	ENSG00000196388
TFE3-1	TFE3	ENSG00000068323
DERL1-1	DERL1	ENSG00000136986
TWF2-1	TWF2	ENSG00000247596
RNF40-1	RNF40	ENSG00000103549
ZNF33B-1	ZNF33B	ENSG00000196693
ANKRD39-1	ANKRD39	ENSG00000213337
CHTF18-1	CHTF18	ENSG00000127586
BTN2A2-1	BTN2A2	ENSG00000124508
TPPP-1	TPPP	ENSG00000171368
ISG20-1	ISG20	ENSG00000172183
NEK11-1	NEK11	ENSG00000114670
EBI3-1	EBI3	ENSG00000105246
CD6-1	CD6	ENSG00000013725
PLAC8-1	PLAC8	ENSG00000145287
COA5-1	COA5	ENSG00000183513
MOB2-1	MOB2	ENSG00000182208
GP1BA-1	GP1BA	ENSG00000185245
TFRC-1	TFRC	ENSG00000072274
C1orf162-1	C1orf162	ENSG00000143110
IL2-1	IL2	ENSG00000109471
MAD2L2-1	MAD2L2	ENSG00000116670
BUD13-1	BUD13	ENSG00000137656
RPS7-1	RPS7	ENSG00000171863
ZNF784-1	ZNF784	ENSG00000179922
PIMREG-1	PIMREG	ENSG00000129195
ELP6-1	ELP6	ENSG00000163832
ARL6IP6-1	ARL6IP6	ENSG00000177917
ZNF737-1	ZNF737	ENSG00000237440
DMRT2-1	DMRT2	ENSG00000173253
ALDOC-1	ALDOC	ENSG00000109107
COPS6-1	COPS6	ENSG00000168090
ARMCX6-1	ARMCX6	ENSG00000198960
TFR2-1	TFR2	ENSG00000106327
MRPL1-1	MRPL1	ENSG00000169288
INTS6L-1	INTS6L	ENSG00000165359
TTI2-1	TTI2	ENSG00000129696
SERINC5-1	SERINC5	ENSG00000164300
BSCL2-1	BSCL2	ENSG00000168000
ACAA1-1	ACAA1	ENSG00000060971
CTSS-1	CTSS	ENSG00000163131
TGOLN2-1	TGOLN2	ENSG00000152291
ZNF765-1	ZNF765	ENSG00000196417
KDSR-1	KDSR	ENSG00000119537
PTK2-1	PTK2	ENSG00000169398
PGR-1	PGR	ENSG00000082175
ATP5PF-1	ATP5PF	ENSG00000154723
KCTD15-1	KCTD15	ENSG00000153885
CCDC96-1	CFAP184	ENSG00000173013
ZBTB32-1	ZBTB32	ENSG00000011590
APOO-1	APOO	ENSG00000184831
RNF212-1	RNF212	ENSG00000178222
AKAP5-1	AKAP5	ENSG00000179841
POU6F1-1	POU6F1	ENSG00000184271
KRTCAP3-1	KRTCAP3	ENSG00000157992
CDCA2-1	CDCA2	ENSG00000184661
SPIN1-1	SPIN1	ENSG00000106723
ESR1-1	ESR1	ENSG00000091831
SMG6-1	SMG6	ENSG00000070366
GTPBP2-1	GTPBP2	ENSG00000172432
LAMB1-1	LAMB1	ENSG00000091136
TPH1-1	TPH1	ENSG00000129167
OGG1-1	OGG1	ENSG00000114026
ZNF132-1	ZNF132	ENSG00000131849
C11orf74-1	IFTAP	ENSG00000166352
FAM131A-1	FAM131A	ENSG00000175182
TMCO1-1	TMCO1	ENSG00000143183
GRK2-1	GRK2	ENSG00000173020
TNNC2-1	TNNC2	ENSG00000101470
CDH23-1	CDH23	ENSG00000107736
ATP1A1-1	ATP1A1	ENSG00000163399
BEX5-1	BEX5	ENSG00000184515
RCAN2-1	RCAN2	ENSG00000172348
ACER2-1	ACER2	ENSG00000177076
SPTLC1-1	SPTLC1	ENSG00000090054
PYCARD-1	PYCARD	ENSG00000103490
MTPAP-1	MTPAP	ENSG00000107951
METTL1-1	METTL1	ENSG00000037897
APLP1-1	APLP1	ENSG00000105290
PDE4B-1	PDE4B	ENSG00000184588
VSX2-1	VSX2	ENSG00000119614
VMAC-1	VMAC	ENSG00000187650
UBXN8-1	UBXN8	ENSG00000104691
C1orf56-1	C1orf56	ENSG00000143443
RARRES2-1	RARRES2	ENSG00000106538
SLC16A3-1	SLC16A3	ENSG00000141526
ZNF677-1	ZNF677	ENSG00000197928
CITED4-1	CITED4	ENSG00000179862
ABCA7-1	ABCA7	ENSG00000064687
PARP10-1	PARP10	ENSG00000178685
TRABD-1	TRABD	ENSG00000170638
MRPL11-1	MRPL11	ENSG00000174547
URB2-1	URB2	ENSG00000135763
ZBTB11-1	ZBTB11	ENSG00000066422
RAB28-1	RAB28	ENSG00000157869
PPP1R13B-1	PPP1R13B	ENSG00000088808
JMJD4-1	JMJD4	ENSG00000081692
ITSN1-1	ITSN1	ENSG00000205726
VPS54-1	VPS54	ENSG00000143952
IL9-1	IL9	ENSG00000145839
MON1A-1	MON1A	ENSG00000164077
ZFYVE1-1	ZFYVE1	ENSG00000165861
NGRN-1	NGRN	ENSG00000182768
C1QTNF3-1	C1QTNF3	ENSG00000082196
CRELD2-1	CRELD2	ENSG00000184164
UBE2O-1	UBE2O	ENSG00000175931
FAM174B-1	FAM174B	ENSG00000185442
TESC-1	TESC	ENSG00000088992
DALRD3-1	DALRD3	ENSG00000178149
RDH14-1	RDH14	ENSG00000240857
SLC9B1-1	SLC9B1	ENSG00000164037
RENBP-1	RENBP	ENSG00000102032
S1PR5-1	S1PR5	ENSG00000180739
PRKCZ-1	PRKCZ	ENSG00000067606
ODR4-1	ODR4	ENSG00000157181
ERC1-1	ERC1	ENSG00000082805
MNX1-1	MNX1	ENSG00000130675
NDUFV2-1	NDUFV2	ENSG00000178127
TRPM2-1	TRPM2	ENSG00000142185
WDR48-1	WDR48	ENSG00000114742
HSH2D-1	HSH2D	ENSG00000196684
BMI1-1	BMI1	ENSG00000168283
C1RL-1	C1RL	ENSG00000139178
MAML2-1	MAML2	ENSG00000184384
GLE1-1	GLE1	ENSG00000119392
KRT19-1	KRT19	ENSG00000171345
AP5S1-1	AP5S1	ENSG00000125843
SENP6-1	SENP6	ENSG00000112701
ZNF821-1	ZNF821	ENSG00000102984
KRCC1-1	KRCC1	ENSG00000172086
COQ10B-1	COQ10B	ENSG00000115520
ANTXR2-1	ANTXR2	ENSG00000163297
CDK8-1	CDK8	ENSG00000132964
EIF4E-1	EIF4E	ENSG00000151247
TMEM60-1	TMEM60	ENSG00000135211
LONRF1-1	LONRF1	ENSG00000154359
DNAH17-1	DNAH17	ENSG00000187775
E2F3-1	E2F3	ENSG00000112242
RPL22L1-1	RPL22L1	ENSG00000163584
PPP1R12B-1	PPP1R12B	ENSG00000077157
STAU1-1	STAU1	ENSG00000124214
AGTPBP1-1	AGTPBP1	ENSG00000135049
IRF9-1	IRF9	ENSG00000213928
PRPF4-1	PRPF4	ENSG00000136875
KMT2C-1	KMT2C	ENSG00000055609
KDELR1-1	KDELR1	ENSG00000105438
C5orf30-1	MACIR	ENSG00000181751
ADAM12-1	ADAM12	ENSG00000148848
RBM6-1	RBM6	ENSG00000004534
CLDND2-1	CLDND2	ENSG00000160318
CCDC127-1	CCDC127	ENSG00000164366
ZNF565-1	ZNF565	ENSG00000196357
NEU3-1	NEU3	ENSG00000162139
SLA-1	SLA	ENSG00000155926
IFT74-1	IFT74	ENSG00000096872
VENTX-1	VENTX	ENSG00000151650
TMX4-1	TMX4	ENSG00000125827
GCLC-1	GCLC	ENSG00000001084
HDDC2-1	HDDC2	ENSG00000111906
HAUS5-1	HAUS5	ENSG00000249115
PIH1D1-1	PIH1D1	ENSG00000104872
SIK2-1	SIK2	ENSG00000170145
CREB5-1	CREB5	ENSG00000146592
SNAPC2-1	SNAPC2	ENSG00000104976
PPM1B-1	PPM1B	ENSG00000138032
SLC25A43-1	SLC25A43	ENSG00000077713
ACBD5-1	ACBD5	ENSG00000107897
LRRC45-1	LRRC45	ENSG00000169683
NEIL1-1	NEIL1	ENSG00000140398
PTTG1IP-1	PTTG1IP	ENSG00000183255
C17orf107-1	C17orf107	ENSG00000205710
GCSH-1	GCSH	ENSG00000140905
RPS6KC1-1	RPS6KC1	ENSG00000136643
COX7A2L-1	COX7A2L	ENSG00000115944
IL1R1-1	IL1R1	ENSG00000115594
IL2RB-1	IL2RB	ENSG00000100385
PYGB-1	PYGB	ENSG00000100994
ZNF20-1	ZNF20	ENSG00000132010
RCL1-1	RCL1	ENSG00000120158
TRAPPC5-1	TRAPPC5	ENSG00000181029
PDS5B-1	PDS5B	ENSG00000083642
GPR35-1	GPR35	ENSG00000178623
RCOR3-1	RCOR3	ENSG00000117625
PPP1R9B-1	PPP1R9B	ENSG00000108819
ATG4C-1	ATG4C	ENSG00000125703
MEFV-1	MEFV	ENSG00000103313
HDAC5-1	HDAC5	ENSG00000108840
SMG1-1	SMG1	ENSG00000157106
PSMA1-1	PSMA1	ENSG00000129084
C2orf15-1	C2orf15	ENSG00000273045
CMPK1-1	CMPK1	ENSG00000162368
AP3M1-1	AP3M1	ENSG00000185009
PM20D2-1	PM20D2	ENSG00000146281
DHCR24-1	DHCR24	ENSG00000116133
FBXO48-1	FBXO48	ENSG00000204923
TM2D2-1	TM2D2	ENSG00000169490
ASB13-1	ASB13	ENSG00000196372
CAPN7-1	CAPN7	ENSG00000131375
BICDL1-1	BICDL1	ENSG00000135127
GABPB1-1	GABPB1	ENSG00000104064
TMEM80-1	TMEM80	ENSG00000177042
YIPF3-1	YIPF3	ENSG00000137207
KIF14-1	KIF14	ENSG00000118193
FOXL2-1	FOXL2	ENSG00000183770
PHF8-1	PHF8	ENSG00000172943
CDCP1-1	CDCP1	ENSG00000163814
RRM2B-1	RRM2B	ENSG00000048392
COPS8-1	COPS8	ENSG00000198612
SREBF2-1	SREBF2	ENSG00000198911
NRCAM-1	NRCAM	ENSG00000091129
GIMAP6-1	GIMAP6	ENSG00000133561
HIVEP1-1	HIVEP1	ENSG00000095951
SP6-1	SP6	ENSG00000189120
ATP6V0B-1	ATP6V0B	ENSG00000117410
MAML1-1	MAML1	ENSG00000161021
PMEPA1-1	PMEPA1	ENSG00000124225
MORN2-1	MORN2	ENSG00000188010
SOX7-1	SOX7	ENSG00000171056
RBM7-1	RBM7	ENSG00000076053
CARD8-1	CARD8	ENSG00000105483
GSK3B-1	GSK3B	ENSG00000082701
SSH1-1	SSH1	ENSG00000084112
ANXA9-1	ANXA9	ENSG00000143412
CTNNB1-1	CTNNB1	ENSG00000168036
ADPGK-1	ADPGK	ENSG00000159322
GAS2L1-1	GAS2L1	ENSG00000185340
PIP-1	PIP	ENSG00000159763
SOHLH1-1	SOHLH1	ENSG00000165643
GRASP-1	TAMALIN	ENSG00000161835
ARRDC4-1	ARRDC4	ENSG00000140450
PMF1-1	PMF1	ENSG00000160783
COPA-1	COPA	ENSG00000122218
SARNP-1	SARNP	ENSG00000205323
BASP1-1	BASP1	ENSG00000176788
TNS4-1	TNS4	ENSG00000131746
PHF23-1	PHF23	ENSG00000040633
ATP6V1G1-1	ATP6V1G1	ENSG00000136888
BTN3A1-1	BTN3A1	ENSG00000026950
NTNG2-1	NTNG2	ENSG00000196358
HAND1-1	HAND1	ENSG00000113196
ZEB1-1	ZEB1	ENSG00000148516
IKZF3-1	IKZF3	ENSG00000161405
INSL3-1	INSL3	ENSG00000248099
PJA1-1	PJA1	ENSG00000181191
FANCC-1	FANCC	ENSG00000158169
NTN4-1	NTN4	ENSG00000074527
KBTBD3-1	KBTBD3	ENSG00000182359
HELT-1	HELT	ENSG00000187821
SAMSN1-1	SAMSN1	ENSG00000155307
CUL7-1	CUL7	ENSG00000044090
MAFA-1	MAFA	ENSG00000182759
SF3A3-1	SF3A3	ENSG00000183431
WNT10A-1	WNT10A	ENSG00000135925
UBE4B-1	UBE4B	ENSG00000130939
MLX-1	MLX	ENSG00000108788
CARD19-1	CARD19	ENSG00000165233
MTM1-1	MTM1	ENSG00000171100
C2orf76-1	C2orf76	ENSG00000186132
MCM2-1	MCM2	ENSG00000073111
HBD-1	HBD	ENSG00000223609
TMEM131-1	TMEM131	ENSG00000075568
ROBO3-1	ROBO3	ENSG00000154134
CD244-1	CD244	ENSG00000122223
NSUN6-1	NSUN6	ENSG00000241058
RYR2-1	RYR2	ENSG00000198626
MYO1B-1	MYO1B	ENSG00000128641
WDR7-1	WDR7	ENSG00000091157
MFSD12-1	MFSD12	ENSG00000161091
TYSND1-1	TYSND1	ENSG00000156521
SLC35D2-1	SLC35D2	ENSG00000130958
ZNF860-1	ZNF860	ENSG00000197385
ARPP19-1	ARPP19	ENSG00000128989
ORAI2-1	ORAI2	ENSG00000160991
LTN1-1	LTN1	ENSG00000198862
XRCC1-1	XRCC1	ENSG00000073050
C4orf48-1	NICOL1	ENSG00000243449
PRDX5-1	PRDX5	ENSG00000126432
MMS19-1	MMS19	ENSG00000155229
FNBP4-1	FNBP4	ENSG00000109920
RRP1B-1	RRP1B	ENSG00000160208
NIT2-1	NIT2	ENSG00000114021
GCNT7-1	GCNT7	ENSG00000124091
VCP-1	VCP	ENSG00000165280
THYN1-1	THYN1	ENSG00000151500
TBL2-1	TBL2	ENSG00000106638
ALDH18A1-1	ALDH18A1	ENSG00000059573
FRAT1-1	FRAT1	ENSG00000165879
WDHD1-1	WDHD1	ENSG00000198554
LRRC69-1	LRRC69	ENSG00000214954
LMAN2L-1	LMAN2L	ENSG00000114988
STK24-1	STK24	ENSG00000102572
STMN3-1	STMN3	ENSG00000197457
TMEM203-1	TMEM203	ENSG00000187713
NUSAP1-1	NUSAP1	ENSG00000137804
FBXO8-1	FBXO8	ENSG00000164117
UBXN11-1	UBXN11	ENSG00000158062
MAP3K2-1	MAP3K2	ENSG00000169967
IMP3-1	IMP3	ENSG00000177971
TLE2-1	TLE2	ENSG00000065717
PTPN22-1	PTPN22	ENSG00000134242
DNAJC18-1	DNAJC18	ENSG00000170464
CDC25C-1	CDC25C	ENSG00000158402
OGT-1	OGT	ENSG00000147162
YARS-1	YARS1	ENSG00000134684
ACCS-1	ACCS	ENSG00000110455
GCHFR-1	GCHFR	ENSG00000137880
PLXNA3-1	PLXNA3	ENSG00000130827
PREPL-1	PREPL	ENSG00000138078
EIF3E-1	EIF3E	ENSG00000104408
ZYG11B-1	ZYG11B	ENSG00000162378
KIF23-1	KIF23	ENSG00000137807
MPEG1-1	MPEG1	ENSG00000197629
TMEM230-1	TMEM230	ENSG00000089063
BORCS8-1	BORCS8	ENSG00000254901
CUL5-1	CUL5	ENSG00000166266
CTSL-1	CTSL	ENSG00000135047
CHST12-1	CHST12	ENSG00000136213
EML5-1	EML5	ENSG00000165521
IFT46-1	IFT46	ENSG00000118096
ANGEL1-1	ANGEL1	ENSG00000013523
YPEL3-1	YPEL3	ENSG00000090238
EPS15-1	EPS15	ENSG00000085832
ZNF574-1	ZNF574	ENSG00000105732
ZNF726-1	ZNF726	ENSG00000213967
CYTH2-1	CYTH2	ENSG00000105443
DAPK1-1	DAPK1	ENSG00000196730
BCL10-1	BCL10	ENSG00000142867
DNAJB9-1	DNAJB9	ENSG00000128590
MAD1L1-1	MAD1L1	ENSG00000002822
NFE2L1-1	NFE2L1	ENSG00000082641
KCNMA1-1	KCNMA1	ENSG00000156113
DDX49-1	DDX49	ENSG00000105671
ZNF160-1	ZNF160	ENSG00000170949
IL11RA-1	IL11RA	ENSG00000137070
SLC2A13-1	SLC2A13	ENSG00000151229
FAM162A-1	FAM162A	ENSG00000114023
SV2A-1	SV2A	ENSG00000159164
PLEC-1	PLEC	ENSG00000178209
FAM20B-1	FAM20B	ENSG00000116199
SEC24A-1	SEC24A	ENSG00000113615
TTC26-1	IFT56	ENSG00000105948
UBE2L3-1	UBE2L3	ENSG00000185651
LAMA1-1	LAMA1	ENSG00000101680
CLEC7A-1	CLEC7A	ENSG00000172243
AASS-1	AASS	ENSG00000008311
PITPNC1-1	PITPNC1	ENSG00000154217
SSNA1-1	SSNA1	ENSG00000176101
CASC3-1	CASC3	ENSG00000108349
RASSF3-1	RASSF3	ENSG00000153179
TMEM102-1	TMEM102	ENSG00000181284
RPUSD2-1	RPUSD2	ENSG00000166133
PEX3-1	PEX3	ENSG00000034693
TMEM68-1	TMEM68	ENSG00000167904
CDC26-1	CDC26	ENSG00000176386
MALSU1-1	MALSU1	ENSG00000156928
CLIP3-1	CLIP3	ENSG00000105270
SCML4-1	SCML4	ENSG00000146285
LSM10-1	LSM10	ENSG00000181817
ISY1-RAB43-1	ISY1-RAB43	ENSG00000261796
FAM214A-1	ATOSA	ENSG00000047346
CIAO2A-1	CIAO2A	ENSG00000166797
CDYL2-1	CDYL2	ENSG00000166446
CCNB1-1	CCNB1	ENSG00000134057
PLA2G7-1	PLA2G7	ENSG00000146070
TRMT112-1	TRMT112	ENSG00000173113
CDA-1	CDA	ENSG00000158825
TTC39B-1	TTC39B	ENSG00000155158
MFSD8-1	MFSD8	ENSG00000164073
SIM2-1	SIM2	ENSG00000159263
DPYD-1	DPYD	ENSG00000188641
HEATR6-1	HEATR6	ENSG00000068097
SDC4-1	SDC4	ENSG00000124145
DGCR6L-1	DGCR6L	ENSG00000128185
CEP350-1	CEP350	ENSG00000135837
RPA3-1	RPA3	ENSG00000106399
KCNAB3-1	KCNAB3	ENSG00000170049
ESR2-1	ESR2	ENSG00000140009
ZBTB8A-1	ZBTB8A	ENSG00000160062
TACO1-1	TACO1	ENSG00000136463
LRCH4-1	LRCH4	ENSG00000077454
PI4KA-1	PI4KA	ENSG00000241973
PROCR-1	PROCR	ENSG00000101000
PRDM6-1	PRDM6	ENSG00000061455
TBC1D4-1	TBC1D4	ENSG00000136111
BRPF3-1	BRPF3	ENSG00000096070
HIST3H2BB-1	H2BC26	ENSG00000196890
GON4L-1	GON4L	ENSG00000116580
SPRYD7-1	SPRYD7	ENSG00000123178
RNF185-1	RNF185	ENSG00000138942
CUL4B-1	CUL4B	ENSG00000158290
RSU1-1	RSU1	ENSG00000148484
RPL35A-1	RPL35A	ENSG00000182899
SECTM1-1	SECTM1	ENSG00000141574
TMEM238-1	TMEM238	ENSG00000233493
RASSF6-1	RASSF6	ENSG00000169435
NT5DC1-1	NT5DC1	ENSG00000178425
STAMBP-1	STAMBP	ENSG00000124356
NUP62-1	NUP62	ENSG00000213024
DCTN1-1	DCTN1	ENSG00000204843
HK3-1	HK3	ENSG00000160883
OSBP-1	OSBP	ENSG00000110048
HES7-1	HES7	ENSG00000179111
VXN-1	VXN	ENSG00000169085
CAVIN1-1	CAVIN1	ENSG00000177469
RPS27A-1	RPS27A	ENSG00000143947
LMF2-1	LMF2	ENSG00000100258
MFNG-1	MFNG	ENSG00000100060
MIS18A-1	MIS18A	ENSG00000159055
DPH6-1	DPH6	ENSG00000134146
RAD9A-1	RAD9A	ENSG00000172613
AHI1-1	AHI1	ENSG00000135541
CETN3-1	CETN3	ENSG00000153140
KCTD13-1	KCTD13	ENSG00000174943
HIP1-1	HIP1	ENSG00000127946
ZNF730-1	ZNF730	ENSG00000183850
VKORC1-1	VKORC1	ENSG00000167397
BATF3-1	BATF3	ENSG00000123685
RPP25-1	RPP25	ENSG00000178718
PLCXD2-1	PLCXD2	ENSG00000240891
IFT172-1	IFT172	ENSG00000138002
POLR1E-1	POLR1E	ENSG00000137054
CYBB-1	CYBB	ENSG00000165168
PCYOX1-1	PCYOX1	ENSG00000116005
CALY-1	CALY	ENSG00000130643
EDEM3-1	EDEM3	ENSG00000116406
TCF24-1	TCF24	ENSG00000261787
CCDC90B-1	CCDC90B	ENSG00000137500
ELF1-1	ELF1	ENSG00000120690
DFFB-1	DFFB	ENSG00000169598
TNFRSF11A-1	TNFRSF11A	ENSG00000141655
CPA5-1	CPA5	ENSG00000158525
DTL-1	DTL	ENSG00000143476
PKNOX1-1	PKNOX1	ENSG00000160199
NAAA-1	NAAA	ENSG00000138744
ETNK2-1	ETNK2	ENSG00000143845
CXADR-1	CXADR	ENSG00000154639
MAST2-1	MAST2	ENSG00000086015
MCM7-1	MCM7	ENSG00000166508
DENND6A-1	DENND6A	ENSG00000174839
SIK3-1	SIK3	ENSG00000160584
TESK1-1	TESK1	ENSG00000107140
HIST1H2AG-1	H2AC11	ENSG00000196787
CTRL-1	CTRL	ENSG00000141086
ENOPH1-1	ENOPH1	ENSG00000145293
FICD-1	FICD	ENSG00000198855
DVL2-1	DVL2	ENSG00000004975
INTS6-1	INTS6	ENSG00000102786
DDIT3-1	DDIT3	ENSG00000175197
CCDC138-1	CCDC138	ENSG00000163006
TNNC1-1	TNNC1	ENSG00000114854
HOXC10-1	HOXC10	ENSG00000180818
DUS4L-1	DUS4L	ENSG00000105865
FBXO31-1	FBXO31	ENSG00000103264
LAP3-1	LAP3	ENSG00000002549
BNIP3-1	BNIP3	ENSG00000176171
NRG4-1	NRG4	ENSG00000169752
MEGF6-1	MEGF6	ENSG00000162591
RGS1-1	RGS1	ENSG00000090104
UBE2E2-1	UBE2E2	ENSG00000182247
TMEM243-1	TMEM243	ENSG00000135185
VTA1-1	VTA1	ENSG00000009844
DOCK6-1	DOCK6	ENSG00000130158
DMXL1-1	DMXL1	ENSG00000172869
CHST11-1	CHST11	ENSG00000171310
RBM28-1	RBM28	ENSG00000106344
ZSCAN5B-1	ZSCAN5B	ENSG00000197213
MGAT4B-1	MGAT4B	ENSG00000161013
LSM7-1	LSM7	ENSG00000130332
USF1-1	USF1	ENSG00000158773
PRPSAP2-1	PRPSAP2	ENSG00000141127
RPUSD1-1	RPUSD1	ENSG00000007376
COL4A2-1	COL4A2	ENSG00000134871
CFAP126-1	CFAP126	ENSG00000188931
SLC38A5-1	SLC38A5	ENSG00000017483
ABLIM1-1	ABLIM1	ENSG00000099204
CASP8AP2-1	CASP8AP2	ENSG00000118412
CPT1A-1	CPT1A	ENSG00000110090
ARHGAP12-1	ARHGAP12	ENSG00000165322
CAPRIN1-1	CAPRIN1	ENSG00000135387
GNS-1	GNS	ENSG00000135677
PHAX-1	PHAX	ENSG00000164902
PIK3R2-1	PIK3R2	ENSG00000105647
COMMD5-1	COMMD5	ENSG00000170619
NFKBID-1	NFKBID	ENSG00000167604
PRICKLE3-1	PRICKLE3	ENSG00000012211
TET1-1	TET1	ENSG00000138336
HIST1H2AL-1	H2AC16	ENSG00000276903
LIG1-1	LIG1	ENSG00000105486
RBM17-1	RBM17	ENSG00000134453
C19orf71-1	TEKTIP1	ENSG00000183397
HCAR1-1	HCAR1	ENSG00000196917
LGALSL-1	LGALSL	ENSG00000119862
LYPD3-1	LYPD3	ENSG00000124466
RAD23A-1	RAD23A	ENSG00000179262
PWP2-1	PWP2	ENSG00000241945
NFKB2-1	NFKB2	ENSG00000077150
GOLT1B-1	GOLT1B	ENSG00000111711
FAM172A-1	ARB2A	ENSG00000113391
CD300A-1	CD300A	ENSG00000167851
L3MBTL4-1	L3MBTL4	ENSG00000154655
LRRC20-1	LRRC20	ENSG00000172731
EIF4G2-1	EIF4G2	ENSG00000110321
TMED4-1	TMED4	ENSG00000158604
FTSJ1-1	FTSJ1	ENSG00000068438
CTPS1-1	CTPS1	ENSG00000171793
LPCAT4-1	LPCAT4	ENSG00000176454
NETO2-1	NETO2	ENSG00000171208
ATF7IP-1	ATF7IP	ENSG00000171681
RNF220-1	RNF220	ENSG00000187147
CA6-1	CA6	ENSG00000131686
LRRC75A-1	LRRC75A	ENSG00000181350
CHST2-1	CHST2	ENSG00000175040
MYOM1-1	MYOM1	ENSG00000101605
ARID1B-1	ARID1B	ENSG00000049618
SLC3A2-1	SLC3A2	ENSG00000168003
WDR1-1	WDR1	ENSG00000071127
CCNI2-1	CCNI2	ENSG00000205089
OCIAD1-1	OCIAD1	ENSG00000109180
FAM210A-1	FAM210A	ENSG00000177150
ACTR1B-1	ACTR1B	ENSG00000115073
TTC38-1	TTC38	ENSG00000075234
FKBP14-1	FKBP14	ENSG00000106080
ZNF224-1	ZNF224	ENSG00000267680
FAM92A-1	CIBAR1	ENSG00000188343
ZNF688-1	ZNF688	ENSG00000229809
IL4I1-1	IL4I1	ENSG00000104951
POLD4-1	POLD4	ENSG00000175482
HHEX-1	HHEX	ENSG00000152804
SUMO4-1	SUMO4	ENSG00000177688
UBE2E3-1	UBE2E3	ENSG00000170035
CCT8-1	CCT8	ENSG00000156261
IL1R2-1	IL1R2	ENSG00000115590
USP14-1	USP14	ENSG00000101557
EPS8L2-1	EPS8L2	ENSG00000177106
MEI1-1	MEI1	ENSG00000167077
TOMM5-1	TOMM5	ENSG00000175768
SWSAP1-1	SWSAP1	ENSG00000173928
ATP9A-1	ATP9A	ENSG00000054793
MED1-1	MED1	ENSG00000125686
USP19-1	USP19	ENSG00000172046
SP4-1	SP4	ENSG00000105866
BNC1-1	BNC1	ENSG00000169594
DUXA-1	DUXA	ENSG00000258873
DLG4-1	DLG4	ENSG00000132535
ZNF862-1	ZNF862	ENSG00000106479
ATP5F1D-1	ATP5F1D	ENSG00000099624
SERPINA1-1	SERPINA1	ENSG00000197249
UXT-1	UXT	ENSG00000126756
CBX5-1	CBX5	ENSG00000094916
NUDT22-1	NUDT22	ENSG00000149761
MLANA-1	MLANA	ENSG00000120215
ZFAND1-1	ZFAND1	ENSG00000104231
SLC6A6-1	SLC6A6	ENSG00000131389
FOXQ1-1	FOXQ1	ENSG00000164379
TIMM23-1	TIMM23	ENSG00000265354
MAGEF1-1	MAGEF1	ENSG00000177383
HIST1H2BJ-1	H2BC11	ENSG00000124635
C11orf49-1	CSTPP1	ENSG00000149179
THNSL1-1	THNSL1	ENSG00000185875
CCDC107-1	CCDC107	ENSG00000159884
NUP85-1	NUP85	ENSG00000125450
PDP2-1	PDP2	ENSG00000172840
GRK5-1	GRK5	ENSG00000198873
BLK-1	BLK	ENSG00000136573
SERPINI1-1	SERPINI1	ENSG00000163536
SLC4A8-1	SLC4A8	ENSG00000050438
NFAM1-1	NFAM1	ENSG00000235568
CNN3-1	CNN3	ENSG00000117519
TMEM53-1	TMEM53	ENSG00000126106
LRSAM1-1	LRSAM1	ENSG00000148356
GBF1-1	GBF1	ENSG00000107862
USP37-1	USP37	ENSG00000135913
LNX2-1	LNX2	ENSG00000139517
DPM1-1	DPM1	ENSG00000000419
BORA-1	BORA	ENSG00000136122
PRKACB-1	PRKACB	ENSG00000142875
MCUR1-1	MCUR1	ENSG00000050393
UBXN2A-1	UBXN2A	ENSG00000173960
TRRAP-1	TRRAP	ENSG00000196367
DSP-1	DSP	ENSG00000096696
PREP-1	PREP	ENSG00000085377
PABPC1L-1	PABPC1L	ENSG00000101104
STX7-1	STX7	ENSG00000079950
PDSS1-1	PDSS1	ENSG00000148459
CRELD1-1	CRELD1	ENSG00000163703
MFSD9-1	MFSD9	ENSG00000135953
TMEM254-1	TMEM254	ENSG00000133678
UGGT1-1	UGGT1	ENSG00000136731
NBEAL2-1	NBEAL2	ENSG00000160796
DDX18-1	DDX18	ENSG00000088205
NIPA1-1	NIPA1	ENSG00000170113
NUDC-1	NUDC	ENSG00000090273
ASB7-1	ASB7	ENSG00000183475
MAK-1	MAK	ENSG00000111837
C21orf91-1	C21orf91	ENSG00000154642
BUB1-1	BUB1	ENSG00000169679
ZNF469-1	ZNF469	ENSG00000225614
ZBTB21-1	ZBTB21	ENSG00000173276
EEF1AKMT3-1	EEF1AKMT3	ENSG00000123427
PATL1-1	PATL1	ENSG00000166889
HAGHL-1	HAGHL	ENSG00000103253
RPIA-1	RPIA	ENSG00000153574
ZFP37-1	ZFP37	ENSG00000136866
CFH-1	CFH	ENSG00000000971
FMNL2-1	FMNL2	ENSG00000157827
TMEM104-1	TMEM104	ENSG00000109066
PFKFB4-1	PFKFB4	ENSG00000114268
HPCAL4-1	HPCAL4	ENSG00000116983
EIF2B3-1	EIF2B3	ENSG00000070785
C1orf109-1	AIRIM	ENSG00000116922
LBHD1-1	LBHD1	ENSG00000162194
CAMK2G-1	CAMK2G	ENSG00000148660
STAM2-1	STAM2	ENSG00000115145
RFX1-1	RFX1	ENSG00000132005
FAM69B-1	DIPK1B	ENSG00000165716
HSPA9-1	HSPA9	ENSG00000113013
SEPHS2-1	SEPHS2	ENSG00000179918
NOLC1-1	NOLC1	ENSG00000166197
SVIL-1	SVIL	ENSG00000197321
DNAJA1-1	DNAJA1	ENSG00000086061
BAD-1	BAD	ENSG00000002330
TMEM167B-1	TMEM167B	ENSG00000215717
RSRC1-1	RSRC1	ENSG00000174891
PSMD12-1	PSMD12	ENSG00000197170
TRMT10C-1	TRMT10C	ENSG00000174173
SNRPA-1	SNRPA	ENSG00000077312
DCP1A-1	DCP1A	ENSG00000272886
CENPT-1	CENPT	ENSG00000102901
ATF6-1	ATF6	ENSG00000118217
NDUFS5-1	NDUFS5	ENSG00000168653
CTSB-1	CTSB	ENSG00000164733
NRIP1-1	NRIP1	ENSG00000180530
MIA-1	MIA	ENSG00000261857
DNAJC14-1	DNAJC14	ENSG00000135392
IL2RG-1	IL2RG	ENSG00000147168
GCA-1	GCA	ENSG00000115271
CCT4-1	CCT4	ENSG00000115484
RPE-1	RPE	ENSG00000197713
PRMT6-1	PRMT6	ENSG00000198890
RPL10-1	RPL10	ENSG00000147403
BCKDK-1	BCKDK	ENSG00000103507
DENND1B-1	DENND1B	ENSG00000213047
ENO3-1	ENO3	ENSG00000108515
DYNLL2-1	DYNLL2	ENSG00000264364
PROCA1-1	PROCA1	ENSG00000167525
ADARB1-1	ADARB1	ENSG00000197381
ARHGEF7-1	ARHGEF7	ENSG00000102606
ZNF506-1	ZNF506	ENSG00000081665
STXBP5-1	STXBP5	ENSG00000164506
ADCK5-1	ADCK5	ENSG00000173137
IRS1-1	IRS1	ENSG00000169047
ZNF579-1	ZNF579	ENSG00000218891
SPN-1	SPN	ENSG00000197471
NANP-1	NANP	ENSG00000170191
TBCCD1-1	TBCCD1	ENSG00000113838
TLE4-1	TLE4	ENSG00000106829
WDR18-1	WDR18	ENSG00000065268
BICD1-1	BICD1	ENSG00000151746
ZNF320-1	ZNF320	ENSG00000182986
MKI67-1	MKI67	ENSG00000148773
RAB22A-1	RAB22A	ENSG00000124209
ALX4-1	ALX4	ENSG00000052850
PNPLA8-1	PNPLA8	ENSG00000135241
BTRC-1	BTRC	ENSG00000166167
CIAO3-1	CIAO3	ENSG00000103245
ADAMTS10-1	ADAMTS10	ENSG00000142303
TIMM44-1	TIMM44	ENSG00000104980
OTX2-1	OTX2	ENSG00000165588
WDR26-1	WDR26	ENSG00000162923
MINPP1-1	MINPP1	ENSG00000107789
GNPAT-1	GNPAT	ENSG00000116906
APOBEC3F-1	APOBEC3F	ENSG00000128394
FADS3-1	FADS3	ENSG00000221968
SRA1-1	SRA1	ENSG00000213523
IPO4-1	IPO4	ENSG00000196497
RNF138-1	RNF138	ENSG00000134758
USP5-1	USP5	ENSG00000111667
ERAP1-1	ERAP1	ENSG00000164307
PAM-1	PAM	ENSG00000145730
OLIG3-1	OLIG3	ENSG00000177468
POU4F2-1	POU4F2	ENSG00000151615
NBEAL1-1	NBEAL1	ENSG00000144426
TMEM154-1	TMEM154	ENSG00000170006
LSM6-1	LSM6	ENSG00000164167
CD96-1	CD96	ENSG00000153283
PQBP1-1	PQBP1	ENSG00000102103
CSH1-1	CSH1	ENSG00000136488
PLB1-1	PLB1	ENSG00000163803
IFRD1-1	IFRD1	ENSG00000006652
CFAP70-1	CFAP70	ENSG00000156042
EXO1-1	EXO1	ENSG00000174371
GNAI1-1	GNAI1	ENSG00000127955
TTF1-1	TTF1	ENSG00000125482
MAP1A-1	MAP1A	ENSG00000166963
HMCES-1	HMCES	ENSG00000183624
SLC33A1-1	SLC33A1	ENSG00000169359
TYK2-1	TYK2	ENSG00000105397
UBB-1	UBB	ENSG00000170315
L3MBTL1-1	L3MBTL1	ENSG00000185513
SLC25A39-1	SLC25A39	ENSG00000013306
PRDM16-1	PRDM16	ENSG00000142611
CNOT6-1	CNOT6	ENSG00000113300
TM4SF1-1	TM4SF1	ENSG00000169908
ZNF391-1	ZNF391	ENSG00000124613
GTSE1-1	GTSE1	ENSG00000075218
DUSP2-1	DUSP2	ENSG00000158050
FSIP1-1	FSIP1	ENSG00000150667
NUP214-1	NUP214	ENSG00000126883
ZNF865-1	ZNF865	ENSG00000261221
CD9-1	CD9	ENSG00000010278
NMT2-1	NMT2	ENSG00000152465
COX6B1-1	COX6B1	ENSG00000126267
AGA-1	AGA	ENSG00000038002
CDKN2D-1	CDKN2D	ENSG00000129355
DNAJB2-1	DNAJB2	ENSG00000135924
LAMTOR1-1	LAMTOR1	ENSG00000149357
MYPOP-1	MYPOP	ENSG00000176182
HKDC1-1	HKDC1	ENSG00000156510
COL6A3-1	COL6A3	ENSG00000163359
DNAJB4-1	DNAJB4	ENSG00000162616
YAE1-1	YAE1	ENSG00000241127
NBN-1	NBN	ENSG00000104320
SORCS3-1	SORCS3	ENSG00000156395
GCN1-1	GCN1	ENSG00000089154
KCNAB2-1	KCNAB2	ENSG00000069424
CUZD1-1	CUZD1	ENSG00000138161
COG8-1	COG8	ENSG00000213380
CNIH4-1	CNIH4	ENSG00000143771
GNG2-1	GNG2	ENSG00000186469
SNX4-1	SNX4	ENSG00000114520
MBD3-1	MBD3	ENSG00000071655
IQGAP2-1	IQGAP2	ENSG00000145703
NBEA-1	NBEA	ENSG00000172915
SCAND1-1	SCAND1	ENSG00000171222
MGST1-1	MGST1	ENSG00000008394
NOTO-1	NOTO	ENSG00000214513
CEP55-1	CEP55	ENSG00000138180
ZNF692-1	ZNF692	ENSG00000171163
SNX30-1	SNX30	ENSG00000148158
HCK-1	HCK	ENSG00000101336
SCARB1-1	SCARB1	ENSG00000073060
DOCK9-1	DOCK9	ENSG00000088387
CDKN2C-1	CDKN2C	ENSG00000123080
SLC23A2-1	SLC23A2	ENSG00000089057
B4GALT5-1	B4GALT5	ENSG00000158470
ZNF629-1	ZNF629	ENSG00000102870
KRT18-1	KRT18	ENSG00000111057
FNDC3A-1	FNDC3A	ENSG00000102531
CCDC82-1	CCDC82	ENSG00000149231
TUT4-1	TUT4	ENSG00000134744
HOXD13-1	HOXD13	ENSG00000128714
MYBBP1A-1	MYBBP1A	ENSG00000132382
DPY19L1-1	DPY19L1	ENSG00000173852
RFTN1-1	RFTN1	ENSG00000131378
NSUN5-1	NSUN5	ENSG00000130305
MARCKSL1-1	MARCKSL1	ENSG00000175130
RTCA-1	RTCA	ENSG00000137996
UBE2B-1	UBE2B	ENSG00000119048
SLC1A4-1	SLC1A4	ENSG00000115902
NDUFS8-1	NDUFS8	ENSG00000110717
ALDH8A1-1	ALDH8A1	ENSG00000118514
ARL10-1	ARL10	ENSG00000175414
ETV3-1	ETV3	ENSG00000117036
DVL1-1	DVL1	ENSG00000107404
HOXD10-1	HOXD10	ENSG00000128710
KIDINS220-1	KIDINS220	ENSG00000134313
IQCG-1	IQCG	ENSG00000114473
MBOAT2-1	MBOAT2	ENSG00000143797
EPN2-1	EPN2	ENSG00000072134
BMT2-1	SAMTOR	ENSG00000164603
ACADM-1	ACADM	ENSG00000117054
HAUS6-1	HAUS6	ENSG00000147874
ZNF831-1	ZNF831	ENSG00000124203
VWDE-1	VWDE	ENSG00000146530
SNX14-1	SNX14	ENSG00000135317
STK4-1	STK4	ENSG00000101109
NUDT14-1	NUDT14	ENSG00000183828
S100A4-1	S100A4	ENSG00000196154
MASP2-1	MASP2	ENSG00000009724
ZNF804A-1	ZNF804A	ENSG00000170396
SYCE2-1	SYCE2	ENSG00000161860
MIF4GD-1	MIF4GD	ENSG00000125457
BIK-1	BIK	ENSG00000100290
IFIT5-1	IFIT5	ENSG00000152778
ARSA-1	ARSA	ENSG00000100299
PIGBOS1-1	PIGBOS1	ENSG00000225973
ABCB1-1	ABCB1	ENSG00000085563
FARP2-1	FARP2	ENSG00000006607
RBP2-1	RBP2	ENSG00000114113
KIFC3-1	KIFC3	ENSG00000140859
LAMA3-1	LAMA3	ENSG00000053747
ADAM8-1	ADAM8	ENSG00000151651
EDEM1-1	EDEM1	ENSG00000134109
STK35-1	STK35	ENSG00000125834
NPAS4-1	NPAS4	ENSG00000174576
WNT9A-1	WNT9A	ENSG00000143816
RDX-1	RDX	ENSG00000137710
TBC1D10A-1	TBC1D10A	ENSG00000099992
AGPAT5-1	AGPAT5	ENSG00000155189
MUCL1-1	MUCL1	ENSG00000172551
CALM2-1	CALM2	ENSG00000143933
IKBKE-1	IKBKE	ENSG00000263528
TAF7-1	TAF7	ENSG00000178913
CTU2-1	CTU2	ENSG00000174177
ACOX3-1	ACOX3	ENSG00000087008
DHFR2-1	DHFR2	ENSG00000178700
PITPNM1-1	PITPNM1	ENSG00000110697
SPAG1-1	SPAG1	ENSG00000104450
NUP35-1	NUP35	ENSG00000163002
FUOM-1	FUOM	ENSG00000148803
SLC25A11-1	SLC25A11	ENSG00000108528
AURKA-1	AURKA	ENSG00000087586
ZBTB43-1	ZBTB43	ENSG00000169155
LPAR5-1	LPAR5	ENSG00000184574
HMGCL-1	HMGCL	ENSG00000117305
APBA2-1	APBA2	ENSG00000034053
ANKRD36B-1	ANKRD36B	ENSG00000196912
DARS2-1	DARS2	ENSG00000117593
RAI2-1	RAI2	ENSG00000131831
IGIP-1	IGIP	ENSG00000182700
CYC1-1	CYC1	ENSG00000179091
CCT3-1	CCT3	ENSG00000163468
SLPI-1	SLPI	ENSG00000124107
CPEB1-1	CPEB1	ENSG00000214575
ODF3B-1	CIMAP1B	ENSG00000177989
STRN3-1	STRN3	ENSG00000196792
GATAD1-1	GATAD1	ENSG00000157259
MRPS25-1	MRPS25	ENSG00000131368
SLC4A1AP-1	SLC4A1AP	ENSG00000163798
TFAP2C-1	TFAP2C	ENSG00000087510
CDH1-1	CDH1	ENSG00000039068
ZDHHC9-1	ZDHHC9	ENSG00000188706
PMS1-1	PMS1	ENSG00000064933
PERP-1	PERP	ENSG00000112378
CEMIP2-1	CEMIP2	ENSG00000135048
RUBCN-1	RUBCN	ENSG00000145016
PIGP-1	PIGP	ENSG00000185808
RAB3B-1	RAB3B	ENSG00000169213
SLAIN2-1	SLAIN2	ENSG00000109171
PDRG1-1	PDRG1	ENSG00000088356
TRIP13-1	TRIP13	ENSG00000071539
PRKCB-1	PRKCB	ENSG00000166501
GSTP1-1	GSTP1	ENSG00000084207
ARMT1-1	ARMT1	ENSG00000146476
HERC1-1	HERC1	ENSG00000103657
CRAMP1-1	CRAMP1	ENSG00000007545
C19orf53-1	C19orf53	ENSG00000104979
CCDC93-1	CCDC93	ENSG00000125633
SUOX-1	SUOX	ENSG00000139531
TTC8-1	TTC8	ENSG00000165533
RRP36-1	RRP36	ENSG00000124541
ATP2A3-1	ATP2A3	ENSG00000074370
GNAI3-1	GNAI3	ENSG00000065135
RCSD1-1	RCSD1	ENSG00000198771
KDM5D-1	KDM5D	ENSG00000012817
PHLDB2-1	PHLDB2	ENSG00000144824
ABCC4-1	ABCC4	ENSG00000125257
CAPN2-1	CAPN2	ENSG00000162909
CREBRF-1	CREBRF	ENSG00000164463
LIN7B-1	LIN7B	ENSG00000104863
SETBP1-1	SETBP1	ENSG00000152217
GREM2-1	GREM2	ENSG00000180875
RPRD1B-1	RPRD1B	ENSG00000101413
ADCK2-1	ADCK2	ENSG00000133597
C11orf24-1	C11orf24	ENSG00000171067
FAM32A-1	FAM32A	ENSG00000105058
UCN-1	UCN	ENSG00000163794
TPRG1L-1	TPRG1L	ENSG00000158109
SUB1-1	SUB1	ENSG00000113387
CTCF-1	CTCF	ENSG00000102974
LHFPL5-1	LHFPL5	ENSG00000197753
EGF-1	EGF	ENSG00000138798
NPAS3-1	NPAS3	ENSG00000151322
RAC2-1	RAC2	ENSG00000128340
SDR39U1-1	SDR39U1	ENSG00000100445
ZFP62-1	ZFP62	ENSG00000196670
CLASP2-1	CLASP2	ENSG00000163539
XRRA1-1	XRRA1	ENSG00000166435
TOMM7-1	TOMM7	ENSG00000196683
ANKHD1-EIF4EBP3-1	ANKHD1-EIF4EBP3	ENSG00000254996
ZNF618-1	ZNF618	ENSG00000157657
PSPH-1	PSPH	ENSG00000146733
VPS25-1	VPS25	ENSG00000131475
ALDH5A1-1	ALDH5A1	ENSG00000112294
FAM149B1-1	FAM149B1	ENSG00000138286
CYB561A3-1	CYB561A3	ENSG00000162144
GPR174-1	GPR174	ENSG00000147138
EIF3F-1	EIF3F	ENSG00000175390
CSTF1-1	CSTF1	ENSG00000101138
CHKB-1	CHKB	ENSG00000100288
TANC2-1	TANC2	ENSG00000170921
LAMP3-1	LAMP3	ENSG00000078081
BCL11A-1	BCL11A	ENSG00000119866
SMYD4-1	SMYD4	ENSG00000186532
ENC1-1	ENC1	ENSG00000171617
MYH14-1	MYH14	ENSG00000105357
CDK4-1	CDK4	ENSG00000135446
ZNF318-1	ZNF318	ENSG00000171467
SLC4A2-1	SLC4A2	ENSG00000164889
STX11-1	STX11	ENSG00000135604
SLC25A14-1	SLC25A14	ENSG00000102078
NVL-1	NVL	ENSG00000143748
MRPL13-1	MRPL13	ENSG00000172172
ZNF79-1	ZNF79	ENSG00000196152
UTP25-1	UTP25	ENSG00000117597
ABCE1-1	ABCE1	ENSG00000164163
PRKX-1	PRKX	ENSG00000183943
EIF5A2-1	EIF5A2	ENSG00000163577
GSTA1-1	GSTA1	ENSG00000243955
KLHL11-1	KLHL11	ENSG00000178502
PPDPF-1	PPDPF	ENSG00000125534
CLTA-1	CLTA	ENSG00000122705
SPTLC2-1	SPTLC2	ENSG00000100596
CXCL5-1	CXCL5	ENSG00000163735
PLA2G12A-1	PLA2G12A	ENSG00000123739
ANKRD17-1	ANKRD17	ENSG00000132466
IFNG-1	IFNG	ENSG00000111537
DMD-1	DMD	ENSG00000198947
ZNF684-1	ZNF684	ENSG00000117010
MCPH1-1	MCPH1	ENSG00000147316
HAND2-1	HAND2	ENSG00000164107
TEAD3-1	TEAD3	ENSG00000007866
DEPTOR-1	DEPTOR	ENSG00000155792
C19orf48-1	C19orf48P	ENSG00000293495
RFX5-1	RFX5	ENSG00000143390
GTF2IRD1-1	GTF2IRD1	ENSG00000006704
PLSCR1-1	PLSCR1	ENSG00000188313
TST-1	TST	ENSG00000128311
DAZAP2-1	DAZAP2	ENSG00000183283
LARGE2-1	LARGE2	ENSG00000165905
STIP1-1	STIP1	ENSG00000168439
C10orf105-1	C10orf105	ENSG00000214688
HEMK1-1	HEMK1	ENSG00000114735
TBC1D17-1	TBC1D17	ENSG00000104946
STRBP-1	STRBP	ENSG00000165209
SNX1-1	SNX1	ENSG00000028528
EGLN3-1	EGLN3	ENSG00000129521
PHLPP2-1	PHLPP2	ENSG00000040199
TNFSF14-1	TNFSF14	ENSG00000125735
TAS2R5-1	TAS2R5	ENSG00000127366
USP12-1	USP12	ENSG00000152484
SUSD6-1	SUSD6	ENSG00000100647
HYKK-1	HYKK	ENSG00000188266
RBPMS-1	RBPMS	ENSG00000157110
RBMXL1-1	RBMXL1	ENSG00000213516
HPCAL1-1	HPCAL1	ENSG00000115756
PFDN2-1	PFDN2	ENSG00000143256
VPS13D-1	VPS13D	ENSG00000048707
ASAH2B-1	ASAH2B	ENSG00000204147
TACC2-1	TACC2	ENSG00000138162
ITPR1-1	ITPR1	ENSG00000150995
ABL1-1	ABL1	ENSG00000097007
SLC9A7-1	SLC9A7	ENSG00000065923
DGKQ-1	DGKQ	ENSG00000145214
SEPT5-1	SEPTIN5	ENSG00000184702
NUMBL-1	NUMBL	ENSG00000105245
C16orf46-1	C16orf46	ENSG00000166455
ZNF480-1	ZNF480	ENSG00000198464
BBX-1	BBX	ENSG00000114439
PDLIM1-1	PDLIM1	ENSG00000107438
FOXRED2-1	FOXRED2	ENSG00000100350
SCOC-1	SCOC	ENSG00000153130
ACTR6-1	ACTR6	ENSG00000075089
CCDC25-1	CCDC25	ENSG00000147419
C7orf31-1	SPMIP4	ENSG00000153790
STAMBPL1-1	STAMBPL1	ENSG00000138134
FOXJ3-1	FOXJ3	ENSG00000198815
MAPK11-1	MAPK11	ENSG00000185386
FASTKD5-1	FASTKD5	ENSG00000215251
PARP6-1	PARP6	ENSG00000137817
THAP1-1	THAP1	ENSG00000131931
NFIC-1	NFIC	ENSG00000141905
RCCD1-1	RCCD1	ENSG00000166965
ZIC5-1	ZIC5	ENSG00000139800
SPIN3-1	SPIN3	ENSG00000204271
CD2BP2-1	CD2BP2	ENSG00000169217
CLSPN-1	CLSPN	ENSG00000092853
UBE2E1-1	UBE2E1	ENSG00000170142
OIP5-1	OIP5	ENSG00000104147
C8orf88-1	C8orf88	ENSG00000253250
MTMR6-1	MTMR6	ENSG00000139505
C17orf75-1	C17orf75	ENSG00000108666
RUNX3-1	RUNX3	ENSG00000020633
ERMAP-1	ERMAP	ENSG00000164010
TIMP3-1	TIMP3	ENSG00000100234
RBM34-1	RBM34	ENSG00000188739
VIPR2-1	VIPR2	ENSG00000106018
ZDHHC24-1	ZDHHC24	ENSG00000174165
TMEM110-MUSTN1-1	STIMATE-MUSTN1	ENSG00000248592
ZNF582-1	ZNF582	ENSG00000018869
KCTD6-1	KCTD6	ENSG00000168301
BLOC1S2-1	BLOC1S2	ENSG00000196072
NKX6-1-1	NKX6-1	ENSG00000163623
SPG7-1	SPG7	ENSG00000197912
TAF1D-1	TAF1D	ENSG00000166012
ABCC2-1	ABCC2	ENSG00000023839
CD86-1	CD86	ENSG00000114013
ATP6V1H-1	ATP6V1H	ENSG00000047249
IL1A-1	IL1A	ENSG00000115008
OXR1-1	OXR1	ENSG00000164830
DOLK-1	DOLK	ENSG00000175283
RTKN2-1	RTKN2	ENSG00000182010
ACKR3-1	ACKR3	ENSG00000144476
LRRC29-1	FBXL9P	ENSG00000125122
POLR3G-1	POLR3G	ENSG00000113356
SOD2-1	SOD2	ENSG00000291237
PTRHD1-1	PTRHD1	ENSG00000184924
SNX5-1	SNX5	ENSG00000089006
HIST1H3F-1	H3C7	ENSG00000277775
MRPS16-1	MRPS16	ENSG00000182180
LIN9-1	LIN9	ENSG00000183814
MYCBPAP-1	MYCBPAP	ENSG00000136449
C1QC-1	C1QC	ENSG00000159189
CENPJ-1	CENPJ	ENSG00000151849
LPIN2-1	LPIN2	ENSG00000101577
TESPA1-1	TESPA1	ENSG00000135426
GLT8D1-1	GLT8D1	ENSG00000016864
EFCAB7-1	EFCAB7	ENSG00000203965
VWCE-1	VWCE	ENSG00000167992
ELMOD3-1	ELMOD3	ENSG00000115459
HSPE1-MOB4-1	HSPE1-MOB4	ENSG00000270757
SRSF3-1	SRSF3	ENSG00000112081
GSKIP-1	GSKIP	ENSG00000100744
ADAMTSL5-1	ADAMTSL5	ENSG00000185761
YIPF2-1	YIPF2	ENSG00000130733
FAM120A-1	FAM120A	ENSG00000048828
PLBD1-1	PLBD1	ENSG00000121316
GNA13-1	GNA13	ENSG00000120063
FAM57A-1	TLCD3A	ENSG00000167695
ARMCX2-1	ARMCX2	ENSG00000184867
HOXA11-1	HOXA11	ENSG00000005073
HS3ST3B1-1	HS3ST3B1	ENSG00000125430
HIGD1A-1	HIGD1A	ENSG00000181061
PAFAH2-1	PAFAH2	ENSG00000158006
TIGD6-1	TIGD6	ENSG00000164296
KMT2D-1	KMT2D	ENSG00000167548
IL13RA1-1	IL13RA1	ENSG00000131724
AZGP1-1	AZGP1	ENSG00000160862
LONRF3-1	LONRF3	ENSG00000175556
CAPN1-1	CAPN1	ENSG00000014216
ZFPL1-1	ZFPL1	ENSG00000162300
MTPN-1	MTPN	ENSG00000105887
PTMS-1	PTMS	ENSG00000159335
CMTM6-1	CMTM6	ENSG00000091317
PTGS1-1	PTGS1	ENSG00000095303
ALDOB-1	ALDOB	ENSG00000136872
CDNF-1	CDNF	ENSG00000185267
CYP51A1-1	CYP51A1	ENSG00000001630
WDR45B-1	WDR45B	ENSG00000141580
GOT1-1	GOT1	ENSG00000120053
SDHC-1	SDHC	ENSG00000143252
INPP4B-1	INPP4B	ENSG00000109452
APOE-1	APOE	ENSG00000130203
CCNG2-1	CCNG2	ENSG00000138764
PCSK1N-1	PCSK1N	ENSG00000102109
TMPPE-1	TMPPE	ENSG00000188167
CRTAM-1	CRTAM	ENSG00000109943
HSPBP1-1	HSPBP1	ENSG00000133265
HAUS1-1	HAUS1	ENSG00000152240
SERPINE1-1	SERPINE1	ENSG00000106366
CALCOCO2-1	CALCOCO2	ENSG00000136436
MTMR8-1	MTMR8	ENSG00000102043
ZNF682-1	ZNF682	ENSG00000197124
ATP11C-1	ATP11C	ENSG00000101974
BTAF1-1	BTAF1	ENSG00000095564
PLXNA1-1	PLXNA1	ENSG00000114554
REV3L-1	REV3L	ENSG00000009413
DMRTC2-1	DMRTC2	ENSG00000142025
SLC37A1-1	SLC37A1	ENSG00000160190
POM121-1	POM121	ENSG00000196313
SP5-1	SP5	ENSG00000204335
POLR1C-1	POLR1C	ENSG00000171453
KATNAL1-1	KATNAL1	ENSG00000102781
HOXB6-1	HOXB6	ENSG00000108511
NAGA-1	NAGA	ENSG00000198951
PDF-1	PDF	ENSG00000258429
UBE2K-1	UBE2K	ENSG00000078140
C16orf91-1	UQCC4	ENSG00000174109
HIST2H2BE-1	H2BC21	ENSG00000184678
CYSLTR2-1	CYSLTR2	ENSG00000152207
CD3E-1	CD3E	ENSG00000198851
SCNM1-1	SCNM1	ENSG00000163156
RILPL1-1	RILPL1	ENSG00000188026
TSHZ2-1	TSHZ2	ENSG00000182463
XPO6-1	XPO6	ENSG00000169180
FLCN-1	FLCN	ENSG00000154803
FAM184B-1	FAM184B	ENSG00000047662
POU6F2-1	POU6F2	ENSG00000106536
NMT1-1	NMT1	ENSG00000136448
LHX6-1	LHX6	ENSG00000106852
TFB2M-1	TFB2M	ENSG00000162851
IFT80-1	IFT80	ENSG00000068885
ZBTB48-1	ZBTB48	ENSG00000204859
SNRPD2-1	SNRPD2	ENSG00000125743
TNFAIP1-1	TNFAIP1	ENSG00000109079
NFIB-1	NFIB	ENSG00000147862
SLC17A3-1	SLC17A3	ENSG00000124564
CNOT1-1	CNOT1	ENSG00000125107
SUPT16H-1	SUPT16H	ENSG00000092201
GPN1-1	GPN1	ENSG00000198522
JHY-1	JHY	ENSG00000109944
SREBF1-1	SREBF1	ENSG00000072310
EXOC3-1	EXOC3	ENSG00000180104
CIC-1	CIC	ENSG00000079432
CEBPG-1	CEBPG	ENSG00000153879
HIRA-1	HIRA	ENSG00000100084
MRPS14-1	MRPS14	ENSG00000120333
CSF2RB-1	CSF2RB	ENSG00000100368
EVI5-1	EVI5	ENSG00000067208
DBNL-1	DBNL	ENSG00000136279
MTA2-1	MTA2	ENSG00000149480
DZIP3-1	DZIP3	ENSG00000198919
CALML4-1	CALML4	ENSG00000129007
C1S-1	C1S	ENSG00000182326
GSX1-1	GSX1	ENSG00000169840
NUB1-1	NUB1	ENSG00000013374
HSF2-1	HSF2	ENSG00000025156
ACAT2-1	ACAT2	ENSG00000120437
PER3-1	PER3	ENSG00000049246
PAGR1-1	PAGR1	ENSG00000280789
DPY19L3-1	DPY19L3	ENSG00000178904
AGR2-1	AGR2	ENSG00000106541
DDX54-1	DDX54	ENSG00000123064
ZFP1-1	ZFP1	ENSG00000184517
ARHGAP24-1	ARHGAP24	ENSG00000138639
CHERP-1	CHERP	ENSG00000085872
TOM1-1	TOM1	ENSG00000100284
KIAA2013-1	KIAA2013	ENSG00000116685
PLS1-1	PLS1	ENSG00000120756
PACS1-1	PACS1	ENSG00000175115
CMTR1-1	CMTR1	ENSG00000137200
PDIA6-1	PDIA6	ENSG00000143870
SF3B2-1	SF3B2	ENSG00000087365
RBMX2-1	RBMX2	ENSG00000134597
FANCL-1	FANCL	ENSG00000115392
SCAP-1	SCAP	ENSG00000114650
MOSPD2-1	MOSPD2	ENSG00000130150
ACTR3B-1	ACTR3B	ENSG00000133627
MRFAP1-1	MRFAP1	ENSG00000179010
ARNTL2-1	BMAL2	ENSG00000029153
EPHA4-1	EPHA4	ENSG00000116106
NDC1-1	NDC1	ENSG00000058804
SLC35B4-1	SLC35B4	ENSG00000205060
LRRC41-1	LRRC41	ENSG00000132128
DSTN-1	DSTN	ENSG00000125868
MTRNR2L8-1	MTRNR2L8	MTRNR2L8
PTPRJ-1	PTPRJ	ENSG00000149177
MAP3K7-1	MAP3K7	ENSG00000135341
KHDC4-1	KHDC4	ENSG00000132680
RNF208-1	RNF208	ENSG00000212864
ST6GALNAC4-1	ST6GALNAC4	ENSG00000136840
CHEK1-1	CHEK1	ENSG00000149554
MPP1-1	MPP1	ENSG00000130830
BTBD9-1	BTBD9	ENSG00000183826
SLC38A2-1	SLC38A2	ENSG00000134294
SSRP1-1	SSRP1	ENSG00000149136
WRAP73-1	WRAP73	ENSG00000116213
NHSL2-1	NHSL2	ENSG00000204131
SPTSSB-1	SPTSSB	ENSG00000196542
NSMF-1	NSMF	ENSG00000165802
FMN1-1	FMN1	ENSG00000248905
C11orf80-1	TOP6BL	ENSG00000173715
SLC16A13-1	SLC16A13	ENSG00000174327
RBM18-1	RBM18	ENSG00000119446
ASNS-1	ASNS	ENSG00000070669
CACNB4-1	CACNB4	ENSG00000182389
NIP7-1	NIP7	ENSG00000132603
PHACTR2-1	PHACTR2	ENSG00000112419
ACACB-1	ACACB	ENSG00000076555
COA6-1	COA6	ENSG00000168275
OSBPL8-1	OSBPL8	ENSG00000091039
TENT5A-1	TENT5A	ENSG00000112773
RAB40B-1	RAB40B	ENSG00000141542
SLC38A10-1	SLC38A10	ENSG00000157637
C2orf42-1	C2orf42	ENSG00000115998
OCRL-1	OCRL	ENSG00000122126
ARL8A-1	ARL8A	ENSG00000143862
MMAB-1	MMAB	ENSG00000139428
MYCN-1	MYCN	ENSG00000134323
TBC1D10B-1	TBC1D10B	ENSG00000169221
DZIP1-1	DZIP1	ENSG00000134874
GPN2-1	GPN2	ENSG00000142751
PPP3CA-1	PPP3CA	ENSG00000138814
ATOH1-1	ATOH1	ENSG00000172238
TSPAN18-1	TSPAN18	ENSG00000157570
RNF32-1	RNF32	ENSG00000105982
ZNF155-1	ZNF155	ENSG00000204920
C17orf51-1	LINC02693	ENSG00000212719
MFAP3-1	MFAP3	ENSG00000037749
SRPK1-1	SRPK1	ENSG00000096063
PIK3IP1-1	PIK3IP1	ENSG00000100100
DENND4A-1	DENND4A	ENSG00000174485
TOR1AIP2-1	TOR1AIP2	ENSG00000169905
IWS1-1	IWS1	ENSG00000163166
C6orf163-1	C6orf163	ENSG00000203872
ZER1-1	ZER1	ENSG00000160445
HINT1-1	HINT1	ENSG00000169567
ATOH7-1	ATOH7	ENSG00000179774
SLC2A6-1	SLC2A6	ENSG00000160326
PRKAB2-1	PRKAB2	ENSG00000131791
SMOX-1	SMOX	ENSG00000088826
EIF5B-1	EIF5B	ENSG00000158417
CEP76-1	CEP76	ENSG00000101624
CCDC34-1	CCDC34	ENSG00000109881
UQCRQ-1	UQCRQ	ENSG00000164405
SIGMAR1-1	SIGMAR1	ENSG00000147955
LARP4-1	LARP4	ENSG00000161813
SLC17A9-1	SLC17A9	ENSG00000101194
FKBP8-1	FKBP8	ENSG00000105701
ZNF606-1	ZNF606	ENSG00000166704
RAB27A-1	RAB27A	ENSG00000069974
PRIM2-1	PRIM2	ENSG00000146143
ZNF467-1	ZNF467	ENSG00000181444
C1orf35-1	C1orf35	ENSG00000143793
RAB36-1	RAB36	ENSG00000100228
EGLN2-1	EGLN2	ENSG00000269858
ADNP-1	ADNP	ENSG00000101126
PCNX2-1	PCNX2	ENSG00000135749
AMDHD2-1	AMDHD2	ENSG00000162066
DUSP3-1	DUSP3	ENSG00000108861
KIAA1958-1	KIAA1958	ENSG00000165185
COX4I1-1	COX4I1	ENSG00000131143
SAT1-1	SAT1	ENSG00000130066
TCOF1-1	TCOF1	ENSG00000070814
SLC1A5-1	SLC1A5	ENSG00000105281
SPATA7-1	SPATA7	ENSG00000042317
CRTC3-1	CRTC3	ENSG00000140577
ABHD12-1	ABHD12	ENSG00000100997
LDAH-1	LDAH	ENSG00000118961
PRELID2-1	PRELID2	ENSG00000186314
BRD4-1	BRD4	ENSG00000141867
CIB1-1	CIB1	ENSG00000185043
RALB-1	RALB	ENSG00000144118
PDAP1-1	PDAP1	ENSG00000106244
AP1AR-1	AP1AR	ENSG00000138660
SEL1L3-1	SEL1L3	ENSG00000091490
BUB3-1	BUB3	ENSG00000154473
HMX2-1	HMX2	ENSG00000188816
PIGM-1	PIGM	ENSG00000143315
PPP1R3B-1	PPP1R3B	ENSG00000173281
C15orf39-1	C15orf39	ENSG00000167173
UAP1L1-1	UAP1L1	ENSG00000197355
POU2F3-1	POU2F3	ENSG00000137709
KIF18A-1	KIF18A	ENSG00000121621
ZNF394-1	ZNF394	ENSG00000160908
CHRAC1-1	CHRAC1	ENSG00000104472
POLK-1	POLK	ENSG00000122008
TMCO6-1	TMCO6	ENSG00000113119
GDAP2-1	GDAP2	ENSG00000196505
DTWD2-1	DTWD2	ENSG00000169570
ZBTB40-1	ZBTB40	ENSG00000184677
ZC3H4-1	ZC3H4	ENSG00000130749
BRICD5-1	BRICD5	ENSG00000182685
ZNF121-1	ZNF121	ENSG00000197961
TRAM2-1	TRAM2	ENSG00000065308
ATN1-1	ATN1	ENSG00000111676
TP53INP2-1	TP53INP2	ENSG00000078804
C12orf60-1	C12orf60	ENSG00000182993
CCNB2-1	CCNB2	ENSG00000157456
GDI2-1	GDI2	ENSG00000057608
CD81-1	CD81	ENSG00000110651
JAM3-1	JAM3	ENSG00000166086
GCC2-1	GCC2	ENSG00000135968
IBA57-1	IBA57	ENSG00000181873
MRPL51-1	MRPL51	ENSG00000111639
DMRTB1-1	DMRTB1	ENSG00000143006
DDX55-1	DDX55	ENSG00000111364
CORO6-1	CORO6	ENSG00000167549
ERCC3-1	ERCC3	ENSG00000163161
WDSUB1-1	WDSUB1	ENSG00000196151
ETV5-1	ETV5	ENSG00000244405
CDKL5-1	CDKL5	ENSG00000008086
ZMYM3-1	ZMYM3	ENSG00000147130
TEFM-1	TEFM	ENSG00000172171
RNF14-1	RNF14	ENSG00000013561
LPXN-1	LPXN	ENSG00000110031
AMT-1	AMT	ENSG00000145020
CEP104-1	CEP104	ENSG00000116198
C3-1	C3	ENSG00000125730
ME3-1	ME3	ENSG00000151376
GRAMD1A-1	GRAMD1A	ENSG00000089351
EMX1-1	EMX1	ENSG00000135638
MRNIP-1	MRNIP	ENSG00000161010
YPEL1-1	YPEL1	ENSG00000100027
MAN1C1-1	MAN1C1	ENSG00000117643
SMARCD3-1	SMARCD3	ENSG00000082014
SRSF9-1	SRSF9	ENSG00000111786
TRIP6-1	TRIP6	ENSG00000087077
COQ10A-1	COQ10A	ENSG00000135469
HLF-1	HLF	ENSG00000108924
RYR3-1	RYR3	ENSG00000198838
PALB2-1	PALB2	ENSG00000083093
KLF6-1	KLF6	ENSG00000067082
EBNA1BP2-1	EBNA1BP2	ENSG00000117395
MFGE8-1	MFGE8	ENSG00000140545
MDM1-1	MDM1	ENSG00000111554
P2RX1-1	P2RX1	ENSG00000108405
CTNNBL1-1	CTNNBL1	ENSG00000132792
PSMB1-1	PSMB1	ENSG00000008018
RPS6KB2-1	RPS6KB2	ENSG00000175634
CCR9-1	CCR9	ENSG00000173585
LASP1-1	LASP1	ENSG00000002834
LIN28A-1	LIN28A	ENSG00000131914
TLE1-1	TLE1	ENSG00000196781
TRAM1-1	TRAM1	ENSG00000067167
JAK1-1	JAK1	ENSG00000162434
PWWP2A-1	PWWP2A	ENSG00000170234
TGFBR1-1	TGFBR1	ENSG00000106799
C15orf53-1	LINC02694	ENSG00000175779
DAGLA-1	DAGLA	ENSG00000134780
CSNK2A2-1	CSNK2A2	ENSG00000070770
BMP8A-1	BMP8A	ENSG00000183682
TMEM117-1	TMEM117	ENSG00000139173
DGKD-1	DGKD	ENSG00000077044
OSTC-1	OSTC	ENSG00000198856
SMPD4-1	SMPD4	ENSG00000136699
CD163-1	CD163	ENSG00000177575
HOXA9-1	HOXA9	ENSG00000078399
FRMD4A-1	FRMD4A	ENSG00000151474
UBE2T-1	UBE2T	ENSG00000077152
IRAK4-1	IRAK4	ENSG00000198001
MTFR2-1	MTFR2	ENSG00000146410
RNF111-1	RNF111	ENSG00000157450
ZNF841-1	ZNF841	ENSG00000197608
ALKBH5-1	ALKBH5	ENSG00000091542
STRAP-1	STRAP	ENSG00000023734
SLC25A17-1	SLC25A17	ENSG00000100372
UACA-1	UACA	ENSG00000137831
ZSCAN1-1	ZSCAN1	ENSG00000152467
LSG1-1	LSG1	ENSG00000041802
VCL-1	VCL	ENSG00000035403
NCOA7-1	NCOA7	ENSG00000111912
USP18-1	USP18	ENSG00000184979
TTC30B-1	IFT70B	ENSG00000196659
RAP1A-1	RAP1A	ENSG00000116473
FZD6-1	FZD6	ENSG00000164930
CTBP1-1	CTBP1	ENSG00000159692
DTNBP1-1	DTNBP1	ENSG00000047579
OPRL1-1	OPRL1	ENSG00000125510
LIME1-1	LIME1	ENSG00000203896
PTGDS-1	PTGDS	ENSG00000107317
OLFM4-1	OLFM4	ENSG00000102837
FEZ2-1	FEZ2	ENSG00000171055
KBTBD4-1	KBTBD4	ENSG00000123444
ZNF212-1	ZNF212	ENSG00000170260
SLC25A13-1	SLC25A13	ENSG00000004864
HIST1H2BB-1	H2BC3	ENSG00000276410
CDC37L1-1	CDC37L1	ENSG00000106993
PYGM-1	PYGM	ENSG00000068976
EGLN1-1	EGLN1	ENSG00000135766
HELZ2-1	HELZ2	ENSG00000130589
COX16-1	COX16	ENSG00000133983
NOMO2-1	NOMO2	ENSG00000185164
VPS4A-1	VPS4A	ENSG00000132612
ZADH2-1	PTGR3	ENSG00000180011
CRK-1	CRK	ENSG00000167193
FBXO7-1	FBXO7	ENSG00000100225
THOC7-1	THOC7	ENSG00000163634
HMGN4-1	HMGN4	ENSG00000182952
TARS2-1	TARS2	ENSG00000143374
CMKLR1-1	CMKLR1	ENSG00000174600
PPARG-1	PPARG	ENSG00000132170
ZNF789-1	ZNF789	ENSG00000198556
NLRP3-1	NLRP3	ENSG00000162711
ARX-1	ARX	ENSG00000004848
UVRAG-1	UVRAG	ENSG00000198382
CEP85-1	CEP85	ENSG00000130695
CRIP2-1	CRIP2	ENSG00000182809
TENT4B-1	TENT4B	ENSG00000121274
NAALADL1-1	NAALADL1	ENSG00000168060
NDUFB8-1	NDUFB8	ENSG00000166136
PCGF1-1	PCGF1	ENSG00000115289
RPS6KA4-1	RPS6KA4	ENSG00000162302
INPP5B-1	INPP5B	ENSG00000204084
KCNQ1-1	KCNQ1	ENSG00000053918
EMC6-1	EMC6	ENSG00000127774
NFKBIB-1	NFKBIB	ENSG00000104825
ZNF148-1	ZNF148	ENSG00000163848
NDUFS2-1	NDUFS2	ENSG00000158864
NAP1L5-1	NAP1L5	ENSG00000177432
TIRAP-1	TIRAP	ENSG00000150455
ZNF556-1	ZNF556	ENSG00000172000
SERPINB8-1	SERPINB8	ENSG00000166401
NIF3L1-1	NIF3L1	ENSG00000196290
SMPD2-1	SMPD2	ENSG00000135587
SEMA4F-1	SEMA4F	ENSG00000135622
RC3H2-1	RC3H2	ENSG00000056586
FSBP-1	FSBP	ENSG00000265817
SPATA2L-1	SPATA2L	ENSG00000158792
GPR180-1	GPR180	ENSG00000152749
NAGK-1	NAGK	ENSG00000124357
NOBOX-1	NOBOX	ENSG00000106410
ADCY1-1	ADCY1	ENSG00000164742
MCEMP1-1	MCEMP1	ENSG00000183019
G3BP2-1	G3BP2	ENSG00000138757
CHURC1-1	CHURC1	ENSG00000258289
MCC-1	MCC	ENSG00000171444
HDHD2-1	HDHD2	ENSG00000167220
DNAJC8-1	DNAJC8	ENSG00000126698
PPP2R5E-1	PPP2R5E	ENSG00000154001
JOSD1-1	JOSD1	ENSG00000100221
SLC25A30-1	SLC25A30	ENSG00000174032
ASRGL1-1	ASRGL1	ENSG00000162174
DNAL4-1	DNAL4	ENSG00000100246
IFT52-1	IFT52	ENSG00000101052
SYCE1L-1	SYCE1L	ENSG00000205078
OST4-1	OST4	ENSG00000228474
CALR-1	CALR	ENSG00000179218
CXorf56-1	STEEP1	ENSG00000018610
BBS9-1	BBS9	ENSG00000122507
C5orf22-1	C5orf22	ENSG00000082213
NFIX-1	NFIX	ENSG00000008441
NF2-1	NF2	ENSG00000186575
ADH5-1	ADH5	ENSG00000197894
MAP4K4-1	MAP4K4	ENSG00000071054
IGSF9B-1	IGSF9B	ENSG00000080854
PGBD2-1	PGBD2	ENSG00000185220
SIX5-1	SIX5	ENSG00000177045
FAM45A-1	DENND10	ENSG00000119979
PYHIN1-1	PYHIN1	ENSG00000163564
TBKBP1-1	TBKBP1	ENSG00000198933
CAMKK1-1	CAMKK1	ENSG00000004660
JAK2-1	JAK2	ENSG00000096968
MAGOH-1	MAGOH	ENSG00000162385
ETNK1-1	ETNK1	ENSG00000139163
CMPK2-1	CMPK2	ENSG00000134326
FBXL6-1	FBXL6	ENSG00000182325
SKP2-1	SKP2	ENSG00000145604
PIDD1-1	PIDD1	ENSG00000177595
SLC39A10-1	SLC39A10	ENSG00000196950
GDPGP1-1	GDPGP1	ENSG00000183208
ZNF22-1	ZNF22	ENSG00000165512
RAMAC-1	RAMAC	ENSG00000169612
OTX1-1	OTX1	ENSG00000115507
ARV1-1	ARV1	ENSG00000173409
GZMH-1	GZMH	ENSG00000100450
AIG1-1	AIG1	ENSG00000146416
GLG1-1	GLG1	ENSG00000090863
SNRK-1	SNRK	ENSG00000163788
DCAF17-1	DCAF17	ENSG00000115827
TCTEX1D4-1	DYNLT4	ENSG00000188396
ZNHIT6-1	ZNHIT6	ENSG00000117174
ZC3H13-1	ZC3H13	ENSG00000123200
TIGAR-1	TIGAR	ENSG00000078237
AKNA-1	AKNA	ENSG00000106948
ST20-1	ST20	ENSG00000180953
VTI1A-1	VTI1A	ENSG00000151532
KRIT1-1	KRIT1	ENSG00000001631
SIX2-1	SIX2	ENSG00000170577
C2CD2L-1	C2CD2L	ENSG00000172375
EVL-1	EVL	ENSG00000196405
ZSCAN10-1	ZSCAN10	ENSG00000130182
NAPG-1	NAPG	ENSG00000134265
ZNF230-1	ZNF230	ENSG00000159882
RPLP1-1	RPLP1	ENSG00000137818
HNRNPU-1	HNRNPU	ENSG00000153187
ZNF254-1	ZNF254	ENSG00000213096
EGFL6-1	EGFL6	ENSG00000198759
LY75-1	LY75	ENSG00000054219
PRRT3-1	PRRT3	ENSG00000163704
HSDL2-1	HSDL2	ENSG00000119471
DMRTA1-1	DMRTA1	ENSG00000176399
COL4A3BP-1	CERT1	ENSG00000113163
CHPF-1	CHPF	ENSG00000123989
PSME4-1	PSME4	ENSG00000068878
TPD52L1-1	TPD52L1	ENSG00000111907
THG1L-1	THG1L	ENSG00000113272
SNX24-1	SNX24	ENSG00000064652
GRSF1-1	GRSF1	ENSG00000132463
PNPLA4-1	PNPLA4	ENSG00000006757
APOL2-1	APOL2	ENSG00000128335
AFAP1-1	AFAP1	ENSG00000196526
SLC7A5-1	SLC7A5	ENSG00000103257
SKA3-1	SKA3	ENSG00000165480
ATP6AP2-1	ATP6AP2	ENSG00000182220
IL6R-1	IL6R	ENSG00000160712
THOC5-1	THOC5	ENSG00000100296
TMEM223-1	TMEM223	ENSG00000168569
NOL7-1	NOL7	ENSG00000225921
BCL7B-1	BCL7B	ENSG00000106635
FAM104A-1	VCF1	ENSG00000133193
TCF7L2-1	TCF7L2	ENSG00000148737
ARL9-1	ARL9	ENSG00000196503
KCNC3-1	KCNC3	ENSG00000131398
MICALL1-1	MICALL1	ENSG00000100139
UHMK1-1	UHMK1	ENSG00000152332
ZNF142-1	ZNF142	ENSG00000115568
GTF2A2-1	GTF2A2	ENSG00000140307
PUS1-1	PUS1	ENSG00000177192
ITGB1-1	ITGB1	ENSG00000150093
SLC25A40-1	SLC25A40	ENSG00000075303
DAPK2-1	DAPK2	ENSG00000035664
TIAM2-1	TIAM2	ENSG00000146426
ISOC2-1	ISOC2	ENSG00000063241
GABARAPL1-1	GABARAPL1	ENSG00000139112
LTF-1	LTF	ENSG00000012223
TUBGCP2-1	TUBGCP2	ENSG00000130640
PLA2G2A-1	PLA2G2A	ENSG00000188257
RORB-1	RORB	ENSG00000198963
TPP2-1	TPP2	ENSG00000134900
FANCE-1	FANCE	ENSG00000112039
BORCS8-MEF2B-1	BORCS8-MEF2B	ENSG00000064489
F2R-1	F2R	ENSG00000181104
BACE1-1	BACE1	ENSG00000186318
DDHD1-1	DDHD1	ENSG00000100523
UHRF1-1	UHRF1	ENSG00000276043
ABHD14A-1	ABHD14A	ENSG00000248487
SPINK4-1	SPINK4	ENSG00000122711
CDK20-1	CDK20	ENSG00000156345
TRIM65-1	TRIM65	ENSG00000141569
UBE3B-1	UBE3B	ENSG00000151148
HIST1H4K-1	H4C12	ENSG00000273542
CCDC117-1	CCDC117	ENSG00000159873
SNRPA1-1	SNRPA1	ENSG00000131876
TUBA1B-1	TUBA1B	ENSG00000123416
TMC8-1	TMC8	ENSG00000167895
HAVCR2-1	HAVCR2	ENSG00000135077
FBL-1	FBL	ENSG00000105202
PINK1-1	PINK1	ENSG00000158828
RAC3-1	RAC3	ENSG00000169750
TLN2-1	TLN2	ENSG00000171914
C12orf73-1	UQCC6	ENSG00000204954
METTL14-1	METTL14	ENSG00000145388
CNPY2-1	CNPY2	ENSG00000257727
ATP1B1-1	ATP1B1	ENSG00000143153
CAMTA1-1	CAMTA1	ENSG00000171735
PDE6G-1	PDE6G	ENSG00000185527
TOP2A-1	TOP2A	ENSG00000131747
PLXNB2-1	PLXNB2	ENSG00000196576
FAM89B-1	FAM89B	ENSG00000176973
AES-1	TLE5	ENSG00000104964
SMCHD1-1	SMCHD1	ENSG00000101596
DAP3-1	DAP3	ENSG00000132676
GNAL-1	GNAL	ENSG00000141404
TIMM9-1	TIMM9	ENSG00000100575
STRN-1	STRN	ENSG00000115808
NFKB1-1	NFKB1	ENSG00000109320
SPCS1-1	SPCS1	ENSG00000114902
PNO1-1	PNO1	ENSG00000115946
PPP6R1-1	PPP6R1	ENSG00000105063
VILL-1	VILL	ENSG00000136059
POGLUT1-1	POGLUT1	ENSG00000163389
ZNHIT2-1	ZNHIT2	ENSG00000174276
FABP3-1	FABP3	ENSG00000121769
NDUFB4-1	NDUFB4	ENSG00000065518
KRBA2-1	KRBA2	ENSG00000184619
TAF2-1	TAF2	ENSG00000064313
ISOC1-1	ISOC1	ENSG00000066583
TNFRSF21-1	TNFRSF21	ENSG00000146072
MTIF2-1	MTIF2	ENSG00000085760
PTGER3-1	PTGER3	ENSG00000050628
FKBP4-1	FKBP4	ENSG00000004478
SZRD1-1	SZRD1	ENSG00000055070
SBNO1-1	SBNO1	ENSG00000139697
GMFG-1	GMFG	ENSG00000130755
MLN-1	MLN	ENSG00000096395
C4orf19-1	C4orf19	ENSG00000154274
PEX16-1	PEX16	ENSG00000121680
ZNF157-1	ZNF157	ENSG00000147117
MDM4-1	MDM4	ENSG00000198625
PBRM1-1	PBRM1	ENSG00000163939
SNAP25-1	SNAP25	ENSG00000132639
TIMM10B-1	TIMM10B	ENSG00000132286
POU5F1B-1	POU5F1B	ENSG00000212993
DPP8-1	DPP8	ENSG00000074603
FARSA-1	FARSA	ENSG00000179115
CCDC85B-1	CCDC85B	ENSG00000175602
UBE2J1-1	UBE2J1	ENSG00000198833
SOX6-1	SOX6	ENSG00000110693
NECTIN1-1	NECTIN1	ENSG00000110400
PPRC1-1	PPRC1	ENSG00000148840
IAH1-1	IAH1	ENSG00000134330
SAPCD2-1	SAPCD2	ENSG00000186193
TBCE-1	TBCE	ENSG00000284770
RPUSD3-1	RPUSD3	ENSG00000156990
HIST1H2BG-1	H2BC8	ENSG00000273802
SMU1-1	SMU1	ENSG00000122692
IFRD2-1	IFRD2	ENSG00000214706
ZNF555-1	ZNF555	ENSG00000186300
OSBPL3-1	OSBPL3	ENSG00000070882
RASD1-1	RASD1	ENSG00000108551
CD8B-1	CD8B	ENSG00000172116
ZDHHC5-1	ZDHHC5	ENSG00000156599
UBR2-1	UBR2	ENSG00000024048
TCTN3-1	TCTN3	ENSG00000119977
NUDT9-1	NUDT9	ENSG00000170502
ZNF69-1	ZNF69	ENSG00000198429
GID8-1	GID8	ENSG00000101193
SLC44A5-1	SLC44A5	ENSG00000137968
CFAP20-1	CFAP20	ENSG00000070761
FITM1-1	FITM1	ENSG00000139914
OVOL1-1	OVOL1	ENSG00000172818
ASCL2-1	ASCL2	ENSG00000183734
RCN3-1	RCN3	ENSG00000142552
JRKL-1	JRKL	ENSG00000183340
CHIC2-1	CHIC2	ENSG00000109220
MARS2-1	MARS2	ENSG00000247626
ZNF319-1	ZNF319	ENSG00000166188
ZNF853-1	ZNF853	ENSG00000236609
SUPT4H1-1	SUPT4H1	ENSG00000213246
SUMO1-1	SUMO1	ENSG00000116030
TSPAN14-1	TSPAN14	ENSG00000108219
KIF15-1	KIF15	ENSG00000163808
JDP2-1	JDP2	ENSG00000140044
BCORL1-1	BCORL1	ENSG00000085185
ARHGAP35-1	ARHGAP35	ENSG00000160007
DHX29-1	DHX29	ENSG00000067248
SPARC-1	SPARC	ENSG00000113140
CDC6-1	CDC6	ENSG00000094804
MED27-1	MED27	ENSG00000160563
ARHGAP1-1	ARHGAP1	ENSG00000175220
RPL27-1	RPL27	ENSG00000131469
BAG1-1	BAG1	ENSG00000107262
TEDC2-1	TEDC2	ENSG00000162062
MAOA-1	MAOA	ENSG00000189221
PKN1-1	PKN1	ENSG00000123143
STC2-1	STC2	ENSG00000113739
PSMB4-1	PSMB4	ENSG00000159377
KLHL3-1	KLHL3	ENSG00000146021
PAQR7-1	PAQR7	ENSG00000182749
MRM3-1	MRM3	ENSG00000171861
RCN1-1	RCN1	ENSG00000049449
GOLPH3L-1	GOLPH3L	ENSG00000143457
CYB5R1-1	CYB5R1	ENSG00000159348
UTP4-1	UTP4	ENSG00000141076
NRDC-1	NRDC	ENSG00000078618
FNBP1-1	FNBP1	ENSG00000187239
ARCN1-1	ARCN1	ENSG00000095139
KIAA0408-1	KIAA0408	ENSG00000189367
BRK1-1	BRK1	ENSG00000254999
KRTCAP2-1	KRTCAP2	ENSG00000163463
NELL2-1	NELL2	ENSG00000184613
FHL2-1	FHL2	ENSG00000115641
ESPL1-1	ESPL1	ENSG00000135476
ACVR2B-1	ACVR2B	ENSG00000114739
SKI-1	SKI	ENSG00000157933
HPF1-1	HPF1	ENSG00000056050
RFX8-1	RFX8	ENSG00000196460
MRPS26-1	MRPS26	ENSG00000125901
DYNC2LI1-1	DYNC2LI1	ENSG00000138036
CEBPE-1	CEBPE	ENSG00000092067
GNE-1	GNE	ENSG00000159921
TP53I11-1	TP53I11	ENSG00000175274
ZNF114-1	ZNF114	ENSG00000178150
C11orf54-1	C11orf54	ENSG00000182919
GSTM2-1	GSTM2	ENSG00000213366
PTCD3-1	PTCD3	ENSG00000132300
SDF2-1	SDF2	ENSG00000132581
AP1G1-1	AP1G1	ENSG00000166747
PIP5K1A-1	PIP5K1A	ENSG00000143398
CWF19L2-1	CWF19L2	ENSG00000152404
CDC7-1	CDC7	ENSG00000097046
LRRC46-1	LRRC46	ENSG00000141294
MCAM-1	MCAM	ENSG00000076706
MTMR1-1	MTMR1	ENSG00000063601
ARF5-1	ARF5	ENSG00000004059
ZMIZ2-1	ZMIZ2	ENSG00000122515
SECISBP2-1	SECISBP2	ENSG00000187742
CDHR3-1	CDHR3	ENSG00000128536
HACL1-1	HACL1	ENSG00000131373
INO80C-1	INO80C	ENSG00000153391
PGM3-1	PGM3	ENSG00000013375
SPINDOC-1	SPINDOC	ENSG00000168005
RGS10-1	RGS10	ENSG00000148908
CYP2U1-1	CYP2U1	ENSG00000155016
GSDMA-1	GSDMA	ENSG00000167914
COG5-1	COG5	ENSG00000164597
RBM44-1	RBM44	ENSG00000177483
DCAF11-1	DCAF11	ENSG00000100897
RCBTB2-1	RCBTB2	ENSG00000136161
BATF-1	BATF	ENSG00000156127
ANKRD37-1	ANKRD37	ENSG00000186352
SLC35A1-1	SLC35A1	ENSG00000164414
EFNA4-1	EFNA4	ENSG00000243364
AMIGO2-1	AMIGO2	ENSG00000139211
ORMDL1-1	ORMDL1	ENSG00000128699
ULK3-1	ULK3	ENSG00000140474
AP4B1-1	AP4B1	ENSG00000134262
FAM136A-1	FAM136A	ENSG00000035141
DGCR8-1	DGCR8	ENSG00000128191
IPP-1	IPP	ENSG00000197429
TSPAN3-1	TSPAN3	ENSG00000140391
FAM8A1-1	FAM8A1	ENSG00000137414
CPLANE1-1	CPLANE1	ENSG00000197603
TNFSF13B-1	TNFSF13B	ENSG00000102524
EIF3J-1	EIF3J	ENSG00000104131
PIWIL4-1	PIWIL4	ENSG00000134627
CACNA1A-1	CACNA1A	ENSG00000141837
MRPL30-1	MRPL30	ENSG00000185414
BIRC2-1	BIRC2	ENSG00000110330
ATP6V0D1-1	ATP6V0D1	ENSG00000159720
CACNA2D2-1	CACNA2D2	ENSG00000007402
TRPC4AP-1	TRPC4AP	ENSG00000100991
THUMPD3-1	THUMPD3	ENSG00000134077
DIP2A-1	DIP2A	ENSG00000160305
MTOR-1	MTOR	ENSG00000198793
HDAC2-1	HDAC2	ENSG00000196591
PLAGL2-1	PLAGL2	ENSG00000126003
ICE2-1	ICE2	ENSG00000128915
TDG-1	TDG	ENSG00000139372
SYTL3-1	SYTL3	ENSG00000164674
ZNF592-1	ZNF592	ENSG00000166716
LZIC-1	LZIC	ENSG00000162441
TXNDC15-1	TXNDC15	ENSG00000113621
ADTRP-1	ADTRP	ENSG00000111863
LRMP-1	IRAG2	ENSG00000118308
ACTR2-1	ACTR2	ENSG00000138071
COMMD2-1	COMMD2	ENSG00000114744
CD248-1	CD248	ENSG00000174807
MPV17-1	MPV17	ENSG00000115204
C11orf68-1	C11orf68	ENSG00000175573
ZNF585A-1	ZNF585A	ENSG00000196967
LUC7L-1	LUC7L	ENSG00000007392
MIER3-1	MIER3	ENSG00000155545
CLEC16A-1	CLEC16A	ENSG00000038532
RCN2-1	RCN2	ENSG00000117906
GSTM1-1	GSTM1	ENSG00000134184
TAF3-1	TAF3	ENSG00000165632
CSNK1D-1	CSNK1D	ENSG00000141551
ACBD4-1	ACBD4	ENSG00000181513
VPS26A-1	VPS26A	ENSG00000122958
GMPPA-1	GMPPA	ENSG00000144591
LARP1-1	LARP1	ENSG00000155506
SKOR1-1	SKOR1	ENSG00000188779
WBP1L-1	WBP1L	ENSG00000166272
VPS41-1	VPS41	ENSG00000006715
NOL12-1	NOL12	ENSG00000273899
MED22-1	MED22	ENSG00000148297
RRAS-1	RRAS	ENSG00000126458
SRSF1-1	SRSF1	ENSG00000136450
HSP90B1-1	HSP90B1	ENSG00000166598
PSTPIP1-1	PSTPIP1	ENSG00000140368
ILF3-1	ILF3	ENSG00000129351
RMI1-1	RMI1	ENSG00000178966
RANGRF-1	RANGRF	ENSG00000108961
RHOH-1	RHOH	ENSG00000168421
GNGT2-1	GNGT2	ENSG00000167083
FAM241A-1	FAM241A	ENSG00000174749
DCXR-1	DCXR	ENSG00000169738
ASB16-1	ASB16	ENSG00000161664
MLEC-1	MLEC	ENSG00000110917
HIBCH-1	HIBCH	ENSG00000198130
NFATC2-1	NFATC2	ENSG00000101096
FOSL2-1	FOSL2	ENSG00000075426
LARP4B-1	LARP4B	ENSG00000107929
KIAA0825-1	KIAA0825	ENSG00000185261
SUPT5H-1	SUPT5H	ENSG00000196235
PLK1-1	PLK1	ENSG00000166851
NPAS1-1	NPAS1	ENSG00000130751
ZNF221-1	ZNF221	ENSG00000159905
PPP1R37-1	PPP1R37	ENSG00000104866
IGFBP4-1	IGFBP4	ENSG00000141753
ZDHHC16-1	ZDHHC16	ENSG00000171307
PCK2-1	PCK2	ENSG00000100889
OPTN-1	OPTN	ENSG00000123240
UTP6-1	UTP6	ENSG00000108651
CALD1-1	CALD1	ENSG00000122786
APBB1IP-1	APBB1IP	ENSG00000077420
SERINC1-1	SERINC1	ENSG00000111897
RPL24-1	RPL24	ENSG00000114391
PSMD14-1	PSMD14	ENSG00000115233
DZANK1-1	DZANK1	ENSG00000089091
GCNT1-1	GCNT1	ENSG00000187210
RGS14-1	RGS14	ENSG00000169220
SUGT1-1	SUGT1	ENSG00000165416
EPN1-1	EPN1	ENSG00000063245
ADK-1	ADK	ENSG00000156110
FILIP1L-1	FILIP1L	ENSG00000168386
SLC36A4-1	SLC36A4	ENSG00000180773
GCM2-1	GCM2	ENSG00000124827
ZNF385B-1	ZNF385B	ENSG00000144331
DNAJC9-1	DNAJC9	ENSG00000213551
BMP8B-1	BMP8B	ENSG00000116985
SCP2-1	SCP2	ENSG00000116171
FAM3C-1	FAM3C	ENSG00000196937
CYFIP2-1	CYFIP2	ENSG00000055163
DCTN5-1	DCTN5	ENSG00000166847
HYOU1-1	HYOU1	ENSG00000149428
UBXN1-1	UBXN1	ENSG00000162191
GPATCH2L-1	GPATCH2L	ENSG00000089916
VIPAS39-1	VIPAS39	ENSG00000151445
PDGFB-1	PDGFB	ENSG00000100311
KMT2B-1	KMT2B	ENSG00000272333
RRAD-1	RRAD	ENSG00000166592
MBD2-1	MBD2	ENSG00000134046
EIF2S3-1	EIF2S3	ENSG00000130741
AHCTF1-1	AHCTF1	ENSG00000153207
SNX27-1	SNX27	ENSG00000143376
TRIM8-1	TRIM8	ENSG00000171206
MPZL3-1	MPZL3	ENSG00000160588
PSMC5-1	PSMC5	ENSG00000087191
PAPOLA-1	PAPOLA	ENSG00000090060
ERV3-1-1	ERV3-1	ENSG00000213462
ASL-1	ASL	ENSG00000126522
PHF19-1	PHF19	ENSG00000119403
SLC7A8-1	SLC7A8	ENSG00000092068
MPZ-1	MPZ	ENSG00000158887
PHF21A-1	PHF21A	ENSG00000135365
PCCA-1	PCCA	ENSG00000175198
GPAT4-1	GPAT4	ENSG00000158669
DEPDC7-1	DEPDC7	ENSG00000121690
NCOA5-1	NCOA5	ENSG00000124160
ARL15-1	ARL15	ENSG00000185305
SERHL2-1	SERHL2	ENSG00000183569
ZNF408-1	ZNF408	ENSG00000175213
HSBP1-1	HSBP1	ENSG00000230989
BEX1-1	BEX1	ENSG00000133169
SULF2-1	SULF2	ENSG00000196562
EP400-1	EP400	ENSG00000183495
CTTN-1	CTTN	ENSG00000085733
UQCRB-1	UQCRB	ENSG00000156467
FECH-1	FECH	ENSG00000066926
KIAA1324L-1	ELAPOR2	ENSG00000164659
UPRT-1	UPRT	ENSG00000094841
MLLT3-1	MLLT3	ENSG00000171843
NCAM1-1	NCAM1	ENSG00000149294
MANEA-1	MANEA	ENSG00000172469
CDC5L-1	CDC5L	ENSG00000096401
LONP2-1	LONP2	ENSG00000102910
SPACA9-1	SPACA9	ENSG00000165698
SLC7A6OS-1	SLC7A6OS	ENSG00000103061
RTL8A-1	RTL8A	ENSG00000203950
ZNF385D-1	ZNF385D	ENSG00000151789
ANKRD28-1	ANKRD28	ENSG00000206560
AKAP1-1	AKAP1	ENSG00000121057
CS-1	CS	ENSG00000062485
THAP4-1	THAP4	ENSG00000176946
DPY19L4-1	DPY19L4	ENSG00000156162
OASL-1	OASL	ENSG00000135114
FADS2-1	FADS2	ENSG00000134824
RHNO1-1	RHNO1	ENSG00000171792
SLC10A3-1	SLC10A3	ENSG00000126903
BAX-1	BAX	ENSG00000087088
EDRF1-1	EDRF1	ENSG00000107938
OFD1-1	OFD1	ENSG00000046651
LAMTOR3-1	LAMTOR3	ENSG00000109270
ADGRA3-1	ADGRA3	ENSG00000152990
KCTD18-1	KCTD18	ENSG00000155729
CDC16-1	CDC16	ENSG00000130177
SLC39A6-1	SLC39A6	ENSG00000141424
ELL2-1	ELL2	ENSG00000118985
MEF2D-1	MEF2D	ENSG00000116604
ALKBH8-1	ALKBH8	ENSG00000137760
PYGO2-1	PYGO2	ENSG00000163348
SMIM22-1	SMIM22	ENSG00000267795
ACTR3-1	ACTR3	ENSG00000115091
PFKFB2-1	PFKFB2	ENSG00000123836
PELI3-1	PELI3	ENSG00000174516
PNISR-1	PNISR	ENSG00000132424
PRIM1-1	PRIM1	ENSG00000198056
NSUN2-1	NSUN2	ENSG00000037474
USP45-1	USP45	ENSG00000123552
ADAT1-1	ADAT1	ENSG00000065457
MED29-1	MED29	ENSG00000063322
ACSS2-1	ACSS2	ENSG00000131069
FKBP15-1	FKBP15	ENSG00000119321
RBSN-1	RBSN	ENSG00000131381
POLR1D-1	POLR1D	ENSG00000186184
MUSTN1-1	MUSTN1	ENSG00000272573
PACSIN2-1	PACSIN2	ENSG00000100266
CIP2A-1	CIP2A	ENSG00000163507
GPD1L-1	GPD1L	ENSG00000152642
CELA1-1	CELA1	ENSG00000139610
HPSE-1	HPSE	ENSG00000173083
C2CD5-1	C2CD5	ENSG00000111731
C1orf122-1	C1orf122	ENSG00000197982
RPA2-1	RPA2	ENSG00000117748
INTS1-1	INTS1	ENSG00000164880
LRRC8B-1	LRRC8B	ENSG00000197147
AQP11-1	AQP11	ENSG00000178301
PARP9-1	PARP9	ENSG00000138496
GRWD1-1	GRWD1	ENSG00000105447
MT1G-1	MT1G	ENSG00000125144
ZNF404-1	ZNF404	ENSG00000176222
NEDD4-1	NEDD4	ENSG00000069869
ADORA2B-1	ADORA2B	ENSG00000170425
MDN1-1	MDN1	ENSG00000112159
SRF-1	SRF	ENSG00000112658
SART3-1	SART3	ENSG00000075856
CKB-1	CKB	ENSG00000166165
HELB-1	HELB	ENSG00000127311
CACYBP-1	CACYBP	ENSG00000116161
STX1A-1	STX1A	ENSG00000106089
RFT1-1	RFT1	ENSG00000163933
TBC1D22A-1	TBC1D22A	ENSG00000054611
MLLT10-1	MLLT10	ENSG00000078403
ARHGEF40-1	ARHGEF40	ENSG00000165801
FANCI-1	FANCI	ENSG00000140525
GPR3-1	GPR3	ENSG00000181773
PIN1-1	PIN1	ENSG00000127445
CCDC106-1	CCDC106	ENSG00000173581
USP38-1	USP38	ENSG00000170185
RPF1-1	RPF1	ENSG00000117133
GPR137-1	GPR137	ENSG00000173264
CPSF3-1	CPSF3	ENSG00000119203
RAB21-1	RAB21	ENSG00000080371
ZCCHC12-1	ZCCHC12	ENSG00000174460
IQCB1-1	IQCB1	ENSG00000173226
PPM1K-1	PPM1K	ENSG00000163644
PPID-1	PPID	ENSG00000171497
S1PR4-1	S1PR4	ENSG00000125910
ZNF660-1	ZNF660	ENSG00000144792
ZMYND11-1	ZMYND11	ENSG00000015171
SRRD-1	SRRD	ENSG00000100104
PITPNA-1	PITPNA	ENSG00000174238
XPO4-1	XPO4	ENSG00000132953
SH3YL1-1	SH3YL1	ENSG00000035115
MORN3-1	MORN3	ENSG00000139714
TMEM248-1	TMEM248	ENSG00000106609
MRPL14-1	MRPL14	ENSG00000180992
GNL3L-1	GNL3L	ENSG00000130119
FAM78A-1	FAM78A	ENSG00000126882
SEMA3G-1	SEMA3G	ENSG00000010319
FBXL16-1	FBXL16	ENSG00000127585
PPIL3-1	PPIL3	ENSG00000240344
MMP17-1	MMP17	ENSG00000198598
CA1-1	CA1	ENSG00000133742
ATP5IF1-1	ATP5IF1	ENSG00000130770
KIAA0556-1	KATNIP	ENSG00000047578
KLHL23-1	KLHL23	ENSG00000213160
KLHL29-1	KLHL29	ENSG00000119771
RNF20-1	RNF20	ENSG00000155827
CLCN7-1	CLCN7	ENSG00000103249
CHMP3-1	CHMP3	ENSG00000115561
DDX39A-1	DDX39A	ENSG00000123136
HGS-1	HGS	ENSG00000185359
NDUFAF1-1	NDUFAF1	ENSG00000137806
BZW1-1	BZW1	ENSG00000082153
RBBP9-1	RBBP9	ENSG00000089050
CHCHD6-1	CHCHD6	ENSG00000159685
PRPF3-1	PRPF3	ENSG00000117360
TMEM8A-1	PGAP6	ENSG00000129925
EFEMP2-1	EFEMP2	ENSG00000172638
FEM1C-1	FEM1C	ENSG00000145780
S1PR2-1	S1PR2	ENSG00000267534
EVX2-1	EVX2	ENSG00000174279
ELAVL1-1	ELAVL1	ENSG00000066044
TMX1-1	TMX1	ENSG00000139921
ACOT13-1	ACOT13	ENSG00000112304
ABI3-1	ABI3	ENSG00000108798
GMFB-1	GMFB	ENSG00000197045
RPS2-1	RPS2	ENSG00000140988
CHMP2B-1	CHMP2B	ENSG00000083937
TSHR-1	TSHR	ENSG00000165409
BTBD1-1	BTBD1	ENSG00000064726
CMTR2-1	CMTR2	ENSG00000180917
SEC14L5-1	SEC14L5	ENSG00000103184
EOGT-1	EOGT	ENSG00000163378
SUPT6H-1	SUPT6H	ENSG00000109111
LCAT-1	LCAT	ENSG00000213398
DCAF8-1	DCAF8	ENSG00000132716
FLVCR2-1	FLVCR2	ENSG00000119686
HNRNPA1-1	HNRNPA1	ENSG00000135486
DUT-1	DUT	ENSG00000128951
LRPPRC-1	LRPPRC	ENSG00000138095
PNRC1-1	PNRC1	ENSG00000146278
PDE6B-1	PDE6B	ENSG00000133256
MGST3-1	MGST3	ENSG00000143198
DHX37-1	DHX37	ENSG00000150990
PAK1IP1-1	PAK1IP1	ENSG00000111845
LACC1-1	LACC1	ENSG00000179630
SLK-1	SLK	ENSG00000065613
AGR3-1	AGR3	ENSG00000173467
EZH1-1	EZH1	ENSG00000108799
KIAA1586-1	KIAA1586	ENSG00000168116
MAPKAPK2-1	MAPKAPK2	ENSG00000162889
RABGGTB-1	RABGGTB	ENSG00000137955
TPD52-1	TPD52	ENSG00000076554
NEDD1-1	NEDD1	ENSG00000139350
HDAC9-1	HDAC9	ENSG00000048052
STUB1-1	STUB1	ENSG00000103266
NEDD4L-1	NEDD4L	ENSG00000049759
NUCKS1-1	NUCKS1	ENSG00000069275
DLGAP5-1	DLGAP5	ENSG00000126787
ISCA1-1	ISCA1	ENSG00000135070
SMIM15-1	SMIM15	ENSG00000188725
GAK-1	GAK	ENSG00000178950
CDCA8-1	CDCA8	ENSG00000134690
CCNDBP1-1	CCNDBP1	ENSG00000166946
ATAD2-1	ATAD2	ENSG00000156802
ATP10A-1	ATP10A	ENSG00000206190
CD8A-1	CD8A	ENSG00000153563
LAGE3-1	LAGE3	ENSG00000196976
MFSD1-1	MFSD1	ENSG00000118855
NDUFC1-1	NDUFC1	ENSG00000109390
DNAJA4-1	DNAJA4	ENSG00000140403
TFAP4-1	TFAP4	ENSG00000090447
HSPB1-1	HSPB1	ENSG00000106211
MTRNR2L1-1	MTRNR2L1	MTRNR2L1
ISL1-1	ISL1	ENSG00000016082
TTC16-1	TTC16	ENSG00000167094
BLOC1S5-1	BLOC1S5	ENSG00000188428
IL1RL1-1	IL1RL1	ENSG00000115602
COL4A1-1	COL4A1	ENSG00000187498
FEZ1-1	FEZ1	ENSG00000149557
CFL2-1	CFL2	ENSG00000165410
MTUS1-1	MTUS1	ENSG00000129422
HIST1H4I-1	H4C9	ENSG00000276180
TRDMT1-1	TRDMT1	ENSG00000107614
YJU2-1	YJU2	ENSG00000105248
CARMIL1-1	CARMIL1	ENSG00000079691
CBR1-1	CBR1	ENSG00000159228
FOXD1-1	FOXD1	ENSG00000251493
MIEF1-1	MIEF1	ENSG00000100335
MRPL19-1	MRPL19	ENSG00000115364
CSNK2A1-1	CSNK2A1	ENSG00000101266
FGF2-1	FGF2	ENSG00000138685
SLCO4A1-1	SLCO4A1	ENSG00000101187
PCMTD1-1	PCMTD1	ENSG00000168300
GRN-1	GRN	ENSG00000030582
OTUD5-1	OTUD5	ENSG00000068308
DPH2-1	DPH2	ENSG00000132768
QTRT1-1	QTRT1	ENSG00000213339
PKIG-1	PKIG	ENSG00000168734
TESK2-1	TESK2	ENSG00000070759
SLC22A15-1	SLC22A15	ENSG00000163393
MTRR-1	MTRR	ENSG00000124275
MYRF-1	MYRF	ENSG00000124920
ZNF443-1	ZNF443	ENSG00000180855
SMAD5-1	SMAD5	ENSG00000113658
USP6NL-1	USP6NL	ENSG00000148429
PTPN13-1	PTPN13	ENSG00000163629
STK17A-1	STK17A	ENSG00000164543
RPL36-1	RPL36	ENSG00000130255
UBAP2-1	UBAP2	ENSG00000137073
CBX1-1	CBX1	ENSG00000108468
CCDC17-1	CCDC17	ENSG00000159588
POLDIP2-1	POLDIP2	ENSG00000004142
TLNRD1-1	TLNRD1	ENSG00000140406
GPR75-1	GPR75	ENSG00000119737
TEX264-1	TEX264	ENSG00000164081
COQ8A-1	COQ8A	ENSG00000163050
ZNF530-1	ZNF530	ENSG00000183647
ADPRH-1	ADPRH	ENSG00000144843
XKR8-1	XKR8	ENSG00000158156
HIST1H2BM-1	H2BC14	ENSG00000273703
ONECUT2-1	ONECUT2	ENSG00000119547
HIF1A-1	HIF1A	ENSG00000100644
SHARPIN-1	SHARPIN	ENSG00000179526
NDUFV3-1	NDUFV3	ENSG00000160194
FAM241B-1	FAM241B	ENSG00000171224
DNPEP-1	DNPEP	ENSG00000123992
MORC2-1	MORC2	ENSG00000133422
GLMN-1	GLMN	ENSG00000174842
RBM47-1	RBM47	ENSG00000163694
MZT2B-1	MZT2B	ENSG00000152082
DEFA6-1	DEFA6	ENSG00000164822
GSC2-1	GSC2	ENSG00000063515
SNAI3-1	SNAI3	ENSG00000185669
TRPM7-1	TRPM7	ENSG00000092439
GIN1-1	GIN1	ENSG00000145723
PLXNA4-1	PLXNA4	ENSG00000221866
LIN54-1	LIN54	ENSG00000189308
TMEM101-1	TMEM101	ENSG00000091947
ACY1-1	ACY1	ENSG00000243989
KIAA1841-1	SANBR	ENSG00000162929
CSPP1-1	CSPP1	ENSG00000104218
COIL-1	COIL	ENSG00000121058
ABCB6-1	ABCB6	ENSG00000115657
NEUROD2-1	NEUROD2	ENSG00000171532
AKR1C3-1	AKR1C3	ENSG00000196139
ABHD14B-1	ABHD14B	ENSG00000114779
MAP3K10-1	MAP3K10	ENSG00000130758
RPL41-1	RPL41	ENSG00000229117
RIOX2-1	RIOX2	ENSG00000170854
TM2D3-1	TM2D3	ENSG00000184277
ZBTB39-1	ZBTB39	ENSG00000166860
TPD52L2-1	TPD52L2	ENSG00000101150
MIEN1-1	MIEN1	ENSG00000141741
APOC3-1	APOC3	ENSG00000110245
IFNLR1-1	IFNLR1	ENSG00000185436
RCC2-1	RCC2	ENSG00000179051
MORF4L1-1	MORF4L1	ENSG00000185787
FAM89A-1	FAM89A	ENSG00000182118
NLRX1-1	NLRX1	ENSG00000160703
MICAL2-1	MICAL2	ENSG00000133816
FAM229B-1	FAM229B	ENSG00000203778
TSPAN2-1	TSPAN2	ENSG00000134198
INTS9-1	INTS9	ENSG00000104299
EDC4-1	EDC4	ENSG00000038358
DOK6-1	DOK6	ENSG00000206052
BET1L-1	BET1L	ENSG00000177951
FDFT1-1	FDFT1	ENSG00000079459
BABAM2-1	BABAM2	ENSG00000158019
GPR65-1	GPR65	ENSG00000140030
FOXI3-1	FOXI3	ENSG00000214336
TCEAL4-1	TCEAL4	ENSG00000133142
USP44-1	USP44	ENSG00000136014
HIST1H2BF-1	H2BC7	ENSG00000277224
CANX-1	CANX	ENSG00000127022
ZNF99-1	ZNF99	ENSG00000213973
NUAK2-1	NUAK2	ENSG00000163545
DBT-1	DBT	ENSG00000137992
ZNF524-1	ZNF524	ENSG00000171443
BMF-1	BMF	ENSG00000104081
KIF1A-1	KIF1A	ENSG00000130294
IFIT3-1	IFIT3	ENSG00000119917
COQ7-1	COQ7	ENSG00000167186
UNC93B1-1	UNC93B1	ENSG00000110057
C12orf65-1	MTRFR	ENSG00000130921
ITPRIPL1-1	ITPRIPL1	ENSG00000198885
PQLC2-1	SLC66A1	ENSG00000040487
SLC25A10-1	SLC25A10	ENSG00000183048
GMPS-1	GMPS	ENSG00000163655
PHC1-1	PHC1	ENSG00000111752
NOC3L-1	NOC3L	ENSG00000173145
BMP6-1	BMP6	ENSG00000153162
HUS1-1	HUS1	ENSG00000136273
KIF22-1	KIF22	ENSG00000079616
SCCPDH-1	SCCPDH	ENSG00000143653
NUPL2-1	NUP42	ENSG00000136243
FAAH-1	FAAH	ENSG00000117480
CEP164-1	CEP164	ENSG00000110274
ATF4-1	ATF4	ENSG00000128272
IGFBP7-1	IGFBP7	ENSG00000163453
XPOT-1	XPOT	ENSG00000184575
STK11IP-1	STK11IP	ENSG00000144589
PITHD1-1	PITHD1	ENSG00000057757
ARSG-1	ARSG	ENSG00000141337
RPGR-1	RPGR	ENSG00000156313
SELENBP1-1	SELENBP1	ENSG00000143416
SETD1A-1	SETD1A	ENSG00000099381
TRIP4-1	TRIP4	ENSG00000103671
KLHDC2-1	KLHDC2	ENSG00000165516
CELSR3-1	CELSR3	ENSG00000008300
TBC1D2-1	TBC1D2	ENSG00000095383
ANAPC4-1	ANAPC4	ENSG00000053900
TALDO1-1	TALDO1	ENSG00000177156
E2F4-1	E2F4	ENSG00000205250
MYL5-1	MYL5	ENSG00000215375
C6orf226-1	C6orf226	ENSG00000221821
RPS6KA5-1	RPS6KA5	ENSG00000100784
VPS37A-1	VPS37A	ENSG00000155975
CNP-1	CNP	ENSG00000173786
SMC3-1	SMC3	ENSG00000108055
BARHL2-1	BARHL2	ENSG00000143032
CEP78-1	CEP78	ENSG00000148019
HIST1H2BL-1	H2BC13	ENSG00000185130
PDCL-1	PDCL	ENSG00000136940
PARP12-1	PARP12	ENSG00000059378
COQ8B-1	COQ8B	ENSG00000123815
ANGPTL6-1	ANGPTL6	ENSG00000130812
NEPRO-1	NEPRO	ENSG00000163608
GNAQ-1	GNAQ	ENSG00000156052
MAT2A-1	MAT2A	ENSG00000168906
FGGY-1	FGGY	ENSG00000172456
PRDM9-1	PRDM9	ENSG00000164256
TMEM208-1	TMEM208	ENSG00000168701
LRRC37A3-1	LRRC37A3	ENSG00000176809
DHX9-1	DHX9	ENSG00000135829
IL6ST-1	IL6ST	ENSG00000134352
ZNF681-1	ZNF681	ENSG00000196172
GUK1-1	GUK1	ENSG00000143774
TBX5-1	TBX5	ENSG00000089225
ANKRD42-1	ANKRD42	ENSG00000137494
STX16-1	STX16	ENSG00000124222
PSMD4-1	PSMD4	ENSG00000159352
AP3S2-1	AP3S2	ENSG00000157823
KDM1A-1	KDM1A	ENSG00000004487
ZNF407-1	ZNF407	ENSG00000215421
PCP4L1-1	PCP4L1	ENSG00000248485
PARS2-1	PARS2	ENSG00000162396
SMARCD1-1	SMARCD1	ENSG00000066117
ZSCAN26-1	ZSCAN26	ENSG00000197062
ALDH16A1-1	ALDH16A1	ENSG00000161618
DNLZ-1	DNLZ	ENSG00000213221
REEP2-1	REEP2	ENSG00000132563
AAGAB-1	AAGAB	ENSG00000103591
SYNJ1-1	SYNJ1	ENSG00000159082
FSTL1-1	FSTL1	ENSG00000163430
ANAPC13-1	ANAPC13	ENSG00000129055
PKMYT1-1	PKMYT1	ENSG00000127564
ZFP42-1	ZFP42	ENSG00000179059
PDHA1-1	PDHA1	ENSG00000131828
CNN2-1	CNN2	ENSG00000064666
NUDT16-1	NUDT16	ENSG00000198585
CISD1-1	CISD1	ENSG00000122873
SLC2A4RG-1	SLC2A4RG	ENSG00000125520
GRK4-1	GRK4	ENSG00000125388
LDOC1-1	LDOC1	ENSG00000182195
C16orf72-1	HAPSTR1	ENSG00000182831
PDGFA-1	PDGFA	ENSG00000197461
SOCS3-1	SOCS3	ENSG00000184557
SPATS2-1	SPATS2	ENSG00000123352
USP9Y-1	USP9Y	ENSG00000114374
NSMAF-1	NSMAF	ENSG00000035681
SKP1-1	SKP1	ENSG00000113558
DYRK1A-1	DYRK1A	ENSG00000157540
ZNF267-1	ZNF267	ENSG00000185947
VGLL4-1	VGLL4	ENSG00000144560
KLHL8-1	KLHL8	ENSG00000145332
HAX1-1	HAX1	ENSG00000143575
GIMAP8-1	GIMAP8	ENSG00000171115
ARPC1A-1	ARPC1A	ENSG00000241685
KDM5C-1	KDM5C	ENSG00000126012
HCST-1	HCST	ENSG00000126264
MAP2K3-1	MAP2K3	ENSG00000034152
CES2-1	CES2	ENSG00000172831
FAM228B-1	FAM228B	ENSG00000219626
POR-1	POR	ENSG00000127948
CDC42BPA-1	CDC42BPA	ENSG00000143776
CELF1-1	CELF1	ENSG00000149187
TMEM217-1	TMEM217	ENSG00000172738
FAH-1	FAH	ENSG00000103876
FCGRT-1	FCGRT	ENSG00000104870
RAB3D-1	RAB3D	ENSG00000105514
ATXN7L2-1	ATXN7L2	ENSG00000162650
LARP1B-1	LARP1B	ENSG00000138709
FUT8-1	FUT8	ENSG00000033170
SUN1-1	SUN1	ENSG00000164828
SLC1A6-1	SLC1A6	ENSG00000105143
FNDC9-1	FNDC9	ENSG00000172568
C17orf58-1	C17orf58	ENSG00000186665
ORC3-1	ORC3	ENSG00000135336
CNEP1R1-1	CNEP1R1	ENSG00000205423
FASTK-1	FASTK	ENSG00000164896
PGM2L1-1	PGM2L1	ENSG00000165434
MBP-1	MBP	ENSG00000197971
DRGX-1	DRGX	ENSG00000165606
TMEM267-1	TMEM267	ENSG00000151881
FPGT-1	FPGT	ENSG00000254685
GOSR2-1	GOSR2	ENSG00000108433
GFM2-1	GFM2	ENSG00000164347
CBR3-1	CBR3	ENSG00000159231
RFX4-1	RFX4	ENSG00000111783
CLMP-1	CLMP	ENSG00000166250
STMP1-1	STMP1	ENSG00000243317
BTNL9-1	BTNL9	ENSG00000165810
SIDT1-1	SIDT1	ENSG00000072858
TMEM218-1	TMEM218	ENSG00000150433
DENND3-1	DENND3	ENSG00000105339
GEN1-1	GEN1	ENSG00000178295
CLEC11A-1	CLEC11A	ENSG00000105472
SPOPL-1	SPOPL	ENSG00000144228
PHACTR1-1	PHACTR1	ENSG00000112137
SCGB2B2-1	SCGB2B2	ENSG00000205209
LRRC39-1	LRRC39	ENSG00000122477
SCMH1-1	SCMH1	ENSG00000010803
ARPC4-TTLL3-1	ARPC4-TTLL3	ENSG00000250151
MAPRE1-1	MAPRE1	ENSG00000101367
FZD3-1	FZD3	ENSG00000104290
MATR3-1	MATR3	ENSG00000015479
BRD9-1	BRD9	ENSG00000028310
NODAL-1	NODAL	ENSG00000156574
CDK2AP2-1	CDK2AP2	ENSG00000167797
CELSR2-1	CELSR2	ENSG00000143126
IL22-1	IL22	ENSG00000127318
DMC1-1	DMC1	ENSG00000100206
ATP5MG-1	ATP5MG	ENSG00000167283
CCNK-1	CCNK	ENSG00000090061
NR1I3-1	NR1I3	ENSG00000143257
ZNF410-1	ZNF410	ENSG00000119725
NHLH2-1	NHLH2	ENSG00000177551
MRI1-1	MRI1	ENSG00000037757
TRAFD1-1	TRAFD1	ENSG00000135148
FAM173B-1	ATPSCKMT	ENSG00000150756
C16orf86-1	C16orf86	ENSG00000159761
NR4A1-1	NR4A1	ENSG00000123358
C1orf198-1	C1orf198	ENSG00000119280
ILDR2-1	ILDR2	ENSG00000143195
EXOC4-1	EXOC4	ENSG00000131558
RPP38-1	RPP38	ENSG00000152464
PAXIP1-1	PAXIP1	ENSG00000157212
LRRC28-1	LRRC28	ENSG00000168904
MON2-1	MON2	ENSG00000061987
MYDGF-1	MYDGF	ENSG00000074842
CSE1L-1	CSE1L	ENSG00000124207
CD69-1	CD69	ENSG00000110848
ANKRD12-1	ANKRD12	ENSG00000101745
UBQLN2-1	UBQLN2	ENSG00000188021
COMMD7-1	COMMD7	ENSG00000149600
STAM-1	STAM	ENSG00000136738
PSMA6-1	PSMA6	ENSG00000100902
NTHL1-1	NTHL1	ENSG00000065057
CXCR6-1	CXCR6	ENSG00000172215
FBXO42-1	FBXO42	ENSG00000037637
HDHD5-1	HDHD5	ENSG00000069998
SKOR2-1	SKOR2	ENSG00000215474
QTRT2-1	QTRT2	ENSG00000151576
UBA2-1	UBA2	ENSG00000126261
RALGAPB-1	RALGAPB	ENSG00000170471
IK-1	IK	ENSG00000113141
DCAF5-1	DCAF5	ENSG00000139990
GPR155-1	GPR155	ENSG00000163328
APIP-1	APIP	ENSG00000149089
CASP9-1	CASP9	ENSG00000132906
ANXA4-1	ANXA4	ENSG00000196975
COG4-1	COG4	ENSG00000103051
INCENP-1	INCENP	ENSG00000149503
PRRC2C-1	PRRC2C	ENSG00000117523
CYP2R1-1	CYP2R1	ENSG00000186104
CLCA1-1	CLCA1	ENSG00000016490
MZT2A-1	MZT2A	ENSG00000173272
SEBOX-1	SEBOX	ENSG00000274529
TRAF3IP1-1	TRAF3IP1	ENSG00000204104
SLC35A3-1	SLC35A3	ENSG00000117620
VEZT-1	VEZT	ENSG00000028203
PRKAR1B-1	PRKAR1B	ENSG00000188191
PDXK-1	PDXK	ENSG00000160209
WWP1-1	WWP1	ENSG00000123124
LDHA-1	LDHA	ENSG00000134333
TRIM46-1	TRIM46	ENSG00000163462
GRB10-1	GRB10	ENSG00000106070
ZSCAN25-1	ZSCAN25	ENSG00000197037
MEOX1-1	MEOX1	ENSG00000005102
XPNPEP1-1	XPNPEP1	ENSG00000108039
GANAB-1	GANAB	ENSG00000089597
BLM-1	BLM	ENSG00000197299
SHISA2-1	SHISA2	ENSG00000180730
CD177-1	CD177	ENSG00000204936
PCCB-1	PCCB	ENSG00000114054
PHF20L1-1	PHF20L1	ENSG00000129292
CGAS-1	CGAS	ENSG00000164430
CAND1-1	CAND1	ENSG00000111530
CHAC2-1	CHAC2	ENSG00000143942
CYTH4-1	CYTH4	ENSG00000100055
ACO1-1	ACO1	ENSG00000122729
OSBPL7-1	OSBPL7	ENSG00000006025
SLC14A1-1	SLC14A1	ENSG00000141469
WDR13-1	WDR13	ENSG00000101940
HYPK-1	HYPK	ENSG00000242028
BAZ1A-1	BAZ1A	ENSG00000198604
MRPS35-1	MRPS35	ENSG00000061794
C3orf14-1	CEP15	ENSG00000114405
MSN-1	MSN	ENSG00000147065
ZDHHC2-1	ZDHHC2	ENSG00000104219
ZNF470-1	ZNF470	ENSG00000197016
PAK3-1	PAK3	ENSG00000077264
S100A6-1	S100A6	ENSG00000197956
NMB-1	NMB	ENSG00000197696
SLFN5-1	SLFN5	ENSG00000166750
SCO1-1	SCO1	ENSG00000133028
TRAPPC9-1	TRAPPC9	ENSG00000167632
TMEM186-1	TMEM186	ENSG00000184857
PTGS2-1	PTGS2	ENSG00000073756
ARFGAP2-1	ARFGAP2	ENSG00000149182
HPS6-1	HPS6	ENSG00000166189
ST3GAL5-1	ST3GAL5	ENSG00000115525
CEP131-1	CEP131	ENSG00000141577
LIAS-1	LIAS	ENSG00000121897
SLAMF7-1	SLAMF7	ENSG00000026751
SLC19A2-1	SLC19A2	ENSG00000117479
PLCL2-1	PLCL2	ENSG00000154822
GSTA4-1	GSTA4	ENSG00000170899
TRIM61-1	TRIM61	ENSG00000183439
ZNF511-1	ZNF511	ENSG00000198546
CLCN5-1	CLCN5	ENSG00000171365
GMNN-1	GMNN	ENSG00000112312
ABCB7-1	ABCB7	ENSG00000131269
MRPL28-1	MRPL28	ENSG00000086504
CBX7-1	CBX7	ENSG00000100307
ACP2-1	ACP2	ENSG00000134575
MOGS-1	MOGS	ENSG00000115275
DCAF7-1	DCAF7	ENSG00000136485
B3GAT1-1	B3GAT1	ENSG00000109956
ZNF256-1	ZNF256	ENSG00000152454
IL26-1	IL26	ENSG00000111536
MYO6-1	MYO6	ENSG00000196586
RNPC3-1	RNPC3	ENSG00000185946
ZNF571-1	ZNF571	ENSG00000180479
BCL11B-1	BCL11B	ENSG00000127152
MOCS2-1	MOCS2	ENSG00000164172
LIMD2-1	LIMD2	ENSG00000136490
ZNF284-1	ZNF284	ENSG00000186026
TMED7-1	TMED7	ENSG00000134970
COPS9-1	COPS9	ENSG00000172428
PAN2-1	PAN2	ENSG00000135473
TUBGCP4-1	TUBGCP4	ENSG00000137822
NANOG-1	NANOG	ENSG00000111704
FBXW11-1	FBXW11	ENSG00000072803
ZNF514-1	ZNF514	ENSG00000144026
DUSP19-1	DUSP19	ENSG00000162999
DOCK11-1	DOCK11	ENSG00000147251
POLR3F-1	POLR3F	ENSG00000132664
NUP188-1	NUP188	ENSG00000095319
VANGL1-1	VANGL1	ENSG00000173218
PAF1-1	PAF1	ENSG00000006712
XRN1-1	XRN1	ENSG00000114127
MAP2K4-1	MAP2K4	ENSG00000065559
FDX1-1	FDX1	ENSG00000137714
OSR1-1	OSR1	ENSG00000143867
COA4-1	COA4	ENSG00000181924
KIF21B-1	KIF21B	ENSG00000116852
POU2F2-1	POU2F2	ENSG00000028277
CD7-1	CD7	ENSG00000173762
S1PR1-1	S1PR1	ENSG00000170989
SH3BP5-1	SH3BP5	ENSG00000131370
QRICH1-1	QRICH1	ENSG00000198218
CDK1-1	CDK1	ENSG00000170312
EMP3-1	EMP3	ENSG00000142227
CPEB4-1	CPEB4	ENSG00000113742
SERBP1-1	SERBP1	ENSG00000142864
RRAGA-1	RRAGA	ENSG00000155876
SLC25A53-1	SLC25A53	ENSG00000269743
SPSB2-1	SPSB2	ENSG00000111671
NANOS1-1	NANOS1	ENSG00000188613
CHST14-1	CHST14	ENSG00000169105
ZMAT1-1	ZMAT1	ENSG00000166432
MED28-1	MED28	ENSG00000118579
RBM11-1	RBM11	ENSG00000185272
FAM216A-1	FAM216A	ENSG00000204856
FXYD1-1	FXYD1	ENSG00000266964
TSTD1-1	TSTD1	ENSG00000215845
UBAP1L-1	UBAP1L	ENSG00000246922
PUS7-1	PUS7	ENSG00000091127
CDC25A-1	CDC25A	ENSG00000164045
DYRK2-1	DYRK2	ENSG00000127334
PDE12-1	PDE12	ENSG00000174840
ATP1B3-1	ATP1B3	ENSG00000069849
S100A5-1	S100A5	ENSG00000196420
ZHX2-1	ZHX2	ENSG00000178764
KCNA2-1	KCNA2	ENSG00000177301
CDX4-1	CDX4	ENSG00000131264
C15orf41-1	CDIN1	ENSG00000186073
RAPGEF2-1	RAPGEF2	ENSG00000109756
WDR4-1	WDR4	ENSG00000160193
CDT1-1	CDT1	ENSG00000167513
SCGB1A1-1	SCGB1A1	ENSG00000149021
INO80B-1	INO80B	ENSG00000115274
REPS1-1	REPS1	ENSG00000135597
ARHGEF1-1	ARHGEF1	ENSG00000076928
TBC1D23-1	TBC1D23	ENSG00000036054
PHF13-1	PHF13	ENSG00000116273
FANCA-1	FANCA	ENSG00000187741
CRBN-1	CRBN	ENSG00000113851
LGALS9-1	LGALS9	ENSG00000168961
ZNF280D-1	ZNF280D	ENSG00000137871
INSIG1-1	INSIG1	ENSG00000186480
MINOS1-1	MICOS10	ENSG00000173436
MDH2-1	MDH2	ENSG00000146701
CDCA5-1	CDCA5	ENSG00000146670
RPS21-1	RPS21	ENSG00000171858
DMRT3-1	DMRT3	ENSG00000064218
ELF4-1	ELF4	ENSG00000102034
GPBP1L1-1	GPBP1L1	ENSG00000159592
RPS20-1	RPS20	ENSG00000008988
ALDH1A1-1	ALDH1A1	ENSG00000165092
ZBED6-1	ZBED6	ENSG00000257315
TREML2-1	TREML2	ENSG00000112195
DHX33-1	DHX33	ENSG00000005100
TMEM14B-1	TMEM14B	ENSG00000137210
PSD-1	PSD	ENSG00000059915
MTA3-1	MTA3	ENSG00000057935
NLRP6-1	NLRP6	ENSG00000174885
HMX3-1	HMX3	ENSG00000188620
TMEM39B-1	TMEM39B	ENSG00000121775
C1orf112-1	FIRRM	ENSG00000000460
TNRC6A-1	TNRC6A	ENSG00000090905
NTMT1-1	NTMT1	ENSG00000148335
HP1BP3-1	HP1BP3	ENSG00000127483
TUBGCP3-1	TUBGCP3	ENSG00000126216
PLEKHO2-1	PLEKHO2	ENSG00000241839
WIPI2-1	WIPI2	ENSG00000157954
SNUPN-1	SNUPN	ENSG00000169371
KIF2C-1	KIF2C	ENSG00000142945
TTC3-1	TTC3	ENSG00000182670
TMTC3-1	TMTC3	ENSG00000139324
NOP16-1	NOP16	ENSG00000048162
IQGAP1-1	IQGAP1	ENSG00000140575
HIST1H2AI-1	H2AC13	ENSG00000196747
PICK1-1	PICK1	ENSG00000100151
SLC11A1-1	SLC11A1	ENSG00000018280
HID1-1	HID1	ENSG00000167861
PEX7-1	PEX7	ENSG00000112357
PITPNB-1	PITPNB	ENSG00000180957
FAM91A1-1	FAM91A1	ENSG00000176853
GORASP2-1	GORASP2	ENSG00000115806
ST6GALNAC6-1	ST6GALNAC6	ENSG00000160408
EHMT1-1	EHMT1	ENSG00000181090
HIST1H1A-1	H1-1	ENSG00000124610
H1FX-1	H1-10	ENSG00000184897
TM9SF4-1	TM9SF4	ENSG00000101337
CHI3L2-1	CHI3L2	ENSG00000064886
RAD52-1	RAD52	ENSG00000002016
SUSD1-1	SUSD1	ENSG00000106868
KPNA4-1	KPNA4	ENSG00000186432
TMED3-1	TMED3	ENSG00000166557
ZNF362-1	ZNF362	ENSG00000160094
RBM10-1	RBM10	ENSG00000182872
THAP2-1	THAP2	ENSG00000173451
GZMA-1	GZMA	ENSG00000145649
C6orf201-1	TEX56P	ENSG00000185689
TFIP11-1	TFIP11	ENSG00000100109
YAF2-1	YAF2	ENSG00000015153
CLC-1	CLC	ENSG00000105205
GBP7-1	GBP7	ENSG00000213512
NRN1-1	NRN1	ENSG00000124785
MAP4K2-1	MAP4K2	ENSG00000168067
ZNF700-1	ZNF700	ENSG00000196757
THOP1-1	THOP1	ENSG00000172009
PIGQ-1	PIGQ	ENSG00000007541
OTUB1-1	OTUB1	ENSG00000167770
DAD1-1	DAD1	ENSG00000129562
PREX1-1	PREX1	ENSG00000124126
POLR3GL-1	POLR3GL	ENSG00000121851
SGPL1-1	SGPL1	ENSG00000166224
DAB2-1	DAB2	ENSG00000153071
TLK2-1	TLK2	ENSG00000146872
CD93-1	CD93	ENSG00000125810
CXorf65-1	CXorf65	ENSG00000204165
TBX19-1	TBX19	ENSG00000143178
IVD-1	IVD	ENSG00000128928
HRH4-1	HRH4	ENSG00000134489
ZNF541-1	ZNF541	ENSG00000118156
USP15-1	USP15	ENSG00000135655
PLPP6-1	PLPP6	ENSG00000205808
RAD54L2-1	RAD54L2	ENSG00000164080
PLAC9-1	PLAC9	ENSG00000189129
GABARAPL2-1	GABARAPL2	ENSG00000034713
CYSLTR1-1	CYSLTR1	ENSG00000173198
REC8-1	REC8	ENSG00000100918
SLC22A18-1	SLC22A18	ENSG00000110628
SYNGR3-1	SYNGR3	ENSG00000127561
BRD3-1	BRD3	ENSG00000169925
DTYMK-1	DTYMK	ENSG00000168393
FCGBP-1	FCGBP	ENSG00000275395
CERS5-1	CERS5	ENSG00000139624
RAB5B-1	RAB5B	ENSG00000111540
F2RL1-1	F2RL1	ENSG00000164251
SS18-1	SS18	ENSG00000141380
TSR2-1	TSR2	ENSG00000158526
UBE2F-1	UBE2F	ENSG00000184182
ITGB1BP1-1	ITGB1BP1	ENSG00000119185
FCHO2-1	FCHO2	ENSG00000157107
ANAPC7-1	ANAPC7	ENSG00000196510
TMCO3-1	TMCO3	ENSG00000150403
MECP2-1	MECP2	ENSG00000169057
EEF2KMT-1	EEF2KMT	ENSG00000118894
ITFG1-1	ITFG1	ENSG00000129636
CA9-1	CA9	ENSG00000107159
BPTF-1	BPTF	ENSG00000171634
SUDS3-1	SUDS3	ENSG00000111707
SP7-1	SP7	ENSG00000170374
TAF12-1	TAF12	ENSG00000120656
HOXC12-1	HOXC12	ENSG00000123407
TNFAIP8-1	TNFAIP8	ENSG00000145779
IPCEF1-1	IPCEF1	ENSG00000074706
SLIT3-1	SLIT3	ENSG00000184347
CCDC47-1	CCDC47	ENSG00000108588
CEP57L1-1	CEP57L1	ENSG00000183137
AJAP1-1	AJAP1	ENSG00000196581
SLC5A3-1	SLC5A3	ENSG00000198743
SNRPG-1	SNRPG	ENSG00000143977
ASAP2-1	ASAP2	ENSG00000151693
ZNF281-1	ZNF281	ENSG00000162702
SCNN1D-1	SCNN1D	ENSG00000162572
LRTOMT-1	LRTOMT	ENSG00000284922
LSM8-1	LSM8	ENSG00000128534
C9orf64-1	QNG1	ENSG00000165118
STK10-1	STK10	ENSG00000072786
SPATA33-1	SPATA33	ENSG00000167523
TUBB1-1	TUBB1	ENSG00000101162
SHISA5-1	SHISA5	ENSG00000164054
DNHD1-1	DNHD1	ENSG00000179532
MCM3AP-1	MCM3AP	ENSG00000160294
CLDN4-1	CLDN4	ENSG00000189143
APOC1-1	APOC1	ENSG00000130208
SLC35C1-1	SLC35C1	ENSG00000181830
ZDHHC23-1	ZDHHC23	ENSG00000184307
ZNF888-1	ZNF888	ENSG00000213793
EIF3K-1	EIF3K	ENSG00000178982
LGALS2-1	LGALS2	ENSG00000100079
CFAP36-1	CFAP36	ENSG00000163001
ATP6V1E1-1	ATP6V1E1	ENSG00000131100
CYB5A-1	CYB5A	ENSG00000166347
ABHD3-1	ABHD3	ENSG00000158201
DSN1-1	DSN1	ENSG00000149636
PTPN6-1	PTPN6	ENSG00000111679
KDM4B-1	KDM4B	ENSG00000127663
PEX11B-1	PEX11B	ENSG00000131779
IRX6-1	IRX6	ENSG00000159387
SMS-1	SMS	ENSG00000102172
UBL5-1	UBL5	ENSG00000198258
TNFSF10-1	TNFSF10	ENSG00000121858
NMNAT1-1	NMNAT1	ENSG00000173614
ESPN-1	ESPN	ENSG00000187017
TMEM120A-1	TMEM120A	ENSG00000189077
PSMD11-1	PSMD11	ENSG00000108671
LRRN2-1	LRRN2	ENSG00000170382
ZNF713-1	ZNF713	ENSG00000178665
WFDC2-1	WFDC2	ENSG00000101443
MAPKAPK5-1	MAPKAPK5	ENSG00000089022
RTTN-1	RTTN	ENSG00000176225
LGALS3-1	LGALS3	ENSG00000131981
TPCN2-1	TPCN2	ENSG00000162341
RNF2-1	RNF2	ENSG00000121481
PSMA3-1	PSMA3	ENSG00000100567
ZNF266-1	ZNF266	ENSG00000174652
FNIP2-1	FNIP2	ENSG00000052795
FBXL8-1	FBXL8	ENSG00000135722
DENND4B-1	DENND4B	ENSG00000198837
CASD1-1	CASD1	ENSG00000127995
CD59-1	CD59	ENSG00000085063
ZNF18-1	ZNF18	ENSG00000154957
CRKL-1	CRKL	ENSG00000099942
SUPT3H-1	SUPT3H	ENSG00000196284
ZNF382-1	ZNF382	ENSG00000161298
MAOB-1	MAOB	ENSG00000069535
SAMM50-1	SAMM50	ENSG00000100347
RNF168-1	RNF168	ENSG00000163961
HIST1H2AJ-1	H2AC14	ENSG00000276368
ARRB1-1	ARRB1	ENSG00000137486
MRTFB-1	MRTFB	ENSG00000186260
MINDY3-1	MINDY3	ENSG00000148481
ZNF48-1	ZNF48	ENSG00000180035
ZNF776-1	ZNF776	ENSG00000152443
FASN-1	FASN	ENSG00000169710
CRIP1-1	CRIP1	ENSG00000213145
TSPYL5-1	TSPYL5	ENSG00000180543
HNRNPH1-1	HNRNPH1	ENSG00000169045
HOXA6-1	HOXA6	ENSG00000106006
ING3-1	ING3	ENSG00000071243
POT1-1	POT1	ENSG00000128513
ZC4H2-1	ZC4H2	ENSG00000126970
ABRAXAS1-1	ABRAXAS1	ENSG00000163322
RNF24-1	RNF24	ENSG00000101236
ALKBH3-1	ALKBH3	ENSG00000166199
ZBTB8B-1	ZBTB8B	ENSG00000273274
COMMD8-1	COMMD8	ENSG00000169019
FOXI1-1	FOXI1	ENSG00000168269
GOPC-1	GOPC	ENSG00000047932
WIZ-1	WIZ	ENSG00000011451
SPEF2-1	SPEF2	ENSG00000152582
MAP2K7-1	MAP2K7	ENSG00000076984
VPS26B-1	VPS26B	ENSG00000151502
CDK11B-1	CDK11B	ENSG00000248333
TASP1-1	TASP1	ENSG00000089123
B4GALT7-1	B4GALT7	ENSG00000027847
ZFP64-1	ZFP64	ENSG00000020256
GLYCTK-1	GLYCTK	ENSG00000168237
CDIP1-1	CDIP1	ENSG00000089486
PAAF1-1	PAAF1	ENSG00000175575
RAB11FIP1-1	RAB11FIP1	ENSG00000156675
SMARCA4-1	SMARCA4	ENSG00000127616
SOS2-1	SOS2	ENSG00000100485
EXOSC9-1	EXOSC9	ENSG00000123737
PRMT9-1	PRMT9	ENSG00000164169
FRYL-1	FRYL	ENSG00000075539
DMBX1-1	DMBX1	ENSG00000197587
NDUFA12-1	NDUFA12	ENSG00000184752
BIRC5-1	BIRC5	ENSG00000089685
CANT1-1	CANT1	ENSG00000171302
GNG10-1	GNG10	ENSG00000242616
ZNF471-1	ZNF471	ENSG00000196263
R3HDM4-1	R3HDM4	ENSG00000198858
TBC1D19-1	TBC1D19	ENSG00000109680
DNMBP-1	DNMBP	ENSG00000107554
SMIM3-1	SMIM3	ENSG00000256235
CSGALNACT2-1	CSGALNACT2	ENSG00000169826
MEOX2-1	MEOX2	ENSG00000106511
BDH2-1	BDH2	ENSG00000164039
ZNF793-1	ZNF793	ENSG00000188227
METTL2A-1	METTL2A	ENSG00000087995
ARFIP2-1	ARFIP2	ENSG00000132254
HIVEP2-1	HIVEP2	ENSG00000010818
LRCH3-1	LRCH3	ENSG00000186001
CIAO1-1	CIAO1	ENSG00000144021
DSC1-1	DSC1	ENSG00000134765
ZNF441-1	ZNF441	ENSG00000197044
PRMT5-1	PRMT5	ENSG00000100462
RPL17-1	RPL17	ENSG00000265681
VEZF1-1	VEZF1	ENSG00000136451
TBCD-1	TBCD	ENSG00000141556
TBC1D5-1	TBC1D5	ENSG00000131374
PAIP2-1	PAIP2	ENSG00000120727
MNDA-1	MNDA	ENSG00000163563
TMOD2-1	TMOD2	ENSG00000128872
SNX17-1	SNX17	ENSG00000115234
C10orf88-1	C10orf88	ENSG00000119965
SRGN-1	SRGN	ENSG00000122862
POLR2I-1	POLR2I	ENSG00000105258
FTSJ3-1	FTSJ3	ENSG00000108592
MEF2C-1	MEF2C	ENSG00000081189
ZNF26-1	ZNF26	ENSG00000198393
STAC3-1	STAC3	ENSG00000185482
ACVR2A-1	ACVR2A	ENSG00000121989
CEP97-1	CEP97	ENSG00000182504
LRP8-1	LRP8	ENSG00000157193
COPZ1-1	COPZ1	ENSG00000111481
SIN3A-1	SIN3A	ENSG00000169375
HILPDA-1	HILPDA	ENSG00000135245
ICOS-1	ICOS	ENSG00000163600
CCND2-1	CCND2	ENSG00000118971
ANXA2R-1	ANXA2R	ENSG00000177721
ZBTB33-1	ZBTB33	ENSG00000177485
IMMP2L-1	IMMP2L	ENSG00000184903
FOXD3-1	FOXD3	ENSG00000187140
DFFA-1	DFFA	ENSG00000160049
RPL28-1	RPL28	ENSG00000108107
CC2D1B-1	CC2D1B	ENSG00000154222
GALNT10-1	GALNT10	ENSG00000164574
CDC42SE2-1	CDC42SE2	ENSG00000158985
SLC8B1-1	SLC8B1	ENSG00000089060
IER3IP1-1	IER3IP1	ENSG00000134049
GEMIN5-1	GEMIN5	ENSG00000082516
ARGLU1-1	ARGLU1	ENSG00000134884
AHR-1	AHR	ENSG00000106546
THUMPD1-1	THUMPD1	ENSG00000066654
YBX3-1	YBX3	ENSG00000060138
METTL2B-1	METTL2B	ENSG00000165055
MAP4K5-1	MAP4K5	ENSG00000012983
GSN-1	GSN	ENSG00000148180
NFE2L3-1	NFE2L3	ENSG00000050344
MYO5A-1	MYO5A	ENSG00000197535
RAN-1	RAN	ENSG00000132341
EMB-1	EMB	ENSG00000170571
IRGQ-1	IRGQ	ENSG00000167378
MB21D2-1	MB21D2	ENSG00000180611
RRP8-1	RRP8	ENSG00000132275
ZFP2-1	ZFP2	ENSG00000198939
GPX4-1	GPX4	ENSG00000167468
CFAP53-1	CFAP53	ENSG00000172361
SRC-1	SRC	ENSG00000197122
TAPT1-1	TAPT1	ENSG00000169762
TMEM67-1	TMEM67	ENSG00000164953
SCD5-1	SCD5	ENSG00000145284
PPP1R16A-1	PPP1R16A	ENSG00000160972
MOSPD3-1	MOSPD3	ENSG00000106330
THOC2-1	THOC2	ENSG00000125676
FOXRED1-1	FOXRED1	ENSG00000110074
RAP2A-1	RAP2A	ENSG00000125249
TMEM63C-1	TMEM63C	ENSG00000165548
XRCC2-1	XRCC2	ENSG00000196584
ZNF276-1	ZNF276	ENSG00000158805
FGF11-1	FGF11	ENSG00000161958
COX6C-1	COX6C	ENSG00000164919
SLC44A2-1	SLC44A2	ENSG00000129353
MSH6-1	MSH6	ENSG00000116062
TRAT1-1	TRAT1	ENSG00000163519
MRPL4-1	MRPL4	ENSG00000105364
ODC1-1	ODC1	ENSG00000115758
ZNF804B-1	ZNF804B	ENSG00000182348
GGPS1-1	GGPS1	ENSG00000152904
GPRASP1-1	GPRASP1	ENSG00000198932
ADAT3-1	ADAT3	ENSG00000213638
KLHL42-1	KLHL42	ENSG00000087448
FCMR-1	FCMR	ENSG00000162894
BBS12-1	BBS12	ENSG00000181004
TAF4B-1	TAF4B	ENSG00000141384
SLC39A3-1	SLC39A3	ENSG00000141873
MRPL38-1	MRPL38	ENSG00000204316
PIGS-1	PIGS	ENSG00000087111
SLC5A10-1	SLC5A10	ENSG00000154025
ZBTB14-1	ZBTB14	ENSG00000198081
ANXA6-1	ANXA6	ENSG00000197043
VBP1-1	VBP1	ENSG00000155959
MED30-1	MED30	ENSG00000164758
AMDHD1-1	AMDHD1	ENSG00000139344
ZC3H15-1	ZC3H15	ENSG00000065548
GAB3-1	GAB3	ENSG00000160219
TMEM260-1	TMEM260	ENSG00000070269
PGK1-1	PGK1	ENSG00000102144
ZNF474-1	ZNF474	ENSG00000164185
AGPAT3-1	AGPAT3	ENSG00000160216
SPAG16-1	SPAG16	ENSG00000144451
FBXW8-1	FBXW8	ENSG00000174989
RHPN1-1	RHPN1	ENSG00000158106
KMT5A-1	KMT5A	ENSG00000183955
FIGNL1-1	FIGNL1	ENSG00000132436
MLYCD-1	MLYCD	ENSG00000103150
POLR2F-1	POLR2F	ENSG00000100142
PFKFB3-1	PFKFB3	ENSG00000170525
LRRC70-1	LRRC70	ENSG00000186105
BCL2-1	BCL2	ENSG00000171791
OXSM-1	OXSM	ENSG00000151093
GNPDA2-1	GNPDA2	ENSG00000163281
PRDM14-1	PRDM14	ENSG00000147596
SLC7A1-1	SLC7A1	ENSG00000139514
SPART-1	SPART	ENSG00000133104
SAYSD1-1	SAYSD1	ENSG00000112167
TTC4-1	TTC4	ENSG00000243725
CRY2-1	CRY2	ENSG00000121671
TUSC2-1	TUSC2	ENSG00000114383
SLC9B2-1	SLC9B2	ENSG00000164038
XPR1-1	XPR1	ENSG00000143324
CHPT1-1	CHPT1	ENSG00000111666
CD36-1	CD36	ENSG00000135218
HBA2-1	HBA2	ENSG00000188536
LRRC6-1	DNAAF11	ENSG00000129295
SRP68-1	SRP68	ENSG00000167881
ANKRD13B-1	ANKRD13B	ENSG00000198720
MESD-1	MESD	ENSG00000117899
SLC25A26-1	SLC25A26	ENSG00000144741
STARD3NL-1	STARD3NL	ENSG00000010270
MRPS17-1	MRPS17	ENSG00000239789
KAT14-1	KAT14	ENSG00000149474
GOLGA5-1	GOLGA5	ENSG00000066455
PLCB3-1	PLCB3	ENSG00000149782
VNN2-1	VNN2	ENSG00000112303
TRAP1-1	TRAP1	ENSG00000126602
MBD1-1	MBD1	ENSG00000141644
PNPLA7-1	PNPLA7	ENSG00000130653
BAK1-1	BAK1	ENSG00000030110
SAP30BP-1	SAP30BP	ENSG00000161526
FIGLA-1	FIGLA	ENSG00000183733
STUM-1	STUM	ENSG00000203685
MAPK8-1	MAPK8	ENSG00000107643
FRMD6-1	FRMD6	ENSG00000139926
RNF144B-1	RNF144B	ENSG00000137393
LIPA-1	LIPA	ENSG00000107798
C7orf55-LUC7L2-1	FMC1-LUC7L2	ENSG00000269955
ELOC-1	ELOC	ENSG00000154582
SDHAF1-1	SDHAF1	ENSG00000205138
RFXANK-1	RFXANK	ENSG00000064490
LGMN-1	LGMN	ENSG00000100600
GIPC1-1	GIPC1	ENSG00000123159
PTMA-1	PTMA	ENSG00000187514
ZNF679-1	ZNF679	ENSG00000197123
ALG6-1	ALG6	ENSG00000088035
PLTP-1	PLTP	ENSG00000100979
COPS4-1	COPS4	ENSG00000138663
ZDHHC12-1	ZDHHC12	ENSG00000160446
PAN3-1	PAN3	ENSG00000152520
HNRNPDL-1	HNRNPDL	ENSG00000152795
LRRC27-1	LRRC27	ENSG00000148814
MCM5-1	MCM5	ENSG00000100297
ZNF670-1	ZNF670	ENSG00000277462
TAGLN-1	TAGLN	ENSG00000149591
BTG2-1	BTG2	ENSG00000159388
IMP4-1	IMP4	ENSG00000136718
ARRDC2-1	ARRDC2	ENSG00000105643
AGO2-1	AGO2	ENSG00000123908
SLC25A20-1	SLC25A20	ENSG00000178537
PELO-1	PELO	ENSG00000152684
GIGYF1-1	GIGYF1	ENSG00000146830
DEFB1-1	DEFB1	ENSG00000164825
ZNF778-1	ZNF778	ENSG00000170100
GPR137B-1	GPR137B	ENSG00000077585
ANO8-1	ANO8	ENSG00000074855
DMXL2-1	DMXL2	ENSG00000104093
FBLIM1-1	FBLIM1	ENSG00000162458
EFCAB14-1	EFCAB14	ENSG00000159658
GRPEL2-1	GRPEL2	ENSG00000164284
TRIM23-1	TRIM23	ENSG00000113595
ADAM23-1	ADAM23	ENSG00000114948
ZNF283-1	ZNF283	ENSG00000167637
RAD54B-1	RAD54B	ENSG00000197275
GATA4-1	GATA4	ENSG00000136574
ZFAND4-1	ZFAND4	ENSG00000172671
UMAD1-1	UMAD1	ENSG00000219545
TNFAIP8L1-1	TNFAIP8L1	ENSG00000185361
MMRN1-1	MMRN1	ENSG00000138722
WWP2-1	WWP2	ENSG00000198373
LAMA2-1	LAMA2	ENSG00000196569
GYPC-1	GYPC	ENSG00000136732
TMEM220-1	TMEM220	ENSG00000187824
SLC38A7-1	SLC38A7	ENSG00000103042
SLC44A3-1	SLC44A3	ENSG00000143036
MLLT1-1	MLLT1	ENSG00000130382
B4GALT3-1	B4GALT3	ENSG00000158850
EIF4EBP3-1	EIF4EBP3	ENSG00000243056
PRDM12-1	PRDM12	ENSG00000130711
ENKD1-1	ENKD1	ENSG00000124074
SEC31A-1	SEC31A	ENSG00000138674
AGER-1	AGER	ENSG00000204305
SOAT2-1	SOAT2	ENSG00000167780
IL12RB2-1	IL12RB2	ENSG00000081985
RUVBL2-1	RUVBL2	ENSG00000183207
CCDC65-1	CCDC65	ENSG00000139537
B3GAT2-1	B3GAT2	ENSG00000112309
FN1-1	FN1	ENSG00000115414
NAA38-1	NAA38	ENSG00000183011
KLF16-1	KLF16	ENSG00000129911
SLAMF1-1	SLAMF1	ENSG00000117090
HAUS2-1	HAUS2	ENSG00000137814
YY1-1	YY1	ENSG00000100811
RASD2-1	RASD2	ENSG00000100302
EHD1-1	EHD1	ENSG00000110047
DDHD2-1	DDHD2	ENSG00000085788
CUL9-1	CUL9	ENSG00000112659
IFT27-1	IFT27	ENSG00000100360
AK4-1	AK4	ENSG00000162433
SNAP23-1	SNAP23	ENSG00000092531
DYNLRB1-1	DYNLRB1	ENSG00000125971
CPNE3-1	CPNE3	ENSG00000085719
IL17RB-1	IL17RB	ENSG00000056736
KCTD17-1	KCTD17	ENSG00000100379
STAG2-1	STAG2	ENSG00000101972
SLC25A46-1	SLC25A46	ENSG00000164209
DAB1-1	DAB1	ENSG00000173406
CD38-1	CD38	ENSG00000004468
ZNF449-1	ZNF449	ENSG00000173275
SAXO2-1	SAXO2	ENSG00000188659
AVL9-1	AVL9	ENSG00000105778
PIKFYVE-1	PIKFYVE	ENSG00000115020
MANBAL-1	MANBAL	ENSG00000101363
RPS10-1	RPS10	ENSG00000124614
ETV1-1	ETV1	ENSG00000006468
KDM2B-1	KDM2B	ENSG00000089094
BRMS1-1	BRMS1	ENSG00000174744
GUCA2B-1	GUCA2B	ENSG00000044012
PDE7B-1	PDE7B	ENSG00000171408
MMACHC-1	MMACHC	ENSG00000132763
HOXA2-1	HOXA2	ENSG00000105996
YBEY-1	YBEY	ENSG00000182362
YIPF1-1	YIPF1	ENSG00000058799
HEY1-1	HEY1	ENSG00000164683
ALKBH7-1	ALKBH7	ENSG00000125652
ABCC5-1	ABCC5	ENSG00000114770
DBH-1	DBH	ENSG00000123454
ZNF775-1	ZNF775	ENSG00000196456
EDARADD-1	EDARADD	ENSG00000186197
CACFD1-1	CACFD1	ENSG00000160325
MTHFR-1	MTHFR	ENSG00000177000
LBR-1	LBR	ENSG00000143815
RNF41-1	RNF41	ENSG00000181852
IL10-1	IL10	ENSG00000136634
CLNS1A-1	CLNS1A	ENSG00000074201
FAM169A-1	FAM169A	ENSG00000198780
JADE2-1	JADE2	ENSG00000043143
PRR22-1	PRR22	ENSG00000212123
CCDC97-1	CCDC97	ENSG00000142039
INTS10-1	INTS10	ENSG00000104613
STYX-1	STYX	ENSG00000198252
AGL-1	AGL	ENSG00000162688
FAM117A-1	FAM117A	ENSG00000121104
IGF1R-1	IGF1R	ENSG00000140443
DCPS-1	DCPS	ENSG00000110063
SWT1-1	SWT1	ENSG00000116668
MTX1-1	MTX1	ENSG00000173171
BST2-1	BST2	ENSG00000130303
BCL6-1	BCL6	ENSG00000113916
HADH-1	HADH	ENSG00000138796
PNMA5-1	PNMA5	ENSG00000198883
CACNA1H-1	CACNA1H	ENSG00000196557
PSMG1-1	PSMG1	ENSG00000183527
FAM133B-1	FAM133B	ENSG00000234545
DPYSL4-1	DPYSL4	ENSG00000151640
FAM208A-1	TASOR	ENSG00000163946
E2F5-1	E2F5	ENSG00000133740
AQP3-1	AQP3	ENSG00000165272
BUB1B-1	BUB1B	ENSG00000156970
WBP4-1	WBP4	ENSG00000120688
ZNF518B-1	ZNF518B	ENSG00000178163
SGSM1-1	SGSM1	ENSG00000167037
TMEM135-1	TMEM135	ENSG00000166575
ADGRG5-1	ADGRG5	ENSG00000159618
IGSF6-1	IGSF6	ENSG00000140749
NEK2-1	NEK2	ENSG00000117650
LYSMD1-1	LYSMD1	ENSG00000163155
PAX1-1	PAX1	ENSG00000125813
PDE4D-1	PDE4D	ENSG00000113448
INSR-1	INSR	ENSG00000171105
ZNF268-1	ZNF268	ENSG00000090612
CDAN1-1	CDAN1	ENSG00000140326
SEC24B-1	SEC24B	ENSG00000138802
IDH3A-1	IDH3A	ENSG00000166411
PLOD1-1	PLOD1	ENSG00000083444
CKLF-CMTM1-1	CKLF-CMTM1	ENSG00000254788
ZFAND5-1	ZFAND5	ENSG00000107372
TULP2-1	TULP2	ENSG00000104804
SNURF-1	SNURF	ENSG00000273173
RAD51-1	RAD51	ENSG00000051180
ABCA5-1	ABCA5	ENSG00000154265
STXBP1-1	STXBP1	ENSG00000136854
RAD18-1	RAD18	ENSG00000070950
BHLHA9-1	BHLHA9	ENSG00000205899
NLN-1	NLN	ENSG00000123213
UBA6-1	UBA6	ENSG00000033178
HEXDC-1	HEXD	ENSG00000169660
TANK-1	TANK	ENSG00000136560
YBX1-1	YBX1	ENSG00000065978
RMDN2-1	RMDN2	ENSG00000115841
GLCCI1-1	GLCCI1	ENSG00000106415
OAZ1-1	OAZ1	ENSG00000104904
TMEM106B-1	TMEM106B	ENSG00000106460
USP1-1	USP1	ENSG00000162607
NDUFV1-1	NDUFV1	ENSG00000167792
SEC22C-1	SEC22C	ENSG00000093183
CD302-1	CD302	ENSG00000241399
APOL3-1	APOL3	ENSG00000128284
YWHAB-1	YWHAB	ENSG00000166913
TRIM47-1	TRIM47	ENSG00000132481
MIDN-1	MIDN	ENSG00000167470
SPIN2B-1	SPIN2B	ENSG00000186787
RAB32-1	RAB32	ENSG00000118508
THRAP3-1	THRAP3	ENSG00000054118
MTG1-1	MTG1	ENSG00000148824
SMARCA1-1	SMARCA1	ENSG00000102038
GGH-1	GGH	ENSG00000137563
ZNF609-1	ZNF609	ENSG00000180357
PCGF6-1	PCGF6	ENSG00000156374
PPAT-1	PPAT	ENSG00000128059
DDX59-1	DDX59	ENSG00000118197
SOAT1-1	SOAT1	ENSG00000057252
AR-1	AR	ENSG00000169083
PHKG1-1	PHKG1	ENSG00000164776
DESI2-1	DESI2	ENSG00000121644
C2orf50-1	CIMIP5	ENSG00000150873
ALDH1B1-1	ALDH1B1	ENSG00000137124
RARA-1	RARA	ENSG00000131759
MED8-1	MED8	ENSG00000159479
NFU1-1	NFU1	ENSG00000169599
PCNT-1	PCNT	ENSG00000160299
RPP25L-1	RPP25L	ENSG00000164967
CRIP3-1	CRIP3	ENSG00000146215
MYL9-1	MYL9	ENSG00000101335
RANBP6-1	RANBP6	ENSG00000137040
NSG1-1	NSG1	ENSG00000168824
COASY-1	COASY	ENSG00000068120
DERA-1	DERA	ENSG00000023697
SACM1L-1	SACM1L	ENSG00000211456
HNRNPL-1	HNRNPL	ENSG00000104824
CCDC112-1	CCDC112	ENSG00000164221
TRAPPC6A-1	TRAPPC6A	ENSG00000007255
CCDC186-1	CCDC186	ENSG00000165813
ARHGEF3-1	ARHGEF3	ENSG00000163947
GEMIN4-1	GEMIN4	ENSG00000179409
LSM12-1	LSM12	ENSG00000161654
KLHDC4-1	KLHDC4	ENSG00000104731
MAP1S-1	MAP1S	ENSG00000130479
MTFMT-1	MTFMT	ENSG00000103707
USF2-1	USF2	ENSG00000105698
ZMYM4-1	ZMYM4	ENSG00000146463
TMEM64-1	TMEM64	ENSG00000180694
MRPL57-1	MRPL57	ENSG00000173141
KAT2B-1	KAT2B	ENSG00000114166
ZNFX1-1	ZNFX1	ENSG00000124201
MAPK12-1	MAPK12	ENSG00000188130
MYF6-1	MYF6	ENSG00000111046
MLF1-1	MLF1	ENSG00000178053
PANX2-1	PANX2	ENSG00000073150
EGR3-1	EGR3	ENSG00000179388
TEF-1	TEF	ENSG00000167074
CCDC71L-1	CCDC71L	ENSG00000253276
PPP2CB-1	PPP2CB	ENSG00000104695
ATG10-1	ATG10	ENSG00000152348
SMARCA5-1	SMARCA5	ENSG00000153147
ZNF227-1	ZNF227	ENSG00000131115
TMEM41A-1	TMEM41A	ENSG00000163900
TAX1BP3-1	TAX1BP3	ENSG00000213977
ZMYM2-1	ZMYM2	ENSG00000121741
MRPL41-1	MRPL41	ENSG00000182154
HSBP1L1-1	HSBP1L1	ENSG00000226742
BLZF1-1	BLZF1	ENSG00000117475
TMEM63A-1	TMEM63A	ENSG00000196187
RAB3GAP2-1	RAB3GAP2	ENSG00000118873
SERAC1-1	SERAC1	ENSG00000122335
ZNF668-1	ZNF668	ENSG00000167394
MUC19-1	MUC19	ENSG00000205592
OXCT1-1	OXCT1	ENSG00000083720
SPCS3-1	SPCS3	ENSG00000129128
PML-1	PML	ENSG00000140464
TAF4-1	TAF4	ENSG00000130699
AP2B1-1	AP2B1	ENSG00000006125
RPS15A-1	RPS15A	ENSG00000134419
HES4-1	HES4	ENSG00000188290
ZBED2-1	ZBED2	ENSG00000177494
BTF3L4-1	BTF3L4	ENSG00000134717
RRP9-1	RRP9	ENSG00000114767
SGTB-1	SGTB	ENSG00000197860
MCM4-1	MCM4	ENSG00000104738
GNB5-1	GNB5	ENSG00000069966
FOXO1-1	FOXO1	ENSG00000150907
KSR1-1	KSR1	ENSG00000141068
CACNA1C-1	CACNA1C	ENSG00000151067
ERCC2-1	ERCC2	ENSG00000104884
MIER1-1	MIER1	ENSG00000198160
LTK-1	LTK	ENSG00000062524
H2AFZ-1	H2AZ1	ENSG00000164032
ANKH-1	ANKH	ENSG00000154122
CYBA-1	CYBA	ENSG00000051523
VSIG1-1	VSIG1	ENSG00000101842
C19orf18-1	C19orf18	ENSG00000177025
KCTD21-1	KCTD21	ENSG00000188997
ASB6-1	ASB6	ENSG00000148331
SIRT4-1	SIRT4	ENSG00000089163
MAST4-1	MAST4	ENSG00000069020
ZBTB24-1	ZBTB24	ENSG00000112365
BEND3-1	BEND3	ENSG00000178409
CCL25-1	CCL25	ENSG00000131142
SLCO3A1-1	SLCO3A1	ENSG00000176463
PF4-1	PF4	ENSG00000163737
ZNF544-1	ZNF544	ENSG00000198131
RPAP1-1	RPAP1	ENSG00000103932
USP32-1	USP32	ENSG00000170832
PF4V1-1	PF4V1	ENSG00000109272
PCSK5-1	PCSK5	ENSG00000099139
FUS-1	FUS	ENSG00000089280
TSPAN6-1	TSPAN6	ENSG00000000003
PROSER1-1	PROSER1	ENSG00000120685
ATP6V0E1-1	ATP6V0E1	ENSG00000113732
ATP6V1B2-1	ATP6V1B2	ENSG00000147416
IRAK1BP1-1	IRAK1BP1	ENSG00000146243
KRI1-1	KRI1	ENSG00000129347
IDH2-1	IDH2	ENSG00000182054
SRM-1	SRM	ENSG00000116649
RABIF-1	RABIF	ENSG00000183155
ABI1-1	ABI1	ENSG00000136754
FEM1B-1	FEM1B	ENSG00000169018
ANPEP-1	ANPEP	ENSG00000166825
METAP1-1	METAP1	ENSG00000164024
GUCA2A-1	GUCA2A	ENSG00000197273
AP1M1-1	AP1M1	ENSG00000072958
GNAZ-1	GNAZ	ENSG00000128266
BTD-1	BTD	ENSG00000169814
PSMA2-1	PSMA2	ENSG00000106588
IFNGR1-1	IFNGR1	ENSG00000027697
PHC3-1	PHC3	ENSG00000173889
ABCC8-1	ABCC8	ENSG00000006071
TUT1-1	TUT1	ENSG00000149016
HSD17B11-1	HSD17B11	ENSG00000198189
ZSCAN22-1	ZSCAN22	ENSG00000182318
LDHB-1	LDHB	ENSG00000111716
CDC14B-1	CDC14B	ENSG00000081377
SRRM1-1	SRRM1	ENSG00000133226
F13A1-1	F13A1	ENSG00000124491
HASPIN-1	HASPIN	ENSG00000177602
PRMT3-1	PRMT3	ENSG00000185238
MTMR14-1	MTMR14	ENSG00000163719
ZNF93-1	ZNF93	ENSG00000184635
TBC1D20-1	TBC1D20	ENSG00000125875
FGFR2-1	FGFR2	ENSG00000066468
C1orf43-1	C1orf43	ENSG00000143612
MAML3-1	MAML3	ENSG00000196782
OLAH-1	OLAH	ENSG00000152463
SEPT7-1	SEPTIN7	ENSG00000122545
DLD-1	DLD	ENSG00000091140
PKP4-1	PKP4	ENSG00000144283
PSMB6-1	PSMB6	ENSG00000142507
REG3A-1	REG3A	ENSG00000172016
SUV39H2-1	SUV39H2	ENSG00000152455
ECPAS-1	ECPAS	ENSG00000136813
ERI1-1	ERI1	ENSG00000104626
RNF187-1	RNF187	ENSG00000168159
NKAPD1-1	NKAPD1	ENSG00000150776
NKX2-5-1	NKX2-5	ENSG00000183072
GPATCH11-1	GPATCH11	ENSG00000152133
LRRC61-1	LRRC61	ENSG00000127399
CYB561-1	CYB561	ENSG00000008283
BARHL1-1	BARHL1	ENSG00000125492
ZC3H12D-1	ZC3H12D	ENSG00000178199
MYT1L-1	MYT1L	ENSG00000186487
FAM209B-1	FAM209B	ENSG00000213714
DUSP12-1	DUSP12	ENSG00000081721
DMTF1-1	DMTF1	ENSG00000135164
TAF8-1	TAF8	ENSG00000137413
PCBP3-1	PCBP3	ENSG00000183570
PSTK-1	PSTK	ENSG00000179988
BRCC3-1	BRCC3	ENSG00000185515
TLR2-1	TLR2	ENSG00000137462
CLDN3-1	CLDN3	ENSG00000165215
DEF6-1	DEF6	ENSG00000023892
ZNF41-1	ZNF41	ENSG00000147124
BCAS3-1	BCAS3	ENSG00000141376
MESP1-1	MESP1	ENSG00000166823
IDE-1	IDE	ENSG00000119912
KIAA1551-1	RESF1	ENSG00000174718
MKS1-1	MKS1	ENSG00000011143
ZNF766-1	ZNF766	ENSG00000196214
WSB2-1	WSB2	ENSG00000176871
ZC3H18-1	ZC3H18	ENSG00000158545
THRA-1	THRA	ENSG00000126351
TIPIN-1	TIPIN	ENSG00000075131
FAIM-1	FAIM	ENSG00000158234
FEV-1	FEV	ENSG00000163497
AP1G2-1	AP1G2	ENSG00000213983
MICAL3-1	MICAL3	ENSG00000243156
ITPKC-1	ITPKC	ENSG00000086544
POLR3A-1	POLR3A	ENSG00000148606
SENP3-1	SENP3	ENSG00000161956
POLA2-1	POLA2	ENSG00000014138
MMP9-1	MMP9	ENSG00000100985
IREB2-1	IREB2	ENSG00000136381
TDP1-1	TDP1	ENSG00000042088
SOX2-1	SOX2	ENSG00000181449
PFN1-1	PFN1	ENSG00000108518
ZNF248-1	ZNF248	ENSG00000198105
TRMT6-1	TRMT6	ENSG00000089195
LGALS3BP-1	LGALS3BP	ENSG00000108679
BBS7-1	BBS7	ENSG00000138686
TSC1-1	TSC1	ENSG00000165699
STK11-1	STK11	ENSG00000118046
CD200R1-1	CD200R1	ENSG00000163606
C19orf44-1	C19orf44	ENSG00000105072
RIMKLB-1	RIMKLB	ENSG00000166532
CLP1-1	CLP1	ENSG00000172409
PUM2-1	PUM2	ENSG00000055917
BIRC3-1	BIRC3	ENSG00000023445
C1QL3-1	C1QL3	ENSG00000165985
KLF5-1	KLF5	ENSG00000102554
TFF3-1	TFF3	ENSG00000160180
GNRH2-1	GNRH2	ENSG00000125787
P4HTM-1	P4HTM	ENSG00000178467
RELCH-1	RELCH	ENSG00000134444
CBX2-1	CBX2	ENSG00000173894
SUCLG2-1	SUCLG2	ENSG00000172340
GOLGA7-1	GOLGA7	ENSG00000147533
CEP89-1	CEP89	ENSG00000121289
CTH-1	CTH	ENSG00000116761
WBP11-1	WBP11	ENSG00000084463
ZNF529-1	ZNF529	ENSG00000186020
IGF2-1	IGF2	ENSG00000167244
QRICH2-1	QRICH2	ENSG00000129646
TMEM181-1	TMEM181	ENSG00000146433
PRCP-1	PRCP	ENSG00000137509
FADD-1	FADD	ENSG00000168040
MSANTD4-1	MSANTD4	ENSG00000170903
MRTO4-1	MRTO4	ENSG00000053372
FXYD3-1	FXYD3	ENSG00000089356
METRN-1	METRN	ENSG00000103260
LEUTX-1	LEUTX	ENSG00000213921
CCL20-1	CCL20	ENSG00000115009
IPO9-1	IPO9	ENSG00000198700
TSNAX-1	TSNAX	ENSG00000116918
SPRYD3-1	SPRYD3	ENSG00000167778
TNPO1-1	TNPO1	ENSG00000083312
HDDC3-1	HDDC3	ENSG00000184508
GALNT18-1	GALNT18	ENSG00000110328
ABRACL-1	ABRACL	ENSG00000146386
BCL9-1	BCL9	ENSG00000116128
LZTS2-1	LZTS2	ENSG00000107816
TSPAN9-1	TSPAN9	ENSG00000011105
CREB1-1	CREB1	ENSG00000118260
SGMS1-1	SGMS1	ENSG00000198964
DENND2D-1	DENND2D	ENSG00000162777
RRAGB-1	RRAGB	ENSG00000083750
CAPN5-1	CAPN5	ENSG00000149260
DNAJC11-1	DNAJC11	ENSG00000007923
RPL9-1	RPL9	ENSG00000163682
VWA8-1	VWA8	ENSG00000102763
ALG14-1	ALG14	ENSG00000172339
NKX2-3-1	NKX2-3	ENSG00000119919
KIAA0895L-1	MATCAP1	ENSG00000196123
FBXO44-1	FBXO44	ENSG00000132879
GPR160-1	GPR160	ENSG00000173890
NIPA2-1	NIPA2	ENSG00000140157
DEPDC1B-1	DEPDC1B	ENSG00000035499
DPP7-1	DPP7	ENSG00000176978
AGO1-1	AGO1	ENSG00000092847
AREG-1	AREG	ENSG00000109321
SYPL1-1	SYPL1	ENSG00000008282
ZNF223-1	ZNF223	ENSG00000178386
MRPL47-1	MRPL47	ENSG00000136522
ZCCHC2-1	ZCCHC2	ENSG00000141664
VDR-1	VDR	ENSG00000111424
PROZ-1	PROZ	ENSG00000126231
CPNE8-1	CPNE8	ENSG00000139117
MRPS12-1	MRPS12	ENSG00000128626
CD58-1	CD58	ENSG00000116815
EZH2-1	EZH2	ENSG00000106462
CDK12-1	CDK12	ENSG00000167258
BRF1-1	BRF1	ENSG00000185024
SLC30A1-1	SLC30A1	ENSG00000170385
SMG5-1	SMG5	ENSG00000198952
NUDT8-1	NUDT8	ENSG00000167799
RANBP10-1	RANBP10	ENSG00000141084
AURKAIP1-1	AURKAIP1	ENSG00000175756
WDR86-1	WDR86	ENSG00000187260
PDE5A-1	PDE5A	ENSG00000138735
SRP19-1	SRP19	ENSG00000153037
DHX40-1	DHX40	ENSG00000108406
PPP2R5B-1	PPP2R5B	ENSG00000068971
PTGER2-1	PTGER2	ENSG00000125384
EVI2A-1	EVI2A	ENSG00000126860
CEP250-1	CEP250	ENSG00000126001
SCRT1-1	SCRT1	ENSG00000261678
HIST2H2AB-1	H2AC21	ENSG00000184270
PPFIA1-1	PPFIA1	ENSG00000131626
ALDH6A1-1	ALDH6A1	ENSG00000119711
CFL1-1	CFL1	ENSG00000172757
NIPAL1-1	NIPAL1	ENSG00000163293
GPR171-1	GPR171	ENSG00000174946
PDIA4-1	PDIA4	ENSG00000155660
DOLPP1-1	DOLPP1	ENSG00000167130
USP31-1	USP31	ENSG00000103404
U2SURP-1	U2SURP	ENSG00000163714
PBX4-1	PBX4	ENSG00000105717
PPP1R15A-1	PPP1R15A	ENSG00000087074
ATPAF1-1	ATPAF1	ENSG00000123472
MST1-1	MST1	ENSG00000173531
RLN2-1	RLN2	ENSG00000107014
TARBP1-1	TARBP1	ENSG00000059588
LTB4R2-1	LTB4R2	ENSG00000213906
COX10-1	COX10	ENSG00000006695
ARHGEF18-1	ARHGEF18	ENSG00000104880
ZSCAN21-1	ZSCAN21	ENSG00000166529
COX8A-1	COX8A	ENSG00000176340
PRKAG1-1	PRKAG1	ENSG00000181929
HNF4A-1	HNF4A	ENSG00000101076
SLC35A4-1	SLC35A4	ENSG00000176087
RASAL3-1	RASAL3	ENSG00000105122
RNASEH2A-1	RNASEH2A	ENSG00000104889
MPLKIP-1	MPLKIP	ENSG00000168303
ZNF286A-1	ZNF286A	ENSG00000187607
TXK-1	TXK	ENSG00000074966
SLC25A22-1	SLC25A22	ENSG00000177542
IGSF22-1	IGSF22	ENSG00000179057
UBE2D4-1	UBE2D4	ENSG00000078967
EIF3M-1	EIF3M	ENSG00000149100
CDK9-1	CDK9	ENSG00000136807
PPM1A-1	PPM1A	ENSG00000100614
GDAP1-1	GDAP1	ENSG00000104381
SMC5-1	SMC5	ENSG00000198887
FRS2-1	FRS2	ENSG00000166225
ZBTB6-1	ZBTB6	ENSG00000186130
MED11-1	MED11	ENSG00000161920
PPP6C-1	PPP6C	ENSG00000119414
ANKZF1-1	ANKZF1	ENSG00000163516
NACC2-1	NACC2	ENSG00000148411
B3GAT3-1	B3GAT3	ENSG00000149541
HACD3-1	HACD3	ENSG00000074696
RRBP1-1	RRBP1	ENSG00000125844
GPNMB-1	GPNMB	ENSG00000136235
CYB5B-1	CYB5B	ENSG00000103018
PRR12-1	PRR12	ENSG00000126464
C2orf40-1	ECRG4	ENSG00000119147
ECH1-1	ECH1	ENSG00000104823
PRDM1-1	PRDM1	ENSG00000057657
PI4K2B-1	PI4K2B	ENSG00000038210
HACD1-1	HACD1	ENSG00000165996
IL17A-1	IL17A	ENSG00000112115
UBR4-1	UBR4	ENSG00000127481
ABCA1-1	ABCA1	ENSG00000165029
ZNF622-1	ZNF622	ENSG00000173545
SMIM8-1	SMIM8	ENSG00000111850
RTF1-1	RTF1	ENSG00000137815
PLD6-1	PLD6	ENSG00000179598
BLOC1S3-1	BLOC1S3	ENSG00000189114
TRIM59-1	TRIM59	ENSG00000213186
RNGTT-1	RNGTT	ENSG00000111880
PSMB7-1	PSMB7	ENSG00000136930
NRP2-1	NRP2	ENSG00000118257
AREL1-1	AREL1	ENSG00000119682
ANP32E-1	ANP32E	ENSG00000143401
CCDC88C-1	CCDC88C	ENSG00000015133
SLC44A1-1	SLC44A1	ENSG00000070214
DUSP7-1	DUSP7	ENSG00000164086
PDLIM2-1	PDLIM2	ENSG00000120913
SAFB-1	SAFB	ENSG00000160633
RBX1-1	RBX1	ENSG00000100387
KIAA0895-1	MATCAP2	ENSG00000164542
DDX47-1	DDX47	ENSG00000213782
GNG4-1	GNG4	ENSG00000168243
PPP1R12A-1	PPP1R12A	ENSG00000058272
GAS8-1	GAS8	ENSG00000141013
FSD1-1	FSD1	ENSG00000105255
JAG1-1	JAG1	ENSG00000101384
HSD11B2-1	HSD11B2	ENSG00000176387
PC-1	PC	ENSG00000173599
PIK3C2B-1	PIK3C2B	ENSG00000133056
DBP-1	DBP	ENSG00000105516
MYLK4-1	MYLK4	ENSG00000145949
ZSWIM5-1	ZSWIM5	ENSG00000162415
IL18RAP-1	IL18RAP	ENSG00000115607
PABPC1-1	PABPC1	ENSG00000070756
TBX10-1	TBX10	ENSG00000167800
MYO18A-1	MYO18A	ENSG00000196535
ANKFY1-1	ANKFY1	ENSG00000185722
DSC2-1	DSC2	ENSG00000134755
IKZF4-1	IKZF4	ENSG00000123411
BPGM-1	BPGM	ENSG00000172331
WDR75-1	WDR75	ENSG00000115368
RAB5C-1	RAB5C	ENSG00000108774
RAB3A-1	RAB3A	ENSG00000105649
ANKEF1-1	ANKEF1	ENSG00000132623
PROX1-1	PROX1	ENSG00000117707
SETD9-1	SETD9	ENSG00000155542
ASAP3-1	ASAP3	ENSG00000088280
VPS13A-1	VPS13A	ENSG00000197969
SH3BP2-1	SH3BP2	ENSG00000087266
TNFRSF10A-1	TNFRSF10A	ENSG00000104689
ZNF57-1	ZNF57	ENSG00000171970
TRIM3-1	TRIM3	ENSG00000110171
IDUA-1	IDUA	ENSG00000127415
TBC1D10C-1	TBC1D10C	ENSG00000175463
PRCC-1	PRCC	ENSG00000143294
MRTFA-1	MRTFA	ENSG00000196588
ZNF429-1	ZNF429	ENSG00000197013
HIPK3-1	HIPK3	ENSG00000110422
OS9-1	OS9	ENSG00000135506
PLEKHG2-1	PLEKHG2	ENSG00000090924
KRT72-1	KRT72	ENSG00000170486
CHTF8-1	CHTF8	ENSG00000168802
R3HCC1-1	R3HCC1	ENSG00000104679
PIAS3-1	PIAS3	ENSG00000131788
PDCD2-1	PDCD2	ENSG00000071994
SLAIN1-1	SLAIN1	ENSG00000139737
PNPO-1	PNPO	ENSG00000108439
EDAR-1	EDAR	ENSG00000135960
PARP15-1	PARP15	ENSG00000173200
TRMT2B-1	TRMT2B	ENSG00000188917
ANAPC5-1	ANAPC5	ENSG00000089053
MINDY1-1	MINDY1	ENSG00000143409
GADD45A-1	GADD45A	ENSG00000116717
NOC2L-1	NOC2L	ENSG00000188976
PLXDC2-1	PLXDC2	ENSG00000120594
CREB3L4-1	CREB3L4	ENSG00000143578
CBR4-1	CBR4	ENSG00000145439
F11R-1	F11R	ENSG00000158769
SLC22A5-1	SLC22A5	ENSG00000197375
HIST1H2AE-1	H2AC8	ENSG00000277075
JOSD2-1	JOSD2	ENSG00000161677
TXNDC12-1	TXNDC12	ENSG00000117862
FGL2-1	FGL2	ENSG00000127951
RAB43-1	RAB43	ENSG00000172780
SUSD4-1	SUSD4	ENSG00000143502
RPL27A-1	RPL27A	ENSG00000166441
GNA15-1	GNA15	ENSG00000060558
SEC22B-1	SEC22B	ENSG00000265808
TRAPPC10-1	TRAPPC10	ENSG00000160218
GTF3C6-1	GTF3C6	ENSG00000155115
NAGPA-1	NAGPA	ENSG00000103174
EGR4-1	EGR4	ENSG00000135625
ANK3-1	ANK3	ENSG00000151150
ZNF608-1	ZNF608	ENSG00000168916
ANK1-1	ANK1	ENSG00000029534
OGFOD1-1	OGFOD1	ENSG00000087263
SGO2-1	SGO2	ENSG00000163535
ETFRF1-1	ETFRF1	ENSG00000205707
BCKDHB-1	BCKDHB	ENSG00000083123
NR4A2-1	NR4A2	ENSG00000153234
PMVK-1	PMVK	ENSG00000163344
KDELC1-1	POGLUT2	ENSG00000134901
NT5DC2-1	NT5DC2	ENSG00000168268
NEO1-1	NEO1	ENSG00000067141
JCHAIN-1	JCHAIN	ENSG00000132465
TMEM131L-1	TMEM131L	ENSG00000121210
ATG16L2-1	ATG16L2	ENSG00000168010
MAP3K1-1	MAP3K1	ENSG00000095015
SLC12A2-1	SLC12A2	ENSG00000064651
ATXN7L3-1	ATXN7L3	ENSG00000087152
AOC3-1	AOC3	ENSG00000131471
SARM1-1	SARM1	ENSG00000004139
AKT2-1	AKT2	ENSG00000105221
LHPP-1	LHPP	ENSG00000107902
UBE3A-1	UBE3A	ENSG00000114062
B4GALNT4-1	B4GALNT4	ENSG00000182272
FAM219B-1	FAM219B	ENSG00000178761
RGPD2-1	RGPD2	ENSG00000185304
HOXB4-1	HOXB4	ENSG00000182742
TMA7-1	TMA7	ENSG00000232112
DNAH9-1	DNAH9	ENSG00000007174
RAB11FIP4-1	RAB11FIP4	ENSG00000131242
H2AFV-1	H2AZ2	ENSG00000105968
EIF6-1	EIF6	ENSG00000242372
IL23A-1	IL23A	ENSG00000110944
ZNF691-1	ZNF691	ENSG00000164011
YPEL4-1	YPEL4	ENSG00000166793
COL6A1-1	COL6A1	ENSG00000142156
EMC2-1	EMC2	ENSG00000104412
GBP2-1	GBP2	ENSG00000162645
EPCAM-1	EPCAM	ENSG00000119888
NCBP1-1	NCBP1	ENSG00000136937
ZNF638-1	ZNF638	ENSG00000075292
ZDHHC18-1	ZDHHC18	ENSG00000204160
LIN7C-1	LIN7C	ENSG00000148943
DHRS2-1	DHRS2	ENSG00000100867
LAMTOR4-1	LAMTOR4	ENSG00000188186
FLT1-1	FLT1	ENSG00000102755
ULK2-1	ULK2	ENSG00000083290
MINDY2-1	MINDY2	ENSG00000128923
CDC45-1	CDC45	ENSG00000093009
LITAF-1	LITAF	ENSG00000189067
ALDOA-1	ALDOA	ENSG00000149925
CD164-1	CD164	ENSG00000135535
CASK-1	CASK	ENSG00000147044
ST6GAL1-1	ST6GAL1	ENSG00000073849
MEIS1-1	MEIS1	ENSG00000143995
GGT7-1	GGT7	ENSG00000131067
PEF1-1	PEF1	ENSG00000162517
TMLHE-1	TMLHE	ENSG00000185973
ARHGAP5-1	ARHGAP5	ENSG00000100852
RIOX1-1	RIOX1	ENSG00000170468
LIMK2-1	LIMK2	ENSG00000182541
ZFP36-1	ZFP36	ENSG00000128016
PMCH-1	PMCH	ENSG00000183395
BANK1-1	BANK1	ENSG00000153064
NCOR1-1	NCOR1	ENSG00000141027
DNAJC19-1	DNAJC19	ENSG00000205981
CSF1-1	CSF1	ENSG00000184371
SMG9-1	SMG9	ENSG00000105771
RNF207-1	RNF207	ENSG00000158286
ZNF532-1	ZNF532	ENSG00000074657
LRRFIP1-1	LRRFIP1	ENSG00000124831
LRBA-1	LRBA	ENSG00000198589
VCAN-1	VCAN	ENSG00000038427
XRN2-1	XRN2	ENSG00000088930
ZHX3-1	ZHX3	ENSG00000174306
CCDC173-1	CFAP210	ENSG00000154479
SMNDC1-1	SMNDC1	ENSG00000119953
GZMK-1	GZMK	ENSG00000113088
PDHB-1	PDHB	ENSG00000168291
CHIC1-1	CHIC1	ENSG00000204116
NFASC-1	NFASC	ENSG00000163531
GINS2-1	GINS2	ENSG00000131153
NRIP3-1	NRIP3	ENSG00000175352
GNPTG-1	GNPTG	ENSG00000090581
PSTPIP2-1	PSTPIP2	ENSG00000152229
PTPRE-1	PTPRE	ENSG00000132334
B4GALT2-1	B4GALT2	ENSG00000117411
CPQ-1	CPQ	ENSG00000104324
G3BP1-1	G3BP1	ENSG00000145907
TIMM10-1	TIMM10	ENSG00000134809
CMC2-1	CMC2	ENSG00000103121
CSKMT-1	CSKMT	ENSG00000214756
FAM13B-1	FAM13B	ENSG00000031003
ZBTB17-1	ZBTB17	ENSG00000116809
SLC35E1-1	SLC35E1	ENSG00000127526
VPS8-1	VPS8	ENSG00000156931
SMARCAD1-1	SMARCAD1	ENSG00000163104
USP42-1	USP42	ENSG00000106346
ALDH2-1	ALDH2	ENSG00000111275
STX4-1	STX4	ENSG00000103496
UPP1-1	UPP1	ENSG00000183696
THTPA-1	THTPA	ENSG00000259431
KAT7-1	KAT7	ENSG00000136504
PNP-1	PNP	ENSG00000198805
RPL7A-1	RPL7A	ENSG00000148303
NMRK1-1	NMRK1	ENSG00000106733
CES4A-1	CES4A	ENSG00000172824
PRUNE1-1	PRUNE1	ENSG00000143363
LRR1-1	LRR1	ENSG00000165501
SLC18B1-1	SLC18B1	ENSG00000146409
SH2B1-1	SH2B1	ENSG00000178188
TFEB-1	TFEB	ENSG00000112561
RAB1A-1	RAB1A	ENSG00000138069
CNOT4-1	CNOT4	ENSG00000080802
PCDH12-1	PCDH12	ENSG00000113555
BLMH-1	BLMH	ENSG00000108578
PEX6-1	PEX6	ENSG00000124587
WDR70-1	WDR70	ENSG00000082068
BTBD6-1	BTBD6	ENSG00000184887
STT3B-1	STT3B	ENSG00000163527
HIST1H2AB-1	H2AC4	ENSG00000278463
PYCR2-1	PYCR2	ENSG00000143811
THAP7-1	THAP7	ENSG00000184436
DBX2-1	DBX2	ENSG00000185610
ITGA5-1	ITGA5	ENSG00000161638
PIGF-1	PIGF	ENSG00000151665
TGFA-1	TGFA	ENSG00000163235
SLC35B2-1	SLC35B2	ENSG00000157593
PLEKHA4-1	PLEKHA4	ENSG00000105559
TMEM199-1	TMEM199	ENSG00000244045
CCT5-1	CCT5	ENSG00000150753
BRWD1-1	BRWD1	ENSG00000185658
NFRKB-1	NFRKB	ENSG00000170322
ITGB2-1	ITGB2	ENSG00000160255
WDR89-1	WDR89	ENSG00000140006
TATDN3-1	TATDN3	ENSG00000203705
ANKS1A-1	ANKS1A	ENSG00000064999
PSMC1-1	PSMC1	ENSG00000100764
SLC2A8-1	SLC2A8	ENSG00000136856
TMED2-1	TMED2	ENSG00000086598
FAM129C-1	NIBAN3	ENSG00000167483
TCF15-1	TCF15	ENSG00000125878
LBX1-1	LBX1	ENSG00000138136
KCNH3-1	KCNH3	ENSG00000135519
SORBS3-1	SORBS3	ENSG00000120896
HNRNPA0-1	HNRNPA0	ENSG00000177733
ELP1-1	ELP1	ENSG00000070061
FASLG-1	FASLG	ENSG00000117560
SMIM24-1	SMIM24	ENSG00000095932
LRP2BP-1	LRP2BP	ENSG00000109771
FARP1-1	FARP1	ENSG00000152767
ZFHX4-1	ZFHX4	ENSG00000091656
DHRS1-1	DHRS1	ENSG00000157379
LYSMD4-1	LYSMD4	ENSG00000183060
SLC38A6-1	SLC38A6	ENSG00000139974
VPS53-1	VPS53	ENSG00000141252
KCNIP4-1	KCNIP4	ENSG00000185774
CCDC61-1	CCDC61	ENSG00000104983
PFKFB1-1	PFKFB1	ENSG00000158571
MAPRE2-1	MAPRE2	ENSG00000166974
ZIC3-1	ZIC3	ENSG00000156925
ARHGAP33-1	ARHGAP33	ENSG00000004777
SOX13-1	SOX13	ENSG00000143842
GSDME-1	GSDME	ENSG00000105928
LIPE-1	LIPE	ENSG00000079435
LRP2-1	LRP2	ENSG00000081479
DNAH1-1	DNAH1	ENSG00000114841
UBXN4-1	UBXN4	ENSG00000144224
RBCK1-1	RBCK1	ENSG00000125826
TSGA10-1	TSGA10	ENSG00000135951
SMAP1-1	SMAP1	ENSG00000112305
SMIM7-1	SMIM7	ENSG00000214046
TNFRSF10B-1	TNFRSF10B	ENSG00000120889
TXN2-1	TXN2	ENSG00000100348
FAM102B-1	EEIG2	ENSG00000162636
LZTR1-1	LZTR1	ENSG00000099949
RASA2-1	RASA2	ENSG00000155903
HMGXB3-1	HMGXB3	ENSG00000113716
LATS1-1	LATS1	ENSG00000131023
PHB2-1	PHB2	ENSG00000215021
LIF-1	LIF	ENSG00000128342
COPG1-1	COPG1	ENSG00000181789
MAGEH1-1	MAGEH1	ENSG00000187601
RAP1GDS1-1	RAP1GDS1	ENSG00000138698
TIMM21-1	TIMM21	ENSG00000075336
RIBC2-1	RIBC2	ENSG00000128408
TMEM63B-1	TMEM63B	ENSG00000137216
IZUMO4-1	IZUMO4	ENSG00000099840
FAM168B-1	FAM168B	ENSG00000152102
C4orf47-1	CFAP96	ENSG00000205129
SLC31A2-1	SLC31A2	ENSG00000136867
NEDD8-1	NEDD8	ENSG00000129559
IMPG2-1	IMPG2	ENSG00000081148
PPWD1-1	PPWD1	ENSG00000113593
PAQR6-1	PAQR6	ENSG00000160781
SIRT2-1	SIRT2	ENSG00000068903
SPAG9-1	SPAG9	ENSG00000008294
DBX1-1	DBX1	ENSG00000109851
DIAPH3-1	DIAPH3	ENSG00000139734
ZNF567-1	ZNF567	ENSG00000189042
STK38L-1	STK38L	ENSG00000211455
RGMB-1	RGMB	ENSG00000174136
PRKD3-1	PRKD3	ENSG00000115825
RNF121-1	RNF121	ENSG00000137522
ZNF711-1	ZNF711	ENSG00000147180
PIP5K1B-1	PIP5K1B	ENSG00000107242
MAPK13-1	MAPK13	ENSG00000156711
LIG4-1	LIG4	ENSG00000174405
GPHN-1	GPHN	ENSG00000171723
ARHGAP25-1	ARHGAP25	ENSG00000163219
FABP4-1	FABP4	ENSG00000170323
ITSN2-1	ITSN2	ENSG00000198399
C8orf76-1	C8orf76	ENSG00000189376
SMG7-1	SMG7	ENSG00000116698
ZNRF2-1	ZNRF2	ENSG00000180233
PLEKHA8-1	PLEKHA8	ENSG00000106086
GTF2H1-1	GTF2H1	ENSG00000110768
FDPS-1	FDPS	ENSG00000160752
SPDYA-1	SPDYA	ENSG00000163806
PLEKHF2-1	PLEKHF2	ENSG00000175895
RCAN1-1	RCAN1	ENSG00000159200
FYN-1	FYN	ENSG00000010810
CAMLG-1	CAMLG	ENSG00000164615
MRPL49-1	MRPL49	ENSG00000149792
NKX6-2-1	NKX6-2	ENSG00000148826
RUFY3-1	RUFY3	ENSG00000018189
DDX60-1	DDX60	ENSG00000137628
PPP4R1-1	PPP4R1	ENSG00000154845
RAB2B-1	RAB2B	ENSG00000129472
SUMO3-1	SUMO3	ENSG00000184900
UNC45A-1	UNC45A	ENSG00000140553
POLD2-1	POLD2	ENSG00000106628
ST3GAL1-1	ST3GAL1	ENSG00000008513
TRA2A-1	TRA2A	ENSG00000164548
NOP56-1	NOP56	ENSG00000101361
PTRH1-1	PTRH1	ENSG00000187024
ARNTL-1	BMAL1	ENSG00000133794
PSMA5-1	PSMA5	ENSG00000143106
SH3BP1-1	SH3BP1	ENSG00000100092
MTMR7-1	MTMR7	ENSG00000003987
KIAA0100-1	BLTP2	ENSG00000007202
QSER1-1	QSER1	ENSG00000060749
HEATR5A-1	HEATR5A	ENSG00000129493
PLPP1-1	PLPP1	ENSG00000067113
CLASP1-1	CLASP1	ENSG00000074054
NICN1-1	NICN1	ENSG00000145029
GET4-1	GET4	ENSG00000239857
MYC-1	MYC	ENSG00000136997
NKD1-1	NKD1	ENSG00000140807
CLCC1-1	CLCC1	ENSG00000121940
TVP23B-1	TVP23B	ENSG00000171928
ZFYVE9-1	ZFYVE9	ENSG00000157077
BCS1L-1	BCS1L	ENSG00000074582
AUTS2-1	AUTS2	ENSG00000158321
USP25-1	USP25	ENSG00000155313
CACNA1D-1	CACNA1D	ENSG00000157388
RAB11FIP5-1	RAB11FIP5	ENSG00000135631
ELOVL5-1	ELOVL5	ENSG00000012660
ARHGAP10-1	ARHGAP10	ENSG00000071205
CKS2-1	CKS2	ENSG00000123975
IMPAD1-1	BPNT2	ENSG00000104331
CRNKL1-1	CRNKL1	ENSG00000101343
TMED8-1	TMED8	ENSG00000100580
SDCBP-1	SDCBP	ENSG00000137575
GPR157-1	GPR157	ENSG00000180758
GTF2H3-1	GTF2H3	ENSG00000111358
CENPK-1	CENPK	ENSG00000123219
YIPF4-1	YIPF4	ENSG00000119820
BOP1-1	BOP1	ENSG00000261236
HELQ-1	HELQ	ENSG00000163312
APOBEC3H-1	APOBEC3H	ENSG00000100298
CCM2-1	CCM2	ENSG00000136280
PURB-1	PURB	ENSG00000146676
VCPIP1-1	VCPIP1	ENSG00000175073
PLEKHB1-1	PLEKHB1	ENSG00000021300
NUDT7-1	NUDT7	ENSG00000140876
PTCD2-1	PTCD2	ENSG00000049883
SPZ1-1	SPZ1	ENSG00000164299
CCDC92-1	CCDC92	ENSG00000119242
NABP1-1	NABP1	ENSG00000173559
SCAF4-1	SCAF4	ENSG00000156304
RTN3-1	RTN3	ENSG00000133318
GPRIN3-1	GPRIN3	ENSG00000185477
CTDNEP1-1	CTDNEP1	ENSG00000175826
PIP4P2-1	PIP4P2	ENSG00000155099
DEDD-1	DEDD	ENSG00000158796
TPM2-1	TPM2	ENSG00000198467
ALG13-1	ALG13	ENSG00000101901
SKIL-1	SKIL	ENSG00000136603
FLT3LG-1	FLT3LG	ENSG00000090554
UBE2Z-1	UBE2Z	ENSG00000159202
UQCR10-1	UQCR10	ENSG00000184076
ADGRE2-1	ADGRE2	ENSG00000127507
TCEAL9-1	TCEAL9	ENSG00000185222
RMDN3-1	RMDN3	ENSG00000137824
SIRT3-1	SIRT3	ENSG00000142082
PIGH-1	PIGH	ENSG00000100564
PATJ-1	PATJ	ENSG00000132849
DYM-1	DYM	ENSG00000141627
C3AR1-1	C3AR1	ENSG00000171860
FOXG1-1	FOXG1	ENSG00000176165
MARCH9-1	MARCHF9	ENSG00000139266
TRMT5-1	TRMT5	ENSG00000126814
VIM-1	VIM	ENSG00000026025
PISD-1	PISD	ENSG00000241878
SMIM19-1	SMIM19	ENSG00000176209
ANAPC1-1	ANAPC1	ENSG00000153107
CCNYL1-1	CCNYL1	ENSG00000163249
MCM9-1	MCM9	ENSG00000111877
SMUG1-1	SMUG1	ENSG00000123415
C2orf68-1	C2orf68	ENSG00000168887
TIMM29-1	TIMM29	ENSG00000142444
TP53BP2-1	TP53BP2	ENSG00000143514
PTGES2-1	PTGES2	ENSG00000148334
FOXB1-1	FOXB1	ENSG00000171956
GIPR-1	GIPR	ENSG00000010310
STRADB-1	STRADB	ENSG00000082146
STAU2-1	STAU2	ENSG00000040341
FAM206A-1	ABITRAM	ENSG00000119328
ATP5S-1	DMAC2L	ENSG00000125375
RASL11A-1	RASL11A	ENSG00000122035
TMEM206-1	PACC1	ENSG00000065600
NRIP2-1	NRIP2	ENSG00000053702
HMGN3-1	HMGN3	ENSG00000118418
KRT1-1	KRT1	ENSG00000167768
AP3B1-1	AP3B1	ENSG00000132842
FMC1-1	FMC1	ENSG00000164898
KLHL17-1	KLHL17	ENSG00000187961
RELA-1	RELA	ENSG00000173039
RNF126-1	RNF126	ENSG00000070423
DUSP11-1	DUSP11	ENSG00000144048
CHAC1-1	CHAC1	ENSG00000128965
MAPK7-1	MAPK7	ENSG00000166484
SLC26A2-1	SLC26A2	ENSG00000155850
PDK4-1	PDK4	ENSG00000004799
PLK4-1	PLK4	ENSG00000142731
FEZF2-1	FEZF2	ENSG00000153266
ALCAM-1	ALCAM	ENSG00000170017
TPRA1-1	TPRA1	ENSG00000163870
RPAP2-1	RPAP2	ENSG00000122484
MTMR9-1	MTMR9	ENSG00000104643
PRTFDC1-1	PRTFDC1	ENSG00000099256
SH3BGRL-1	SH3BGRL	ENSG00000131171
RIN3-1	RIN3	ENSG00000100599
MRPL44-1	MRPL44	ENSG00000135900
NAA20-1	NAA20	ENSG00000173418
TRIM22-1	TRIM22	ENSG00000132274
DDIT4-1	DDIT4	ENSG00000168209
RBPJL-1	RBPJL	ENSG00000124232
RTCB-1	RTCB	ENSG00000100220
SCLY-1	SCLY	ENSG00000132330
BCKDHA-1	BCKDHA	ENSG00000248098
ARHGAP31-1	ARHGAP31	ENSG00000031081
RAF1-1	RAF1	ENSG00000132155
BARD1-1	BARD1	ENSG00000138376
DDX17-1	DDX17	ENSG00000100201
HOXA3-1	HOXA3	ENSG00000105997
MPC2-1	MPC2	ENSG00000143158
VAMP1-1	VAMP1	ENSG00000139190
SLC29A2-1	SLC29A2	ENSG00000174669
USB1-1	USB1	ENSG00000103005
ZNF564-1	ZNF564	ENSG00000249709
MEAF6-1	MEAF6	ENSG00000163875
HSPE1-1	HSPE1	ENSG00000115541
TNFRSF13C-1	TNFRSF13C	ENSG00000159958
ECHDC1-1	ECHDC1	ENSG00000093144
DOK2-1	DOK2	ENSG00000147443
NFX1-1	NFX1	ENSG00000086102
DHRS7-1	DHRS7	ENSG00000100612
VRK1-1	VRK1	ENSG00000100749
CHN2-1	CHN2	ENSG00000106069
AKAP8-1	AKAP8	ENSG00000105127
ZNF112-1	ZNF112	ENSG00000062370
MDH1-1	MDH1	ENSG00000014641
PTAR1-1	PTAR1	ENSG00000188647
MYF5-1	MYF5	ENSG00000111049
SDK2-1	SDK2	ENSG00000069188
PGLS-1	PGLS	ENSG00000130313
B3GNT9-1	B3GNT9	ENSG00000237172
TAF1B-1	TAF1B	ENSG00000115750
GID4-1	GID4	ENSG00000141034
IMPA1-1	IMPA1	ENSG00000133731
FXR1-1	FXR1	ENSG00000114416
COPB1-1	COPB1	ENSG00000129083
DTNB-1	DTNB	ENSG00000138101
RABAC1-1	RABAC1	ENSG00000105404
FRAS1-1	FRAS1	ENSG00000138759
ARF3-1	ARF3	ENSG00000134287
SOWAHC-1	SOWAHC	ENSG00000198142
WDR6-1	WDR6	ENSG00000178252
CDH19-1	CDH19	ENSG00000071991
FRMD3-1	FRMD3	ENSG00000172159
RNF19B-1	RNF19B	ENSG00000116514
FUCA2-1	FUCA2	ENSG00000001036
IFT122-1	IFT122	ENSG00000163913
DNAH10-1	DNAH10	ENSG00000197653
LCP1-1	LCP1	ENSG00000136167
TAF10-1	TAF10	ENSG00000166337
PPP1R13L-1	PPP1R13L	ENSG00000104881
SIPA1L3-1	SIPA1L3	ENSG00000105738
TUBG2-1	TUBG2	ENSG00000037042
FBLN7-1	FBLN7	ENSG00000144152
D2HGDH-1	D2HGDH	ENSG00000180902
IP6K2-1	IP6K2	ENSG00000068745
ATP6V1E2-1	ATP6V1E2	ENSG00000250565
CHCHD3-1	CHCHD3	ENSG00000106554
TCEAL2-1	TCEAL2	ENSG00000184905
MFSD10-1	MFSD10	ENSG00000109736
C5AR1-1	C5AR1	ENSG00000197405
NRROS-1	NRROS	ENSG00000174004
MKLN1-1	MKLN1	ENSG00000128585
RSPH4A-1	RSPH4A	ENSG00000111834
TCEA3-1	TCEA3	ENSG00000204219
PHLDA1-1	PHLDA1	ENSG00000139289
SLC25A19-1	SLC25A19	ENSG00000125454
ZNF32-1	ZNF32	ENSG00000169740
SLC25A45-1	SLC25A45	ENSG00000162241
ZCCHC18-1	ZCCHC18	ENSG00000166707
UGCG-1	UGCG	ENSG00000148154
RAMP1-1	RAMP1	ENSG00000132329
RGS17-1	RGS17	ENSG00000091844
PITX2-1	PITX2	ENSG00000164093
LSP1-1	LSP1	ENSG00000130592
LPL-1	LPL	ENSG00000175445
CARD17-1	CARD17P	ENSG00000255221
PURA-1	PURA	ENSG00000185129
CEP120-1	CEP120	ENSG00000168944
PTPN12-1	PTPN12	ENSG00000127947
EEF1A1-1	EEF1A1	ENSG00000156508
FAM118B-1	FAM118B	ENSG00000197798
PTPRA-1	PTPRA	ENSG00000132670
BANP-1	BANP	ENSG00000172530
DEGS1-1	DEGS1	ENSG00000143753
IGLL5-1	IGLL5	ENSG00000254709
EXOSC5-1	EXOSC5	ENSG00000077348
TCEA1-1	TCEA1	ENSG00000187735
IKBKG-1	IKBKG	ENSG00000269335
DCST2-1	DCST2	ENSG00000163354
MTRF1L-1	MTRF1L	ENSG00000112031
LEF1-1	LEF1	ENSG00000138795
USP11-1	USP11	ENSG00000102226
MARK4-1	MARK4	ENSG00000007047
CRYBG2-1	CRYBG2	ENSG00000176092
POU4F3-1	POU4F3	ENSG00000091010
IL2RA-1	IL2RA	ENSG00000134460
OCEL1-1	OCEL1	ENSG00000099330
TRNAU1AP-1	TRNAU1AP	ENSG00000180098
UBE2V2-1	UBE2V2	ENSG00000169139
KLHDC1-1	KLHDC1	ENSG00000197776
WDR44-1	WDR44	ENSG00000131725
SOX9-1	SOX9	ENSG00000125398
FUCA1-1	FUCA1	ENSG00000179163
HDC-1	HDC	ENSG00000140287
ADGRB2-1	ADGRB2	ENSG00000121753
ABCA2-1	ABCA2	ENSG00000107331
SLC16A10-1	SLC16A10	ENSG00000112394
GBGT1-1	GBGT1	ENSG00000148288
SNTA1-1	SNTA1	ENSG00000101400
STX5-1	STX5	ENSG00000162236
CLIP4-1	CLIP4	ENSG00000115295
SEMA4B-1	SEMA4B	ENSG00000185033
GLB1-1	GLB1	ENSG00000170266
SERTAD3-1	SERTAD3	ENSG00000167565
RICTOR-1	RICTOR	ENSG00000164327
CWC15-1	CWC15	ENSG00000150316
HCFC1R1-1	HCFC1R1	ENSG00000103145
RBAK-1	RBAK	ENSG00000146587
RNF169-1	RNF169	ENSG00000166439
CHMP7-1	CHMP7	ENSG00000147457
F3-1	F3	ENSG00000117525
UBE2W-1	UBE2W	ENSG00000104343
ELOVL7-1	ELOVL7	ENSG00000164181
SARS-1	SARS1	ENSG00000031698
GART-1	GART	ENSG00000159131
BEGAIN-1	BEGAIN	ENSG00000183092
GPAT3-1	GPAT3	ENSG00000138678
CST7-1	CST7	ENSG00000077984
FERD3L-1	FERD3L	ENSG00000146618
PCBD2-1	PCBD2	ENSG00000132570
ZNF490-1	ZNF490	ENSG00000188033
MGAT2-1	MGAT2	ENSG00000168282
ABCD4-1	ABCD4	ENSG00000119688
M6PR-1	M6PR	ENSG00000003056
NME2-1	NME2	ENSG00000243678
ZC3H14-1	ZC3H14	ENSG00000100722
PTPDC1-1	PTPDC1	ENSG00000158079
DLG3-1	DLG3	ENSG00000082458
OTUD1-1	OTUD1	ENSG00000165312
ABI2-1	ABI2	ENSG00000138443
EFCAB2-1	EFCAB2	ENSG00000203666
POU1F1-1	POU1F1	ENSG00000064835
IP6K1-1	IP6K1	ENSG00000176095
GTF2A1-1	GTF2A1	ENSG00000165417
RANBP9-1	RANBP9	ENSG00000010017
LPIN1-1	LPIN1	ENSG00000134324
UBE2H-1	UBE2H	ENSG00000186591
TANGO6-1	TANGO6	ENSG00000103047
MYOF-1	MYOF	ENSG00000138119
MANBA-1	MANBA	ENSG00000109323
CR1-1	CR1	ENSG00000203710
DNTTIP2-1	DNTTIP2	ENSG00000067334
SEC61B-1	SEC61B	ENSG00000106803
RHBDL1-1	RHBDL1	ENSG00000103269
FAM76B-1	FAM76B	ENSG00000077458
SP3-1	SP3	ENSG00000172845
SLC48A1-1	SLC48A1	ENSG00000211584
BAIAP3-1	BAIAP3	ENSG00000007516
SNX6-1	SNX6	ENSG00000129515
EIF4A1-1	EIF4A1	ENSG00000161960
SYTL2-1	SYTL2	ENSG00000137501
GLUD1-1	GLUD1	ENSG00000148672
DEF8-1	DEF8	ENSG00000140995
MTG2-1	MTG2	ENSG00000101181
ISG20L2-1	ISG20L2	ENSG00000143319
ULBP1-1	ULBP1	ENSG00000111981
PIK3R6-1	PIK3R6	ENSG00000276231
GSAP-1	GSAP	ENSG00000186088
ANXA7-1	ANXA7	ENSG00000138279
PANK1-1	PANK1	ENSG00000152782
VSIG10-1	VSIG10	ENSG00000176834
NRBF2-1	NRBF2	ENSG00000148572
FBXL5-1	FBXL5	ENSG00000118564
PGAP3-1	PGAP3	ENSG00000161395
SULT1B1-1	SULT1B1	ENSG00000173597
SAMD9L-1	SAMD9L	ENSG00000177409
ZNF607-1	ZNF607	ENSG00000198182
SURF6-1	SURF6	ENSG00000148296
RASSF4-1	RASSF4	ENSG00000107551
SLC9A8-1	SLC9A8	ENSG00000197818
TARSL2-1	TARS3	ENSG00000185418
ADAMTS17-1	ADAMTS17	ENSG00000140470
MAP3K4-1	MAP3K4	ENSG00000085511
WDR47-1	WDR47	ENSG00000085433
ZNF316-1	ZNF316	ENSG00000205903
SFMBT2-1	SFMBT2	ENSG00000198879
SYTL1-1	SYTL1	ENSG00000142765
PIGV-1	PIGV	ENSG00000060642
ZNF81-1	ZNF81	ENSG00000197779
PSMD5-1	PSMD5	ENSG00000095261
SELENOI-1	SELENOI	ENSG00000138018
RFX3-1	RFX3	ENSG00000080298
ADIPOR1-1	ADIPOR1	ENSG00000159346
TMEM45B-1	TMEM45B	ENSG00000151715
GPR135-1	GPR135	ENSG00000181619
AP4E1-1	AP4E1	ENSG00000081014
FPGS-1	FPGS	ENSG00000136877
STRIP2-1	STRIP2	ENSG00000128578
NNAT-1	NNAT	ENSG00000053438
NT5C3A-1	NT5C3A	ENSG00000122643
TBXAS1-1	TBXAS1	ENSG00000059377
B3GALNT2-1	B3GALNT2	ENSG00000162885
C3orf62-1	C3orf62	ENSG00000188315
ZYX-1	ZYX	ENSG00000159840
TRIM14-1	TRIM14	ENSG00000106785
PRRC2B-1	PRRC2B	ENSG00000288701
ELP4-1	ELP4	ENSG00000109911
GDF15-1	GDF15	ENSG00000130513
CLCF1-1	CLCF1	ENSG00000175505
PPM1D-1	PPM1D	ENSG00000170836
HENMT1-1	HENMT1	ENSG00000162639
HLA-DRB1-1	HLA-DRB1	ENSG00000196126
SNRNP200-1	SNRNP200	ENSG00000144028
CRYL1-1	CRYL1	ENSG00000165475
MAP4K1-1	MAP4K1	ENSG00000104814
ZNF630-1	ZNF630	ENSG00000221994
SH2D1A-1	SH2D1A	ENSG00000183918
TMEM234-1	TMEM234	ENSG00000160055
TSN-1	TSN	ENSG00000211460
ZNF473-1	ZNF473	ENSG00000142528
TRAPPC11-1	TRAPPC11	ENSG00000168538
PMM1-1	PMM1	ENSG00000100417
CLPX-1	CLPX	ENSG00000166855
MAPRE3-1	MAPRE3	ENSG00000084764
TNFSF13-1	TNFSF13	ENSG00000161955
NAA40-1	NAA40	ENSG00000110583
ALMS1-1	ALMS1	ENSG00000116127
ZNF764-1	ZNF764	ENSG00000169951
GYS1-1	GYS1	ENSG00000104812
ZNF217-1	ZNF217	ENSG00000171940
PLAGL1-1	PLAGL1	ENSG00000118495
RNF216-1	RNF216	ENSG00000011275
ZRANB1-1	ZRANB1	ENSG00000019995
PIK3CA-1	PIK3CA	ENSG00000121879
ZNF44-1	ZNF44	ENSG00000197857
ATP8B3-1	ATP8B3	ENSG00000130270
AMMECR1-1	AMMECR1	ENSG00000101935
SNRPB-1	SNRPB	ENSG00000125835
SMAD3-1	SMAD3	ENSG00000166949
TBPL1-1	TBPL1	ENSG00000028839
NUP54-1	NUP54	ENSG00000138750
CAPN10-1	CAPN10	ENSG00000142330
TCF12-1	TCF12	ENSG00000140262
PPP4R3A-1	PPP4R3A	ENSG00000100796
FAM83D-1	FAM83D	ENSG00000101447
CCT7-1	CCT7	ENSG00000135624
RAB5A-1	RAB5A	ENSG00000144566
MXRA8-1	MXRA8	ENSG00000162576
ATIC-1	ATIC	ENSG00000138363
CNOT8-1	CNOT8	ENSG00000155508
TMEM141-1	TMEM141	ENSG00000244187
TXNRD2-1	TXNRD2	ENSG00000184470
ABCG1-1	ABCG1	ENSG00000160179
ITPRID2-1	ITPRID2	ENSG00000138434
LACTB2-1	LACTB2	ENSG00000147592
C1GALT1-1	C1GALT1	ENSG00000106392
TBC1D25-1	TBC1D25	ENSG00000068354
MYO16-1	MYO16	ENSG00000041515
IFI35-1	IFI35	ENSG00000068079
ZNF705G-1	ZNF705G	ENSG00000215372
TTC7A-1	TTC7A	ENSG00000068724
MAL-1	MAL	ENSG00000172005
S100PBP-1	S100PBP	ENSG00000116497
S100A12-1	S100A12	ENSG00000163221
MACF1-1	MACF1	ENSG00000127603
ARL16-1	ARL16	ENSG00000214087
PAGE5-1	PAGE5	ENSG00000158639
HPS5-1	HPS5	ENSG00000110756
ULK4-1	ULK4	ENSG00000168038
LAPTM5-1	LAPTM5	ENSG00000162511
KNOP1-1	KNOP1	ENSG00000103550
RPN1-1	RPN1	ENSG00000163902
AAK1-1	AAK1	ENSG00000115977
RLIM-1	RLIM	ENSG00000131263
OCLM-1	OCLM	OCLM
NCAPD2-1	NCAPD2	ENSG00000010292
PHLPP1-1	PHLPP1	ENSG00000081913
TMUB2-1	TMUB2	ENSG00000168591
AXL-1	AXL	ENSG00000167601
RHOB-1	RHOB	ENSG00000143878
DHX32-1	DHX32	ENSG00000089876
DOCK8-1	DOCK8	ENSG00000107099
OPA3-1	OPA3	ENSG00000125741
RAB8A-1	RAB8A	ENSG00000167461
NIPSNAP1-1	NIPSNAP1	ENSG00000184117
FOXK1-1	FOXK1	ENSG00000164916
ENGASE-1	ENGASE	ENSG00000167280
GTPBP1-1	GTPBP1	ENSG00000100226
UQCRHL-1	UQCRHL	ENSG00000233954
IFT88-1	IFT88	ENSG00000032742
HDAC8-1	HDAC8	ENSG00000147099
KATNAL2-1	KATNAL2	ENSG00000167216
ZNF580-1	ZNF580	ENSG00000213015
PEG3-1	PEG3	ENSG00000198300
LEPR-1	LEPR	ENSG00000116678
ARL4D-1	ARL4D	ENSG00000175906
R3HCC1L-1	R3HCC1L	ENSG00000166024
EPB42-1	EPB42	ENSG00000166947
CBLL1-1	CBLL1	ENSG00000105879
KIF1BP-1	KIFBP	ENSG00000198954
MALT1-1	MALT1	ENSG00000172175
AP3M2-1	AP3M2	ENSG00000070718
CCS-1	CCS	ENSG00000173992
ZBTB3-1	ZBTB3	ENSG00000185670
MRPL48-1	MRPL48	ENSG00000175581
MAF1-1	MAF1	ENSG00000179632
MAP3K7CL-1	MAP3K7CL	ENSG00000156265
NELFB-1	NELFB	ENSG00000188986
CD70-1	CD70	ENSG00000125726
PAX9-1	PAX9	ENSG00000198807
BEX2-1	BEX2	ENSG00000133134
KIF1B-1	KIF1B	ENSG00000054523
VIL1-1	VIL1	ENSG00000127831
FRMD8-1	FRMD8	ENSG00000126391
NCOR2-1	NCOR2	ENSG00000196498
NUFIP1-1	NUFIP1	ENSG00000083635
HOXB9-1	HOXB9	ENSG00000170689
DAAM1-1	DAAM1	ENSG00000100592
SLC12A9-1	SLC12A9	ENSG00000146828
ADAMTS1-1	ADAMTS1	ENSG00000154734
TEC-1	TEC	ENSG00000135605
MCMBP-1	MCMBP	ENSG00000197771
VAV3-1	VAV3	ENSG00000134215
RBM14-1	RBM14	ENSG00000239306
C19orf24-1	FAM174C	ENSG00000228300
FBXO36-1	FBXO36	ENSG00000153832
PRIMPOL-1	PRIMPOL	ENSG00000164306
RUNDC1-1	RUNDC1	ENSG00000198863
SGK2-1	SGK2	ENSG00000101049
WDR92-1	DNAAF10	ENSG00000243667
CCND1-1	CCND1	ENSG00000110092
LLPH-1	LLPH	ENSG00000139233
SMTN-1	SMTN	ENSG00000183963
ARAP1-1	ARAP1	ENSG00000186635
C20orf96-1	C20orf96	ENSG00000196476
ZNF627-1	ZNF627	ENSG00000198551
RYBP-1	RYBP	ENSG00000163602
GATAD2B-1	GATAD2B	ENSG00000143614
ZNF783-1	ZNF783	ENSG00000204946
TECPR1-1	TECPR1	ENSG00000205356
P4HA2-1	P4HA2	ENSG00000072682
POLA1-1	POLA1	ENSG00000101868
GNG7-1	GNG7	ENSG00000176533
C2orf69-1	C2orf69	ENSG00000178074
C1orf131-1	C1orf131	ENSG00000143633
PNMA1-1	PNMA1	ENSG00000176903
JAK3-1	JAK3	ENSG00000105639
GINM1-1	GINM1	ENSG00000055211
NKX6-3-1	NKX6-3	ENSG00000165066
GOLM1-1	GOLM1	ENSG00000135052
EDC3-1	EDC3	ENSG00000179151
ARHGEF6-1	ARHGEF6	ENSG00000129675
ENDOG-1	ENDOG	ENSG00000167136
TIMM17B-1	TIMM17B	ENSG00000126768
SELPLG-1	SELPLG	ENSG00000110876
SERPINB9-1	SERPINB9	ENSG00000170542
ACBD6-1	ACBD6	ENSG00000230124
GNL2-1	GNL2	ENSG00000134697
FUNDC2-1	FUNDC2	ENSG00000165775
MAEA-1	MAEA	ENSG00000090316
MECR-1	MECR	ENSG00000116353
KBTBD6-1	KBTBD6	ENSG00000165572
HOXB2-1	HOXB2	ENSG00000173917
CHKA-1	CHKA	ENSG00000110721
FOXI2-1	FOXI2	ENSG00000186766
SHLD2-1	SHLD2	ENSG00000122376
ZWINT-1	ZWINT	ENSG00000122952
DYNC1H1-1	DYNC1H1	ENSG00000197102
RHOT2-1	RHOT2	ENSG00000140983
DRAM1-1	DRAM1	ENSG00000136048
ADCY3-1	ADCY3	ENSG00000138031
CENPF-1	CENPF	ENSG00000117724
WDR24-1	WDR24	ENSG00000127580
MVB12B-1	MVB12B	ENSG00000196814
POU3F2-1	POU3F2	ENSG00000184486
UBLCP1-1	UBLCP1	ENSG00000164332
NR5A2-1	NR5A2	ENSG00000116833
HLA-DQA1-1	HLA-DQA1	ENSG00000196735
RHOXF1-1	RHOXF1	ENSG00000101883
CACNB2-1	CACNB2	ENSG00000165995
LY9-1	LY9	ENSG00000122224
ORMDL3-1	ORMDL3	ENSG00000172057
L2HGDH-1	L2HGDH	ENSG00000087299
ASTE1-1	ASTE1	ENSG00000034533
CC2D1A-1	CC2D1A	ENSG00000132024
DNA2-1	DNA2	ENSG00000138346
ZNF23-1	ZNF23	ENSG00000167377
SLC45A4-1	SLC45A4	ENSG00000022567
FAM49A-1	CYRIA	ENSG00000197872
FOXJ1-1	FOXJ1	ENSG00000129654
GPATCH3-1	GPATCH3	ENSG00000198746
RALGAPA2-1	RALGAPA2	ENSG00000188559
ECHDC2-1	ECHDC2	ENSG00000121310
MRPL37-1	MRPL37	ENSG00000116221
CD247-1	CD247	ENSG00000198821
MSX1-1	MSX1	ENSG00000163132
TUBE1-1	TUBE1	ENSG00000074935
SLC50A1-1	SLC50A1	ENSG00000169241
XPO1-1	XPO1	ENSG00000082898
LTB4R-1	LTB4R	ENSG00000213903
UTP3-1	UTP3	ENSG00000132467
NRBP1-1	NRBP1	ENSG00000115216
VSIR-1	VSIR	ENSG00000107738
MUT-1	MMUT	ENSG00000146085
AKIRIN1-1	AKIRIN1	ENSG00000174574
GOLGA1-1	GOLGA1	ENSG00000136935
LPP-1	LPP	ENSG00000145012
C18orf25-1	ARK2N	ENSG00000152242
OSR2-1	OSR2	ENSG00000164920
TMEM86B-1	TMEM86B	ENSG00000180089
HLA-DQB1-1	HLA-DQB1	ENSG00000179344
CASTOR1-1	CASTOR1	ENSG00000239282
PCID2-1	PCID2	ENSG00000126226
LHX5-1	LHX5	ENSG00000089116
OXSR1-1	OXSR1	ENSG00000172939
MXI1-1	MXI1	ENSG00000119950
POLQ-1	POLQ	ENSG00000051341
PPCDC-1	PPCDC	ENSG00000138621
CLSTN3-1	CLSTN3	ENSG00000139182
LTBP4-1	LTBP4	ENSG00000090006
TMEM107-1	TMEM107	ENSG00000179029
ARL6IP5-1	ARL6IP5	ENSG00000144746
HOXA4-1	HOXA4	ENSG00000197576
ENSA-1	ENSA	ENSG00000143420
C6orf120-1	C6orf120	ENSG00000185127
PET100-1	PET100	ENSG00000229833
G0S2-1	G0S2	ENSG00000123689
KIF3B-1	KIF3B	ENSG00000101350
KIAA0586-1	KIAA0586	ENSG00000100578
DNAI2-1	DNAI2	ENSG00000171595
SARS2-1	SARS2	ENSG00000104835
ZGPAT-1	ZGPAT	ENSG00000197114
RNF170-1	RNF170	ENSG00000120925
RBM15-1	RBM15	ENSG00000162775
TRAF6-1	TRAF6	ENSG00000175104
AACS-1	AACS	ENSG00000081760
HIST1H2BO-1	H2BC17	ENSG00000274641
ZNF787-1	ZNF787	ENSG00000142409
CCNF-1	CCNF	ENSG00000162063
KATNA1-1	KATNA1	ENSG00000186625
FAM200A-1	FAM200A	ENSG00000221909
HAVCR1-1	HAVCR1	ENSG00000113249
C15orf40-1	C15orf40	ENSG00000169609
TIGIT-1	TIGIT	ENSG00000181847
PTCH1-1	PTCH1	ENSG00000185920
JAKMIP2-1	JAKMIP2	ENSG00000176049
MED23-1	MED23	ENSG00000112282
ZNF540-1	ZNF540	ENSG00000171817
POGK-1	POGK	ENSG00000143157
GFM1-1	GFM1	ENSG00000168827
PROX2-1	PROX2	ENSG00000119608
SPPL3-1	SPPL3	ENSG00000157837
TRIM58-1	TRIM58	ENSG00000162722
RPL36AL-1	RPL36AL	ENSG00000165502
TRAPPC6B-1	TRAPPC6B	ENSG00000182400
SLC39A11-1	SLC39A11	ENSG00000133195
MED26-1	MED26	ENSG00000105085
TTC22-1	TTC22	ENSG00000006555
SAAL1-1	SAAL1	ENSG00000166788
MKNK2-1	MKNK2	ENSG00000099875
MGMT-1	MGMT	ENSG00000170430
RNF181-1	RNF181	ENSG00000168894
GPR19-1	GPR19	ENSG00000183150
HIST1H1B-1	H1-5	ENSG00000184357
CHD1L-1	CHD1L	ENSG00000131778
NFKBIA-1	NFKBIA	ENSG00000100906
JAGN1-1	JAGN1	ENSG00000171135
MPL-1	MPL	ENSG00000117400
MAFF-1	MAFF	ENSG00000185022
PRPF38B-1	PRPF38B	ENSG00000134186
DRAP1-1	DRAP1	ENSG00000175550
ZNF771-1	ZNF771	ENSG00000179965
GIGYF2-1	GIGYF2	ENSG00000204120
GDPD3-1	GDPD3	ENSG00000102886
PCSK7-1	PCSK7	ENSG00000160613
SCAMP1-1	SCAMP1	ENSG00000085365
WASHC4-1	WASHC4	ENSG00000136051
RIF1-1	RIF1	ENSG00000080345
CNTROB-1	CNTROB	ENSG00000170037
MAP3K20-1	MAP3K20	ENSG00000091436
FGFBP3-1	FGFBP3	ENSG00000174721
PGM2-1	PGM2	ENSG00000169299
ALG9-1	ALG9	ENSG00000086848
TIMM8A-1	TIMM8A	ENSG00000126953
TPRX1-1	TPRX1	ENSG00000178928
USP22-1	USP22	ENSG00000124422
GALC-1	GALC	ENSG00000054983
KATNBL1-1	KATNBL1	ENSG00000134152
PIEZO1-1	PIEZO1	ENSG00000103335
NUPR1-1	NUPR1	ENSG00000176046
TYMP-1	TYMP	ENSG00000025708
ZNF324B-1	ZNF324B	ENSG00000249471
TCEANC-1	TCEANC	ENSG00000176896
INPP5F-1	INPP5F	ENSG00000198825
APAF1-1	APAF1	ENSG00000120868
NUDT15-1	NUDT15	ENSG00000136159
GTF2F2-1	GTF2F2	ENSG00000188342
EMG1-1	EMG1	ENSG00000126749
SPRY2-1	SPRY2	ENSG00000136158
HK2-1	HK2	ENSG00000159399
SUFU-1	SUFU	ENSG00000107882
UBE2I-1	UBE2I	ENSG00000103275
CASP8-1	CASP8	ENSG00000064012
ISX-1	ISX	ENSG00000175329
KCTD20-1	KCTD20	ENSG00000112078
TMEM219-1	TMEM219	ENSG00000149932
NUP43-1	NUP43	ENSG00000120253
MRPS2-1	MRPS2	ENSG00000122140
TAF5L-1	TAF5L	ENSG00000135801
PER2-1	PER2	ENSG00000132326
LETM2-1	LETM2	ENSG00000165046
LEMD3-1	LEMD3	ENSG00000174106
TP53I13-1	TP53I13	ENSG00000167543
CHUK-1	CHUK	ENSG00000213341
NDUFB2-1	NDUFB2	ENSG00000090266
FCRLA-1	FCRLA	ENSG00000132185
MLH1-1	MLH1	ENSG00000076242
SSTR3-1	SSTR3	ENSG00000278195
LIMA1-1	LIMA1	ENSG00000050405
P2RY14-1	P2RY14	ENSG00000174944
DCAF13-1	DCAF13	ENSG00000164934
PIK3R5-1	PIK3R5	ENSG00000141506
WDR88-1	WDR88	ENSG00000166359
NKIRAS1-1	NKIRAS1	ENSG00000197885
SERPINH1-1	SERPINH1	ENSG00000149257
HOXC8-1	HOXC8	ENSG00000037965
RHBDD3-1	RHBDD3	ENSG00000100263
EPC1-1	EPC1	ENSG00000120616
ASB1-1	ASB1	ENSG00000065802
TCAIM-1	TCAIM	ENSG00000179152
EPPK1-1	EPPK1	ENSG00000261150
CLCN6-1	CLCN6	ENSG00000011021
ST13-1	ST13	ENSG00000100380
RELL1-1	RELL1	ENSG00000181826
PKD2-1	PKD2	ENSG00000118762
MPPE1-1	MPPE1	ENSG00000154889
SSR3-1	SSR3	ENSG00000114850
OSM-1	OSM	ENSG00000099985
NBPF3-1	NBPF3	ENSG00000142794
TFAP2D-1	TFAP2D	ENSG00000008197
PSMC4-1	PSMC4	ENSG00000013275
AAR2-1	AAR2	ENSG00000131043
RCC1-1	RCC1	ENSG00000180198
HOXD1-1	HOXD1	ENSG00000128645
EIF3A-1	EIF3A	ENSG00000107581
HNRNPUL2-1	HNRNPUL2	ENSG00000214753
ZFYVE16-1	ZFYVE16	ENSG00000039319
GJB6-1	GJB6	ENSG00000121742
RPL29-1	RPL29	ENSG00000162244
FAM160A2-1	FHIP1B	ENSG00000051009
NR2C1-1	NR2C1	ENSG00000120798
TOR1B-1	TOR1B	ENSG00000136816
ENO1-1	ENO1	ENSG00000074800
EPM2AIP1-1	EPM2AIP1	ENSG00000178567
ATG12-1	ATG12	ENSG00000145782
FBXW4-1	FBXW4	ENSG00000107829
ARC-1	ARC	ENSG00000198576
TAS2R4-1	TAS2R4	ENSG00000127364
RMDN1-1	RMDN1	ENSG00000176623
SLC35E3-1	SLC35E3	ENSG00000175782
GTPBP4-1	GTPBP4	ENSG00000107937
KIZ-1	KIZ	ENSG00000088970
VPS29-1	VPS29	ENSG00000111237
NEXN-1	NEXN	ENSG00000162614
GEMIN6-1	GEMIN6	ENSG00000152147
RTL8C-1	RTL8C	ENSG00000134590
HSD17B1-1	HSD17B1	ENSG00000108786
SH3D19-1	SH3D19	ENSG00000109686
TMEM33-1	TMEM33	ENSG00000109133
NDUFB6-1	NDUFB6	ENSG00000165264
HTN3-1	HTN3	ENSG00000205649
IRF5-1	IRF5	ENSG00000128604
ZNF680-1	ZNF680	ENSG00000173041
NARS-1	NARS1	ENSG00000134440
EZR-1	EZR	ENSG00000092820
FCHSD1-1	FCHSD1	ENSG00000197948
SORBS2-1	SORBS2	ENSG00000154556
PLEKHG5-1	PLEKHG5	ENSG00000171680
GMPR-1	GMPR	ENSG00000137198
RPS25-1	RPS25	ENSG00000118181
FBXL19-1	FBXL19	ENSG00000099364
AMZ2-1	AMZ2	ENSG00000196704
NFKBIE-1	NFKBIE	ENSG00000146232
MAN2C1-1	MAN2C1	ENSG00000140400
WIPI1-1	WIPI1	ENSG00000070540
VPS37B-1	VPS37B	ENSG00000139722
GALR2-1	GALR2	ENSG00000182687
REV1-1	REV1	ENSG00000135945
CDKN2AIP-1	CDKN2AIP	ENSG00000168564
SSH3-1	SSH3	ENSG00000172830
CDO1-1	CDO1	ENSG00000129596
MTERF2-1	MTERF2	ENSG00000120832
DMAP1-1	DMAP1	ENSG00000178028
COPG2-1	COPG2	ENSG00000158623
COPS7A-1	COPS7A	ENSG00000111652
YTHDF1-1	YTHDF1	ENSG00000149658
B3GNT2-1	B3GNT2	ENSG00000170340
CMTM1-1	CMTM1	ENSG00000089505
DOCK3-1	DOCK3	ENSG00000088538
TPI1-1	TPI1	ENSG00000111669
SGPP1-1	SGPP1	ENSG00000126821
RCC1L-1	RCC1L	ENSG00000274523
IL21-1	IL21	ENSG00000138684
CDC25B-1	CDC25B	ENSG00000101224
LYZ-1	LYZ	ENSG00000090382
PPIL2-1	PPIL2	ENSG00000100023
C3orf38-1	C3orf38	ENSG00000179021
TADA1-1	TADA1	ENSG00000152382
NFAT5-1	NFAT5	ENSG00000102908
GFI1B-1	GFI1B	ENSG00000165702
CLTB-1	CLTB	ENSG00000175416
COX5B-1	COX5B	ENSG00000135940
EIF5-1	EIF5	ENSG00000100664
TRMT10A-1	TRMT10A	ENSG00000145331
CNBP-1	CNBP	ENSG00000169714
CSNK1G2-1	CSNK1G2	ENSG00000133275
ZNF74-1	ZNF74	ENSG00000185252
POLDIP3-1	POLDIP3	ENSG00000100227
CYB5RL-1	CYB5RL	ENSG00000215883
HSPA13-1	HSPA13	ENSG00000155304
HMBS-1	HMBS	ENSG00000256269
SLC26A3-1	SLC26A3	ENSG00000091138
MEGF9-1	MEGF9	ENSG00000106780
ELF5-1	ELF5	ENSG00000135374
GNPDA1-1	GNPDA1	ENSG00000113552
XPNPEP3-1	XPNPEP3	ENSG00000196236
CCDC78-1	CCDC78	ENSG00000162004
ERO1A-1	ERO1A	ENSG00000197930
NCOA3-1	NCOA3	ENSG00000124151
VSIG2-1	VSIG2	ENSG00000019102
RPS6KL1-1	RPS6KL1	ENSG00000198208
SURF1-1	SURF1	ENSG00000148290
HMBOX1-1	HMBOX1	ENSG00000147421
TIAL1-1	TIAL1	ENSG00000151923
HSPG2-1	HSPG2	ENSG00000142798
ZNF696-1	ZNF696	ENSG00000185730
HEXIM2-1	HEXIM2	ENSG00000168517
STRADA-1	STRADA	ENSG00000266173
ATP8A1-1	ATP8A1	ENSG00000124406
MAMLD1-1	MAMLD1	ENSG00000013619
PRKAB1-1	PRKAB1	ENSG00000111725
AKR1C1-1	AKR1C1	ENSG00000187134
FBXO46-1	FBXO46	ENSG00000177051
CEP290-1	CEP290	ENSG00000198707
ZSWIM4-1	ZSWIM4	ENSG00000132003
FRMD4B-1	FRMD4B	ENSG00000114541
ATXN7L3B-1	ATXN7L3B	ENSG00000253719
STT3A-1	STT3A	ENSG00000134910
KNL1-1	KNL1	ENSG00000137812
MRPL43-1	MRPL43	ENSG00000055950
WDR27-1	WDR27	ENSG00000184465
TMEM126A-1	TMEM126A	ENSG00000171202
CH25H-1	CH25H	ENSG00000138135
PWWP2B-1	PWWP2B	ENSG00000171813
KDM8-1	KDM8	ENSG00000155666
CAT-1	CAT	ENSG00000121691
UQCC2-1	UQCC2	ENSG00000137288
EEPD1-1	EEPD1	ENSG00000122547
IGHMBP2-1	IGHMBP2	ENSG00000132740
ATXN1L-1	ATXN1L	ENSG00000224470
AP2M1-1	AP2M1	ENSG00000161203
BRD1-1	BRD1	ENSG00000100425
RPL14-1	RPL14	ENSG00000188846
ATP13A2-1	ATP13A2	ENSG00000159363
TMEM177-1	TMEM177	ENSG00000144120
EEF1G-1	EEF1G	ENSG00000254772
ZBTB26-1	ZBTB26	ENSG00000171448
RFX2-1	RFX2	ENSG00000087903
ITCH-1	ITCH	ENSG00000078747
SLC9A1-1	SLC9A1	ENSG00000090020
POLR2D-1	POLR2D	ENSG00000144231
HMGCR-1	HMGCR	ENSG00000113161
ZBTB41-1	ZBTB41	ENSG00000177888
STXBP2-1	STXBP2	ENSG00000076944
PDS5A-1	PDS5A	ENSG00000121892
MMAA-1	MMAA	ENSG00000151611
EAF2-1	EAF2	ENSG00000145088
ARFGEF1-1	ARFGEF1	ENSG00000066777
DCTD-1	DCTD	ENSG00000129187
SOD1-1	SOD1	ENSG00000142168
RALBP1-1	RALBP1	ENSG00000017797
OSMR-1	OSMR	ENSG00000145623
COTL1-1	COTL1	ENSG00000103187
PEX1-1	PEX1	ENSG00000127980
PLIN4-1	PLIN4	ENSG00000167676
SCML1-1	SCML1	ENSG00000047634
CYP20A1-1	CYP20A1	ENSG00000119004
PLEKHA5-1	PLEKHA5	ENSG00000052126
GLA-1	GLA	ENSG00000102393
FDXACB1-1	FDXACB1	ENSG00000255561
LDB1-1	LDB1	ENSG00000198728
WIPF2-1	WIPF2	ENSG00000171475
FBXO28-1	FBXO28	ENSG00000143756
RDH5-1	RDH5	ENSG00000135437
ASPM-1	ASPM	ENSG00000066279
RNASEL-1	RNASEL	ENSG00000135828
ZNF483-1	ZNF483	ENSG00000173258
EEF2-1	EEF2	ENSG00000167658
SFXN4-1	SFXN4	ENSG00000183605
COPRS-1	COPRS	ENSG00000172301
TNFSF11-1	TNFSF11	ENSG00000120659
LCMT2-1	LCMT2	ENSG00000168806
MFSD14A-1	MFSD14A	ENSG00000156875
CPVL-1	CPVL	ENSG00000106066
IL12A-1	IL12A	ENSG00000168811
ORC5-1	ORC5	ENSG00000164815
SKAP1-1	SKAP1	ENSG00000141293
DYNLT1-1	DYNLT1	ENSG00000146425
HERPUD2-1	HERPUD2	ENSG00000122557
HAT1-1	HAT1	ENSG00000128708
TTK-1	TTK	ENSG00000112742
IRX1-1	IRX1	ENSG00000170549
CTNS-1	CTNS	ENSG00000040531
CHD3-1	CHD3	ENSG00000170004
PPA2-1	PPA2	ENSG00000138777
RAVER1-1	RAVER1	ENSG00000161847
FRAT2-1	FRAT2	ENSG00000181274
CDIPT-1	CDIPT	ENSG00000103502
ARHGAP30-1	ARHGAP30	ENSG00000186517
EIF1AY-1	EIF1AY	ENSG00000198692
FYB1-1	FYB1	ENSG00000082074
DOCK7-1	DOCK7	ENSG00000116641
CCR2-1	CCR2	ENSG00000121807
PABPN1-1	PABPN1	ENSG00000100836
MORC3-1	MORC3	ENSG00000159256
HGSNAT-1	HGSNAT	ENSG00000165102
SUMO2-1	SUMO2	ENSG00000188612
ITM2A-1	ITM2A	ENSG00000078596
DNM1L-1	DNM1L	ENSG00000087470
CIB2-1	CIB2	ENSG00000136425
ITGA2B-1	ITGA2B	ENSG00000005961
MAFB-1	MAFB	ENSG00000204103
TMEM147-1	TMEM147	ENSG00000105677
RDH10-1	RDH10	ENSG00000121039
ULBP2-1	ULBP2	ENSG00000131015
GUCY1B1-1	GUCY1B1	ENSG00000061918
GNB1-1	GNB1	ENSG00000078369
ZNF233-1	ZNF233	ENSG00000159915
LMOD3-1	LMOD3	ENSG00000163380
SAFB2-1	SAFB2	ENSG00000130254
NR2E3-1	NR2E3	ENSG00000278570
IPO11-1	IPO11	ENSG00000086200
FKTN-1	FKTN	ENSG00000106692
PLA2G6-1	PLA2G6	ENSG00000184381
SNRPE-1	SNRPE	ENSG00000182004
CPSF7-1	CPSF7	ENSG00000149532
ZNF226-1	ZNF226	ENSG00000167380
EPB41L3-1	EPB41L3	ENSG00000082397
CYLD-1	CYLD	ENSG00000083799
JMJD1C-1	JMJD1C	ENSG00000171988
PHOSPHO1-1	PHOSPHO1	ENSG00000173868
ZNF70-1	ZNF70	ENSG00000187792
RCAN3-1	RCAN3	ENSG00000117602
ZNF345-1	ZNF345	ENSG00000251247
FOXA1-1	FOXA1	ENSG00000129514
SPOUT1-1	SPOUT1	ENSG00000198917
SCFD2-1	SCFD2	ENSG00000184178
FIS1-1	FIS1	ENSG00000214253
KPNA3-1	KPNA3	ENSG00000102753
GRIP1-1	GRIP1	ENSG00000155974
HIST1H2BD-1	H2BC5	ENSG00000158373
DNAJB11-1	DNAJB11	ENSG00000090520
PAPSS1-1	PAPSS1	ENSG00000138801
PDE9A-1	PDE9A	ENSG00000160191
RNF167-1	RNF167	ENSG00000108523
SON-1	SON	ENSG00000159140
CCNL1-1	CCNL1	ENSG00000163660
ATP2B4-1	ATP2B4	ENSG00000058668
HNF4G-1	HNF4G	ENSG00000164749
GADD45G-1	GADD45G	ENSG00000130222
TSKU-1	TSKU	ENSG00000182704
HDLBP-1	HDLBP	ENSG00000115677
ANKRD54-1	ANKRD54	ENSG00000100124
MIA2-1	MIA2	ENSG00000150527
ZNF343-1	ZNF343	ENSG00000088876
ZNF444-1	ZNF444	ENSG00000167685
ANKRD16-1	ANKRD16	ENSG00000134461
GATA5-1	GATA5	ENSG00000130700
MAP2K2-1	MAP2K2	ENSG00000126934
YEATS2-1	YEATS2	ENSG00000163872
LDLRAP1-1	LDLRAP1	ENSG00000157978
DEAF1-1	DEAF1	ENSG00000177030
ZNF440-1	ZNF440	ENSG00000171295
TINF2-1	TINF2	ENSG00000092330
CA7-1	CA7	ENSG00000168748
GPS1-1	GPS1	ENSG00000169727
SGTA-1	SGTA	ENSG00000104969
TLR6-1	TLR6	ENSG00000174130
ZNF286B-1	ZNF286B	ENSG00000249459
AIFM1-1	AIFM1	ENSG00000156709
RAX2-1	RAX2	ENSG00000173976
SLC52A2-1	SLC52A2	ENSG00000185803
ATRN-1	ATRN	ENSG00000088812
ZBTB7B-1	ZBTB7B	ENSG00000160685
WARS2-1	WARS2	ENSG00000116874
CXorf21-1	TASL	ENSG00000120280
ZRANB2-1	ZRANB2	ENSG00000132485
ZFP69B-1	ZFP69B	ENSG00000187801
ARL8B-1	ARL8B	ENSG00000134108
LYST-1	LYST	ENSG00000143669
ENTPD6-1	ENTPD6	ENSG00000197586
EIF2D-1	EIF2D	ENSG00000143486
SEPT6-1	SEPTIN6	ENSG00000125354
KLK14-1	KLK14	ENSG00000129437
RHOBTB1-1	RHOBTB1	ENSG00000072422
GPM6B-1	GPM6B	ENSG00000046653
RPL3-1	RPL3	ENSG00000100316
PEX2-1	PEX2	ENSG00000164751
DNAJC25-GNG10-1	DNAJC25-GNG10	ENSG00000244115
RASGRF2-1	RASGRF2	ENSG00000113319
SFXN2-1	SFXN2	ENSG00000156398
MAST3-1	MAST3	ENSG00000099308
BTBD8-1	BTBD8	ENSG00000189195
CDH26-1	CDH26	ENSG00000124215
STK25-1	STK25	ENSG00000115694
HOMER3-1	HOMER3	ENSG00000051128
DNAH3-1	DNAH3	ENSG00000158486
DHX34-1	DHX34	ENSG00000134815
PYROXD1-1	PYROXD1	ENSG00000121350
DCAF1-1	DCAF1	ENSG00000145041
TMEM222-1	TMEM222	ENSG00000186501
CCDC120-1	CCDC120	ENSG00000147144
PPP1R16B-1	PPP1R16B	ENSG00000101445
ZNF772-1	ZNF772	ENSG00000197128
NOP14-1	NOP14	ENSG00000087269
NDUFA8-1	NDUFA8	ENSG00000119421
ALS2-1	ALS2	ENSG00000003393
RARG-1	RARG	ENSG00000172819
HIST1H3E-1	H3C6	ENSG00000274750
MCF2L2-1	MCF2L2	ENSG00000053524
PSMD9-1	PSMD9	ENSG00000110801
PEMT-1	PEMT	ENSG00000133027
SARAF-1	SARAF	ENSG00000133872
ZMYND8-1	ZMYND8	ENSG00000101040
KEAP1-1	KEAP1	ENSG00000079999
PBDC1-1	PBDC1	ENSG00000102390
MYBL1-1	MYBL1	ENSG00000185697
CD63-1	CD63	ENSG00000135404
GPR132-1	GPR132	ENSG00000183484
TNRC6B-1	TNRC6B	ENSG00000100354
UFSP2-1	UFSP2	ENSG00000109775
CCDC88A-1	CCDC88A	ENSG00000115355
PAX5-1	PAX5	ENSG00000196092
GRAMD4-1	GRAMD4	ENSG00000075240
ZNF512B-1	ZNF512B	ENSG00000196700
ATP8B2-1	ATP8B2	ENSG00000143515
VAV1-1	VAV1	ENSG00000141968
CRYZ-1	CRYZ	ENSG00000116791
NXT2-1	NXT2	ENSG00000101888
PRXL2C-1	PRXL2C	ENSG00000158122
ZNF791-1	ZNF791	ENSG00000173875
SRSF11-1	SRSF11	ENSG00000116754
HOXA5-1	HOXA5	ENSG00000106004
DLX3-1	DLX3	ENSG00000064195
ZNF708-1	ZNF708	ENSG00000182141
CRIPT-1	CRIPT	ENSG00000119878
AIMP1-1	AIMP1	ENSG00000164022
MUS81-1	MUS81	ENSG00000172732
FAM204A-1	FAM204A	ENSG00000165669
SOX11-1	SOX11	ENSG00000176887
AKAP9-1	AKAP9	ENSG00000127914
ZNF557-1	ZNF557	ENSG00000130544
BTBD2-1	BTBD2	ENSG00000133243
NDRG2-1	NDRG2	ENSG00000165795
NEUROG3-1	NEUROG3	ENSG00000122859
ANKRD27-1	ANKRD27	ENSG00000105186
USE1-1	USE1	ENSG00000053501
EI24-1	EI24	ENSG00000149547
C19orf38-1	C19orf38	ENSG00000214212
PAWR-1	PAWR	ENSG00000177425
MANF-1	MANF	ENSG00000145050
MCTP1-1	MCTP1	ENSG00000175471
MTSS1-1	MTSS1	ENSG00000170873
SSR2-1	SSR2	ENSG00000163479
DUSP18-1	DUSP18	ENSG00000167065
DDX41-1	DDX41	ENSG00000183258
ZKSCAN5-1	ZKSCAN5	ENSG00000196652
SNX20-1	SNX20	ENSG00000167208
GATA3-1	GATA3	ENSG00000107485
PARP16-1	PARP16	ENSG00000138617
RPS19-1	RPS19	ENSG00000105372
ZMAT4-1	ZMAT4	ENSG00000165061
HSD17B13-1	HSD17B13	ENSG00000170509
CD101-1	CD101	ENSG00000134256
MGST2-1	MGST2	ENSG00000085871
CDKN1A-1	CDKN1A	ENSG00000124762
SLC19A1-1	SLC19A1	ENSG00000173638
UCHL3-1	UCHL3	ENSG00000118939
SLC25A33-1	SLC25A33	ENSG00000171612
CD28-1	CD28	ENSG00000178562
OAS1-1	OAS1	ENSG00000089127
BAIAP2L2-1	BAIAP2L2	ENSG00000128298
NFIA-1	NFIA	ENSG00000162599
FAM220A-1	FAM220A	ENSG00000178397
EEF1B2-1	EEF1B2	ENSG00000114942
SH3KBP1-1	SH3KBP1	ENSG00000147010
HYLS1-1	HYLS1	ENSG00000198331
SLC36A1-1	SLC36A1	ENSG00000123643
DDAH2-1	DDAH2	ENSG00000213722
SRD5A1-1	SRD5A1	ENSG00000145545
RNASEH2B-1	RNASEH2B	ENSG00000136104
SEC11A-1	SEC11A	ENSG00000140612
RXRG-1	RXRG	ENSG00000143171
SFI1-1	SFI1	ENSG00000198089
MIGA1-1	MIGA1	ENSG00000180488
ADCK1-1	ADCK1	ENSG00000063761
ETF1-1	ETF1	ENSG00000120705
TUFM-1	TUFM	ENSG00000178952
MIS18BP1-1	MIS18BP1	ENSG00000129534
HBP1-1	HBP1	ENSG00000105856
IGFBP6-1	IGFBP6	ENSG00000167779
NIPAL2-1	NIPAL2	ENSG00000104361
ZBED3-1	ZBED3	ENSG00000132846
SBF1-1	SBF1	ENSG00000100241
ZNF260-1	ZNF260	ENSG00000254004
FBXW9-1	FBXW9	ENSG00000132004
HES6-1	HES6	ENSG00000144485
PIK3R4-1	PIK3R4	ENSG00000196455
ZRANB3-1	ZRANB3	ENSG00000121988
NAT10-1	NAT10	ENSG00000135372
ZNF761-1	ZNF761	ENSG00000160336
SIDT2-1	SIDT2	ENSG00000149577
MAP1LC3B2-1	MAP1LC3B2	ENSG00000258102
KIAA1191-1	KIAA1191	ENSG00000122203
TMEM273-1	TMEM273	ENSG00000204161
DIP2B-1	DIP2B	ENSG00000066084
CHMP5-1	CHMP5	ENSG00000086065
ISCU-1	ISCU	ENSG00000136003
MED13L-1	MED13L	ENSG00000123066
MAK16-1	MAK16	ENSG00000198042
PLIN3-1	PLIN3	ENSG00000105355
MYH10-1	MYH10	ENSG00000133026
TMEM216-1	TMEM216	ENSG00000187049
ECT2-1	ECT2	ENSG00000114346
NR2C2-1	NR2C2	ENSG00000177463
ACADVL-1	ACADVL	ENSG00000072778
TLK1-1	TLK1	ENSG00000198586
SOX30-1	SOX30	ENSG00000039600
YDJC-1	YDJC	ENSG00000161179
RGS12-1	RGS12	ENSG00000159788
ZNF732-1	ZNF732	ENSG00000186777
PLCG1-1	PLCG1	ENSG00000124181
UQCC1-1	UQCC1	ENSG00000101019
RSL24D1-1	RSL24D1	ENSG00000137876
KDM5B-1	KDM5B	ENSG00000117139
NINJ2-1	NINJ2	ENSG00000171840
ELMO2-1	ELMO2	ENSG00000062598
PLEKHA1-1	PLEKHA1	ENSG00000107679
PTEN-1	PTEN	ENSG00000171862
INSM2-1	INSM2	ENSG00000168348
CASP10-1	CASP10	ENSG00000003400
YLPM1-1	YLPM1	ENSG00000119596
RNF8-1	RNF8	ENSG00000112130
ATP5MC3-1	ATP5MC3	ENSG00000154518
MED25-1	MED25	ENSG00000104973
KANSL1L-1	KANSL1L	ENSG00000144445
LMBRD2-1	LMBRD2	ENSG00000164187
ZNF550-1	ZNF550	ENSG00000251369
ATF7IP2-1	ATF7IP2	ENSG00000166669
WTAP-1	WTAP	ENSG00000146457
MTA1-1	MTA1	ENSG00000182979
HEBP2-1	HEBP2	ENSG00000051620
ERCC6-1	ERCC6	ENSG00000225830
ATG13-1	ATG13	ENSG00000175224
DBN1-1	DBN1	ENSG00000113758
ZNF600-1	ZNF600	ENSG00000189190
ZNF781-1	ZNF781	ENSG00000196381
PAFAH1B2-1	PAFAH1B2	ENSG00000168092
ANAPC16-1	ANAPC16	ENSG00000166295
BRSK1-1	BRSK1	ENSG00000160469
P2RY13-1	P2RY13	ENSG00000181631
SQOR-1	SQOR	ENSG00000137767
BCR-1	BCR	ENSG00000186716
ANKRD11-1	ANKRD11	ENSG00000167522
PRAG1-1	PRAG1	ENSG00000275342
PITPNM2-1	PITPNM2	ENSG00000090975
GHDC-1	GHDC	ENSG00000167925
BIN1-1	BIN1	ENSG00000136717
HELZ-1	HELZ	ENSG00000198265
APBB2-1	APBB2	ENSG00000163697
ZSCAN30-1	ZSCAN30	ENSG00000186814
ZFP36L1-1	ZFP36L1	ENSG00000185650
AAAS-1	AAAS	ENSG00000094914
NLRC5-1	NLRC5	ENSG00000140853
TNPO3-1	TNPO3	ENSG00000064419
PTCRA-1	PTCRA	ENSG00000171611
PA2G4-1	PA2G4	ENSG00000170515
ZNF583-1	ZNF583	ENSG00000198440
PECAM1-1	PECAM1	ENSG00000261371
ACTR8-1	ACTR8	ENSG00000113812
TEPSIN-1	TEPSIN	ENSG00000167302
GJB2-1	GJB2	ENSG00000165474
WDR11-1	WDR11	ENSG00000120008
ERGIC2-1	ERGIC2	ENSG00000087502
MSS51-1	MSS51	ENSG00000166343
BIRC6-1	BIRC6	ENSG00000115760
RTL5-1	RTL5	ENSG00000242732
SOX21-1	SOX21	ENSG00000125285
RPS19BP1-1	RPS19BP1	ENSG00000187051
WNT2B-1	WNT2B	ENSG00000134245
ZNF581-1	ZNF581	ENSG00000171425
CHPF2-1	CHPF2	ENSG00000033100
NAP1L3-1	NAP1L3	ENSG00000186310
AKAP12-1	AKAP12	ENSG00000131016
LPCAT2-1	LPCAT2	ENSG00000087253
TARDBP-1	TARDBP	ENSG00000120948
RNPEP-1	RNPEP	ENSG00000176393
IL1B-1	IL1B	ENSG00000125538
CRB3-1	CRB3	ENSG00000130545
KIF27-1	KIF27	ENSG00000165115
RPRD1A-1	RPRD1A	ENSG00000141425
RFESD-1	RFESD	ENSG00000175449
REG4-1	REG4	ENSG00000134193
FGR-1	FGR	ENSG00000000938
TEAD2-1	TEAD2	ENSG00000074219
VPS45-1	VPS45	ENSG00000136631
NREP-1	NREP	ENSG00000134986
SF3B1-1	SF3B1	ENSG00000115524
CX3CR1-1	CX3CR1	ENSG00000168329
POLR2G-1	POLR2G	ENSG00000168002
GALNT4-1	GALNT4	ENSG00000257594
ZNF133-1	ZNF133	ENSG00000125846
MTBP-1	MTBP	ENSG00000172167
LAMP2-1	LAMP2	ENSG00000005893
ETV3L-1	ETV3L	ENSG00000253831
HIST1H2AC-1	H2AC6	ENSG00000180573
HSD17B10-1	HSD17B10	ENSG00000072506
ZNF589-1	ZNF589	ENSG00000164048
CLN6-1	CLN6	ENSG00000128973
CPNE5-1	CPNE5	ENSG00000124772
SREK1IP1-1	SREK1IP1	ENSG00000153006
ATP5MC1-1	ATP5MC1	ENSG00000159199
ZC3HAV1L-1	ZC3HAV1L	ENSG00000146858
OBSCN-1	OBSCN	ENSG00000154358
WWC1-1	WWC1	ENSG00000113645
MPZL1-1	MPZL1	ENSG00000197965
RALGAPA1-1	RALGAPA1	ENSG00000174373
EHBP1L1-1	EHBP1L1	ENSG00000173442
TMCC3-1	TMCC3	ENSG00000057704
PLEKHG1-1	PLEKHG1	ENSG00000120278
LONP1-1	LONP1	ENSG00000196365
ZNF185-1	ZNF185	ENSG00000147394
WDR54-1	WDR54	ENSG00000005448
EXTL3-1	EXTL3	ENSG00000012232
RITA1-1	RITA1	ENSG00000139405
CXCL16-1	CXCL16	ENSG00000161921
KCNJ1-1	KCNJ1	ENSG00000151704
AKR1E2-1	AKR1E2	ENSG00000165568
FAAP100-1	FAAP100	ENSG00000185504
ATP2C1-1	ATP2C1	ENSG00000017260
CACNB3-1	CACNB3	ENSG00000167535
ORC1-1	ORC1	ENSG00000085840
PRDM8-1	PRDM8	ENSG00000152784
CINP-1	CINP	ENSG00000100865
CD160-1	CD160	ENSG00000117281
KNTC1-1	KNTC1	ENSG00000184445
AGPAT2-1	AGPAT2	ENSG00000169692
RP2-1	RP2	ENSG00000102218
LRRFIP2-1	LRRFIP2	ENSG00000093167
KDM6A-1	KDM6A	ENSG00000147050
PCBP2-1	PCBP2	ENSG00000197111
HMMR-1	HMMR	ENSG00000072571
XPO7-1	XPO7	ENSG00000130227
SFT2D1-1	SFT2D1	ENSG00000198818
ZNF785-1	ZNF785	ENSG00000197162
PCIF1-1	PCIF1	ENSG00000100982
MRPS31-1	MRPS31	ENSG00000102738
NCEH1-1	NCEH1	ENSG00000144959
DCTN4-1	DCTN4	ENSG00000132912
FAS-1	FAS	ENSG00000026103
CCDC141-1	CCDC141	ENSG00000163492
CENPO-1	CENPO	ENSG00000138092
WASF2-1	WASF2	ENSG00000158195
TBC1D13-1	TBC1D13	ENSG00000107021
NKX2-6-1	NKX2-6	ENSG00000180053
FAM13A-1	FAM13A	ENSG00000138640
PRRX2-1	PRRX2	ENSG00000167157
ATP6V1D-1	ATP6V1D	ENSG00000100554
GGCT-1	GGCT	ENSG00000006625
ZNF521-1	ZNF521	ENSG00000198795
ANO10-1	ANO10	ENSG00000160746
STON1-1	STON1	ENSG00000243244
FOXE1-1	FOXE1	ENSG00000178919
TBC1D1-1	TBC1D1	ENSG00000065882
MGAT5-1	MGAT5	ENSG00000152127
UCK2-1	UCK2	ENSG00000143179
INPP4A-1	INPP4A	ENSG00000040933
ZNF626-1	ZNF626	ENSG00000188171
ZNF2-1	ZNF2	ENSG00000275111
NEFM-1	NEFM	ENSG00000104722
POLM-1	POLM	ENSG00000122678
ZFYVE27-1	ZFYVE27	ENSG00000155256
COPS5-1	COPS5	ENSG00000121022
SP140L-1	SP140L	ENSG00000185404
ALG10B-1	ALG10B	ENSG00000175548
COX7A2-1	COX7A2	ENSG00000112695
LRIG2-1	LRIG2	ENSG00000198799
PHLDA3-1	PHLDA3	ENSG00000174307
KCNN4-1	KCNN4	ENSG00000104783
TMX3-1	TMX3	ENSG00000166479
HPDL-1	HPDL	ENSG00000186603
TNFSF12-1	TNFSF12	ENSG00000239697
GM2A-1	GM2A	ENSG00000196743
CCDC171-1	CCDC171	ENSG00000164989
SMURF1-1	SMURF1	ENSG00000198742
TPRG1-1	TPRG1	ENSG00000188001
TSPYL2-1	TSPYL2	ENSG00000184205
CD276-1	CD276	ENSG00000103855
AGTRAP-1	AGTRAP	ENSG00000177674
TTF2-1	TTF2	ENSG00000116830
AZIN1-1	AZIN1	ENSG00000155096
ADARB2-1	ADARB2	ENSG00000185736
GPSM2-1	GPSM2	ENSG00000121957
RNF139-1	RNF139	ENSG00000170881
PRSS21-1	PRSS21	ENSG00000007038
GAA-1	GAA	ENSG00000171298
NPC2-1	NPC2	ENSG00000119655
MMS22L-1	MMS22L	ENSG00000146263
ZSWIM3-1	ZSWIM3	ENSG00000132801
ESYT2-1	ESYT2	ENSG00000117868
C5orf24-1	C5orf24	ENSG00000181904
B9D2-1	B9D2	ENSG00000123810
CTR9-1	CTR9	ENSG00000198730
ZNF19-1	ZNF19	ENSG00000157429
BYSL-1	BYSL	ENSG00000112578
CD4-1	CD4	ENSG00000010610
TIMM8B-1	TIMM8B	ENSG00000150779
BRAT1-1	BRAT1	ENSG00000106009
EOMES-1	EOMES	ENSG00000163508
CSF2-1	CSF2	ENSG00000164400
TOP3A-1	TOP3A	ENSG00000177302
GNRH1-1	GNRH1	ENSG00000147437
SLC27A5-1	SLC27A5	ENSG00000083807
SNED1-1	SNED1	ENSG00000162804
TTC24-1	TTC24	ENSG00000187862
ERCC4-1	ERCC4	ENSG00000175595
ZNF285-1	ZNF285	ENSG00000267508
ANGEL2-1	ANGEL2	ENSG00000174606
ADCY7-1	ADCY7	ENSG00000121281
ZNF710-1	ZNF710	ENSG00000140548
MTR-1	MTR	ENSG00000116984
RPS6-1	RPS6	ENSG00000137154
RCE1-1	RCE1	ENSG00000173653
PRKAA1-1	PRKAA1	ENSG00000132356
KPNA5-1	KPNA5	ENSG00000196911
SBF2-1	SBF2	ENSG00000133812
RPL39L-1	RPL39L	ENSG00000163923
ATP5F1B-1	ATP5F1B	ENSG00000110955
CALHM6-1	CALHM6	ENSG00000188820
SLC5A6-1	SLC5A6	ENSG00000138074
FXYD7-1	FXYD7	ENSG00000221946
TLCD1-1	TLCD1	ENSG00000160606
FAM170A-1	FAM170A	ENSG00000164334
RAB9B-1	RAB9B	ENSG00000123570
FOXC2-1	FOXC2	ENSG00000176692
RAX-1	RAX	ENSG00000134438
ZFYVE21-1	ZFYVE21	ENSG00000100711
PRR5L-1	PRR5L	ENSG00000135362
HOXD4-1	HOXD4	ENSG00000170166
HOXC11-1	HOXC11	ENSG00000123388
TCAP-1	TCAP	ENSG00000173991
PSPC1-1	PSPC1	ENSG00000121390
USP34-1	USP34	ENSG00000115464
SYNGR2-1	SYNGR2	ENSG00000108639
MUC13-1	MUC13	ENSG00000173702
H1F0-1	H1-0	ENSG00000189060
TMED5-1	TMED5	ENSG00000117500
PRR27-1	PRR27	ENSG00000187533
FAM227B-1	FAM227B	ENSG00000166262
DUSP22-1	DUSP22	ENSG00000112679
SSH2-1	SSH2	ENSG00000141298
MON1B-1	MON1B	ENSG00000103111
CLIC3-1	CLIC3	ENSG00000169583
COMMD3-BMI1-1	COMMD3-BMI1	ENSG00000269897
PNMA3-1	PNMA3	ENSG00000183837
ZNF880-1	ZNF880	ENSG00000221923
HOXD3-1	HOXD3	ENSG00000128652
SNRNP35-1	SNRNP35	ENSG00000184209
TBPL2-1	TBPL2	ENSG00000182521
SOGA3-1	MTCL3	ENSG00000214338
CCDC150-1	CCDC150	ENSG00000144395
TBC1D15-1	TBC1D15	ENSG00000121749
REEP4-1	REEP4	ENSG00000168476
ZNF200-1	ZNF200	ENSG00000010539
BCLAF1-1	BCLAF1	ENSG00000029363
ALKBH1-1	ALKBH1	ENSG00000100601
WDR82-1	WDR82	ENSG00000164091
RXYLT1-1	RXYLT1	ENSG00000118600
TKT-1	TKT	ENSG00000163931
EFR3A-1	EFR3A	ENSG00000132294
TPMT-1	TPMT	ENSG00000137364
SEMA6A-1	SEMA6A	ENSG00000092421
UAP1-1	UAP1	ENSG00000117143
TF-1	TF	ENSG00000091513
SLC9A3R2-1	NHERF2	ENSG00000065054
TRIM2-1	TRIM2	ENSG00000109654
NAA60-1	NAA60	ENSG00000122390
RASSF1-1	RASSF1	ENSG00000068028
OSGEPL1-1	OSGEPL1	ENSG00000128694
MRPS34-1	MRPS34	ENSG00000074071
SH3BGRL2-1	SH3BGRL2	ENSG00000198478
IPO13-1	IPO13	ENSG00000117408
HIST1H2BI-1	H2BC10	ENSG00000278588
MECOM-1	MECOM	ENSG00000085276
RBBP8-1	RBBP8	ENSG00000101773
MARCKS-1	MARCKS	ENSG00000277443
CFAP410-1	CFAP410	ENSG00000160226
NDST1-1	NDST1	ENSG00000070614
STX12-1	STX12	ENSG00000117758
FAAP20-1	FAAP20	ENSG00000162585
TULP4-1	TULP4	ENSG00000130338
ABCC10-1	ABCC10	ENSG00000124574
ZNF493-1	ZNF493	ENSG00000196268
RB1-1	RB1	ENSG00000139687
ZNF354A-1	ZNF354A	ENSG00000169131
ELF3-1	ELF3	ENSG00000163435
KLC4-1	KLC4	ENSG00000137171
TAF6-1	TAF6	ENSG00000106290
NECTIN2-1	NECTIN2	ENSG00000130202
EBF4-1	EBF4	ENSG00000088881
TBCC-1	TBCC	ENSG00000124659
FAM111B-1	FAM111B	ENSG00000189057
LAG3-1	LAG3	ENSG00000089692
ZNF304-1	ZNF304	ENSG00000131845
STIM1-1	STIM1	ENSG00000167323
NME6-1	NME6	ENSG00000172113
TBX4-1	TBX4	ENSG00000121075
SLC26A1-1	SLC26A1	ENSG00000145217
CSMD2-1	CSMD2	ENSG00000121904
TRIB2-1	TRIB2	ENSG00000071575
C2orf49-1	C2orf49	ENSG00000135974
ACTR10-1	ACTR10	ENSG00000131966
VSX1-1	VSX1	ENSG00000100987
ZNF236-1	ZNF236	ENSG00000130856
MBOAT1-1	MBOAT1	ENSG00000172197
NDUFB11-1	NDUFB11	ENSG00000147123
STARD3-1	STARD3	ENSG00000131748
ZNF614-1	ZNF614	ENSG00000142556
MARS-1	MARS1	ENSG00000166986
DTD1-1	DTD1	ENSG00000125821
CRY1-1	CRY1	ENSG00000008405
ARFRP1-1	ARFRP1	ENSG00000101246
AHCY-1	AHCY	ENSG00000101444
EIF3D-1	EIF3D	ENSG00000100353
CST3-1	CST3	ENSG00000101439
PLEKHO1-1	PLEKHO1	ENSG00000023902
ZNF282-1	ZNF282	ENSG00000170265
NPR2-1	NPR2	ENSG00000159899
LAPTM4B-1	LAPTM4B	ENSG00000104341
CHCHD2-1	CHCHD2	ENSG00000106153
CORO2A-1	CORO2A	ENSG00000106789
KIF2A-1	KIF2A	ENSG00000068796
PLD4-1	PLD4	ENSG00000166428
AMBRA1-1	AMBRA1	ENSG00000110497
TCEAL1-1	TCEAL1	ENSG00000172465
PTPN18-1	PTPN18	ENSG00000072135
SRP9-1	SRP9	ENSG00000143742
RAB19-1	RAB19	ENSG00000146955
BUD31-1	BUD31	ENSG00000106245
TPM4-1	TPM4	ENSG00000167460
FAM24B-1	FAM24B	ENSG00000213185
FOXP3-1	FOXP3	ENSG00000049768
ALG1-1	ALG1	ENSG00000033011
NPTX1-1	NPTX1	ENSG00000171246
C4orf3-1	C4orf3	ENSG00000164096
ZBED4-1	ZBED4	ENSG00000100426
ZSWIM9-1	ZSWIM9	ENSG00000185453
CLDN7-1	CLDN7	ENSG00000181885
BCL2L1-1	BCL2L1	ENSG00000171552
BAG2-1	BAG2	ENSG00000112208
SOX15-1	SOX15	ENSG00000129194
FOXN3-1	FOXN3	ENSG00000053254
ST8SIA4-1	ST8SIA4	ENSG00000113532
RBM38-1	RBM38	ENSG00000132819
FAM84B-1	LRATD2	ENSG00000168672
KANSL3-1	KANSL3	ENSG00000114982
SRD5A3-1	SRD5A3	ENSG00000128039
ACSS1-1	ACSS1	ENSG00000154930
SPTY2D1-1	SPTY2D1	ENSG00000179119
MAP1LC3A-1	MAP1LC3A	ENSG00000101460
TMEM200A-1	TMEM200A	ENSG00000164484
KCNIP3-1	KCNIP3	ENSG00000115041
RUFY2-1	RUFY2	ENSG00000204130
ARHGDIA-1	ARHGDIA	ENSG00000141522
REEP5-1	REEP5	ENSG00000129625
COG2-1	COG2	ENSG00000135775
ANO9-1	ANO9	ENSG00000185101
UTRN-1	UTRN	ENSG00000152818
KDELC2-1	POGLUT3	ENSG00000178202
RPN2-1	RPN2	ENSG00000118705
ELMOD2-1	ELMOD2	ENSG00000179387
SHLD1-1	SHLD1	ENSG00000171984
ALS2CL-1	ALS2CL	ENSG00000178038
GRHL2-1	GRHL2	ENSG00000083307
ADPRHL2-1	ADPRS	ENSG00000116863
TTLL11-1	TTLL11	ENSG00000175764
TMEM45A-1	TMEM45A	ENSG00000181458
FRY-1	FRY	ENSG00000073910
EHD4-1	EHD4	ENSG00000103966
TOMM22-1	TOMM22	ENSG00000100216
SH3BGR-1	SH3BGR	ENSG00000185437
USP16-1	USP16	ENSG00000156256
SWAP70-1	SWAP70	ENSG00000133789
RAB3IP-1	RAB3IP	ENSG00000127328
SYNGR1-1	SYNGR1	ENSG00000100321
CCR10-1	CCR10	ENSG00000184451
TMEM231-1	TMEM231	ENSG00000205084
KIAA1143-1	KIAA1143	ENSG00000163807
PSAT1-1	PSAT1	ENSG00000135069
RRP12-1	RRP12	ENSG00000052749
COA7-1	COA7	ENSG00000162377
HOXC5-1	HOXC5	ENSG00000172789
ENTPD5-1	ENTPD5	ENSG00000187097
SERPINE2-1	SERPINE2	ENSG00000135919
RBM5-1	RBM5	ENSG00000003756
CCSER2-1	CCSER2	ENSG00000107771
RAG1-1	RAG1	ENSG00000166349
TM7SF3-1	TM7SF3	ENSG00000064115
GORAB-1	GORAB	ENSG00000120370
ADAT2-1	ADAT2	ENSG00000189007
GNB1L-1	GNB1L	ENSG00000185838
PEBP1-1	PEBP1	ENSG00000089220
NXT1-1	NXT1	ENSG00000132661
HEBP1-1	HEBP1	ENSG00000013583
CREG1-1	CREG1	ENSG00000143162
NUDT12-1	NUDT12	ENSG00000112874
TKFC-1	TKFC	ENSG00000149476
XAB2-1	XAB2	ENSG00000076924
SLC38A9-1	SLC38A9	ENSG00000177058
PRKDC-1	PRKDC	ENSG00000253729
ARHGEF19-1	ARHGEF19	ENSG00000142632
SCRN3-1	SCRN3	ENSG00000144306
ZNF131-1	ZNF131	ENSG00000172262
AMER1-1	AMER1	ENSG00000184675
ZNF138-1	ZNF138	ENSG00000197008
SMARCD2-1	SMARCD2	ENSG00000108604
CEACAM1-1	CEACAM1	ENSG00000079385
CREBBP-1	CREBBP	ENSG00000005339
PANK2-1	PANK2	ENSG00000125779
HPGD-1	HPGD	ENSG00000164120
EVC-1	EVC	ENSG00000072840
PROP1-1	PROP1	ENSG00000175325
GPATCH1-1	GPATCH1	ENSG00000076650
MME-1	MME	ENSG00000196549
PRKCH-1	PRKCH	ENSG00000027075
TRIR-1	TRIR	ENSG00000123144
GLO1-1	GLO1	ENSG00000124767
CFAP97-1	CFAP97	ENSG00000164323
ZNF10-1	ZNF10	ENSG00000256223
L3HYPDH-1	L3HYPDH	ENSG00000126790
UQCRFS1-1	UQCRFS1	ENSG00000169021
NFE2-1	NFE2	ENSG00000123405
PRDM13-1	PRDM13	ENSG00000112238
PHKA2-1	PHKA2	ENSG00000044446
ZEB2-1	ZEB2	ENSG00000169554
TMEM173-1	STING1	ENSG00000184584
ELMO3-1	ELMO3	ENSG00000102890
TRAK1-1	TRAK1	ENSG00000182606
TET3-1	TET3	ENSG00000187605
SPG21-1	SPG21	ENSG00000090487
PITX3-1	PITX3	ENSG00000107859
SLC41A1-1	SLC41A1	ENSG00000133065
PIAS4-1	PIAS4	ENSG00000105229
SPARCL1-1	SPARCL1	ENSG00000152583
ENPP1-1	ENPP1	ENSG00000197594
IKZF1-1	IKZF1	ENSG00000185811
CHST7-1	CHST7	ENSG00000147119
WRB-1	GET1	ENSG00000182093
C19orf57-1	BRME1	ENSG00000132016
MPP2-1	MPP2	ENSG00000108852
CARF-1	CARF	ENSG00000138380
SPINK1-1	SPINK1	ENSG00000164266
STK36-1	STK36	ENSG00000163482
ZBP1-1	ZBP1	ENSG00000124256
SUGP2-1	SUGP2	ENSG00000064607
DGAT1-1	DGAT1	ENSG00000185000
VPS33B-1	VPS33B	ENSG00000184056
RIC3-1	RIC3	ENSG00000166405
PTBP2-1	PTBP2	ENSG00000117569
HAUS7-1	HAUS7	ENSG00000213397
ARHGAP32-1	ARHGAP32	ENSG00000134909
ABHD5-1	ABHD5	ENSG00000011198
BMP2K-1	BMP2K	ENSG00000138756
ATG4D-1	ATG4D	ENSG00000130734
METTL22-1	METTL22	ENSG00000067365
RBM33-1	RBM33	ENSG00000184863
HARS-1	HARS1	ENSG00000170445
SGK1-1	SGK1	ENSG00000118515
MRPS24-1	MRPS24	ENSG00000062582
ANKK1-1	ANKK1	ENSG00000170209
STIM2-1	STIM2	ENSG00000109689
NT5C3B-1	NT5C3B	ENSG00000141698
C4orf46-1	C4orf46	ENSG00000205208
SPIDR-1	SPIDR	ENSG00000164808
SMR3B-1	SMR3B	ENSG00000171201
CEP170B-1	CEP170B	ENSG00000099814
DDX27-1	DDX27	ENSG00000124228
HOOK2-1	HOOK2	ENSG00000095066
ZNF547-1	ZNF547	ENSG00000152433
RNFT2-1	RNFT2	ENSG00000135119
ZNF491-1	ZNF491	ENSG00000177599
MSANTD3-1	MSANTD3	ENSG00000066697
GSPT2-1	GSPT2	ENSG00000189369
CRX-1	CRX	ENSG00000105392
NNT-1	NNT	ENSG00000112992
RNF135-1	RNF135	ENSG00000181481
DNMT3A-1	DNMT3A	ENSG00000119772
FBXL18-1	FBXL18	ENSG00000155034
CAMTA2-1	CAMTA2	ENSG00000108509
GRK3-1	GRK3	ENSG00000100077
F5-1	F5	ENSG00000198734
CADM1-1	CADM1	ENSG00000182985
SOCS2-1	SOCS2	ENSG00000120833
PKP2-1	PKP2	ENSG00000057294
PLPBP-1	PLPBP	ENSG00000147471
RASGRP2-1	RASGRP2	ENSG00000068831
HNRNPF-1	HNRNPF	ENSG00000169813
S100A16-1	S100A16	ENSG00000188643
ZBTB25-1	ZBTB25	ENSG00000089775
SAT2-1	SAT2	ENSG00000141504
CXCL9-1	CXCL9	ENSG00000138755
NAA10-1	NAA10	ENSG00000102030
MBLAC2-1	MBLAC2	ENSG00000176055
S100B-1	S100B	ENSG00000160307
OGFOD2-1	OGFOD2	ENSG00000111325
MID1IP1-1	MID1IP1	ENSG00000165175
SGK494-1	RSKR	ENSG00000167524
SP140-1	SP140	ENSG00000079263
POP5-1	POP5	ENSG00000167272
HIST1H3I-1	H3C11	ENSG00000275379
RAE1-1	RAE1	ENSG00000101146
EIF4A3-1	EIF4A3	ENSG00000141543
MTF1-1	MTF1	ENSG00000188786
ELAC1-1	ELAC1	ENSG00000141642
CYP27B1-1	CYP27B1	ENSG00000111012
LRRC23-1	LRRC23	ENSG00000010626
LAX1-1	LAX1	ENSG00000122188
MCM6-1	MCM6	ENSG00000076003
INTS11-1	INTS11	ENSG00000127054
ZCCHC10-1	ZCCHC10	ENSG00000155329
PTOV1-1	PTOV1	ENSG00000104960
VPS13B-1	VPS13B	ENSG00000132549
SAMD4A-1	SAMD4A	ENSG00000020577
TERF2IP-1	TERF2IP	ENSG00000166848
KLC1-1	KLC1	ENSG00000126214
PPP2R5D-1	PPP2R5D	ENSG00000112640
TAOK1-1	TAOK1	ENSG00000160551
CD3G-1	CD3G	ENSG00000160654
SVIP-1	SVIP	ENSG00000198168
TMEM119-1	TMEM119	ENSG00000183160
CXCL3-1	CXCL3	ENSG00000163734
ZNF446-1	ZNF446	ENSG00000083838
RTP4-1	RTP4	ENSG00000136514
NEK7-1	NEK7	ENSG00000151414
TMEM65-1	TMEM65	ENSG00000164983
GPR15-1	GPR15	ENSG00000154165
CCDC146-1	CCDC146	ENSG00000135205
RPL26L1-1	RPL26L1	ENSG00000037241
LRRC2-1	LRRC2	ENSG00000163827
ING5-1	ING5	ENSG00000168395
HEXA-1	HEXA	ENSG00000213614
PCYOX1L-1	PCYOX1L	ENSG00000145882
LMO2-1	LMO2	ENSG00000135363
PTRH2-1	PTRH2	ENSG00000141378
APOL1-1	APOL1	ENSG00000100342
INVS-1	INVS	ENSG00000119509
PTGR1-1	PTGR1	ENSG00000106853
MEF2A-1	MEF2A	ENSG00000068305
KLF11-1	KLF11	ENSG00000172059
EFTUD2-1	EFTUD2	ENSG00000108883
DACH1-1	DACH1	ENSG00000276644
PRDX3-1	PRDX3	ENSG00000165672
ZNF165-1	ZNF165	ENSG00000197279
CDC42EP4-1	CDC42EP4	ENSG00000179604
FAM193A-1	FAM193A	ENSG00000125386
ZC2HC1A-1	ZC2HC1A	ENSG00000104427
TICRR-1	TICRR	ENSG00000140534
BARX1-1	BARX1	ENSG00000131668
PCTP-1	PCTP	ENSG00000141179
CSDE1-1	CSDE1	ENSG00000009307
ACSL5-1	ACSL5	ENSG00000197142
ZDHHC6-1	ZDHHC6	ENSG00000023041
SGK3-1	SGK3	ENSG00000104205
ARG1-1	ARG1	ENSG00000118520
TMC5-1	TMC5	ENSG00000103534
TMPO-1	TMPO	ENSG00000120802
MFSD4A-1	MFSD4A	ENSG00000174514
CACHD1-1	CACHD1	ENSG00000158966
TTC33-1	TTC33	ENSG00000113638
NDUFAF3-1	NDUFAF3	ENSG00000178057
EXD2-1	EXD2	ENSG00000081177
ZNF586-1	ZNF586	ENSG00000083828
LUC7L3-1	LUC7L3	ENSG00000108848
CFLAR-1	CFLAR	ENSG00000003402
UFC1-1	UFC1	ENSG00000143222
DPAGT1-1	DPAGT1	ENSG00000172269
NR1H2-1	NR1H2	ENSG00000131408
TIMELESS-1	TIMELESS	ENSG00000111602
COG1-1	COG1	ENSG00000166685
TIMP1-1	TIMP1	ENSG00000102265
ADAM15-1	ADAM15	ENSG00000143537
ALAS1-1	ALAS1	ENSG00000023330
ZNF431-1	ZNF431	ENSG00000196705
DYRK1B-1	DYRK1B	ENSG00000105204
FHL3-1	FHL3	ENSG00000183386
TNPO2-1	TNPO2	ENSG00000105576
CNNM4-1	CNNM4	ENSG00000158158
MAP2K6-1	MAP2K6	ENSG00000108984
MCM8-1	MCM8	ENSG00000125885
SUN2-1	SUN2	ENSG00000100242
DTWD1-1	DTWD1	ENSG00000104047
HPS4-1	HPS4	ENSG00000100099
CTSW-1	CTSW	ENSG00000172543
HNRNPM-1	HNRNPM	ENSG00000099783
CACNA1E-1	CACNA1E	ENSG00000198216
PPIP5K2-1	PPIP5K2	ENSG00000145725
KRBA1-1	KRBA1	ENSG00000133619
ZBTB5-1	ZBTB5	ENSG00000168795
ASAH1-1	ASAH1	ENSG00000104763
LTBP3-1	LTBP3	ENSG00000168056
CRYBG1-1	CRYBG1	ENSG00000112297
HJURP-1	HJURP	ENSG00000123485
UBA3-1	UBA3	ENSG00000144744
RELB-1	RELB	ENSG00000104856
CERKL-1	CERKL	ENSG00000188452
ITM2C-1	ITM2C	ENSG00000135916
MAGI1-1	MAGI1	ENSG00000151276
WNT7A-1	WNT7A	ENSG00000154764
LINS1-1	LINS1	ENSG00000140471
TJP3-1	TJP3	ENSG00000105289
TRAF3IP2-1	TRAF3IP2	ENSG00000056972
ZNF721-1	ZNF721	ENSG00000182903
NEIL2-1	NEIL2	ENSG00000154328
NUP153-1	NUP153	ENSG00000124789
DVL3-1	DVL3	ENSG00000161202
PRELID3B-1	PRELID3B	ENSG00000101166
MCOLN3-1	MCOLN3	ENSG00000055732
TTPAL-1	TTPAL	ENSG00000124120
SIGLEC9-1	SIGLEC9	ENSG00000129450
SOX3-1	SOX3	ENSG00000134595
PEX13-1	PEX13	ENSG00000162928
CETN2-1	CETN2	ENSG00000147400
TTC28-1	TTC28	ENSG00000100154
SIRT1-1	SIRT1	ENSG00000096717
ZNF300-1	ZNF300	ENSG00000145908
CXCR4-1	CXCR4	ENSG00000121966
DONSON-1	DONSON	ENSG00000159147
TLR1-1	TLR1	ENSG00000174125
EIF2A-1	EIF2A	ENSG00000144895
PPM1N-1	PPM1N	ENSG00000213889
CEP135-1	CEP135	ENSG00000174799
DMWD-1	DMWD	ENSG00000185800
HMGCS1-1	HMGCS1	ENSG00000112972
WBP1-1	WBP1	ENSG00000239779
VDAC2-1	VDAC2	ENSG00000165637
MAZ-1	MAZ	ENSG00000103495
TCP11L1-1	TCP11L1	ENSG00000176148
TRIP10-1	TRIP10	ENSG00000125733
BRIP1-1	BRIP1	ENSG00000136492
PIF1-1	PIF1	ENSG00000140451
INTS2-1	INTS2	ENSG00000108506
PSMC6-1	PSMC6	ENSG00000100519
HOMER1-1	HOMER1	ENSG00000152413
TSACC-1	TSACC	ENSG00000163467
PLCD1-1	PLCD1	ENSG00000187091
RNF25-1	RNF25	ENSG00000163481
DCTN6-1	DCTN6	ENSG00000104671
GTF3C1-1	GTF3C1	ENSG00000077235
PIGG-1	PIGG	ENSG00000174227
MCHR1-1	MCHR1	ENSG00000128285
VPS36-1	VPS36	ENSG00000136100
CAPS-1	CAPS	ENSG00000105519
HIST1H4D-1	H4C4	ENSG00000277157
DDB2-1	DDB2	ENSG00000134574
ABCB8-1	ABCB8	ENSG00000197150
TOMM40-1	TOMM40	ENSG00000130204
FCF1-1	FCF1	ENSG00000119616
PSMD8-1	PSMD8	ENSG00000099341
NDUFA13-1	NDUFA13	ENSG00000186010
TMEM88-1	TMEM88	ENSG00000167874
BCL3-1	BCL3	ENSG00000069399
ARMC2-1	ARMC2	ENSG00000118690
SYS1-1	SYS1	ENSG00000204070
ABCC3-1	ABCC3	ENSG00000108846
CD151-1	CD151	ENSG00000177697
CARS2-1	CARS2	ENSG00000134905
ABHD11-1	ABHD11	ENSG00000106077
TSFM-1	TSFM	ENSG00000123297
MICAL1-1	MICAL1	ENSG00000135596
P3H4-1	P3H4	ENSG00000141696
RPL17-C18orf32-1	RPL17-C18orf32	ENSG00000215472
TSR3-1	TSR3	ENSG00000007520
WDR33-1	WDR33	ENSG00000136709
MED24-1	MED24	ENSG00000008838
PCED1A-1	PCED1A	ENSG00000132635
TCIM-1	TCIM	ENSG00000176907
FAM192A-1	PSME3IP1	ENSG00000172775
STN1-1	STN1	ENSG00000107960
SPATA13-1	SPATA13	ENSG00000182957
YARS2-1	YARS2	ENSG00000139131
ZNF695-1	ZNF695	ENSG00000197472
TMEM39A-1	TMEM39A	ENSG00000176142
TK1-1	TK1	ENSG00000167900
HNRNPD-1	HNRNPD	ENSG00000138668
PPP6R3-1	PPP6R3	ENSG00000110075
IL10RA-1	IL10RA	ENSG00000110324
RPRD2-1	RPRD2	ENSG00000163125
C6orf62-1	C6orf62	ENSG00000112308
TSEN2-1	TSEN2	ENSG00000154743
UBXN2B-1	UBXN2B	ENSG00000215114
MEMO1-1	MEMO1	ENSG00000162959
TMEM14A-1	TMEM14A	ENSG00000096092
PROK2-1	PROK2	ENSG00000163421
GSPT1-1	GSPT1	ENSG00000103342
CELF2-1	CELF2	ENSG00000048740
KIAA0232-1	KIAA0232	ENSG00000170871
GADD45B-1	GADD45B	ENSG00000099860
ATE1-1	ATE1	ENSG00000107669
FOSL1-1	FOSL1	ENSG00000175592
GVQW3-1	GVQW3	ENSG00000179240
CLEC12A-1	CLEC12A	ENSG00000172322
INPP5K-1	INPP5K	ENSG00000132376
BRI3-1	BRI3	ENSG00000164713
TGIF2-RAB5IF-1	TGIF2-RAB5IF	ENSG00000259399
TRAF4-1	TRAF4	ENSG00000076604
KIAA0930-1	KIAA0930	ENSG00000100364
HMGA1-1	HMGA1	ENSG00000137309
PDCD6-1	PDCD6	ENSG00000249915
BBS10-1	BBS10	ENSG00000179941
SAMD8-1	SAMD8	ENSG00000156671
SPG11-1	SPG11	ENSG00000104133
AHRR-1	AHRR	ENSG00000063438
GALE-1	GALE	ENSG00000117308
RIPOR1-1	RIPOR1	ENSG00000039523
RBM48-1	RBM48	ENSG00000127993
ZNF740-1	ZNF740	ENSG00000139651
FYCO1-1	FYCO1	ENSG00000163820
C12orf42-1	C12orf42	ENSG00000179088
MFSD14B-1	MFSD14B	ENSG00000148110
FN3K-1	FN3K	ENSG00000167363
PNPLA6-1	PNPLA6	ENSG00000032444
NIPAL4-1	NIPAL4	ENSG00000172548
ETHE1-1	ETHE1	ENSG00000105755
IGSF8-1	IGSF8	ENSG00000162729
ARSK-1	ARSK	ENSG00000164291
NISCH-1	NISCH	ENSG00000010322
SH2B3-1	SH2B3	ENSG00000111252
SLU7-1	SLU7	ENSG00000164609
CYB5R4-1	CYB5R4	ENSG00000065615
C3orf58-1	DIPK2A	ENSG00000181744
ALYREF-1	ALYREF	ENSG00000183684
ARHGAP9-1	ARHGAP9	ENSG00000123329
CRYBG3-1	CRYBG3	ENSG00000080200
ACVR1C-1	ACVR1C	ENSG00000123612
POP7-1	POP7	ENSG00000172336
SRPK2-1	SRPK2	ENSG00000135250
KDM3B-1	KDM3B	ENSG00000120733
PPM1M-1	PPM1M	ENSG00000164088
RNF31-1	RNF31	ENSG00000092098
PHF11-1	PHF11	ENSG00000136147
PSMD6-1	PSMD6	ENSG00000163636
SOX1-1	SOX1	ENSG00000182968
P2RY12-1	P2RY12	ENSG00000169313
PPP2R5A-1	PPP2R5A	ENSG00000066027
TPX2-1	TPX2	ENSG00000088325
LRRC25-1	LRRC25	ENSG00000175489
DST-1	DST	ENSG00000151914
APBA3-1	APBA3	ENSG00000011132
ARNT2-1	ARNT2	ENSG00000172379
ACAD10-1	ACAD10	ENSG00000111271
TMEM185B-1	TMEM185B	ENSG00000226479
IARS2-1	IARS2	ENSG00000067704
MRRF-1	MRRF	ENSG00000148187
RNPEPL1-1	RNPEPL1	ENSG00000142327
SEMA3E-1	SEMA3E	ENSG00000170381
TACR2-1	TACR2	ENSG00000075073
LRRC40-1	LRRC40	ENSG00000066557
ZNF613-1	ZNF613	ENSG00000176024
CATSPER2-1	CATSPER2	ENSG00000166762
PHTF2-1	PHTF2	ENSG00000006576
ENPP4-1	ENPP4	ENSG00000001561
ZNF174-1	ZNF174	ENSG00000103343
METTL5-1	METTL5	ENSG00000138382
SMAD9-1	SMAD9	ENSG00000120693
RTL10-1	RTL10	ENSG00000215012
METTL7A-1	TMT1A	ENSG00000185432
PRKCQ-1	PRKCQ	ENSG00000065675
TMEM263-1	TMEM263	ENSG00000151135
C14orf132-1	C14orf132	ENSG00000227051
CHN1-1	CHN1	ENSG00000128656
CBX6-1	CBX6	ENSG00000183741
HPRT1-1	HPRT1	ENSG00000165704
MT1H-1	MT1H	ENSG00000205358
SLC35C2-1	SLC35C2	ENSG00000080189
IER5L-1	IER5L	ENSG00000188483
ACER1-1	ACER1	ENSG00000167769
CDR2-1	CDR2	ENSG00000140743
RPL34-1	RPL34	ENSG00000109475
CHD9-1	CHD9	ENSG00000177200
SELENOM-1	SELENOM	ENSG00000198832
RHBDD2-1	RHBDD2	ENSG00000005486
MGME1-1	MGME1	ENSG00000125871
PUS3-1	PUS3	ENSG00000110060
IDH3B-1	IDH3B	ENSG00000101365
TTC39C-1	TTC39C	ENSG00000168234
GOLGA2-1	GOLGA2	ENSG00000167110
KPNB1-1	KPNB1	ENSG00000108424
ABHD15-1	ABHD15	ENSG00000168792
GMDS-1	GMDS	ENSG00000112699
EPRS-1	EPRS1	ENSG00000136628
TP53INP1-1	TP53INP1	ENSG00000164938
DHRS7B-1	DHRS7B	ENSG00000109016
TMEM185A-1	TMEM185A	ENSG00000269556
IRGM-1	IRGM	ENSG00000237693
ZGRF1-1	ZGRF1	ENSG00000138658
DCTN2-1	DCTN2	ENSG00000175203
BICRAL-1	BICRAL	ENSG00000112624
NSMCE2-1	NSMCE2	ENSG00000156831
ACSF3-1	ACSF3	ENSG00000176715
MOV10-1	MOV10	ENSG00000155363
SHMT1-1	SHMT1	ENSG00000176974
PRMT1-1	PRMT1	ENSG00000126457
C8orf58-1	C8orf58	ENSG00000241852
ZBTB18-1	ZBTB18	ENSG00000179456
MFAP1-1	MFAP1	ENSG00000140259
ZNF623-1	ZNF623	ENSG00000183309
DMBT1-1	DMBT1	ENSG00000187908
FLNA-1	FLNA	ENSG00000196924
CCDC157-1	CCDC157	ENSG00000187860
KCTD3-1	KCTD3	ENSG00000136636
LRFN3-1	LRFN3	ENSG00000126243
RPF2-1	RPF2	ENSG00000197498
CCNE2-1	CCNE2	ENSG00000175305
HRH2-1	HRH2	ENSG00000113749
XYLT2-1	XYLT2	ENSG00000015532
EMC3-1	EMC3	ENSG00000125037
TRAPPC3-1	TRAPPC3	ENSG00000054116
WEE1-1	WEE1	ENSG00000166483
CAVIN3-1	CAVIN3	ENSG00000170955
PYM1-1	PYM1	ENSG00000170473
TMEM127-1	TMEM127	ENSG00000135956
SYNJ2BP-COX16-1	SYNJ2BP-COX16	ENSG00000258644
TTYH3-1	TTYH3	ENSG00000136295
RAB41-1	RAB41	ENSG00000147127
PRF1-1	PRF1	ENSG00000180644
TXNL1-1	TXNL1	ENSG00000091164
GPR18-1	GPR18	ENSG00000125245
NOTCH1-1	NOTCH1	ENSG00000148400
SIX1-1	SIX1	ENSG00000126778
CENPBD1-1	CENPBD1P	ENSG00000177946
CALCOCO1-1	CALCOCO1	ENSG00000012822
HACE1-1	HACE1	ENSG00000085382
SPINK2-1	SPINK2	ENSG00000128040
RPS3A-1	RPS3A	ENSG00000145425
CHSY1-1	CHSY1	ENSG00000131873
TCTN2-1	TCTN2	ENSG00000168778
GAB2-1	GAB2	ENSG00000033327
SPPL2A-1	SPPL2A	ENSG00000138600
ERGIC1-1	ERGIC1	ENSG00000113719
CHD8-1	CHD8	ENSG00000100888
MTREX-1	MTREX	ENSG00000039123
ANKIB1-1	ANKIB1	ENSG00000001629
OARD1-1	OARD1	ENSG00000124596
RGL4-1	RGL4	ENSG00000159496
IQCE-1	IQCE	ENSG00000106012
RBL1-1	RBL1	ENSG00000080839
ZNF180-1	ZNF180	ENSG00000167384
APPL1-1	APPL1	ENSG00000157500
HS1BP3-1	HS1BP3	ENSG00000118960
ETFDH-1	ETFDH	ENSG00000171503
LCLAT1-1	LCLAT1	ENSG00000172954
HUS1B-1	HUS1B	ENSG00000188996
TIMM17A-1	TIMM17A	ENSG00000134375
TSEN15-1	TSEN15	ENSG00000198860
TXN-1	TXN	ENSG00000136810
DAPK3-1	DAPK3	ENSG00000167657
INIP-1	INIP	ENSG00000148153
STXBP3-1	STXBP3	ENSG00000116266
ECI2-1	ECI2	ENSG00000198721
SPI1-1	SPI1	ENSG00000066336
ZNF624-1	ZNF624	ENSG00000197566
MEPCE-1	MEPCE	ENSG00000146834
CREM-1	CREM	ENSG00000095794
TFAP2A-1	TFAP2A	ENSG00000137203
MEX3C-1	MEX3C	ENSG00000176624
EN2-1	EN2	ENSG00000164778
TFAP2E-1	TFAP2E	ENSG00000116819
E2F8-1	E2F8	ENSG00000129173
ATG2A-1	ATG2A	ENSG00000110046
SLC24A1-1	SLC24A1	ENSG00000074621
CCDC18-1	CCDC18	ENSG00000122483
TNFRSF12A-1	TNFRSF12A	ENSG00000006327
NR0B1-1	NR0B1	ENSG00000169297
POLR2E-1	POLR2E	ENSG00000099817
AKR7A2-1	AKR7A2	ENSG00000053371
MGAT1-1	MGAT1	ENSG00000131446
AGPS-1	AGPS	ENSG00000018510
AP1S2-1	AP1S2	ENSG00000182287
CAMK1-1	CAMK1	ENSG00000134072
SYDE2-1	SYDE2	ENSG00000097096
MRPL33-1	MRPL33	ENSG00000243147
EXOC8-1	EXOC8	ENSG00000116903
MAPK9-1	MAPK9	ENSG00000050748
CD37-1	CD37	ENSG00000104894
PEX19-1	PEX19	ENSG00000162735
DICER1-1	DICER1	ENSG00000100697
DUSP6-1	DUSP6	ENSG00000139318
ATG14-1	ATG14	ENSG00000126775
MSRB1-1	MSRB1	ENSG00000198736
SIRPG-1	SIRPG	ENSG00000089012
SOX14-1	SOX14	ENSG00000168875
GINS1-1	GINS1	ENSG00000101003
OSGIN2-1	OSGIN2	ENSG00000164823
MAP3K13-1	MAP3K13	ENSG00000073803
GPM6A-1	GPM6A	ENSG00000150625
P4HB-1	P4HB	ENSG00000185624
UPF1-1	UPF1	ENSG00000005007
ZACN-1	ZACN	ENSG00000186919
SNX25-1	SNX25	ENSG00000109762
LPGAT1-1	LPGAT1	ENSG00000123684
ZNF169-1	ZNF169	ENSG00000175787
ACOT8-1	ACOT8	ENSG00000101473
ARHGAP18-1	ARHGAP18	ENSG00000146376
RAMP3-1	RAMP3	ENSG00000122679
BATF2-1	BATF2	ENSG00000168062
IFIT1-1	IFIT1	ENSG00000185745
PDXP-1	PDXP	ENSG00000241360
ZNF568-1	ZNF568	ENSG00000198453
TMED1-1	TMED1	ENSG00000099203
BBS4-1	BBS4	ENSG00000140463
CYB561D2-1	CYB561D2	ENSG00000114395
SPRYD4-1	SPRYD4	ENSG00000176422
FAXDC2-1	FAXDC2	ENSG00000170271
PGRMC2-1	PGRMC2	ENSG00000164040
TNFRSF18-1	TNFRSF18	ENSG00000186891
KLHL5-1	KLHL5	ENSG00000109790
SPEG-1	SPEG	ENSG00000072195
FOXH1-1	FOXH1	ENSG00000160973
HIST1H1C-1	H1-2	ENSG00000187837
PTPRO-1	PTPRO	ENSG00000151490
NTRK1-1	NTRK1	ENSG00000198400
HYAL2-1	HYAL2	ENSG00000068001
TRMT2A-1	TRMT2A	ENSG00000099899
MUM1-1	IRF4	ENSG00000137265
RBM39-1	RBM39	ENSG00000131051
STMN1-1	STMN1	ENSG00000117632
LRWD1-1	LRWD1	ENSG00000161036
MRPS28-1	MRPS28	ENSG00000147586
CHST10-1	CHST10	ENSG00000115526
TAZ-1	TAFAZZIN	ENSG00000102125
ACYP2-1	ACYP2	ENSG00000170634
THAP8-1	THAP8	ENSG00000161277
TCAF2-1	TCAF2	ENSG00000170379
NR5A1-1	NR5A1	ENSG00000136931
CIRBP-1	CIRBP	ENSG00000099622
KPNA1-1	KPNA1	ENSG00000114030
TANGO2-1	TANGO2	ENSG00000183597
RBP5-1	RBP5	ENSG00000139194
DERL2-1	DERL2	ENSG00000072849
ZNF496-1	ZNF496	ENSG00000162714
ZDHHC11-1	ZDHHC11	ENSG00000188818
FAM69A-1	DIPK1A	ENSG00000154511
PCGF5-1	PCGF5	ENSG00000180628
CLDN5-1	CLDN5	ENSG00000184113
NAMPT-1	NAMPT	ENSG00000105835
NDUFS1-1	NDUFS1	ENSG00000023228
ALOX5AP-1	ALOX5AP	ENSG00000132965
GPC2-1	GPC2	ENSG00000213420
HOXA10-1	HOXA10	ENSG00000253293
RBFA-1	RBFA	ENSG00000101546
VLDLR-1	VLDLR	ENSG00000147852
ZSCAN23-1	ZSCAN23	ENSG00000187987
NECAP2-1	NECAP2	ENSG00000157191
SFN-1	SFN	ENSG00000175793
BCL6B-1	BCL6B	ENSG00000161940
XBP1-1	XBP1	ENSG00000100219
NCS1-1	NCS1	ENSG00000107130
FRA10AC1-1	FRA10AC1	ENSG00000148690
CCL22-1	CCL22	ENSG00000102962
ZKSCAN3-1	ZKSCAN3	ENSG00000189298
PDZK1IP1-1	PDZK1IP1	ENSG00000162366
YWHAZ-1	YWHAZ	ENSG00000164924
ZNF80-1	ZNF80	ENSG00000174255
CDCA7L-1	CDCA7L	ENSG00000164649
SRPRA-1	SRPRA	ENSG00000182934
IL36A-1	IL36A	ENSG00000136694
NRBP2-1	NRBP2	ENSG00000185189
HMOX1-1	HMOX1	ENSG00000100292
FBH1-1	FBH1	ENSG00000134452
HHAT-1	HHAT	ENSG00000054392
LRIG1-1	LRIG1	ENSG00000144749
ACYP1-1	ACYP1	ENSG00000119640
NDC80-1	NDC80	ENSG00000080986
TTC21B-1	TTC21B	ENSG00000123607
TUBA1A-1	TUBA1A	ENSG00000167552
ZNF706-1	ZNF706	ENSG00000120963
MAGOHB-1	MAGOHB	ENSG00000111196
HIST1H2AH-1	H2AC12	ENSG00000274997
DNAJB5-1	DNAJB5	ENSG00000137094
API5-1	API5	ENSG00000166181
CUL3-1	CUL3	ENSG00000036257
C8orf82-1	C8orf82	ENSG00000213563
SURF2-1	SURF2	ENSG00000148291
PPP4R2-1	PPP4R2	ENSG00000163605
MEGF8-1	MEGF8	ENSG00000105429
EMC9-1	EMC9	ENSG00000100908
MAPK3-1	MAPK3	ENSG00000102882
VPS4B-1	VPS4B	ENSG00000119541
TMEM161B-1	TMEM161B	ENSG00000164180
CPSF4-1	CPSF4	ENSG00000160917
TTC9-1	TTC9	ENSG00000133985
TMEM81-1	TMEM81	ENSG00000174529
LEMD2-1	LEMD2	ENSG00000161904
ERF-1	ERF	ENSG00000105722
CNDP2-1	CNDP2	ENSG00000133313
WDR37-1	WDR37	ENSG00000047056
ZNF566-1	ZNF566	ENSG00000186017
VASH1-1	VASH1	ENSG00000071246
HNRNPK-1	HNRNPK	ENSG00000165119
PRPF4B-1	PRP4K	ENSG00000112739
KIAA0391-1	PRORP	ENSG00000100890
ELP5-1	ELP5	ENSG00000170291
C5orf15-1	C5orf15	ENSG00000113583
WDYHV1-1	NTAQ1	ENSG00000156795
SEMA6C-1	SEMA6C	ENSG00000143434
SBDS-1	SBDS	ENSG00000126524
BHLHA15-1	BHLHA15	ENSG00000180535
PARL-1	PARL	ENSG00000175193
NAF1-1	NAF1	ENSG00000145414
RNASEH2C-1	RNASEH2C	ENSG00000172922
TSSK6-1	TSSK6	ENSG00000178093
HCN2-1	HCN2	ENSG00000099822
KIF20B-1	KIF20B	ENSG00000138182
CRLF3-1	CRLF3	ENSG00000176390
TUBB4B-1	TUBB4B	ENSG00000188229
AFF4-1	AFF4	ENSG00000072364
PKN2-1	PKN2	ENSG00000065243
IFITM5-1	IFITM5	ENSG00000206013
MSGN1-1	MSGN1	ENSG00000151379
ZNF215-1	ZNF215	ENSG00000149054
CREBL2-1	CREBL2	ENSG00000111269
BAG5-1	BAG5	ENSG00000166170
SCAF1-1	SCAF1	ENSG00000126461
SETD5-1	SETD5	ENSG00000168137
PRDX1-1	PRDX1	ENSG00000117450
PDCD4-1	PDCD4	ENSG00000150593
HSPA2-1	HSPA2	ENSG00000126803
MSANTD1-1	MSANTD1	ENSG00000188981
NIT1-1	NIT1	ENSG00000158793
NPEPPS-1	NPEPPS	ENSG00000141279
GHITM-1	GHITM	ENSG00000165678
LHX3-1	LHX3	ENSG00000107187
WDR83OS-1	WDR83OS	ENSG00000105583
SALL1-1	SALL1	ENSG00000103449
GNMT-1	GNMT	ENSG00000124713
SLFN12-1	SLFN12	ENSG00000172123
PRPS2-1	PRPS2	ENSG00000101911
RMND5B-1	RMND5B	ENSG00000145916
SCAPER-1	SCAPER	ENSG00000140386
ACSF2-1	ACSF2	ENSG00000167107
UBE2D2-1	UBE2D2	ENSG00000131508
NDUFAF6-1	NDUFAF6	ENSG00000156170
SF3A2-1	SF3A2	ENSG00000104897
MAU2-1	MAU2	ENSG00000129933
HOXD12-1	HOXD12	ENSG00000170178
TSTD3-1	TSTD3	ENSG00000279170
TUBB6-1	TUBB6	ENSG00000176014
ARID3C-1	ARID3C	ENSG00000205143
CCDC102A-1	CCDC102A	ENSG00000135736
CALML5-1	CALML5	ENSG00000178372
C2CD4D-1	C2CD4D	ENSG00000225556
FOXF2-1	FOXF2	ENSG00000137273
HIST1H3B-1	H3C2	ENSG00000286522
IL17RE-1	IL17RE	ENSG00000163701
SEPT10-1	SEPTIN10	ENSG00000186522
SPATA20-1	SPATA20	ENSG00000006282
BPHL-1	BPHL	ENSG00000137274
THAP3-1	THAP3	ENSG00000041988
ZBTB34-1	ZBTB34	ENSG00000177125
WDR76-1	WDR76	ENSG00000092470
TRIOBP-1	TRIOBP	ENSG00000100106
S100Z-1	S100Z	ENSG00000171643
FOXA3-1	FOXA3	ENSG00000170608
RECQL5-1	RECQL5	ENSG00000108469
LMX1A-1	LMX1A	ENSG00000162761
LMAN2-1	LMAN2	ENSG00000169223
MTCH1-1	MTCH1	ENSG00000137409
HNRNPUL1-1	HNRNPUL1	ENSG00000105323
YWHAG-1	YWHAG	ENSG00000170027
HIST1H4A-1	H4C1	ENSG00000278637
UROS-1	UROS	ENSG00000188690
TMEM11-1	TMEM11	ENSG00000178307
EBAG9-1	EBAG9	ENSG00000147654
ZKSCAN1-1	ZKSCAN1	ENSG00000106261
MORF4L2-1	MORF4L2	ENSG00000123562
CFAP44-1	CFAP44	ENSG00000206530
GLYR1-1	GLYR1	ENSG00000140632
ZNF728-1	ZNF728	ENSG00000269067
ZNF140-1	ZNF140	ENSG00000196387
ZNF25-1	ZNF25	ENSG00000175395
FLRT2-1	FLRT2	ENSG00000185070
PRSS23-1	PRSS23	ENSG00000150687
PLAT-1	PLAT	ENSG00000104368
KLRB1-1	KLRB1	ENSG00000111796
FIZ1-1	FIZ1	ENSG00000179943
XPO5-1	XPO5	ENSG00000124571
MRPL52-1	MRPL52	ENSG00000172590
GEMIN7-1	GEMIN7	ENSG00000142252
CENPX-1	CENPX	ENSG00000169689
NDUFB1-1	NDUFB1	ENSG00000183648
C3orf18-1	C3orf18	ENSG00000088543
TRMT61B-1	TRMT61B	ENSG00000171103
SOS1-1	SOS1	ENSG00000115904
TADA2B-1	TADA2B	ENSG00000173011
TNS1-1	TNS1	ENSG00000079308
STX17-1	STX17	ENSG00000136874
PSAP-1	PSAP	ENSG00000197746
REPIN1-1	REPIN1	ENSG00000214022
ZNF484-1	ZNF484	ENSG00000127081
PHACTR4-1	PHACTR4	ENSG00000204138
HMSD-1	HMSD	ENSG00000221887
TNFRSF13B-1	TNFRSF13B	ENSG00000240505
RFC3-1	RFC3	ENSG00000133119
ZFP82-1	ZFP82	ENSG00000181007
ZNF416-1	ZNF416	ENSG00000083817
CALHM2-1	CALHM2	ENSG00000138172
HSPH1-1	HSPH1	ENSG00000120694
ACLY-1	ACLY	ENSG00000131473
CAPZA2-1	CAPZA2	ENSG00000198898
JMJD8-1	JMJD8	ENSG00000161999
TMED6-1	TMED6	ENSG00000157315
COQ6-1	COQ6	ENSG00000119723
LMBR1-1	LMBR1	ENSG00000105983
DRG2-1	DRG2	ENSG00000108591
SLC9A6-1	SLC9A6	ENSG00000198689
ZNF705E-1	ZNF705EP	ENSG00000214534
SLF2-1	SLF2	ENSG00000119906
LILRB2-1	LILRB2	ENSG00000131042
AHDC1-1	AHDC1	ENSG00000126705
TYW5-1	TYW5	ENSG00000162971
MICU1-1	MICU1	ENSG00000107745
ST5-1	DENND2B	ENSG00000166444
TLN1-1	TLN1	ENSG00000137076
MAGED1-1	MAGED1	ENSG00000179222
PCOLCE-1	PCOLCE	ENSG00000106333
NPRL3-1	NPRL3	ENSG00000103148
SLC40A1-1	SLC40A1	ENSG00000138449
SASS6-1	SASS6	ENSG00000156876
RPL5-1	RPL5	ENSG00000122406
EPM2A-1	EPM2A	ENSG00000112425
SNX9-1	SNX9	ENSG00000130340
NUP93-1	NUP93	ENSG00000102900
STX8-1	STX8	ENSG00000170310
KRT7-1	KRT7	ENSG00000135480
KCTD2-1	KCTD2	ENSG00000180901
TNFRSF25-1	TNFRSF25	ENSG00000215788
STAT5B-1	STAT5B	ENSG00000173757
ZNF518A-1	ZNF518A	ENSG00000177853
LRP1-1	LRP1	ENSG00000123384
CUL2-1	CUL2	ENSG00000108094
ZC3H10-1	ZC3H10	ENSG00000135482
CCDC134-1	CCDC134	ENSG00000100147
TAC4-1	TAC4	ENSG00000176358
CACUL1-1	CACUL1	ENSG00000151893
CXCR3-1	CXCR3	ENSG00000186810
CKAP5-1	CKAP5	ENSG00000175216
RNF11-1	RNF11	ENSG00000123091
RCBTB1-1	RCBTB1	ENSG00000136144
PTP4A2-1	PTP4A2	ENSG00000184007
SIRPB1-1	SIRPB1	ENSG00000101307
PASK-1	PASK	ENSG00000115687
GPR89A-1	GPR89A	ENSG00000117262
CLN3-1	CLN3	ENSG00000188603
MFSD13A-1	MFSD13A	ENSG00000138111
PNKD-1	PNKD	ENSG00000127838
KMT5C-1	KMT5C	ENSG00000133247
TMEM98-1	TMEM98	ENSG00000006042
ARID4B-1	ARID4B	ENSG00000054267
LIMS1-1	LIMS1	ENSG00000169756
TRPT1-1	TRPT1	ENSG00000149743
SELENOH-1	SELENOH	ENSG00000211450
DNAJC4-1	DNAJC4	ENSG00000110011
ASCL5-1	ASCL5	ENSG00000232237
HSD11B1-1	HSD11B1	ENSG00000117594
SFTPC-1	SFTPC	ENSG00000168484
ZNF543-1	ZNF543	ENSG00000178229
PARP14-1	PARP14	ENSG00000173193
DLX5-1	DLX5	ENSG00000105880
SNPH-1	SNPH	ENSG00000101298
KDELR3-1	KDELR3	ENSG00000100196
MAD2L1BP-1	MAD2L1BP	ENSG00000124688
ENPP2-1	ENPP2	ENSG00000136960
CCDC9-1	CCDC9	ENSG00000105321
DCAKD-1	DCAKD	ENSG00000172992
E2F1-1	E2F1	ENSG00000101412
NUP98-1	NUP98	ENSG00000110713
PTPN23-1	PTPN23	ENSG00000076201
MGAT4A-1	MGAT4A	ENSG00000071073
ZNF611-1	ZNF611	ENSG00000213020
KLF3-1	KLF3	ENSG00000109787
C12orf49-1	SPRING1	ENSG00000111412
NAALAD2-1	NAALAD2	ENSG00000077616
RTN4IP1-1	RTN4IP1	ENSG00000130347
TTC13-1	TTC13	ENSG00000143643
ISYNA1-1	ISYNA1	ENSG00000105655
TUBD1-1	TUBD1	ENSG00000108423
N4BP3-1	N4BP3	ENSG00000145911
TMEM91-1	TMEM91	ENSG00000142046
MAN2A2-1	MAN2A2	ENSG00000196547
BRMS1L-1	BRMS1L	ENSG00000100916
APP-1	APP	ENSG00000142192
MRPL20-1	MRPL20	ENSG00000242485
ISCA2-1	ISCA2	ENSG00000165898
CERS4-1	CERS4	ENSG00000090661
ETFA-1	ETFA	ENSG00000140374
NUCB2-1	NUCB2	ENSG00000070081
NCAPH2-1	NCAPH2	ENSG00000025770
FOXE3-1	FOXE3	ENSG00000186790
CSK-1	CSK	ENSG00000103653
SYCP2-1	SYCP2	ENSG00000196074
RABGGTA-1	RABGGTA	ENSG00000100949
PTGDR2-1	PTGDR2	ENSG00000183134
TAB3-1	TAB3	ENSG00000157625
ATP5F1C-1	ATP5F1C	ENSG00000165629
PRR5-1	PRR5	ENSG00000186654
IFI44L-1	IFI44L	ENSG00000137959
RIMS3-1	RIMS3	ENSG00000117016
MYO1F-1	MYO1F	ENSG00000142347
FBN3-1	FBN3	ENSG00000142449
ZNF331-1	ZNF331	ENSG00000130844
HHLA2-1	HHLA2	ENSG00000114455
EDF1-1	EDF1	ENSG00000107223
TLR5-1	TLR5	ENSG00000187554
PCF11-1	PCF11	ENSG00000165494
YPEL2-1	YPEL2	ENSG00000175155
ATG5-1	ATG5	ENSG00000057663
ANKS6-1	ANKS6	ENSG00000165138
ARL2BP-1	ARL2BP	ENSG00000102931
SMG8-1	SMG8	ENSG00000167447
GK5-1	GK5	ENSG00000175066
ZCCHC7-1	ZCCHC7	ENSG00000147905
CDC20-1	CDC20	ENSG00000117399
LRRC59-1	LRRC59	ENSG00000108829
HYAL3-1	HYAL3	ENSG00000186792
REXO2-1	REXO2	ENSG00000076043
ESCO1-1	ESCO1	ENSG00000141446
QSOX1-1	QSOX1	ENSG00000116260
BID-1	BID	ENSG00000015475
GPCPD1-1	GPCPD1	ENSG00000125772
STAT4-1	STAT4	ENSG00000138378
KIAA1324-1	ELAPOR1	ENSG00000116299
CPNE2-1	CPNE2	ENSG00000140848
SMIM20-1	SMIM20	ENSG00000250317
PRPS1-1	PRPS1	ENSG00000147224
GOLGA8B-1	GOLGA8B	ENSG00000215252
TRAF3-1	TRAF3	ENSG00000131323
TLX3-1	TLX3	ENSG00000164438
RPL23A-1	RPL23A	ENSG00000198242
ECI1-1	ECI1	ENSG00000167969
TRIM25-1	TRIM25	ENSG00000121060
CTCFL-1	CTCFL	ENSG00000124092
TTLL4-1	TTLL4	ENSG00000135912
FMNL3-1	FMNL3	ENSG00000161791
RRAS2-1	RRAS2	ENSG00000133818
PDE4A-1	PDE4A	ENSG00000065989
CASZ1-1	CASZ1	ENSG00000130940
GNPNAT1-1	GNPNAT1	ENSG00000100522
COL5A2-1	COL5A2	ENSG00000204262
ELOB-1	ELOB	ENSG00000103363
G6PD-1	G6PD	ENSG00000160211
TPST1-1	TPST1	ENSG00000169902
ZHX1-C8orf76-1	ZHX1-C8orf76	ENSG00000259305
MARCH8-1	MARCHF8	ENSG00000165406
PFDN4-1	PFDN4	ENSG00000101132
NKRF-1	NKRF	ENSG00000186416
ANXA3-1	ANXA3	ENSG00000138772
TGIF2-1	TGIF2	ENSG00000118707
UNG-1	UNG	ENSG00000076248
NDUFAF5-1	NDUFAF5	ENSG00000101247
CD3D-1	CD3D	ENSG00000167286
SGPP2-1	SGPP2	ENSG00000163082
NAGLU-1	NAGLU	ENSG00000108784
TWSG1-1	TWSG1	ENSG00000128791
ANKRA2-1	ANKRA2	ENSG00000164331
ARIH2OS-1	ARIH2OS	ENSG00000221883
TMEM176B-1	TMEM176B	ENSG00000106565
SQLE-1	SQLE	ENSG00000104549
PTGFRN-1	PTGFRN	ENSG00000134247
RAB9A-1	RAB9A	ENSG00000123595
PHF5A-1	PHF5A	ENSG00000100410
TIMM13-1	TIMM13	ENSG00000099800
THAP6-1	THAP6	ENSG00000174796
SNAPIN-1	SNAPIN	ENSG00000143553
FGD1-1	FGD1	ENSG00000102302
ATP2A2-1	ATP2A2	ENSG00000174437
BCL2L14-1	BCL2L14	ENSG00000121380
FABP5-1	FABP5	ENSG00000164687
TMCO4-1	TMCO4	ENSG00000162542
UBFD1-1	UBFD1	ENSG00000103353
NOM1-1	NOM1	ENSG00000146909
GKAP1-1	GKAP1	ENSG00000165113
UQCR11-1	UQCR11	ENSG00000127540
ASPSCR1-1	ASPSCR1	ENSG00000169696
RAD54L-1	RAD54L	ENSG00000085999
KLRG1-1	KLRG1	ENSG00000139187
PPARA-1	PPARA	ENSG00000186951
KCTD9-1	KCTD9	ENSG00000104756
ZNF124-1	ZNF124	ENSG00000196418
PPAN-1	PPAN	ENSG00000130810
OTULIN-1	OTULIN	ENSG00000154124
ZNF423-1	ZNF423	ENSG00000102935
SMAD2-1	SMAD2	ENSG00000175387
TP53BP1-1	TP53BP1	ENSG00000067369
ELP3-1	ELP3	ENSG00000134014
HSD17B14-1	HSD17B14	ENSG00000087076
CEP85L-1	CEP85L	ENSG00000111860
ZNF17-1	ZNF17	ENSG00000186272
EXTL2-1	EXTL2	ENSG00000162694
ZNF202-1	ZNF202	ENSG00000166261
SMIM29-1	SMIM29	ENSG00000186577
DHX58-1	DHX58	ENSG00000108771
CSRNP3-1	CSRNP3	ENSG00000178662
C1orf52-1	C1orf52	ENSG00000162642
TRAPPC2L-1	TRAPPC2L	ENSG00000167515
CDK16-1	CDK16	ENSG00000102225
APMAP-1	APMAP	ENSG00000101474
CD44-1	CD44	ENSG00000026508
KDM7A-1	KDM7A	ENSG00000006459
VAMP3-1	VAMP3	ENSG00000049245
PDCD1LG2-1	PDCD1LG2	ENSG00000197646
ARHGEF9-1	ARHGEF9	ENSG00000131089
ARMC6-1	ARMC6	ENSG00000105676
POLD1-1	POLD1	ENSG00000062822
ISY1-1	ISY1	ENSG00000240682
ATP11B-1	ATP11B	ENSG00000058063
S100P-1	S100P	ENSG00000163993
ATP5ME-1	ATP5ME	ENSG00000169020
ZNF479-1	ZNF479	ENSG00000185177
RPL19-1	RPL19	ENSG00000108298
SIRT5-1	SIRT5	ENSG00000124523
ZNF655-1	ZNF655	ENSG00000197343
LRRC8C-1	LRRC8C	ENSG00000171488
ELMO1-1	ELMO1	ENSG00000155849
MEIS3-1	MEIS3	ENSG00000105419
HS6ST1-1	HS6ST1	ENSG00000136720
PAQR4-1	PAQR4	ENSG00000162073
COQ9-1	COQ9	ENSG00000088682
ACTL6A-1	ACTL6A	ENSG00000136518
CDC23-1	CDC23	ENSG00000094880
MED31-1	MED31	ENSG00000108590
NFATC4-1	NFATC4	ENSG00000100968
MMD-1	MMD	ENSG00000108960
IRS2-1	IRS2	ENSG00000185950
PODXL2-1	PODXL2	ENSG00000114631
TTC21A-1	TTC21A	ENSG00000168026
ATXN2L-1	ATXN2L	ENSG00000168488
SF3B4-1	SF3B4	ENSG00000143368
BOLA3-1	BOLA3	ENSG00000163170
DUSP10-1	DUSP10	ENSG00000143507
ALG12-1	ALG12	ENSG00000182858
ZNF98-1	ZNF98	ENSG00000197360
CCDC191-1	CCDC191	ENSG00000163617
HIST1H4B-1	H4C2	ENSG00000278705
FGFRL1-1	FGFRL1	ENSG00000127418
ARMCX3-1	ARMCX3	ENSG00000102401
HAPLN3-1	HAPLN3	ENSG00000140511
ERAP2-1	ERAP2	ENSG00000164308
KIFC2-1	KIFC2	ENSG00000167702
MXD4-1	MXD4	ENSG00000123933
VIRMA-1	VIRMA	ENSG00000164944
ZDHHC21-1	ZDHHC21	ENSG00000175893
NFYA-1	NFYA	ENSG00000001167
WDR43-1	WDR43	ENSG00000163811
RTL6-1	RTL6	ENSG00000188636
LNX1-1	LNX1	ENSG00000072201
RAB24-1	RAB24	ENSG00000169228
DNPH1-1	DNPH1	ENSG00000112667
HMGB1-1	HMGB1	ENSG00000189403
TMEM86A-1	TMEM86A	ENSG00000151117
GTF2F1-1	GTF2F1	ENSG00000125651
CBL-1	CBL	ENSG00000110395
TWISTNB-1	POLR1F	ENSG00000105849
TMEM250-1	TMEM250	ENSG00000238227
FAM168A-1	FAM168A	ENSG00000054965
SMC1A-1	SMC1A	ENSG00000072501
CES3-1	CES3	ENSG00000172828
PRPF31-1	PRPF31	ENSG00000105618
GSTCD-1	GSTCD	ENSG00000138780
PORCN-1	PORCN	ENSG00000102312
GINS4-1	GINS4	ENSG00000147536
NPAS2-1	NPAS2	ENSG00000170485
BTN3A2-1	BTN3A2	ENSG00000186470
TBC1D2B-1	TBC1D2B	ENSG00000167202
DNAJC24-1	DNAJC24	ENSG00000170946
GIMAP5-1	GIMAP5	ENSG00000196329
ZFP90-1	ZFP90	ENSG00000184939
LCN1-1	LCN1	ENSG00000160349
TMEM268-1	TMEM268	ENSG00000157693
CD14-1	CD14	ENSG00000170458
DOK5-1	DOK5	ENSG00000101134
NAP1L2-1	NAP1L2	ENSG00000186462
SHANK2-1	SHANK2	ENSG00000162105
RC3H1-1	RC3H1	ENSG00000135870
SELENOO-1	SELENOO	ENSG00000073169
C11orf21-1	C11orf21	ENSG00000110665
RFLNB-1	RFLNB	ENSG00000183688
LSM5-1	LSM5	ENSG00000106355
ITGB1BP2-1	ITGB1BP2	ENSG00000147166
TNIP3-1	TNIP3	ENSG00000050730
FAM83F-1	FAM83F	ENSG00000133477
SCAF8-1	SCAF8	ENSG00000213079
ZNF35-1	ZNF35	ENSG00000169981
ZNF878-1	ZNF878	ENSG00000257446
ZNF383-1	ZNF383	ENSG00000188283
CDH3-1	CDH3	ENSG00000062038
CYP4V2-1	CYP4V2	ENSG00000145476
B4GALT1-1	B4GALT1	ENSG00000086062
MORC4-1	MORC4	ENSG00000133131
INTS14-1	INTS14	ENSG00000138614
PPOX-1	PPOX	ENSG00000143224
SUPV3L1-1	SUPV3L1	ENSG00000156502
WDPCP-1	WDPCP	ENSG00000143951
MRPS11-1	MRPS11	ENSG00000181991
POLE4-1	POLE4	ENSG00000115350
FXYD5-1	FXYD5	ENSG00000089327
CFP-1	CFP	ENSG00000126759
CHRNA10-1	CHRNA10	ENSG00000129749
CLK1-1	CLK1	ENSG00000013441
NOS3-1	NOS3	ENSG00000164867
ZNF419-1	ZNF419	ENSG00000105136
CLIC2-1	CLIC2	ENSG00000155962
BNIP3L-1	BNIP3L	ENSG00000104765
LIMD1-1	LIMD1	ENSG00000144791
BNIP1-1	BNIP1	ENSG00000113734
FAR1-1	FAR1	ENSG00000197601
RORA-1	RORA	ENSG00000069667
CARNS1-1	CARNS1	ENSG00000172508
MCU-1	MCU	ENSG00000156026
ZNF648-1	ZNF648	ENSG00000179930
BRAP-1	BRAP	ENSG00000089234
ZSCAN16-1	ZSCAN16	ENSG00000196812
C14orf119-1	C14orf119	ENSG00000179933
UTP14C-1	UTP14C	ENSG00000253797
MRPS9-1	MRPS9	ENSG00000135972
C18orf54-1	C18orf54	ENSG00000166845
MCRS1-1	MCRS1	ENSG00000187778
AGFG2-1	AGFG2	ENSG00000106351
RAB13-1	RAB13	ENSG00000143545
GRAMD2B-1	GRAMD2B	ENSG00000155324
LRRC47-1	LRRC47	ENSG00000130764
FDX2-1	FDX2	ENSG00000267673
KIT-1	KIT	ENSG00000157404
RNF114-1	RNF114	ENSG00000124226
ITGAV-1	ITGAV	ENSG00000138448
CIAPIN1-1	CIAPIN1	ENSG00000005194
POLR2K-1	POLR2K	ENSG00000147669
ZBTB46-1	ZBTB46	ENSG00000130584
BET1-1	BET1	ENSG00000105829
TRAPPC12-1	TRAPPC12	ENSG00000171853
RAB5IF-1	RAB5IF	ENSG00000101084
TMEM178B-1	TMEM178B	ENSG00000261115
SYNM-1	SYNM	ENSG00000182253
ARL6IP1-1	ARL6IP1	ENSG00000170540
INSIG2-1	INSIG2	ENSG00000125629
PRKCA-1	PRKCA	ENSG00000154229
SLC25A28-1	SLC25A28	ENSG00000155287
ZNF879-1	ZNF879	ENSG00000234284
METAP1D-1	METAP1D	ENSG00000172878
UBTD2-1	UBTD2	ENSG00000168246
DLX2-1	DLX2	ENSG00000115844
PIK3AP1-1	PIK3AP1	ENSG00000155629
NDUFB5-1	NDUFB5	ENSG00000136521
HLA-A-1	HLA-A	ENSG00000206503
NQO1-1	NQO1	ENSG00000181019
FXN-1	FXN	ENSG00000165060
TPST2-1	TPST2	ENSG00000128294
SESN2-1	SESN2	ENSG00000130766
ASF1B-1	ASF1B	ENSG00000105011
MYLK-1	MYLK	ENSG00000065534
ACAD8-1	ACAD8	ENSG00000151498
HERPUD1-1	HERPUD1	ENSG00000051108
TOM1L2-1	TOM1L2	ENSG00000175662
PRKG2-1	PRKG2	ENSG00000138669
IRF6-1	IRF6	ENSG00000117595
DCBLD1-1	DCBLD1	ENSG00000164465
USP28-1	USP28	ENSG00000048028
PPCS-1	PPCS	ENSG00000127125
RERE-1	RERE	ENSG00000142599
NKX2-2-1	NKX2-2	ENSG00000125820
SLIRP-1	SLIRP	ENSG00000119705
TRMT1-1	TRMT1	ENSG00000104907
CETP-1	CETP	ENSG00000087237
BTLA-1	BTLA	ENSG00000186265
SMCR8-1	SMCR8	ENSG00000176994
THEM5-1	THEM5	ENSG00000196407
DBF4B-1	DBF4B	ENSG00000161692
CCDC59-1	CCDC59	ENSG00000133773
DDR2-1	DDR2	ENSG00000162733
TWIST2-1	TWIST2	ENSG00000233608
NCF2-1	NCF2	ENSG00000116701
CIDEB-1	CIDEB	ENSG00000136305
IPO8-1	IPO8	ENSG00000133704
ABHD16B-1	ABHD16B	ENSG00000183260
EEF1AKMT1-1	EEF1AKMT1	ENSG00000150456
SH3PXD2A-1	SH3PXD2A	ENSG00000107957
ICA1-1	ICA1	ENSG00000003147
BAP1-1	BAP1	ENSG00000163930
SP9-1	SP9	ENSG00000217236
TNNT3-1	TNNT3	ENSG00000130595
PTBP3-1	PTBP3	ENSG00000119314
HDAC11-1	HDAC11	ENSG00000163517
SPRY1-1	SPRY1	ENSG00000164056
DEFA5-1	DEFA5	ENSG00000164816
RABEP2-1	RABEP2	ENSG00000177548
C9orf3-1	AOPEP	ENSG00000148120
THRB-1	THRB	ENSG00000151090
PARD6B-1	PARD6B	ENSG00000124171
ZNF534-1	ZNF534	ENSG00000198633
SNX10-1	SNX10	ENSG00000086300
FEN1-1	FEN1	ENSG00000168496
PUF60-1	PUF60	ENSG00000179950
OSBPL9-1	OSBPL9	ENSG00000117859
CD74-1	CD74	ENSG00000019582
ZFHX2-1	ZFHX2	ENSG00000136367
RFC5-1	RFC5	ENSG00000111445
SLC25A5-1	SLC25A5	ENSG00000005022
CRTC2-1	CRTC2	ENSG00000160741
USO1-1	USO1	ENSG00000138768
IMMT-1	IMMT	ENSG00000132305
NME4-1	NME4	ENSG00000103202
SAA1-1	SAA1	ENSG00000173432
HEATR1-1	HEATR1	ENSG00000119285
ZNF502-1	ZNF502	ENSG00000196653
GNB2-1	GNB2	ENSG00000172354
MRC2-1	MRC2	ENSG00000011028
NAA35-1	NAA35	ENSG00000135040
NBPF1-1	NBPF1	ENSG00000219481
CLEC2B-1	CLEC2B	ENSG00000110852
BLCAP-1	BLCAP	ENSG00000166619
SOX18-1	SOX18	ENSG00000203883
TBXA2R-1	TBXA2R	ENSG00000006638
ATP6V0A1-1	ATP6V0A1	ENSG00000033627
TPGS2-1	TPGS2	ENSG00000134779
SQSTM1-1	SQSTM1	ENSG00000161011
FKBP1A-1	FKBP1A	ENSG00000088832
C1orf174-1	C1orf174	ENSG00000198912
MIA3-1	MIA3	ENSG00000154305
JMJD6-1	JMJD6	ENSG00000070495
EMX2-1	EMX2	ENSG00000170370
MPZL2-1	MPZL2	ENSG00000149573
COLGALT1-1	COLGALT1	ENSG00000130309
GTF2E1-1	GTF2E1	ENSG00000153767
DOP1A-1	DOP1A	ENSG00000083097
HINT3-1	HINT3	ENSG00000111911
STOM-1	STOM	ENSG00000148175
C19orf12-1	C19orf12	ENSG00000131943
RGL1-1	RGL1	ENSG00000143344
ZNF462-1	ZNF462	ENSG00000148143
ZNF649-1	ZNF649	ENSG00000198093
GNG11-1	GNG11	ENSG00000127920
EARS2-1	EARS2	ENSG00000103356
SEPHS1-1	SEPHS1	ENSG00000086475
C5orf58-1	C5orf58	ENSG00000234511
EGR1-1	EGR1	ENSG00000120738
C15orf48-1	C15orf48	ENSG00000166920
CARD16-1	CARD16	ENSG00000204397
ARGFX-1	ARGFX	ENSG00000186103
ANKRD26-1	ANKRD26	ENSG00000107890
MARCH7-1	MARCHF7	ENSG00000136536
KNSTRN-1	KNSTRN	ENSG00000128944
SAMD12-1	SAMD12	ENSG00000177570
STARD10-1	STARD10	ENSG00000214530
SFPQ-1	SFPQ	ENSG00000116560
RNF157-1	RNF157	ENSG00000141576
IKZF5-1	IKZF5	ENSG00000095574
ZNF33A-1	ZNF33A	ENSG00000189180
ZCWPW1-1	ZCWPW1	ENSG00000078487
ASB8-1	ASB8	ENSG00000177981
GTSF1-1	GTSF1	ENSG00000170627
CLEC4E-1	CLEC4E	ENSG00000166523
ARNT-1	ARNT	ENSG00000143437
CDK5RAP3-1	CDK5RAP3	ENSG00000108465
PEX12-1	PEX12	ENSG00000108733
RBMS1-1	RBMS1	ENSG00000153250
CD226-1	CD226	ENSG00000150637
SAP30-1	SAP30	ENSG00000164105
MIXL1-1	MIXL1	ENSG00000185155
MANSC1-1	MANSC1	ENSG00000111261
RAB12-1	RAB12	ENSG00000206418
LYSMD3-1	LYSMD3	ENSG00000176018
VAPA-1	VAPA	ENSG00000101558
METTL25-1	METTL25	ENSG00000127720
MRPL21-1	MRPL21	ENSG00000197345
WRNIP1-1	WRNIP1	ENSG00000124535
GGA3-1	GGA3	ENSG00000125447
SSX2IP-1	SSX2IP	ENSG00000117155
ANGPTL4-1	ANGPTL4	ENSG00000167772
RWDD2B-1	RWDD2B	ENSG00000156253
FGF9-1	FGF9	ENSG00000102678
POLB-1	POLB	ENSG00000070501
TNK2-1	TNK2	ENSG00000061938
ZNF414-1	ZNF414	ENSG00000133250
SRXN1-1	SRXN1	ENSG00000271303
ATP6V1F-1	ATP6V1F	ENSG00000128524
ZC3H12A-1	ZC3H12A	ENSG00000163874
ZNF219-1	ZNF219	ENSG00000165804
TOMM70-1	TOMM70	ENSG00000154174
MISP-1	MISP	ENSG00000099812
ZNF492-1	ZNF492	ENSG00000229676
RUFY1-1	RUFY1	ENSG00000176783
KANSL2-1	KANSL2	ENSG00000139620
CIITA-1	CIITA	ENSG00000179583
PARPBP-1	PARPBP	ENSG00000185480
KLF9-1	KLF9	ENSG00000119138
ZFPM2-1	ZFPM2	ENSG00000169946
SLC6A1-1	SLC6A1	ENSG00000157103
ATP8A2-1	ATP8A2	ENSG00000132932
NET1-1	NET1	ENSG00000173848
TAF6L-1	TAF6L	ENSG00000162227
UIMC1-1	UIMC1	ENSG00000087206
HIST3H2A-1	H2AC25	ENSG00000181218
MTF2-1	MTF2	ENSG00000143033
ZNF852-1	ZNF852	ENSG00000178917
ATG101-1	ATG101	ENSG00000123395
ABHD18-1	ABHD18	ENSG00000164074
TSPO-1	TSPO	ENSG00000100300
FDCSP-1	FDCSP	ENSG00000181617
NUDT3-1	NUDT3	ENSG00000272325
VPS51-1	VPS51	ENSG00000149823
KCNK12-1	KCNK12	ENSG00000184261
KLHL36-1	KLHL36	ENSG00000135686
NEUROD4-1	NEUROD4	ENSG00000123307
OPN3-1	OPN3	ENSG00000054277
IRF1-1	IRF1	ENSG00000125347
TOMM34-1	TOMM34	ENSG00000025772
TRIT1-1	TRIT1	ENSG00000043514
DHODH-1	DHODH	ENSG00000102967
DPM2-1	DPM2	ENSG00000136908
UBQLN4-1	UBQLN4	ENSG00000160803
ANKRD36C-1	ANKRD36C	ENSG00000174501
GABPB2-1	GABPB2	ENSG00000143458
NIPAL3-1	NIPAL3	ENSG00000001461
RHEBL1-1	RHEBL1	ENSG00000167550
RPL12-1	RPL12	ENSG00000197958
DARS-1	DARS1	ENSG00000115866
RAB15-1	RAB15	ENSG00000139998
ZNF610-1	ZNF610	ENSG00000167554
TPT1-1	TPT1	ENSG00000133112
PELI2-1	PELI2	ENSG00000139946
CXorf40A-1	EOLA1	ENSG00000197620
RASGRP3-1	RASGRP3	ENSG00000152689
MAPK6-1	MAPK6	ENSG00000069956
CDCA3-1	CDCA3	ENSG00000111665
CHRNB1-1	CHRNB1	ENSG00000170175
ASXL1-1	ASXL1	ENSG00000171456
ANKLE2-1	ANKLE2	ENSG00000176915
TNS3-1	TNS3	ENSG00000136205
POPDC2-1	POPDC2	ENSG00000121577
CCDC43-1	CCDC43	ENSG00000180329
PTPRCAP-1	PTPRCAP	ENSG00000213402
PSMF1-1	PSMF1	ENSG00000125818
TRIO-1	TRIO	ENSG00000038382
CLNK-1	CLNK	ENSG00000109684
AIP-1	AIP	ENSG00000110711
UNC13D-1	UNC13D	ENSG00000092929
ALDH3A2-1	ALDH3A2	ENSG00000072210
PPP1CB-1	PPP1CB	ENSG00000213639
GAD1-1	GAD1	ENSG00000128683
NUP133-1	NUP133	ENSG00000069248
CBX3-1	CBX3	ENSG00000122565
ZNF507-1	ZNF507	ENSG00000168813
LBX2-1	LBX2	ENSG00000179528
ANKRD6-1	ANKRD6	ENSG00000135299
PDE6D-1	PDE6D	ENSG00000156973
PTDSS1-1	PTDSS1	ENSG00000156471
SAP18-1	SAP18	ENSG00000150459
ZNF616-1	ZNF616	ENSG00000204611
CEP152-1	CEP152	ENSG00000103995
SIX3-1	SIX3	ENSG00000138083
SLC43A3-1	SLC43A3	ENSG00000134802
PRKCSH-1	PRKCSH	ENSG00000130175
WRAP53-1	WRAP53	ENSG00000141499
DHX8-1	DHX8	ENSG00000067596
ETV6-1	ETV6	ENSG00000139083
ANKAR-1	ANKAR	ENSG00000151687
DOK1-1	DOK1	ENSG00000115325
MYL6B-1	MYL6B	ENSG00000196465
TP53TG5-1	TP53TG5	ENSG00000124251
DAG1-1	DAG1	ENSG00000173402
IL12RB1-1	IL12RB1	ENSG00000096996
APOPT1-1	COA8	ENSG00000256053
APOD-1	APOD	ENSG00000189058
ST7L-1	ST7L	ENSG00000007341
COLGALT2-1	COLGALT2	ENSG00000198756
NCDN-1	NCDN	ENSG00000020129
RNMT-1	RNMT	ENSG00000101654
TSPAN31-1	TSPAN31	ENSG00000135452
ATP6V0E2-1	ATP6V0E2	ENSG00000171130
CHTOP-1	CHTOP	ENSG00000160679
INPP5D-1	INPP5D	ENSG00000168918
ATL1-1	ATL1	ENSG00000198513
AGMAT-1	AGMAT	ENSG00000116771
CLEC1B-1	CLEC1B	ENSG00000165682
ZNF526-1	ZNF526	ENSG00000167625
POMK-1	POMK	ENSG00000185900
EXOSC10-1	EXOSC10	ENSG00000171824
TMEM164-1	TMEM164	ENSG00000157600
LHX8-1	LHX8	ENSG00000162624
SFT2D3-1	SFT2D3	ENSG00000173349
EBF1-1	EBF1	ENSG00000164330
HIST1H2AK-1	H2AC15	ENSG00000275221
SLC3A1-1	SLC3A1	ENSG00000138079
COG3-1	COG3	ENSG00000136152
CCDC58-1	MIX23	ENSG00000160124
BTN2A1-1	BTN2A1	ENSG00000112763
ZNF75A-1	ZNF75A	ENSG00000162086
SNRNP70-1	SNRNP70	ENSG00000104852
RNF7-1	RNF7	ENSG00000114125
SPC24-1	SPC24	ENSG00000161888
NFATC1-1	NFATC1	ENSG00000131196
SLC6A9-1	SLC6A9	ENSG00000196517
FUT10-1	FUT10	ENSG00000172728
HNRNPR-1	HNRNPR	ENSG00000125944
EPSTI1-1	EPSTI1	ENSG00000133106
RTN4-1	RTN4	ENSG00000115310
SHISAL2A-1	SHISAL2A	ENSG00000182183
RPS15-1	RPS15	ENSG00000115268
ZNF135-1	ZNF135	ENSG00000176293
GFOD2-1	GFOD2	ENSG00000141098
COPE-1	COPE	ENSG00000105669
ZFP14-1	ZFP14	ENSG00000142065
COMTD1-1	COMTD1	ENSG00000165644
BTF3-1	BTF3	ENSG00000145741
SMAP2-1	SMAP2	ENSG00000084070
HDAC7-1	HDAC7	ENSG00000061273
PLAUR-1	PLAUR	ENSG00000011422
GCFC2-1	GCFC2	ENSG00000005436
SLC9A5-1	SLC9A5	ENSG00000135740
CDKN2A-1	CDKN2A	ENSG00000147889
CDC73-1	CDC73	ENSG00000134371
CAD-1	CAD	ENSG00000084774
GBP1-1	GBP1	ENSG00000117228
RSBN1L-1	RSBN1L	ENSG00000187257
PLSCR3-1	PLSCR3	ENSG00000187838
EIF2AK1-1	EIF2AK1	ENSG00000086232
COQ4-1	COQ4	ENSG00000167113
TAF1C-1	TAF1C	ENSG00000103168
SLFN14-1	SLFN14	ENSG00000236320
AURKB-1	AURKB	ENSG00000178999
SWI5-1	SWI5	ENSG00000175854
ARID3A-1	ARID3A	ENSG00000116017
FASTKD1-1	FASTKD1	ENSG00000138399
CCNQ-1	CCNQ	ENSG00000262919
SLC39A13-1	SLC39A13	ENSG00000165915
RNF26-1	RNF26	ENSG00000173456
TRAPPC1-1	TRAPPC1	ENSG00000170043
ATP5MF-1	ATP5MF	ENSG00000241468
SLC35D1-1	SLC35D1	ENSG00000116704
HSF4-1	HSF4	ENSG00000102878
ZNF597-1	ZNF597	ENSG00000167981
TM2D1-1	TM2D1	ENSG00000162604
CACNA2D4-1	CACNA2D4	ENSG00000151062
PDGFD-1	PDGFD	ENSG00000170962
MYOD1-1	MYOD1	ENSG00000129152
NUDT1-1	NUDT1	ENSG00000106268
CCDC30-1	CCDC30	ENSG00000186409
CLK4-1	CLK4	ENSG00000113240
TLDC2-1	TLDC2	ENSG00000101342
FCGR2A-1	FCGR2A	ENSG00000143226
RAB8B-1	RAB8B	ENSG00000166128
PDCL3-1	PDCL3	ENSG00000115539
PWP1-1	PWP1	ENSG00000136045
GTPBP8-1	GTPBP8	ENSG00000163607
ADGRG1-1	ADGRG1	ENSG00000205336
FAM53B-1	FAM53B	ENSG00000189319
SRCAP-1	SRCAP	ENSG00000080603
TVP23C-1	TVP23C	ENSG00000175106
HIST1H4L-1	H4C13	ENSG00000275126
LEPROTL1-1	LEPROTL1	ENSG00000104660
ALX1-1	ALX1	ENSG00000180318
CNTF-1	CNTF	ENSG00000242689
MAGI3-1	MAGI3	ENSG00000081026
TYW1-1	TYW1	ENSG00000198874
ZSCAN20-1	ZSCAN20	ENSG00000121903
NUDT16L1-1	NUDT16L1	ENSG00000168101
OSER1-1	OSER1	ENSG00000132823
HMGB3-1	HMGB3	ENSG00000029993
APH1A-1	APH1A	ENSG00000117362
LYPLA2-1	LYPLA2	ENSG00000011009
MRPS10-1	MRPS10	ENSG00000048544
EVA1B-1	EVA1B	ENSG00000142694
AP2A2-1	AP2A2	ENSG00000183020
ZNF619-1	ZNF619	ENSG00000177873
YBX2-1	YBX2	ENSG00000006047
NSD3-1	NSD3	ENSG00000147548
SPOCK2-1	SPOCK2	ENSG00000107742
MYL12B-1	MYL12B	ENSG00000118680
LTA4H-1	LTA4H	ENSG00000111144
MED16-1	MED16	ENSG00000175221
CALCB-1	CALCB	ENSG00000175868
ESM1-1	ESM1	ENSG00000164283
SEC61A2-1	SEC61A2	ENSG00000065665
TMEM138-1	TMEM138	ENSG00000149483
CCDC51-1	CCDC51	ENSG00000164051
ZRSR2-1	ZRSR2	ENSG00000169249
ACSL6-1	ACSL6	ENSG00000164398
TMEM165-1	TMEM165	ENSG00000134851
AK1-1	AK1	ENSG00000106992
TMEM50A-1	TMEM50A	ENSG00000183726
CBWD1-1	ZNG1A	ENSG00000172785
NUTF2-1	NUTF2	ENSG00000102898
PUS7L-1	PUS7L	ENSG00000129317
ELOA-1	ELOA	ENSG00000011007
SUSD3-1	SUSD3	ENSG00000157303
SEC61A1-1	SEC61A1	ENSG00000058262
NPC1-1	NPC1	ENSG00000141458
MRE11-1	MRE11	ENSG00000020922
TLX1-1	TLX1	ENSG00000107807
ZNF92-1	ZNF92	ENSG00000146757
APOBEC3B-1	APOBEC3B	ENSG00000179750
ZNF727-1	ZNF727	ENSG00000214652
RGS3-1	RGS3	ENSG00000138835
H6PD-1	H6PD	ENSG00000049239
RETN-1	RETN	ENSG00000104918
GEMIN2-1	GEMIN2	ENSG00000092208
CTDSP2-1	CTDSP2	ENSG00000175215
TBC1D16-1	TBC1D16	ENSG00000167291
ZCWPW2-1	ZCWPW2	ENSG00000206559
COL22A1-1	COL22A1	ENSG00000169436
PARP3-1	PARP3	ENSG00000041880
EED-1	EED	ENSG00000074266
ANKRD46-1	ANKRD46	ENSG00000186106
MTERF1-1	MTERF1	ENSG00000127989
NCAPH-1	NCAPH	ENSG00000121152
CNST-1	CNST	ENSG00000162852
PLEKHM3-1	PLEKHM3	ENSG00000178385
MKNK1-1	MKNK1	ENSG00000079277
TMEM41B-1	TMEM41B	ENSG00000166471
GMPR2-1	GMPR2	ENSG00000100938
EBP-1	EBP	ENSG00000147155
TSPYL1-1	TSPYL1	ENSG00000189241
ERMN-1	ERMN	ENSG00000136541
WDR53-1	WDR53	ENSG00000185798
HOOK3-1	HOOK3	ENSG00000168172
ERLEC1-1	ERLEC1	ENSG00000068912
TSSK4-1	TSSK4	ENSG00000139908
NLGN3-1	NLGN3	ENSG00000196338
ZFX-1	ZFX	ENSG00000005889
XPC-1	XPC	ENSG00000154767
FLNB-1	FLNB	ENSG00000136068
GOLPH3-1	GOLPH3	ENSG00000113384
DHRS3-1	DHRS3	ENSG00000162496
FAAH2-1	FAAH2	ENSG00000165591
ZMPSTE24-1	ZMPSTE24	ENSG00000084073
ARID5B-1	ARID5B	ENSG00000150347
PTPRM-1	PTPRM	ENSG00000173482
TCEA2-1	TCEA2	ENSG00000171703
HEATR4-1	HEATR4	ENSG00000187105
LGALS12-1	LGALS12	ENSG00000133317
AP1B1-1	AP1B1	ENSG00000100280
WDR73-1	WDR73	ENSG00000177082
ERH-1	ERH	ENSG00000100632
PUM3-1	PUM3	ENSG00000080608
TSC22D4-1	TSC22D4	ENSG00000166925
PARK7-1	PARK7	ENSG00000116288
TPRKB-1	TPRKB	ENSG00000144034
GAS7-1	GAS7	ENSG00000007237
RBBP4-1	RBBP4	ENSG00000162521
KLF8-1	KLF8	ENSG00000102349
VAX2-1	VAX2	ENSG00000116035
DOHH-1	DOHH	ENSG00000129932
TAF9B-1	TAF9B	ENSG00000187325
DHPS-1	DHPS	ENSG00000095059
ERLIN2-1	ERLIN2	ENSG00000147475
CDC37-1	CDC37	ENSG00000105401
DIP2C-1	DIP2C	ENSG00000151240
TMEM140-1	TMEM140	ENSG00000146859
JUN-1	JUN	ENSG00000177606
ITGAE-1	ITGAE	ENSG00000083457
ACAP1-1	ACAP1	ENSG00000072818
PLEKHJ1-1	PLEKHJ1	ENSG00000104886
UBL7-1	UBL7	ENSG00000138629
KANK1-1	KANK1	ENSG00000107104
ZDHHC7-1	ZDHHC7	ENSG00000153786
ZNF250-1	ZNF250	ENSG00000196150
RABEP1-1	RABEP1	ENSG00000029725
BCL7A-1	BCL7A	ENSG00000110987
POU2AF1-1	POU2AF1	ENSG00000110777
NFYC-1	NFYC	ENSG00000066136
SLC25A24-1	SLC25A24	ENSG00000085491
ZNF837-1	ZNF837	ENSG00000152475
SAP130-1	SAP130	ENSG00000136715
RNASEK-1	RNASEK	ENSG00000219200
TRIM44-1	TRIM44	ENSG00000166326
RABGAP1-1	RABGAP1	ENSG00000011454
SCAMP2-1	SCAMP2	ENSG00000140497
ZNF239-1	ZNF239	ENSG00000196793
TXNDC5-1	TXNDC5	ENSG00000239264
TMEM87B-1	TMEM87B	ENSG00000153214
RWDD3-1	RWDD3	ENSG00000122481
PKIA-1	PKIA	ENSG00000171033
SLC16A7-1	SLC16A7	ENSG00000118596
IER5-1	IER5	ENSG00000162783
RBM23-1	RBM23	ENSG00000100461
SLC37A3-1	SLC37A3	ENSG00000157800
ZNF454-1	ZNF454	ENSG00000178187
CHRNA6-1	CHRNA6	ENSG00000147434
PTCD1-1	PTCD1	ENSG00000106246
CHCHD4-1	CHCHD4	ENSG00000163528
TRA2B-1	TRA2B	ENSG00000136527
MED13-1	MED13	ENSG00000108510
RPL22-1	RPL22	ENSG00000116251
DAPP1-1	DAPP1	ENSG00000070190
PAX7-1	PAX7	ENSG00000009709
KLHL22-1	KLHL22	ENSG00000099910
CLTRN-1	CLTRN	ENSG00000147003
APOOL-1	APOOL	ENSG00000155008
HDGFL3-1	HDGFL3	ENSG00000166503
RHBDF2-1	RHBDF2	ENSG00000129667
RFC2-1	RFC2	ENSG00000049541
MRPS23-1	MRPS23	ENSG00000181610
PRC1-1	PRC1	ENSG00000198901
INO80-1	INO80	ENSG00000128908
DHRS12-1	DHRS12	ENSG00000102796
NME1-1	NME1	ENSG00000239672
ZNF398-1	ZNF398	ENSG00000197024
ZNF177-1	ZNF177	ENSG00000188629
PGRMC1-1	PGRMC1	ENSG00000101856
ZNF599-1	ZNF599	ENSG00000153896
PPP1R8-1	PPP1R8	ENSG00000117751
IMPDH1-1	IMPDH1	ENSG00000106348
ADCY4-1	ADCY4	ENSG00000129467
CUEDC2-1	CUEDC2	ENSG00000107874
DAGLB-1	DAGLB	ENSG00000164535
MYO9A-1	MYO9A	ENSG00000066933
UTP14A-1	UTP14A	ENSG00000156697
FASTKD3-1	FASTKD3	ENSG00000124279
ARL1-1	ARL1	ENSG00000120805
GLRX3-1	GLRX3	ENSG00000108010
HEYL-1	HEYL	ENSG00000163909
CLIP2-1	CLIP2	ENSG00000106665
RAD51AP1-1	RAD51AP1	ENSG00000111247
PRDM10-1	PRDM10	ENSG00000170325
CXorf57-1	RADX	ENSG00000147231
SLC29A3-1	SLC29A3	ENSG00000198246
MYO1D-1	MYO1D	ENSG00000176658
CSNK1G3-1	CSNK1G3	ENSG00000151292
DGKI-1	DGKI	ENSG00000157680
PHGDH-1	PHGDH	ENSG00000092621
SNRNP48-1	SNRNP48	ENSG00000168566
NKX1-2-1	NKX1-2	ENSG00000229544
KPNA6-1	KPNA6	ENSG00000025800
GSDMB-1	GSDMB	ENSG00000073605
TCTN1-1	TCTN1	ENSG00000204852
ABRAXAS2-1	ABRAXAS2	ENSG00000165660
NDUFAF7-1	NDUFAF7	ENSG00000003509
KCNJ14-1	KCNJ14	ENSG00000182324
TRMT1L-1	TRMT1L	ENSG00000121486
MATN2-1	MATN2	ENSG00000132561
ADO-1	ADO	ENSG00000181915
TCP1-1	TCP1	ENSG00000120438
ZC3H11A-1	ZC3H11A	ENSG00000058673
PRR14L-1	PRR14L	ENSG00000183530
SMARCA2-1	SMARCA2	ENSG00000080503
VRK3-1	VRK3	ENSG00000105053
USP27X-1	USP27X	ENSG00000273820
POMGNT1-1	POMGNT1	ENSG00000085998
ANKDD1A-1	ANKDD1A	ENSG00000166839
OTUD3-1	OTUD3	ENSG00000169914
TMBIM1-1	TMBIM1	ENSG00000135926
HIST2H2AC-1	H2AC20	ENSG00000184260
UNC119B-1	UNC119B	ENSG00000175970
HIST1H2AM-1	H2AC17	ENSG00000278677
TMEM128-1	TMEM128	ENSG00000132406
PAX8-1	PAX8	ENSG00000125618
C12orf76-1	C12orf76	ENSG00000174456
LPAR6-1	LPAR6	ENSG00000139679
ZCCHC24-1	ZCCHC24	ENSG00000165424
BCL2L2-1	BCL2L2	ENSG00000129473
ATXN7L1-1	ATXN7L1	ENSG00000146776
ZXDB-1	ZXDB	ENSG00000198455
ZNF322-1	ZNF322	ENSG00000181315
COPB2-1	COPB2	ENSG00000184432
ZNF709-1	ZNF709	ENSG00000242852
PEPD-1	PEPD	ENSG00000124299
ST6GALNAC3-1	ST6GALNAC3	ENSG00000184005
PHF6-1	PHF6	ENSG00000156531
DHX57-1	DHX57	ENSG00000163214
PIK3CB-1	PIK3CB	ENSG00000051382
NEUROG1-1	NEUROG1	ENSG00000181965
IPO5-1	IPO5	ENSG00000065150
REST-1	REST	ENSG00000084093
SC5D-1	SC5D	ENSG00000109929
MREG-1	MREG	ENSG00000118242
CACNB1-1	CACNB1	ENSG00000067191
LMLN-1	LMLN	ENSG00000185621
ZCCHC4-1	ZCCHC4	ENSG00000168228
MFAP3L-1	MFAP3L	ENSG00000198948
TFB1M-1	TFB1M	ENSG00000029639
FAM219A-1	FAM219A	ENSG00000164970
FAF2-1	FAF2	ENSG00000113194
TBCK-1	TBCK	ENSG00000145348
IRAK1-1	IRAK1	ENSG00000184216
H3F3A-1	H3-3A	ENSG00000163041
ANXA1-1	ANXA1	ENSG00000135046
CEBPZ-1	CEBPZ	ENSG00000115816
ELMSAN1-1	MIDEAS	ENSG00000156030
PRX-1	PRX	ENSG00000105227
SLC30A9-1	SLC30A9	ENSG00000014824
MBNL2-1	MBNL2	ENSG00000139793
PTTG1-1	PTTG1	ENSG00000164611
CCL2-1	CCL2	ENSG00000108691
EEA1-1	EEA1	ENSG00000102189
NDUFAB1-1	NDUFAB1	ENSG00000004779
ADAMTS6-1	ADAMTS6	ENSG00000049192
CEMIP-1	CEMIP	ENSG00000103888
ATG7-1	ATG7	ENSG00000197548
MATK-1	MATK	ENSG00000007264
CMIP-1	CMIP	ENSG00000153815
ATP5F1E-1	ATP5F1E	ENSG00000124172
ARFGAP3-1	ARFGAP3	ENSG00000242247
KCNK6-1	KCNK6	ENSG00000099337
ASIC3-1	ASIC3	ENSG00000213199
RMC1-1	RMC1	ENSG00000141452
HGH1-1	HGH1	ENSG00000235173
SPAG4-1	SPAG4	ENSG00000061656
EXOSC8-1	EXOSC8	ENSG00000120699
LMTK2-1	LMTK2	ENSG00000164715
TTL-1	TTL	ENSG00000114999
RUNX1-1	RUNX1	ENSG00000159216
GMEB1-1	GMEB1	ENSG00000162419
PPIH-1	PPIH	ENSG00000171960
SRGAP3-1	SRGAP3	ENSG00000196220
COG6-1	COG6	ENSG00000133103
PMP22-1	PMP22	ENSG00000109099
MRPL32-1	MRPL32	ENSG00000106591
CDKL2-1	CDKL2	ENSG00000138769
OVOL3-1	OVOL3	ENSG00000105261
ZNF432-1	ZNF432	ENSG00000256087
NUFIP2-1	NUFIP2	ENSG00000108256
SUCLA2-1	SUCLA2	ENSG00000136143
GATA2-1	GATA2	ENSG00000179348
PTPA-1	PTPA	ENSG00000119383
HAS3-1	HAS3	ENSG00000103044
ALPK1-1	ALPK1	ENSG00000073331
CWC22-1	CWC22	ENSG00000163510
VAT1-1	VAT1	ENSG00000108828
FANCG-1	FANCG	ENSG00000221829
TBL1X-1	TBL1X	ENSG00000101849
SLC1A2-1	SLC1A2	ENSG00000110436
ANP32A-1	ANP32A	ENSG00000140350
BORCS7-1	BORCS7	ENSG00000166275
RGCC-1	RGCC	ENSG00000102760
IL17D-1	IL17D	ENSG00000172458
SLC43A1-1	SLC43A1	ENSG00000149150
AP1S3-1	AP1S3	ENSG00000152056
IDS-1	IDS	ENSG00000010404
APEX2-1	APEX2	ENSG00000169188
DHCR7-1	DHCR7	ENSG00000172893
MXD1-1	MXD1	ENSG00000059728
C1GALT1C1-1	C1GALT1C1	ENSG00000171155
DACT1-1	DACT1	ENSG00000165617
BRCA2-1	BRCA2	ENSG00000139618
ZMYM6-1	ZMYM6	ENSG00000163867
SYAP1-1	SYAP1	ENSG00000169895
FAM120C-1	FAM120C	ENSG00000184083
CMSS1-1	CMSS1	ENSG00000184220
BAG3-1	BAG3	ENSG00000151929
MRPS21-1	MRPS21	ENSG00000266472
TMEM160-1	TMEM160	ENSG00000130748
CENPW-1	CENPW	ENSG00000203760
FAM167B-1	FAM167B	ENSG00000183615
MC1R-1	MC1R	ENSG00000258839
FMR1-1	FMR1	ENSG00000102081
LANCL2-1	LANCL2	ENSG00000132434
SCYL2-1	SCYL2	ENSG00000136021
JAKMIP1-1	JAKMIP1	ENSG00000152969
STX18-1	STX18	ENSG00000168818
FBXO10-1	FBXO10	ENSG00000147912
B4GAT1-1	B4GAT1	ENSG00000174684
RAPGEFL1-1	RAPGEFL1	ENSG00000108352
RFX6-1	RFX6	ENSG00000185002
ARHGEF2-1	ARHGEF2	ENSG00000116584
PRADC1-1	PRADC1	ENSG00000135617
OSTM1-1	OSTM1	ENSG00000081087
PDCD2L-1	PDCD2L	ENSG00000126249
ANKRD36-1	ANKRD36	ENSG00000135976
RASGRP1-1	RASGRP1	ENSG00000172575
SYNE1-1	SYNE1	ENSG00000131018
DENND4C-1	DENND4C	ENSG00000137145
FAAP24-1	FAAP24	ENSG00000131944
DDX43-1	DDX43	ENSG00000080007
SLC39A8-1	SLC39A8	ENSG00000138821
TXLNG-1	TXLNG	ENSG00000086712
TOP1MT-1	TOP1MT	ENSG00000184428
KATNB1-1	KATNB1	ENSG00000140854
DEFB131B-1	DEFB131B	ENSG00000225805
SNX13-1	SNX13	ENSG00000071189
THADA-1	THADA	ENSG00000115970
FAM156A-1	FAM156A	ENSG00000268350
SAR1B-1	SAR1B	ENSG00000152700
CNBD2-1	CNBD2	ENSG00000149646
LMO7-1	LMO7	ENSG00000136153
EAPP-1	EAPP	ENSG00000129518
DNAJC7-1	DNAJC7	ENSG00000168259
ACE-1	ACE	ENSG00000159640
GTF3A-1	GTF3A	ENSG00000122034
RPL26-1	RPL26	ENSG00000161970
ZNF652-1	ZNF652	ENSG00000198740
CSAD-1	CSAD	ENSG00000139631
GCDH-1	GCDH	ENSG00000105607
COA3-1	COA3	ENSG00000183978
PCYT1A-1	PCYT1A	ENSG00000161217
TOGARAM1-1	TOGARAM1	ENSG00000198718
DNASE2-1	DNASE2	ENSG00000105612
SNRPD1-1	SNRPD1	ENSG00000167088
AGAP3-1	AGAP3	ENSG00000133612
RAP2B-1	RAP2B	ENSG00000181467
HEXIM1-1	HEXIM1	ENSG00000186834
ZXDC-1	ZXDC	ENSG00000070476
EIF5A-1	EIF5A	ENSG00000132507
MADD-1	MADD	ENSG00000110514
CA13-1	CA13	ENSG00000185015
SENP2-1	SENP2	ENSG00000163904
FKBP3-1	FKBP3	ENSG00000100442
SNX16-1	SNX16	ENSG00000104497
TCP11L2-1	TCP11L2	ENSG00000166046
DPRX-1	DPRX	ENSG00000204595
ANKRD61-1	ANKRD61	ENSG00000157999
SF3A1-1	SF3A1	ENSG00000099995
NAPB-1	NAPB	ENSG00000125814
GTPBP10-1	GTPBP10	ENSG00000105793
ACSM3-1	ACSM3	ENSG00000005187
TTLL12-1	TTLL12	ENSG00000100304
HSPA8-1	HSPA8	ENSG00000109971
GLB1L2-1	GLB1L2	ENSG00000149328
COMMD1-1	COMMD1	ENSG00000173163
GEM-1	GEM	ENSG00000164949
RNF215-1	RNF215	ENSG00000099999
JMJD7-PLA2G4B-1	JMJD7-PLA2G4B	ENSG00000168970
APLF-1	APLF	ENSG00000169621
SYT11-1	SYT11	ENSG00000132718
AIRE-1	AIRE	ENSG00000160224
MPI-1	MPI	ENSG00000178802
HSDL1-1	HSDL1	ENSG00000103160
TAL1-1	TAL1	ENSG00000162367
C22orf23-1	C22orf23	ENSG00000128346
CPSF1-1	CPSF1	ENSG00000071894
RBMX-1	RBMX	ENSG00000147274
PLEKHA7-1	PLEKHA7	ENSG00000166689
TYROBP-1	TYROBP	ENSG00000011600
DRAM2-1	DRAM2	ENSG00000156171
MRM2-1	MRM2	ENSG00000122687
POLR1B-1	POLR1B	ENSG00000125630
HIBADH-1	HIBADH	ENSG00000106049
LSM3-1	LSM3	ENSG00000170860
FAM118A-1	FAM118A	ENSG00000100376
SPATA2-1	SPATA2	ENSG00000158480
LIN37-1	LIN37	ENSG00000267796
B3GALT6-1	B3GALT6	ENSG00000176022
ZBTB7C-1	ZBTB7C	ENSG00000184828
SSR1-1	SSR1	ENSG00000124783
FLYWCH1-1	FLYWCH1	ENSG00000059122
HINFP-1	HINFP	ENSG00000172273
MYSM1-1	MYSM1	ENSG00000162601
HLTF-1	HLTF	ENSG00000071794
ELL-1	ELL	ENSG00000105656
C12orf57-1	C12orf57	ENSG00000111678
ATP8B4-1	ATP8B4	ENSG00000104043
PIK3R1-1	PIK3R1	ENSG00000145675
PTPN11-1	PTPN11	ENSG00000179295
SLC35F2-1	SLC35F2	ENSG00000110660
EPB41-1	EPB41	ENSG00000159023
TSEN54-1	TSEN54	ENSG00000182173
BRD8-1	BRD8	ENSG00000112983
TROVE2-1	RO60	ENSG00000116747
CEBPB-1	CEBPB	ENSG00000172216
MBD6-1	MBD6	ENSG00000166987
TIGD1-1	TIGD1	ENSG00000221944
DESI1-1	DESI1	ENSG00000100418
TSLP-1	TSLP	ENSG00000145777
EME1-1	EME1	ENSG00000154920
DNASE1L1-1	DNASE1L1	ENSG00000013563
AEBP2-1	AEBP2	ENSG00000139154
TMSB4X-1	TMSB4X	ENSG00000205542
DEGS2-1	DEGS2	ENSG00000168350
CLPP-1	CLPP	ENSG00000125656
PCMT1-1	PCMT1	ENSG00000120265
TRUB2-1	TRUB2	ENSG00000167112
OSBPL11-1	OSBPL11	ENSG00000144909
ZNF554-1	ZNF554	ENSG00000172006
VPS35L-1	VPS35L	ENSG00000103544
MAP7D3-1	MAP7D3	ENSG00000129680
APBB3-1	APBB3	ENSG00000113108
PLEKHF1-1	PLEKHF1	ENSG00000166289
PIM1-1	PIM1	ENSG00000137193
PDIA3-1	PDIA3	ENSG00000167004
STOML1-1	STOML1	ENSG00000067221
PARP2-1	PARP2	ENSG00000129484
MYEF2-1	MYEF2	ENSG00000104177
CYBC1-1	CYBC1	ENSG00000178927
IL24-1	IL24	ENSG00000162892
COX11-1	COX11	ENSG00000166260
FAM160B2-1	FHIP2B	ENSG00000158863
CD320-1	CD320	ENSG00000167775
PGGHG-1	PGGHG	ENSG00000142102
TRMT12-1	TRMT12	ENSG00000183665
FCRL1-1	FCRL1	ENSG00000163534
WDR61-1	SKIC8	ENSG00000140395
SLC17A1-1	SLC17A1	ENSG00000124568
ZNF593-1	ZNF593	ENSG00000142684
UPF3A-1	UPF3A	ENSG00000169062
TMTC4-1	TMTC4	ENSG00000125247
SLAMF8-1	SLAMF8	ENSG00000158714
MPHOSPH10-1	MPHOSPH10	ENSG00000124383
EXOC2-1	EXOC2	ENSG00000112685
XIRP1-1	XIRP1	ENSG00000168334
NUP205-1	NUP205	ENSG00000155561
CCDC39-1	CCDC39	ENSG00000284862
DPF1-1	DPF1	ENSG00000011332
EHD3-1	EHD3	ENSG00000013016
GBP3-1	GBP3	ENSG00000117226
NUMB-1	NUMB	ENSG00000133961
NAA16-1	NAA16	ENSG00000172766
GALNT12-1	GALNT12	ENSG00000119514
PRKAR2A-1	PRKAR2A	ENSG00000114302
RNFT1-1	RNFT1	ENSG00000189050
WWC2-1	WWC2	ENSG00000151718
PBXIP1-1	PBXIP1	ENSG00000163346
TRERF1-1	TRERF1	ENSG00000124496
EHF-1	EHF	ENSG00000135373
C17orf80-1	MTNAP1	ENSG00000141219
EIF4EBP2-1	EIF4EBP2	ENSG00000148730
ZC3H12C-1	ZC3H12C	ENSG00000149289
KIF9-1	KIF9	ENSG00000088727
COX20-1	COX20	ENSG00000203667
CHAF1B-1	CHAF1B	ENSG00000159259
ACOX1-1	ACOX1	ENSG00000161533
ODF2-1	ODF2	ENSG00000136811
FOXL1-1	FOXL1	ENSG00000176678
ZNF347-1	ZNF347	ENSG00000197937
TXNRD3-1	TXNRD3	ENSG00000197763
RSPRY1-1	RSPRY1	ENSG00000159579
LUZP6-1	MTPN	ENSG00000105887
PSME2-1	PSME2	ENSG00000100911
NECAP1-1	NECAP1	ENSG00000089818
KLHL9-1	KLHL9	ENSG00000198642
RBM43-1	RBM43	ENSG00000184898
COL16A1-1	COL16A1	ENSG00000084636
SLC35A5-1	SLC35A5	ENSG00000138459
RNF144A-1	RNF144A	ENSG00000151692
UCP3-1	UCP3	ENSG00000175564
TNFSF12-TNFSF13-1	TNFSF12-TNFSF13	ENSG00000248871
TSPAN17-1	TSPAN17	ENSG00000048140
STAT1-1	STAT1	ENSG00000115415
BEST1-1	BEST1	ENSG00000167995
CIPC-1	CIPC	ENSG00000198894
TRAF3IP3-1	TRAF3IP3	ENSG00000009790
ARPC5L-1	ARPC5L	ENSG00000136950
PHF20-1	PHF20	ENSG00000025293
EID3-1	EID3	ENSG00000255150
MYO15A-1	MYO15A	ENSG00000091536
ZNF106-1	ZNF106	ENSG00000103994
CD24-1	CD24	ENSG00000272398
URB1-1	URB1	ENSG00000142207
TIGD3-1	TIGD3	ENSG00000173825
GDF11-1	GDF11	ENSG00000135414
ZNF662-1	ZNF662	ENSG00000182983
RAB14-1	RAB14	ENSG00000119396
CD5-1	CD5	ENSG00000110448
TUB-1	TUB	ENSG00000166402
EPAS1-1	EPAS1	ENSG00000116016
RBM12-1	RBM12	ENSG00000244462
TFG-1	TFG	ENSG00000114354
ALDH9A1-1	ALDH9A1	ENSG00000143149
GSE1-1	GSE1	ENSG00000131149
VPS72-1	VPS72	ENSG00000163159
PRKAR2B-1	PRKAR2B	ENSG00000005249
KLHL26-1	KLHL26	ENSG00000167487
IGSF3-1	IGSF3	ENSG00000143061
FAM173A-1	ANTKMT	ENSG00000103254
UBE2A-1	UBE2A	ENSG00000077721
ZC3H12B-1	ZC3H12B	ENSG00000102053
KCNIP2-1	KCNIP2	ENSG00000120049
UBXN6-1	UBXN6	ENSG00000167671
RAB33A-1	RAB33A	ENSG00000134594
TMSB10-1	TMSB10	ENSG00000034510
KIF5B-1	KIF5B	ENSG00000170759
KAT8-1	KAT8	ENSG00000103510
CDKL1-1	CDKL1	ENSG00000100490
CYP1B1-1	CYP1B1	ENSG00000138061
SYMPK-1	SYMPK	ENSG00000125755
HBM-1	HBM	ENSG00000206177
ATXN3-1	ATXN3	ENSG00000066427
ABL2-1	ABL2	ENSG00000143322
ME2-1	ME2	ENSG00000082212
ZNF697-1	ZNF697	ENSG00000143067
TRNT1-1	TRNT1	ENSG00000072756
GAMT-1	GAMT	ENSG00000130005
SESN3-1	SESN3	ENSG00000149212
RTF2-1	RTF2	ENSG00000022277
GCM1-1	GCM1	ENSG00000137270
ZNF275-1	ZNF275	ENSG00000063587
CREB3L1-1	CREB3L1	ENSG00000157613
TDRD7-1	TDRD7	ENSG00000196116
EXOC6-1	EXOC6	ENSG00000138190
ZNF516-1	ZNF516	ENSG00000101493
ARAP2-1	ARAP2	ENSG00000047365
EBLN2-1	EBLN2	ENSG00000255423
HES1-1	HES1	ENSG00000114315
DCHS1-1	DCHS1	ENSG00000166341
ABHD8-1	ABHD8	ENSG00000127220
KLHL31-1	KLHL31	ENSG00000124743
ZBED5-1	ZBED5	ENSG00000236287
C16orf95-1	C16orf95	ENSG00000260456
CCR5-1	CCR5	ENSG00000160791
FGD2-1	FGD2	ENSG00000146192
UFL1-1	UFL1	ENSG00000014123
TYW3-1	TYW3	ENSG00000162623
KLF15-1	KLF15	ENSG00000163884
NEK10-1	NEK10	ENSG00000163491
KRBOX4-1	KRBOX4	ENSG00000147121
ATP13A1-1	ATP13A1	ENSG00000105726
SEC11C-1	SEC11C	ENSG00000166562
SLC25A37-1	SLC25A37	ENSG00000147454
NPAT-1	NPAT	ENSG00000149308
SOX17-1	SOX17	ENSG00000164736
SEPT9-1	SEPTIN9	ENSG00000184640
RPTOR-1	RPTOR	ENSG00000141564
ASNSD1-1	ASNSD1	ENSG00000138381
EIF4ENIF1-1	EIF4ENIF1	ENSG00000184708
PYGL-1	PYGL	ENSG00000100504
COLQ-1	COLQ	ENSG00000206561
PHTF1-1	PHTF1	ENSG00000116793
CAPN12-1	CAPN12	ENSG00000182472
RGS5-1	RGS5	ENSG00000143248
SLC25A29-1	SLC25A29	ENSG00000197119
SMIM4-1	UQCC5	ENSG00000168273
RRAGC-1	RRAGC	ENSG00000116954
MGP-1	MGP	ENSG00000111341
IRF2BP1-1	IRF2BP1	ENSG00000170604
UHRF1BP1-1	BLTP3A	ENSG00000065060
QPRT-1	QPRT	ENSG00000103485
IL15-1	IL15	ENSG00000164136
GPAA1-1	GPAA1	ENSG00000197858
TMEM70-1	TMEM70	ENSG00000175606
AGFG1-1	AGFG1	ENSG00000173744
ZFAND2A-1	ZFAND2A	ENSG00000178381
EML2-1	EML2	ENSG00000125746
C4orf33-1	C4orf33	ENSG00000151470
INF2-1	INF2	ENSG00000203485
SIAH2-1	SIAH2	ENSG00000181788
RPL15-1	RPL15	ENSG00000174748
KHSRP-1	KHSRP	ENSG00000088247
OTUD6B-1	OTUD6B	ENSG00000155100
LDLR-1	LDLR	ENSG00000130164
GLB1L-1	GLB1L	ENSG00000163521
ITFG2-1	ITFG2	ENSG00000111203
ACD-1	ACD	ENSG00000102977
SATB1-1	SATB1	ENSG00000182568
NPTN-1	NPTN	ENSG00000156642
DPH3-1	DPH3	ENSG00000154813
PLXDC1-1	PLXDC1	ENSG00000161381
JTB-1	JTB	ENSG00000143543
KCNA6-1	KCNA6	ENSG00000151079
SNRPF-1	SNRPF	ENSG00000139343
FKBP5-1	FKBP5	ENSG00000096060
PFKL-1	PFKL	ENSG00000141959
KCNQ5-1	KCNQ5	ENSG00000185760
KYAT1-1	KYAT1	ENSG00000171097
PPIG-1	PPIG	ENSG00000138398
MGLL-1	MGLL	ENSG00000074416
TNFAIP6-1	TNFAIP6	ENSG00000123610
PSMG3-1	PSMG3	ENSG00000157778
HSD3B7-1	HSD3B7	ENSG00000099377
TOX-1	TOX	ENSG00000198846
MEX3D-1	MEX3D	ENSG00000181588
ZNF154-1	ZNF154	ENSG00000179909
SRP54-1	SRP54	ENSG00000100883
MAP7D1-1	MAP7D1	ENSG00000116871
P3H3-1	P3H3	ENSG00000110811
SEPT11-1	SEPTIN11	ENSG00000138758
ANP32B-1	ANP32B	ENSG00000136938
PRR29-1	PRR29	ENSG00000224383
UFM1-1	UFM1	ENSG00000120686
TMPRSS13-1	TMPRSS13	ENSG00000137747
STRIP1-1	STRIP1	ENSG00000143093
CENPL-1	CENPL	ENSG00000120334
PHETA1-1	PHETA1	ENSG00000198324
CXXC5-1	CXXC5	ENSG00000171604
RECQL4-1	RECQL4	ENSG00000160957
SPDYE3-1	SPDYE3	ENSG00000214300
CBFB-1	CBFB	ENSG00000067955
BCLAF3-1	BCLAF3	ENSG00000173681
TRMO-1	TRMO	ENSG00000136932
ZCRB1-1	ZCRB1	ENSG00000139168
SNRPB2-1	SNRPB2	ENSG00000125870
CHIT1-1	CHIT1	ENSG00000133063
KIRREL2-1	KIRREL2	ENSG00000126259
GUCY1A1-1	GUCY1A1	ENSG00000164116
PPIF-1	PPIF	ENSG00000108179
PON2-1	PON2	ENSG00000105854
UBAP1-1	UBAP1	ENSG00000165006
CDK2AP1-1	CDK2AP1	ENSG00000111328
KLC2-1	KLC2	ENSG00000174996
PDE1B-1	PDE1B	ENSG00000123360
MKX-1	MKX	ENSG00000150051
ESS2-1	ESS2	ENSG00000100056
KIF5C-1	KIF5C	ENSG00000168280
NCL-1	NCL	ENSG00000115053
SF1-1	SF1	ENSG00000168066
FBXO22-1	FBXO22	ENSG00000167196
ESRRB-1	ESRRB	ENSG00000119715
GPX2-1	GPX2	ENSG00000176153
GDPD1-1	GDPD1	ENSG00000153982
TRIP11-1	TRIP11	ENSG00000100815
SLC5A2-1	SLC5A2	ENSG00000140675
CENPC-1	CENPC	ENSG00000145241
DLAT-1	DLAT	ENSG00000150768
TTN-1	TTN	ENSG00000155657
CYP46A1-1	CYP46A1	ENSG00000036530
SLC46A3-1	SLC46A3	ENSG00000139508
NOP9-1	NOP9	ENSG00000196943
TMEM192-1	TMEM192	ENSG00000170088
NCK2-1	NCK2	ENSG00000071051
RHOC-1	RHOC	ENSG00000155366
DTX1-1	DTX1	ENSG00000135144
RIC1-1	RIC1	ENSG00000107036
ULK1-1	ULK1	ENSG00000177169
MOB3B-1	MOB3B	ENSG00000120162
NOL11-1	NOL11	ENSG00000130935
KPNA2-1	KPNA2	ENSG00000182481
SMYD5-1	SMYD5	ENSG00000135632
PIGN-1	PIGN	ENSG00000197563
MAN1A2-1	MAN1A2	ENSG00000198162
KLHL28-1	KLHL28	ENSG00000179454
SLC25A32-1	SLC25A32	ENSG00000164933
TTC19-1	TTC19	ENSG00000011295
ITGAX-1	ITGAX	ENSG00000140678
TSPO2-1	TSPO2	ENSG00000112212
APEH-1	APEH	ENSG00000164062
SENP5-1	SENP5	ENSG00000119231
ACTN4-1	ACTN4	ENSG00000130402
GPR82-1	GPR82	ENSG00000171657
ZNF211-1	ZNF211	ENSG00000121417
ZNF497-1	ZNF497	ENSG00000174586
TAF5-1	TAF5	ENSG00000148835
GLRX2-1	GLRX2	ENSG00000023572
BSG-1	BSG	ENSG00000172270
SLC4A7-1	SLC4A7	ENSG00000033867
CARHSP1-1	CARHSP1	ENSG00000153048
SLFNL1-1	SLFNL1	ENSG00000171790
TRPC1-1	TRPC1	ENSG00000144935
ATRIP-1	ATRIP	ENSG00000164053
ERCC5-1	ERCC5	ENSG00000134899
TVP23A-1	TVP23A	ENSG00000166676
SPIN4-1	SPIN4	ENSG00000186767
VPS9D1-1	VPS9D1	ENSG00000075399
DDX56-1	DDX56	ENSG00000136271
FAM120AOS-1	FAM120AOS	ENSG00000188938
NR1H3-1	NR1H3	ENSG00000025434
PLA2G16-1	PLAAT3	ENSG00000176485
ADD3-1	ADD3	ENSG00000148700
NUP155-1	NUP155	ENSG00000113569
ZMYM5-1	ZMYM5	ENSG00000132950
ACRBP-1	ACRBP	ENSG00000111644
ITGA6-1	ITGA6	ENSG00000091409
UBR5-1	UBR5	ENSG00000104517
THAP9-1	THAP9	ENSG00000168152
EEF2K-1	EEF2K	ENSG00000103319
CLDND1-1	CLDND1	ENSG00000080822
DROSHA-1	DROSHA	ENSG00000113360
DCLRE1B-1	DCLRE1B	ENSG00000118655
DMRT1-1	DMRT1	ENSG00000137090
MED20-1	MED20	ENSG00000124641
YES1-1	YES1	ENSG00000176105
FOSB-1	FOSB	ENSG00000125740
NOXA1-1	NOXA1	ENSG00000188747
MCTP2-1	MCTP2	ENSG00000140563
NAPA-1	NAPA	ENSG00000105402
SVBP-1	SVBP	ENSG00000177868
PNPLA2-1	PNPLA2	ENSG00000177666
FBXL22-1	FBXL22	ENSG00000197361
SPIRE1-1	SPIRE1	ENSG00000134278
DCAF15-1	DCAF15	ENSG00000132017
MLKL-1	MLKL	ENSG00000168404
GNL3-1	GNL3	ENSG00000163938
ZBTB4-1	ZBTB4	ENSG00000174282
A1BG-1	A1BG	ENSG00000121410
CAVIN2-1	CAVIN2	ENSG00000168497
F12-1	F12	ENSG00000131187
DPP9-1	DPP9	ENSG00000142002
ZXDA-1	ZXDA	ENSG00000198205
TMEM97-1	TMEM97	ENSG00000109084
SMURF2-1	SMURF2	ENSG00000108854
EME2-1	EME2	ENSG00000197774
STARD7-1	STARD7	ENSG00000084090
NPM3-1	NPM3	ENSG00000107833
ASCL4-1	ASCL4	ENSG00000187855
CLCN2-1	CLCN2	ENSG00000114859
KISS1R-1	KISS1R	ENSG00000116014
MAIP1-1	MAIP1	ENSG00000162972
EPB41L2-1	EPB41L2	ENSG00000079819
FBXO3-1	FBXO3	ENSG00000110429
ZDHHC8-1	ZDHHC8	ENSG00000099904
XCL2-1	XCL2	ENSG00000143185
FOXN1-1	FOXN1	ENSG00000109101
HK1-1	HK1	ENSG00000156515
CYTH1-1	CYTH1	ENSG00000108669
S100A13-1	S100A13	ENSG00000189171
GATAD2A-1	GATAD2A	ENSG00000167491
ILK-1	ILK	ENSG00000166333
ALS2CR12-1	FLACC1	ENSG00000155749
PLBD2-1	PLBD2	ENSG00000151176
KLHL2-1	KLHL2	ENSG00000109466
SNU13-1	SNU13	ENSG00000100138
C2orf74-1	C2orf74	ENSG00000237651
ZNF207-1	ZNF207	ENSG00000010244
ARID4A-1	ARID4A	ENSG00000032219
HOMEZ-1	HOMEZ	ENSG00000290292
LRRC7-1	LRRC7	ENSG00000033122
NONO-1	NONO	ENSG00000147140
FKRP-1	FKRP	ENSG00000181027
CEP70-1	CEP70	ENSG00000114107
PER1-1	PER1	ENSG00000179094
SH3BP5L-1	SH3BP5L	ENSG00000175137
HYI-1	HYI	ENSG00000178922
BAIAP2-1	BAIAP2	ENSG00000175866
PTGIR-1	PTGIR	ENSG00000160013
APLP2-1	APLP2	ENSG00000084234
ZFP28-1	ZFP28	ENSG00000196867
VSTM2L-1	VSTM2L	ENSG00000132821
FAM210B-1	FAM210B	ENSG00000124098
PLAA-1	PLAA	ENSG00000137055
VPS50-1	VPS50	ENSG00000004766
SHKBP1-1	SHKBP1	ENSG00000160410
SEPSECS-1	SEPSECS	ENSG00000109618
PEAK1-1	PEAK1	ENSG00000173517
PTK6-1	PTK6	ENSG00000101213
SCPEP1-1	SCPEP1	ENSG00000121064
KLHL32-1	KLHL32	ENSG00000186231
AHNAK-1	AHNAK	ENSG00000124942
IGBP1-1	IGBP1	ENSG00000089289
LAT2-1	LAT2	ENSG00000086730
ZFYVE28-1	ZFYVE28	ENSG00000159733
SELL-1	SELL	ENSG00000188404
NUBP2-1	NUBP2	ENSG00000095906
VSIG10L-1	VSIG10L	ENSG00000186806
S100A1-1	S100A1	ENSG00000160678
RSF1-1	RSF1	ENSG00000048649
LCK-1	LCK	ENSG00000182866
DDX46-1	DDX46	ENSG00000145833
NADSYN1-1	NADSYN1	ENSG00000172890
GOLGA3-1	GOLGA3	ENSG00000090615
AMPD3-1	AMPD3	ENSG00000133805
PMPCA-1	PMPCA	ENSG00000165688
FGFR1OP2-1	FGFR1OP2	ENSG00000111790
FLII-1	FLII	ENSG00000177731
VPS35-1	VPS35	ENSG00000069329
PLK3-1	PLK3	ENSG00000173846
NCOA4-1	NCOA4	ENSG00000266412
KMT2A-1	KMT2A	ENSG00000118058
SAMD1-1	SAMD1	ENSG00000141858
IRF3-1	IRF3	ENSG00000126456
ST8SIA1-1	ST8SIA1	ENSG00000111728
MAP3K3-1	MAP3K3	ENSG00000198909
VAX1-1	VAX1	ENSG00000148704
ZNF835-1	ZNF835	ENSG00000127903
REEP6-1	REEP6	ENSG00000115255
RFFL-1	RFFL	ENSG00000092871
ZNF814-1	ZNF814	ENSG00000204514
GRM2-1	GRM2	ENSG00000164082
ASH2L-1	ASH2L	ENSG00000129691
DDX51-1	DDX51	ENSG00000185163
FOXR1-1	FOXR1	ENSG00000176302
GRHL3-1	GRHL3	ENSG00000158055
PGAP1-1	PGAP1	ENSG00000197121
CR2-1	CR2	ENSG00000117322
CEP128-1	CEP128	ENSG00000100629
CDC123-1	CDC123	ENSG00000151465
PGD-1	PGD	ENSG00000142657
CDK10-1	CDK10	ENSG00000185324
RAB35-1	RAB35	ENSG00000111737
GALNT1-1	GALNT1	ENSG00000141429
FBXO11-1	FBXO11	ENSG00000138081
ZNF189-1	ZNF189	ENSG00000136870
POLR2B-1	POLR2B	ENSG00000047315
FUT7-1	FUT7	ENSG00000180549
TFPI-1	TFPI	ENSG00000003436
BCL7C-1	BCL7C	ENSG00000099385
TMEM38B-1	TMEM38B	ENSG00000095209
MED9-1	MED9	ENSG00000141026
DGKZ-1	DGKZ	ENSG00000149091
SLC25A3-1	SLC25A3	ENSG00000075415
KHDRBS1-1	KHDRBS1	ENSG00000121774
IKBIP-1	IKBIP	ENSG00000166130
SEC62-1	SEC62	ENSG00000008952
ZNF654-1	ZNF654	ENSG00000175105
RIPK3-1	RIPK3	ENSG00000129465
UBA1-1	UBA1	ENSG00000130985
MT1X-1	MT1X	ENSG00000187193
SELENOK-1	SELENOK	ENSG00000113811
ZSCAN2-1	ZSCAN2	ENSG00000176371
TSHZ3-1	TSHZ3	ENSG00000121297
RAB29-1	RAB29	ENSG00000117280
CCDC180-1	CCDC180	ENSG00000197816
TOB1-1	TOB1	ENSG00000141232
ZNF672-1	ZNF672	ENSG00000171161
INAFM1-1	INAFM1	ENSG00000257704
SEPT2-1	SEPTIN2	ENSG00000168385
SLC35B1-1	SLC35B1	ENSG00000121073
BROX-1	BROX	ENSG00000162819
CERS3-1	CERS3	ENSG00000154227
EPGN-1	EPGN	ENSG00000182585
VTI1B-1	VTI1B	ENSG00000100568
TCTA-1	TCTA	ENSG00000145022
MYO9B-1	MYO9B	ENSG00000099331
FCRL6-1	FCRL6	ENSG00000181036
SLC26A11-1	SLC26A11	ENSG00000181045
TGFB1-1	TGFB1	ENSG00000105329
PHF2-1	PHF2	ENSG00000197724
KIF11-1	KIF11	ENSG00000138160
IGF2BP3-1	IGF2BP3	ENSG00000136231
WHRN-1	WHRN	ENSG00000095397
ZNF705D-1	ZNF705D	ENSG00000215343
CSTA-1	CSTA	ENSG00000121552
PAK2-1	PAK2	ENSG00000180370
FLAD1-1	FLAD1	ENSG00000160688
CDS2-1	CDS2	ENSG00000101290
PGPEP1-1	PGPEP1	ENSG00000130517
COX15-1	COX15	ENSG00000014919
PHF12-1	PHF12	ENSG00000109118
ODF2L-1	ODF2L	ENSG00000122417
RIN1-1	RIN1	ENSG00000174791
NAT9-1	NAT9	ENSG00000109065
GSC-1	GSC	ENSG00000133937
CCDC115-1	CCDC115	ENSG00000136710
TFDP1-1	TFDP1	ENSG00000198176
ZSCAN5A-1	ZSCAN5A	ENSG00000131848
ARHGEF11-1	ARHGEF11	ENSG00000132694
NIPSNAP3A-1	NIPSNAP3A	ENSG00000136783
PMPCB-1	PMPCB	ENSG00000105819
GFER-1	GFER	ENSG00000127554
TOLLIP-1	TOLLIP	ENSG00000078902
MRPL54-1	MRPL54	ENSG00000183617
CAPN3-1	CAPN3	ENSG00000092529
RPL35-1	RPL35	ENSG00000136942
TCF3-1	TCF3	ENSG00000071564
STK26-1	STK26	ENSG00000134602
MDM2-1	MDM2	ENSG00000135679
GPA33-1	GPA33	ENSG00000143167
RNF213-1	RNF213	ENSG00000173821
FCN1-1	FCN1	ENSG00000085265
EXOC7-1	EXOC7	ENSG00000182473
ZNF800-1	ZNF800	ENSG00000048405
PEX11G-1	PEX11G	ENSG00000104883
SOHLH2-1	SOHLH2	ENSG00000120669
APOA4-1	APOA4	ENSG00000110244
OGFR-1	OGFR	ENSG00000060491
ZCCHC8-1	ZCCHC8	ENSG00000033030
ITK-1	ITK	ENSG00000113263
RNLS-1	RNLS	ENSG00000184719
PLEKHM2-1	PLEKHM2	ENSG00000116786
IDH3G-1	IDH3G	ENSG00000067829
ANKRD49-1	ANKRD49	ENSG00000168876
PDIK1L-1	PDIK1L	ENSG00000175087
G2E3-1	G2E3	ENSG00000092140
SCYL1-1	SCYL1	ENSG00000142186
ICAM3-1	ICAM3	ENSG00000076662
FGD3-1	FGD3	ENSG00000127084
RETSAT-1	RETSAT	ENSG00000042445
CMAS-1	CMAS	ENSG00000111726
ETS1-1	ETS1	ENSG00000134954
BNIP2-1	BNIP2	ENSG00000140299
TFCP2L1-1	TFCP2L1	ENSG00000115112
SRP72-1	SRP72	ENSG00000174780
ZNF366-1	ZNF366	ENSG00000178175
VHL-1	VHL	ENSG00000134086
ATOH8-1	ATOH8	ENSG00000168874
IFNAR1-1	IFNAR1	ENSG00000142166
GAPDH-1	GAPDH	ENSG00000111640
CD53-1	CD53	ENSG00000143119
KYAT3-1	KYAT3	ENSG00000137944
GRIN3A-1	GRIN3A	ENSG00000198785
ANKRD18A-1	ANKRD18A	ENSG00000180071
TLE3-1	TLE3	ENSG00000140332
PRR13-1	PRR13	ENSG00000205352
ESD-1	ESD	ENSG00000139684
SNX11-1	SNX11	ENSG00000002919
FANCB-1	FANCB	ENSG00000181544
NKX2-1-1	NKX2-1	ENSG00000136352
CCNY-1	CCNY	ENSG00000108100
SPECC1L-1	SPECC1L	ENSG00000100014
ARFGEF2-1	ARFGEF2	ENSG00000124198
ABLIM3-1	ABLIM3	ENSG00000173210
CEP41-1	CEP41	ENSG00000106477
ENO2-1	ENO2	ENSG00000111674
SCYL3-1	SCYL3	ENSG00000000457
CUL1-1	CUL1	ENSG00000055130
CACNA1I-1	CACNA1I	ENSG00000100346
OSGEP-1	OSGEP	ENSG00000092094
ZNF30-1	ZNF30	ENSG00000168661
ARAF-1	ARAF	ENSG00000078061
MIEF2-1	MIEF2	ENSG00000177427
HM13-1	HM13	ENSG00000101294
RPS6KA3-1	RPS6KA3	ENSG00000177189
MTRF1-1	MTRF1	ENSG00000120662
ZNF703-1	ZNF703	ENSG00000183779
FIBP-1	FIBP	ENSG00000172500
SEC24D-1	SEC24D	ENSG00000150961
GP1BB-1	GP1BB	ENSG00000203618
TTYH2-1	TTYH2	ENSG00000141540
PTPN9-1	PTPN9	ENSG00000169410
MYBL2-1	MYBL2	ENSG00000101057
ARL13B-1	ARL13B	ENSG00000169379
DR1-1	DR1	ENSG00000117505
KRT73-1	KRT73	ENSG00000186049
PLXND1-1	PLXND1	ENSG00000004399
FOCAD-1	FOCAD	ENSG00000188352
METTL13-1	METTL13	ENSG00000010165
UNCX-1	UNCX	ENSG00000164853
SIRT7-1	SIRT7	ENSG00000187531
PEAK3-1	PEAK3	ENSG00000188305
CXXC1-1	CXXC1	ENSG00000154832
MRPS7-1	MRPS7	ENSG00000125445
RGS18-1	RGS18	ENSG00000150681
SDR42E2-1	SDR42E2	ENSG00000183921
CPLANE2-1	CPLANE2	ENSG00000132881
ATP6V0A2-1	ATP6V0A2	ENSG00000185344
ZNF594-1	ZNF594	ENSG00000180626
DYNLL1-1	DYNLL1	ENSG00000088986
LRRC8D-1	LRRC8D	ENSG00000171492
PRRC1-1	PRRC1	ENSG00000164244
CD2AP-1	CD2AP	ENSG00000198087
PTBP1-1	PTBP1	ENSG00000011304
ARL2-1	ARL2	ENSG00000213465
CHAMP1-1	CHAMP1	ENSG00000198824
NOP53-1	NOP53	ENSG00000105373
TMEM136-1	TLCD5	ENSG00000181264
PAOX-1	PAOX	ENSG00000148832
TMUB1-1	TMUB1	ENSG00000164897
PHYHD1-1	PHYHD1	ENSG00000175287
ACAP3-1	ACAP3	ENSG00000131584
TEX45-1	SAXO5	ENSG00000198723
ZNF292-1	ZNF292	ENSG00000188994
RAPGEF6-1	RAPGEF6	ENSG00000158987
ZNF883-1	ZNF883	ENSG00000228623
SATB2-1	SATB2	ENSG00000119042
UQCRH-1	UQCRH	ENSG00000173660
CCNA1-1	CCNA1	ENSG00000133101
MAPKAPK3-1	MAPKAPK3	ENSG00000114738
METTL3-1	METTL3	ENSG00000165819
RPS27L-1	RPS27L	ENSG00000185088
TMCC2-1	TMCC2	ENSG00000133069
CHMP1A-1	CHMP1A	ENSG00000131165
AKAP8L-1	AKAP8L	ENSG00000011243
NKX3-2-1	NKX3-2	ENSG00000109705
METTL17-1	METTL17	ENSG00000165792
NEUROD6-1	NEUROD6	ENSG00000164600
RAI14-1	RAI14	ENSG00000039560
MPND-1	MPND	ENSG00000008382
AUNIP-1	AUNIP	ENSG00000127423
FEM1A-1	FEM1A	ENSG00000141965
ATMIN-1	ATMIN	ENSG00000166454
DMTN-1	DMTN	ENSG00000158856
CRTAP-1	CRTAP	ENSG00000170275
ATP13A3-1	ATP13A3	ENSG00000133657
L3MBTL2-1	L3MBTL2	ENSG00000100395
TGM1-1	TGM1	ENSG00000092295
PYROXD2-1	PYROXD2	ENSG00000119943
ZBTB38-1	ZBTB38	ENSG00000177311
TRANK1-1	TRANK1	ENSG00000168016
ARHGAP6-1	ARHGAP6	ENSG00000047648
ZNF214-1	ZNF214	ENSG00000149050
NMNAT3-1	NMNAT3	ENSG00000163864
PKN3-1	PKN3	ENSG00000160447
METTL9-1	METTL9	ENSG00000197006
SELENON-1	SELENON	ENSG00000162430
MAPK14-1	MAPK14	ENSG00000112062
UBE2J2-1	UBE2J2	ENSG00000160087
SLC9A3R1-1	NHERF1	ENSG00000109062
MTURN-1	MTURN	ENSG00000180354
SEC61G-1	SEC61G	ENSG00000132432
OXLD1-1	OXLD1	ENSG00000204237
PTER-1	PTER	ENSG00000165983
ASB14-1	ASB14	ENSG00000239388
ATXN2-1	ATXN2	ENSG00000204842
SCX-1	SCX	ENSG00000260428
TENT4A-1	TENT4A	ENSG00000112941
SUCLG1-1	SUCLG1	ENSG00000163541
CHM-1	CHM	ENSG00000188419
INTS7-1	INTS7	ENSG00000143493
DTHD1-1	DTHD1	ENSG00000197057
SPP1-1	SPP1	ENSG00000118785
DDX28-1	DDX28	ENSG00000182810
THAP11-1	THAP11	ENSG00000168286
ERCC6L2-1	ERCC6L2	ENSG00000182150
TP63-1	TP63	ENSG00000073282
PRPF40B-1	PRPF40B	ENSG00000110844
TBC1D22B-1	TBC1D22B	ENSG00000065491
WDR35-1	WDR35	ENSG00000118965
TBR1-1	TBR1	ENSG00000136535
TIPARP-1	TIPARP	ENSG00000163659
NOSIP-1	NOSIP	ENSG00000142546
RACGAP1-1	RACGAP1	ENSG00000161800
DMAC1-1	DMAC1	ENSG00000137038
BIVM-1	BIVM	ENSG00000134897
CTSH-1	CTSH	ENSG00000103811
RP9-1	RP9	ENSG00000164610
ZNF273-1	ZNF273	ENSG00000198039
TADA3-1	TADA3	ENSG00000171148
SNX33-1	SNX33	ENSG00000173548
CHP1-1	CHP1	ENSG00000187446
KCNH4-1	KCNH4	ENSG00000089558
MT2A-1	MT2A	ENSG00000125148
FAM126B-1	HYCC2	ENSG00000155744
SIKE1-1	SIKE1	ENSG00000052723
DDX1-1	DDX1	ENSG00000079785
TIPRL-1	TIPRL	ENSG00000143155
TTC31-1	TTC31	ENSG00000115282
HNRNPH3-1	HNRNPH3	ENSG00000096746
ACSL4-1	ACSL4	ENSG00000068366
MIGA2-1	MIGA2	ENSG00000148343
CABLES2-1	CABLES2	ENSG00000149679
PACS2-1	PACS2	ENSG00000179364
TPP1-1	TPP1	ENSG00000166340
NKIRAS2-1	NKIRAS2	ENSG00000168256
FAM98C-1	FAM98C	ENSG00000130244
ZNF605-1	ZNF605	ENSG00000196458
LHX9-1	LHX9	ENSG00000143355
TMEM19-1	TMEM19	ENSG00000139291
NSUN4-1	NSUN4	ENSG00000117481
SPON1-1	SPON1	ENSG00000262655
IDI1-1	IDI1	ENSG00000067064
DUS1L-1	DUS1L	ENSG00000169718
APOBEC3C-1	APOBEC3C	ENSG00000244509
NPTXR-1	NPTXR	ENSG00000221890
LRRC37A2-1	LRRC37A2	ENSG00000238083
GIPC3-1	GIPC3	ENSG00000179855
PGGT1B-1	PGGT1B	ENSG00000164219
UQCRC2-1	UQCRC2	ENSG00000140740
DDX3Y-1	DDX3Y	ENSG00000067048
EVA1C-1	EVA1C	ENSG00000166979
MTHFD1L-1	MTHFD1L	ENSG00000120254
UBE2D1-1	UBE2D1	ENSG00000072401
NOP58-1	NOP58	ENSG00000055044
FABP6-1	FABP6	ENSG00000170231
NUDCD2-1	NUDCD2	ENSG00000170584
UBQLN1-1	UBQLN1	ENSG00000135018
ACAD11-1	ACAD11	ENSG00000240303
WDR60-1	DYNC2I1	ENSG00000126870
ELP2-1	ELP2	ENSG00000134759
COL5A1-1	COL5A1	ENSG00000130635
ZFR-1	ZFR	ENSG00000056097
HNRNPH2-1	HNRNPH2	ENSG00000126945
CD99L2-1	CD99L2	ENSG00000102181
CCDC12-1	CCDC12	ENSG00000160799
UBE2L6-1	UBE2L6	ENSG00000156587
NSDHL-1	NSDHL	ENSG00000147383
APOBEC3D-1	APOBEC3D	ENSG00000243811
HIF3A-1	HIF3A	ENSG00000124440
MAX-1	MAX	ENSG00000125952
JUNB-1	JUNB	ENSG00000171223
EYS-1	EYS	ENSG00000188107
SARDH-1	SARDH	ENSG00000123453
CCAR2-1	CCAR2	ENSG00000158941
HADHA-1	HADHA	ENSG00000084754
ZNF572-1	ZNF572	ENSG00000180938
APEX1-1	APEX1	ENSG00000100823
MYCL-1	MYCL	ENSG00000116990
DYRK3-1	DYRK3	ENSG00000143479
RSAD1-1	RSAD1	ENSG00000136444
USPL1-1	USPL1	ENSG00000132952
FAM104B-1	VCF2	ENSG00000182518
PPA1-1	PPA1	ENSG00000180817
BMPR2-1	BMPR2	ENSG00000204217
ARHGEF12-1	ARHGEF12	ENSG00000196914
ROPN1L-1	ROPN1L	ENSG00000145491
NCKAP1L-1	NCKAP1L	ENSG00000123338
RRAGD-1	RRAGD	ENSG00000025039
TBX1-1	TBX1	ENSG00000184058
NOL10-1	NOL10	ENSG00000115761
SATL1-1	SATL1	ENSG00000184788
IPO7-1	IPO7	ENSG00000205339
RBM45-1	RBM45	ENSG00000155636
RCOR1-1	RCOR1	ENSG00000089902
SLC16A5-1	SLC16A5	ENSG00000170190
ADD1-1	ADD1	ENSG00000087274
ZNF749-1	ZNF749	ENSG00000186230
SLC25A16-1	SLC25A16	ENSG00000122912
SETD3-1	SETD3	ENSG00000183576
GAPVD1-1	GAPVD1	ENSG00000165219
RABGEF1-1	RABGEF1	ENSG00000154710
MARK2-1	MARK2	ENSG00000072518
FTO-1	FTO	ENSG00000140718
HECTD1-1	HECTD1	ENSG00000092148
PTPN4-1	PTPN4	ENSG00000088179
ZNF486-1	ZNF486	ENSG00000256229
GDPD5-1	GDPD5	ENSG00000158555
ITPRIP-1	ITPRIP	ENSG00000148841
KIF21A-1	KIF21A	ENSG00000139116
SETDB2-1	SETDB2	ENSG00000136169
PUS10-1	PUS10	ENSG00000162927
ANKRD52-1	ANKRD52	ENSG00000139645
C1QBP-1	C1QBP	ENSG00000108561
FCHSD2-1	FCHSD2	ENSG00000137478
GTF3C4-1	GTF3C4	ENSG00000125484
CCDC169-SOHLH2-1	CCDC169-SOHLH2	ENSG00000250709
THEM4-1	THEM4	ENSG00000159445
TGIF2LY-1	TGIF2LY	ENSG00000176679
DDX10-1	DDX10	ENSG00000178105
SLC7A6-1	SLC7A6	ENSG00000103064
CENPI-1	CENPI	ENSG00000102384
SLC25A1-1	SLC25A1	ENSG00000100075
NUP50-1	NUP50	ENSG00000093000
CD33-1	CD33	ENSG00000105383
MFN1-1	MFN1	ENSG00000171109
C1orf216-1	C1orf216	ENSG00000142686
CRYZL1-1	CRYZL1	ENSG00000205758
STXBP4-1	STXBP4	ENSG00000166263
CLPTM1-1	CLPTM1	ENSG00000104853
KLF17-1	KLF17	ENSG00000171872
CDS1-1	CDS1	ENSG00000163624
ZNF335-1	ZNF335	ENSG00000198026
MED19-1	MED19	ENSG00000156603
RASAL1-1	RASAL1	ENSG00000111344
ARRDC1-1	ARRDC1	ENSG00000197070
CXorf40B-1	EOLA2	ENSG00000197021
RBM19-1	RBM19	ENSG00000122965
SMIM1-1	SMIM1	ENSG00000235169
BSDC1-1	BSDC1	ENSG00000160058
NOL4L-1	NOL4L	ENSG00000197183
SLC39A1-1	SLC39A1	ENSG00000143570
MMP1-1	MMP1	ENSG00000196611
SFRP1-1	SFRP1	ENSG00000104332
ZNF665-1	ZNF665	ENSG00000197497
MRPL10-1	MRPL10	ENSG00000159111
ZNF330-1	ZNF330	ENSG00000109445
ASNA1-1	GET3	ENSG00000198356
RASA3-1	RASA3	ENSG00000185989
RDH11-1	RDH11	ENSG00000072042
GIT2-1	GIT2	ENSG00000139436
MAN1A1-1	MAN1A1	ENSG00000111885
PFKM-1	PFKM	ENSG00000152556
TMEM205-1	TMEM205	ENSG00000105518
SELENOP-1	SELENOP	ENSG00000250722
TMEM184C-1	TMEM184C	ENSG00000164168
SET-1	SET	ENSG00000119335
PRKCD-1	PRKCD	ENSG00000163932
STOX1-1	STOX1	ENSG00000165730
MSH2-1	MSH2	ENSG00000095002
ITGB3BP-1	ITGB3BP	ENSG00000142856
ENG-1	ENG	ENSG00000106991
CMTM7-1	CMTM7	ENSG00000153551
ZNF397-1	ZNF397	ENSG00000186812
TMEM169-1	TMEM169	ENSG00000163449
CEP162-1	CEP162	ENSG00000135315
GPBP1-1	GPBP1	ENSG00000062194
PPP1CC-1	PPP1CC	ENSG00000186298
ZNF205-1	ZNF205	ENSG00000122386
MRPS5-1	MRPS5	ENSG00000144029
DNM3-1	DNM3	ENSG00000197959
RNF219-1	OBI1	ENSG00000152193
EYA3-1	EYA3	ENSG00000158161
ZNF519-1	ZNF519	ENSG00000175322
MFSD6-1	MFSD6	ENSG00000151690
DIABLO-1	DIABLO	ENSG00000184047
KDELR2-1	KDELR2	ENSG00000136240
SLA2-1	SLA2	ENSG00000101082
CDK5RAP1-1	CDK5RAP1	ENSG00000101391
ASCC2-1	ASCC2	ENSG00000100325
MFSD4B-1	MFSD4B	ENSG00000173214
ZNF562-1	ZNF562	ENSG00000171466
PDGFRB-1	PDGFRB	ENSG00000113721
ITPA-1	ITPA	ENSG00000125877
HIVEP3-1	HIVEP3	ENSG00000127124
PDE6C-1	PDE6C	ENSG00000095464
UBALD1-1	UBALD1	ENSG00000153443
SEC22A-1	SEC22A	ENSG00000121542
CLEC2D-1	CLEC2D	ENSG00000069493
RPS12-1	RPS12	ENSG00000112306
GLOD4-1	GLOD4	ENSG00000167699
TOR1AIP1-1	TOR1AIP1	ENSG00000143337
PSMD1-1	PSMD1	ENSG00000173692
GGT1-1	GGT1	ENSG00000100031
PARD6A-1	PARD6A	ENSG00000102981
POLR2J-1	POLR2J	ENSG00000005075
LRRC57-1	LRRC57	ENSG00000180979
PBX1-1	PBX1	ENSG00000185630
WDFY2-1	WDFY2	ENSG00000139668
C12orf66-1	KICS2	ENSG00000174206
DGKA-1	DGKA	ENSG00000065357
FBXL14-1	FBXL14	ENSG00000171823
MS4A1-1	MS4A1	ENSG00000156738
ZKSCAN4-1	ZKSCAN4	ENSG00000187626
PCGF3-1	PCGF3	ENSG00000185619
EXOSC7-1	EXOSC7	ENSG00000075914
PSMD7-1	PSMD7	ENSG00000103035
KIAA1671-1	KIAA1671	ENSG00000197077
WDR74-1	WDR74	ENSG00000133316
GSTO2-1	GSTO2	ENSG00000065621
ERMP1-1	ERMP1	ENSG00000099219
NDUFA11-1	NDUFA11	ENSG00000174886
OCLN-1	OCLN	ENSG00000197822
TRIM28-1	TRIM28	ENSG00000130726
CTPS2-1	CTPS2	ENSG00000047230
TMEM94-1	TMEM94	ENSG00000177728
ARHGAP17-1	ARHGAP17	ENSG00000140750
FBXO38-1	FBXO38	ENSG00000145868
TFDP2-1	TFDP2	ENSG00000114126
CXCR5-1	CXCR5	ENSG00000160683
POM121C-1	POM121C	ENSG00000272391
MRPS30-1	MRPS30	ENSG00000112996
DCTPP1-1	DCTPP1	ENSG00000179958
TRAF2-1	TRAF2	ENSG00000127191
SPATA5L1-1	AFG2B	ENSG00000171763
NQO2-1	NQO2	ENSG00000124588
CALM1-1	CALM1	ENSG00000198668
C15orf61-1	C15orf61	ENSG00000189227
NOCT-1	NOCT	ENSG00000151014
BANF1-1	BANF1	ENSG00000175334
DUS3L-1	DUS3L	ENSG00000141994
FNBP1L-1	FNBP1L	ENSG00000137942
OAS3-1	OAS3	ENSG00000111331
ABCD3-1	ABCD3	ENSG00000117528
GGCX-1	GGCX	ENSG00000115486
ID2-1	ID2	ENSG00000115738
LIPT2-1	LIPT2	ENSG00000175536
P2RX7-1	P2RX7	ENSG00000089041
DOK3-1	DOK3	ENSG00000146094
FABP2-1	FABP2	ENSG00000145384
NOP2-1	NOP2	ENSG00000111641
CORO1A-1	CORO1A	ENSG00000102879
TAB1-1	TAB1	ENSG00000100324
STRN4-1	STRN4	ENSG00000090372
EIF3H-1	EIF3H	ENSG00000147677
OTOF-1	OTOF	ENSG00000115155
ANKRD13D-1	ANKRD13D	ENSG00000172932
TELO2-1	TELO2	ENSG00000100726
COL1A1-1	COL1A1	ENSG00000108821
RPS27-1	RPS27	ENSG00000177954
H2AFJ-1	H2AJ	ENSG00000246705
RLF-1	RLF	ENSG00000117000
IFI6-1	IFI6	ENSG00000126709
GPR34-1	GPR34	ENSG00000171659
TM9SF3-1	TM9SF3	ENSG00000077147
FAM129A-1	NIBAN1	ENSG00000135842
MMGT1-1	MMGT1	ENSG00000169446
AIMP2-1	AIMP2	ENSG00000106305
SELENOW-1	SELENOW	ENSG00000178980
ZNF91-1	ZNF91	ENSG00000167232
CXCL11-1	CXCL11	ENSG00000169248
IST1-1	IST1	ENSG00000182149
C11orf96-1	C11orf96	ENSG00000187479
NUDT17-1	NUDT17	ENSG00000186364
FAM110A-1	FAM110A	ENSG00000125898
LRRC37B-1	LRRC37B	ENSG00000185158
CCDC144A-1	CCDC144A	ENSG00000170160
PIK3C3-1	PIK3C3	ENSG00000078142
OAS2-1	OAS2	ENSG00000111335
PXN-1	PXN	ENSG00000089159
FOXD4-1	FOXD4	ENSG00000170122
RNASEH1-1	RNASEH1	ENSG00000171865
SPDL1-1	SPDL1	ENSG00000040275
EML3-1	EML3	ENSG00000149499
SHC4-1	SHC4	ENSG00000185634
TFAP2B-1	TFAP2B	ENSG00000008196
CRYAB-1	CRYAB	ENSG00000109846
ZNF77-1	ZNF77	ENSG00000175691
IQCN-1	IQCN	ENSG00000130518
ARHGDIB-1	ARHGDIB	ENSG00000111348
FAM217B-1	FAM217B	ENSG00000196227
TMEM242-1	TMEM242	ENSG00000215712
IPMK-1	IPMK	ENSG00000151151
DAZAP1-1	DAZAP1	ENSG00000071626
TMIGD2-1	TMIGD2	ENSG00000167664
UBN2-1	UBN2	ENSG00000157741
ATP5F1A-1	ATP5F1A	ENSG00000152234
CNIH1-1	CNIH1	ENSG00000100528
PTGDR-1	PTGDR	ENSG00000168229
HES3-1	HES3	ENSG00000173673
ZWILCH-1	ZWILCH	ENSG00000174442
TXNDC9-1	TXNDC9	ENSG00000115514
DCLRE1A-1	DCLRE1A	ENSG00000198924
TAGAP-1	TAGAP	ENSG00000164691
TNFAIP2-1	TNFAIP2	ENSG00000185215
HIPK1-1	HIPK1	ENSG00000163349
LPAR3-1	LPAR3	ENSG00000171517
RAD51D-1	RAD51D	ENSG00000185379
PARVB-1	PARVB	ENSG00000188677
LIX1L-1	LIX1L	ENSG00000271601
TMEM18-1	TMEM18	ENSG00000151353
TOGARAM2-1	TOGARAM2	ENSG00000189350
PPP1R21-1	PPP1R21	ENSG00000162869
CHCHD1-1	CHCHD1	ENSG00000172586
ADIRF-1	ADIRF	ENSG00000148671
GARS-1	GARS1	ENSG00000106105
ARMH2-1	ARMH2	ENSG00000260286
UNC119-1	UNC119	ENSG00000109103
VWF-1	VWF	ENSG00000110799
SETD2-1	SETD2	ENSG00000181555
UBE2D3-1	UBE2D3	ENSG00000109332
CLECL1-1	CLECL1P	ENSG00000184293
USP21-1	USP21	ENSG00000143258
WASF1-1	WASF1	ENSG00000112290
NRF1-1	NRF1	ENSG00000106459
SOCS5-1	SOCS5	ENSG00000171150
KIAA0513-1	KIAA0513	ENSG00000135709
AFAP1L2-1	AFAP1L2	ENSG00000169129
SLCO4C1-1	SLCO4C1	ENSG00000173930
AHCYL2-1	AHCYL2	ENSG00000158467
RPL21-1	RPL21	ENSG00000122026
ZNF850-1	ZNF850	ENSG00000267041
POLR2C-1	POLR2C	ENSG00000102978
SELENOF-1	SELENOF	ENSG00000183291
UROD-1	UROD	ENSG00000126088
PM20D1-1	PM20D1	ENSG00000162877
YY2-1	YY2	ENSG00000230797
KRR1-1	KRR1	ENSG00000111615
CCR8-1	CCR8	ENSG00000179934
AK9-1	AK9	ENSG00000155085
CYP7B1-1	CYP7B1	ENSG00000172817
DCAF16-1	DCAF16	ENSG00000163257
NDUFC2-1	NDUFC2	ENSG00000151366
FUK-1	FCSK	ENSG00000157353
RFX7-1	RFX7	ENSG00000181827
OLA1-1	OLA1	ENSG00000138430
TCEAL3-1	TCEAL3	ENSG00000196507
OLIG2-1	OLIG2	ENSG00000205927
NCBP2-1	NCBP2	ENSG00000114503
BRPF1-1	BRPF1	ENSG00000156983
CA11-1	CA11	ENSG00000063180
MFSD5-1	MFSD5	ENSG00000182544
INO80D-1	INO80D	ENSG00000114933
LATS2-1	LATS2	ENSG00000150457
EIF4B-1	EIF4B	ENSG00000063046
PLK2-1	PLK2	ENSG00000145632
WDR59-1	WDR59	ENSG00000103091
HECTD3-1	HECTD3	ENSG00000126107
CRCP-1	CRCP	ENSG00000241258
ABCD2-1	ABCD2	ENSG00000173208
EIF1AX-1	EIF1AX	ENSG00000173674
ANKRD13C-1	ANKRD13C	ENSG00000118454
RYK-1	RYK	ENSG00000163785
SIPA1-1	SIPA1	ENSG00000213445
GBX1-1	GBX1	ENSG00000164900
GXYLT1-1	GXYLT1	ENSG00000151233
CCP110-1	CCP110	ENSG00000103540
PTK2B-1	PTK2B	ENSG00000120899
NSD1-1	NSD1	ENSG00000165671
SLC38A1-1	SLC38A1	ENSG00000111371
RMND1-1	RMND1	ENSG00000155906
ZNF669-1	ZNF669	ENSG00000188295
ACSL3-1	ACSL3	ENSG00000123983
NATD1-1	NATD1	ENSG00000274180
JUP-1	JUP	ENSG00000173801
SHROOM1-1	SHROOM1	ENSG00000164403
GALNT2-1	GALNT2	ENSG00000143641
SRI-1	SRI	ENSG00000075142
AP5B1-1	AP5B1	ENSG00000254470
EIF4A2-1	EIF4A2	ENSG00000156976
RALGPS1-1	RALGPS1	ENSG00000136828
F8A1-1	F8A1	ENSG00000288722
CIAO2B-1	CIAO2B	ENSG00000166595
CAST-1	CAST	ENSG00000153113
PIK3CD-1	PIK3CD	ENSG00000171608
TSR1-1	TSR1	ENSG00000167721
TMEM69-1	TMEM69	ENSG00000159596
PPP2R2B-1	PPP2R2B	ENSG00000156475
DPP4-1	DPP4	ENSG00000197635
ZNF551-1	ZNF551	ENSG00000204519
P4HA1-1	P4HA1	ENSG00000122884
ST6GALNAC1-1	ST6GALNAC1	ENSG00000070526
KAT6A-1	KAT6A	ENSG00000083168
MCAT-1	MCAT	ENSG00000100294
BSX-1	BSX	ENSG00000188909
TSPYL4-1	TSPYL4	ENSG00000187189
DNAJC2-1	DNAJC2	ENSG00000105821
TXLNA-1	TXLNA	ENSG00000084652
ZNF503-1	ZNF503	ENSG00000165655
COMMD4-1	COMMD4	ENSG00000140365
POLH-1	POLH	ENSG00000170734
ZFP91-1	ZFP91	ENSG00000186660
IMMP1L-1	IMMP1L	ENSG00000148950
ESX1-1	ESX1	ENSG00000123576
MDK-1	MDK	ENSG00000110492
MORN1-1	MORN1	ENSG00000116151
CDC42BPB-1	CDC42BPB	ENSG00000198752
MUC5AC-1	MUC5AC	ENSG00000215182
TBC1D31-1	TBC1D31	ENSG00000156787
BRWD3-1	BRWD3	ENSG00000165288
NOL3-1	NOL3	ENSG00000140939
RAD23B-1	RAD23B	ENSG00000119318
KCNAB1-1	KCNAB1	ENSG00000169282
H3F3C-1	H3-5	ENSG00000188375
CD3EAP-1	POLR1G	ENSG00000117877
LOXL1-1	LOXL1	ENSG00000129038
ZNF384-1	ZNF384	ENSG00000126746
CDK5R1-1	CDK5R1	ENSG00000176749
C11orf71-1	C11orf71	ENSG00000180425
MVB12A-1	MVB12A	ENSG00000141971
KIF20A-1	KIF20A	ENSG00000112984
CDKAL1-1	CDKAL1	ENSG00000145996
SIRT6-1	SIRT6	ENSG00000077463
XRCC5-1	XRCC5	ENSG00000079246
STX3-1	STX3	ENSG00000166900
GLTP-1	GLTP	ENSG00000139433
HMG20A-1	HMG20A	ENSG00000140382
L3MBTL3-1	L3MBTL3	ENSG00000198945
GNAO1-1	GNAO1	ENSG00000087258
TJAP1-1	TJAP1	ENSG00000137221
XYLT1-1	XYLT1	ENSG00000103489
VAMP5-1	VAMP5	ENSG00000168899
MIB2-1	MIB2	ENSG00000197530
NECTIN3-1	NECTIN3	ENSG00000177707
RASGEF1B-1	RASGEF1B	ENSG00000138670
NDUFA7-1	NDUFA7	ENSG00000267855
NUDT6-1	NUDT6	ENSG00000170917
TCIRG1-1	TCIRG1	ENSG00000110719
HNRNPAB-1	HNRNPAB	ENSG00000197451
GAREM2-1	GAREM2	ENSG00000157833
COL27A1-1	COL27A1	ENSG00000196739
EFHC2-1	EFHC2	ENSG00000183690
GTF2I-1	GTF2I	ENSG00000263001
CD84-1	CD84	ENSG00000066294
PSMC3IP-1	PSMC3IP	ENSG00000131470
CYHR1-1	ZFTRAF1	ENSG00000187954
U2AF1L4-1	U2AF1L4	ENSG00000161265
MTRNR2L4-1	MTRNR2L4	MTRNR2L4
ARL14-1	ARL14	ENSG00000179674
RIMKLA-1	RIMKLA	ENSG00000177181
ZNF136-1	ZNF136	ENSG00000196646
NEB-1	NEB	ENSG00000183091
FAM114A2-1	FAM114A2	ENSG00000055147
CCNJ-1	CCNJ	ENSG00000107443
IMPACT-1	IMPACT	ENSG00000154059
SNAPC4-1	SNAPC4	ENSG00000165684
MRFAP1L1-1	MRFAP1L1	ENSG00000178988
ACTR5-1	ACTR5	ENSG00000101442
C11orf1-1	CFAP68	ENSG00000137720
UTS2-1	UTS2	ENSG00000049247
MYO1C-1	MYO1C	ENSG00000197879
TOMM20-1	TOMM20	ENSG00000173726
LMNB2-1	LMNB2	ENSG00000176619
SERGEF-1	SERGEF	ENSG00000129158
CASP4-1	CASP4	ENSG00000196954
C11orf65-1	C11orf65	ENSG00000166323
PALLD-1	PALLD	ENSG00000129116
AMN-1	AMN	ENSG00000166126
AQP5-1	AQP5	ENSG00000161798
NELFCD-1	NELFCD	ENSG00000101158
NCAPG-1	NCAPG	ENSG00000109805
ATG9B-1	ATG9B	ENSG00000181652
HCCS-1	HCCS	ENSG00000004961
H2AFX-1	H2AX	ENSG00000188486
LAMTOR2-1	LAMTOR2	ENSG00000116586
NUDT18-1	NUDT18	ENSG00000275074
GSTZ1-1	GSTZ1	ENSG00000100577
C7orf61-1	SPACDR	ENSG00000185955
NTRK3-1	NTRK3	ENSG00000140538
RNF166-1	RNF166	ENSG00000158717
HMGB2-1	HMGB2	ENSG00000164104
RABEPK-1	RABEPK	ENSG00000136933
SYF2-1	SYF2	ENSG00000117614
NSMCE4A-1	NSMCE4A	ENSG00000107672
BRD7-1	BRD7	ENSG00000166164
C12orf4-1	FERRY3	ENSG00000047621
MGA-1	MGA	ENSG00000174197
USP51-1	USP51	ENSG00000247746
CHCHD5-1	CHCHD5	ENSG00000125611
TRIM4-1	TRIM4	ENSG00000146833
PDK2-1	PDK2	ENSG00000005882
ZDHHC15-1	ZDHHC15	ENSG00000102383
KCND1-1	KCND1	ENSG00000102057
C2orf88-1	C2orf88	ENSG00000187699
SRY-1	SRY	ENSG00000184895
DGKE-1	DGKE	ENSG00000153933
PHKB-1	PHKB	ENSG00000102893
NDUFA10-1	NDUFA10	ENSG00000130414
AAMDC-1	AAMDC	ENSG00000087884
RPL6-1	RPL6	ENSG00000089009
PCSK6-1	PCSK6	ENSG00000140479
RPS23-1	RPS23	ENSG00000186468
CYGB-1	CYGB	ENSG00000161544
MBTPS1-1	MBTPS1	ENSG00000140943
COP1-1	COP1	ENSG00000143207
HAGH-1	HAGH	ENSG00000063854
ICA1L-1	ICA1L	ENSG00000163596
UBASH3B-1	UBASH3B	ENSG00000154127
EIPR1-1	EIPR1	ENSG00000032389
WRN-1	WRN	ENSG00000165392
IFNAR2-1	IFNAR2	ENSG00000159110
SCAF11-1	SCAF11	ENSG00000139218
TMEM245-1	TMEM245	ENSG00000106771
FAM98B-1	FAM98B	ENSG00000171262
SLC6A16-1	SLC6A16	ENSG00000063127
ARHGAP26-1	ARHGAP26	ENSG00000145819
EMC8-1	EMC8	ENSG00000131148
ATL2-1	ATL2	ENSG00000119787
CCDC50-1	CCDC50	ENSG00000152492
SRR-1	SRR	ENSG00000167720
ERP27-1	ERP27	ENSG00000139055
NCOA1-1	NCOA1	ENSG00000084676
SCGB3A2-1	SCGB3A2	ENSG00000164265
REG1A-1	REG1A	ENSG00000115386
LHX2-1	LHX2	ENSG00000106689
DEK-1	DEK	ENSG00000124795
CMTM8-1	CMTM8	ENSG00000170293
MED4-1	MED4	ENSG00000136146
FBXO21-1	FBXO21	ENSG00000135108
POLR3E-1	POLR3E	ENSG00000058600
PLXNC1-1	PLXNC1	ENSG00000136040
MSL1-1	MSL1	ENSG00000188895
ATAD1-1	ATAD1	ENSG00000138138
INTS4-1	INTS4	ENSG00000149262
FAM161A-1	FAM161A	ENSG00000170264
ELOVL6-1	ELOVL6	ENSG00000170522
MVD-1	MVD	ENSG00000167508
MYL6-1	MYL6	ENSG00000092841
JAZF1-1	JAZF1	ENSG00000153814
TBRG1-1	TBRG1	ENSG00000154144
SGCB-1	SGCB	ENSG00000163069
RILPL2-1	RILPL2	ENSG00000150977
BHLHB9-1	GPRASP3	ENSG00000198908
RBM3-1	RBM3	ENSG00000102317
AKAP10-1	AKAP10	ENSG00000108599
CLU-1	CLU	ENSG00000120885
RFC4-1	RFC4	ENSG00000163918
SPTB-1	SPTB	ENSG00000070182
POMC-1	POMC	ENSG00000115138
RPL31-1	RPL31	ENSG00000071082
BARX2-1	BARX2	ENSG00000043039
LSM1-1	LSM1	ENSG00000175324
SMIM5-1	SMIM5	ENSG00000204323
CLEC4A-1	CLEC4A	ENSG00000111729
SCAMP4-1	SCAMP4	ENSG00000227500
XK-1	XK	ENSG00000047597
DPH7-1	DPH7	ENSG00000148399
SPINT1-1	SPINT1	ENSG00000166145
PAPOLG-1	PAPOLG	ENSG00000115421
DNAJB13-1	DNAJB13	ENSG00000187726
IRF2-1	IRF2	ENSG00000168310
CYR61-1	CCN1	ENSG00000142871
KLF4-1	KLF4	ENSG00000136826
FAM122A-1	PABIR1	ENSG00000187866
LTV1-1	LTV1	ENSG00000135521
COMMD6-1	COMMD6	ENSG00000188243
ARHGAP21-1	ARHGAP21	ENSG00000107863
CLUH-1	CLUH	ENSG00000132361
ZDHHC13-1	ZDHHC13	ENSG00000177054
TSC22D2-1	TSC22D2	ENSG00000196428
RPP40-1	RPP40	ENSG00000124787
POLR3H-1	POLR3H	ENSG00000100413
LRPAP1-1	LRPAP1	ENSG00000163956
OPRM1-1	OPRM1	ENSG00000112038
TTLL5-1	TTLL5	ENSG00000119685
PAICS-1	PAICS	ENSG00000128050
ORM2-1	ORM2	ENSG00000228278
CFDP1-1	CFDP1	ENSG00000153774
ZBTB7A-1	ZBTB7A	ENSG00000178951
INPP5A-1	INPP5A	ENSG00000068383
ZPR1-1	ZPR1	ENSG00000109917
C19orf66-1	SHFL	ENSG00000130813
ERLIN1-1	ERLIN1	ENSG00000107566
MAP3K12-1	MAP3K12	ENSG00000139625
TMX2-1	TMX2	ENSG00000213593
TMEM161A-1	TMEM161A	ENSG00000064545
TFCP2-1	TFCP2	ENSG00000135457
ENKUR-1	ENKUR	ENSG00000151023
GIMAP1-1	GIMAP1	ENSG00000213203
EP300-1	EP300	ENSG00000100393
C8orf37-1	CFAP418	ENSG00000156172
CDC14A-1	CDC14A	ENSG00000079335
MAP6D1-1	MAP6D1	ENSG00000180834
PHF14-1	PHF14	ENSG00000106443
MAPK10-1	MAPK10	ENSG00000109339
AHSP-1	AHSP	ENSG00000169877
MLXIP-1	MLXIP	ENSG00000175727
GUCD1-1	GUCD1	ENSG00000138867
DOP1B-1	DOP1B	ENSG00000142197
FHIT-1	FHIT	ENSG00000189283
SH3D21-1	SH3D21	ENSG00000214193
TFEC-1	TFEC	ENSG00000105967
NEK4-1	NEK4	ENSG00000114904
ZNF395-1	ZNF395	ENSG00000186918
DHX35-1	DHX35	ENSG00000101452
KIF18B-1	KIF18B	ENSG00000186185
UNC50-1	UNC50	ENSG00000115446
CYB561D1-1	CYB561D1	ENSG00000174151
ZMIZ1-1	ZMIZ1	ENSG00000108175
FAU-1	FAU	ENSG00000149806
LAMTOR5-1	LAMTOR5	ENSG00000134248
ZNF829-1	ZNF829	ENSG00000185869
TMEM156-1	TMEM156	ENSG00000121895
FAM177A1-1	FAM177A1	ENSG00000151327
HCFC1-1	HCFC1	ENSG00000172534
CABP5-1	CABP5	ENSG00000105507
EFCAB13-1	EFCAB13	ENSG00000178852
MKRN1-1	MKRN1	ENSG00000133606
PIAS2-1	PIAS2	ENSG00000078043
ARSB-1	ARSB	ENSG00000113273
PRMT2-1	PRMT2	ENSG00000160310
MTIF3-1	MTIF3	ENSG00000122033
PSME1-1	PSME1	ENSG00000092010
MRPL34-1	MRPL34	ENSG00000130312
DHX15-1	DHX15	ENSG00000109606
GALT-1	GALT	ENSG00000213930
ST18-1	ST18	ENSG00000147488
CASS4-1	CASS4	ENSG00000087589
IFT20-1	IFT20	ENSG00000109083
TRPS1-1	TRPS1	ENSG00000104447
SFR1-1	SFR1	ENSG00000156384
CCDC14-1	CCDC14	ENSG00000175455
TAGLN3-1	TAGLN3	ENSG00000144834
GSTM4-1	GSTM4	ENSG00000168765
NPEPL1-1	NPEPL1	ENSG00000215440
SYK-1	SYK	ENSG00000165025
TTC32-1	TTC32	ENSG00000183891
KCNMB4-1	KCNMB4	ENSG00000135643
SLC12A4-1	SLC12A4	ENSG00000124067
NBPF15-1	NBPF15	ENSG00000266338
TMEM59-1	TMEM59	ENSG00000116209
RBM41-1	RBM41	ENSG00000089682
PRKRIP1-1	PRKRIP1	ENSG00000128563
TNRC18-1	TNRC18	ENSG00000182095
TCEAL8-1	TCEAL8	ENSG00000180964
DIS3L-1	DIS3L	ENSG00000166938
POLG-1	POLG	ENSG00000140521
TUBB2A-1	TUBB2A	ENSG00000137267
PPME1-1	PPME1	ENSG00000214517
SHOX2-1	SHOX2	ENSG00000168779
WDTC1-1	WDTC1	ENSG00000142784
NLE1-1	NLE1	ENSG00000073536
GLUL-1	GLUL	ENSG00000135821
LAMB3-1	LAMB3	ENSG00000196878
PPIA-1	PPIA	ENSG00000196262
IBTK-1	IBTK	ENSG00000005700
PEAR1-1	PEAR1	ENSG00000187800
UBE2Q2-1	UBE2Q2	ENSG00000140367
RPL4-1	RPL4	ENSG00000174444
ELOF1-1	ELOF1	ENSG00000130165
BRCA1-1	BRCA1	ENSG00000012048
DPM3-1	DPM3	ENSG00000179085
SLC25A36-1	SLC25A36	ENSG00000114120
SMC6-1	SMC6	ENSG00000163029
FAM107B-1	FAM107B	ENSG00000065809
NUF2-1	NUF2	ENSG00000143228
TRIAP1-1	TRIAP1	ENSG00000170855
SYP-1	SYP	ENSG00000102003
BCDIN3D-1	BCDIN3D	ENSG00000186666
ZGLP1-1	ZGLP1	ENSG00000220201
NDUFA9-1	NDUFA9	ENSG00000139180
C16orf54-1	C16orf54	ENSG00000185905
EN1-1	EN1	ENSG00000163064
OSBPL1A-1	OSBPL1A	ENSG00000141447
SRP14-1	SRP14	ENSG00000140319
ACTB-1	ACTB	ENSG00000075624
MRPL18-1	MRPL18	ENSG00000112110
CFAP298-1	CFAP298	ENSG00000159079
PPM1G-1	PPM1G	ENSG00000115241
CYCS-1	CYCS	ENSG00000172115
SLC35E2B-1	SLC35E2B	ENSG00000189339
UVSSA-1	UVSSA	ENSG00000163945
POGZ-1	POGZ	ENSG00000143442
NGLY1-1	NGLY1	ENSG00000151092
CLBA1-1	CLBA1	ENSG00000140104
ZNF222-1	ZNF222	ENSG00000159885
TOE1-1	TOE1	ENSG00000132773
GLS-1	GLS	ENSG00000115419
ZNF141-1	ZNF141	ENSG00000131127
GALNT11-1	GALNT11	ENSG00000178234
ITGB5-1	ITGB5	ENSG00000082781
PRAM1-1	PRAM1	ENSG00000133246
ACOT2-1	ACOT2	ENSG00000119673
PHB-1	PHB1	ENSG00000167085
DHX30-1	DHX30	ENSG00000132153
ESYT1-1	ESYT1	ENSG00000139641
PECR-1	PECR	ENSG00000115425
RAD51C-1	RAD51C	ENSG00000108384
PKNOX2-1	PKNOX2	ENSG00000165495
C4BPB-1	C4BPB	ENSG00000123843
CCDC86-1	CCDC86	ENSG00000110104
DGKH-1	DGKH	ENSG00000102780
EPHX2-1	EPHX2	ENSG00000120915
NUMA1-1	NUMA1	ENSG00000137497
SUMF2-1	SUMF2	ENSG00000129103
LRRC58-1	LRRC58	ENSG00000163428
ZFP69-1	ZFP69	ENSG00000187815
DCAF4-1	DCAF4	ENSG00000119599
CDK5RAP2-1	CDK5RAP2	ENSG00000136861
RTRAF-1	RTRAF	ENSG00000087302
CRADD-1	CRADD	ENSG00000169372
ERAL1-1	ERAL1	ENSG00000132591
CUL4A-1	CUL4A	ENSG00000139842
FAM49B-1	CYRIB	ENSG00000153310
WASHC2A-1	WASHC2A	ENSG00000099290
ZHX1-1	ZHX1	ENSG00000165156
POLR2H-1	POLR2H	ENSG00000163882
GUF1-1	GUF1	ENSG00000151806
SERPINB6-1	SERPINB6	ENSG00000124570
UBL4A-1	UBL4A	ENSG00000102178
PDZD8-1	PDZD8	ENSG00000165650
NOB1-1	NOB1	ENSG00000141101
BEND2-1	BEND2	ENSG00000177324
CHRNA5-1	CHRNA5	ENSG00000169684
ZSWIM7-1	ZSWIM7	ENSG00000214941
TRMT13-1	TRMT13	ENSG00000122435
ABHD6-1	ABHD6	ENSG00000163686
PPP1R3F-1	PPP1R3F	ENSG00000049769
AKT1-1	AKT1	ENSG00000142208
SFTPA1-1	SFTPA1	ENSG00000122852
RASSF5-1	RASSF5	ENSG00000266094
TREML1-1	TREML1	ENSG00000161911
STK3-1	STK3	ENSG00000104375
MXD3-1	MXD3	ENSG00000213347
TBX3-1	TBX3	ENSG00000135111
PPP1R3E-1	PPP1R3E	ENSG00000235194
KLHL12-1	KLHL12	ENSG00000117153
ZNF426-1	ZNF426	ENSG00000130818
LPO-1	LPO	ENSG00000167419
SPHK2-1	SPHK2	ENSG00000063176
NDUFS6-1	NDUFS6	ENSG00000145494
PBX3-1	PBX3	ENSG00000167081
LMO4-1	LMO4	ENSG00000143013
SERINC3-1	SERINC3	ENSG00000132824
C3orf33-1	C3orf33	ENSG00000174928
NDUFA1-1	NDUFA1	ENSG00000125356
ZBTB20-1	ZBTB20	ENSG00000181722
SAE1-1	SAE1	ENSG00000142230
HIST1H4H-1	H4C8	ENSG00000158406
BHLHE41-1	BHLHE41	ENSG00000123095
OAZ2-1	OAZ2	ENSG00000180304
SLC4A4-1	SLC4A4	ENSG00000080493
PSMB2-1	PSMB2	ENSG00000126067
TM7SF2-1	TM7SF2	ENSG00000149809
AQR-1	AQR	ENSG00000021776
RPS6KA2-1	RPS6KA2	ENSG00000071242
CAMK2N1-1	CAMK2N1	ENSG00000162545
CD2-1	CD2	ENSG00000116824
DNAH6-1	DNAH6	ENSG00000115423
ECE1-1	ECE1	ENSG00000117298
TAF13-1	TAF13	ENSG00000197780
UBAC1-1	UBAC1	ENSG00000130560
COX7C-1	COX7C	ENSG00000127184
ASAP1-1	ASAP1	ENSG00000153317
RASA1-1	RASA1	ENSG00000145715
FABP1-1	FABP1	ENSG00000163586
CD274-1	CD274	ENSG00000120217
LRP5L-1	LRP5L	ENSG00000100068
BBS1-1	BBS1	ENSG00000174483
RNF103-1	RNF103	ENSG00000239305
ARPC1B-1	ARPC1B	ENSG00000130429
LGALS4-1	LGALS4	ENSG00000171747
HVCN1-1	HVCN1	ENSG00000122986
LOXL4-1	LOXL4	ENSG00000138131
LONRF2-1	LONRF2	ENSG00000170500
PSMC2-1	PSMC2	ENSG00000161057
NCR3LG1-1	NCR3LG1	ENSG00000188211
C10orf95-1	C10orf95	ENSG00000120055
NDEL1-1	NDEL1	ENSG00000166579
GBA2-1	GBA2	ENSG00000070610
IRF8-1	IRF8	ENSG00000140968
PMEL-1	PMEL	ENSG00000185664
LSM11-1	LSM11	ENSG00000155858
PPP1R7-1	PPP1R7	ENSG00000115685
SLC15A4-1	SLC15A4	ENSG00000139370
TOPBP1-1	TOPBP1	ENSG00000163781
HIST1H3A-1	H3C1	ENSG00000275714
CRABP2-1	CRABP2	ENSG00000143320
RBBP7-1	RBBP7	ENSG00000102054
RFXAP-1	RFXAP	ENSG00000133111
ZP3-1	ZP3	ENSG00000188372
WASHC5-1	WASHC5	ENSG00000164961
ZNF354C-1	ZNF354C	ENSG00000177932
ZNF704-1	ZNF704	ENSG00000164684
CNKSR1-1	CNKSR1	ENSG00000142675
CDC42BPG-1	CDC42BPG	ENSG00000171219
N4BP2-1	N4BP2	ENSG00000078177
CAMSAP2-1	CAMSAP2	ENSG00000118200
ZNF296-1	ZNF296	ENSG00000170684
CNTRL-1	CNTRL	ENSG00000119397
GFPT2-1	GFPT2	ENSG00000131459
LFNG-1	LFNG	ENSG00000106003
ZNF671-1	ZNF671	ENSG00000083814
TPR-1	TPR	ENSG00000047410
PCYT2-1	PCYT2	ENSG00000185813
FAM86C1-1	FAM86C1P	ENSG00000158483
BABAM1-1	BABAM1	ENSG00000105393
MTX3-1	MTX3	ENSG00000177034
SLC6A8-1	SLC6A8	ENSG00000130821
PDCD6IP-1	PDCD6IP	ENSG00000170248
TMEM189-1	PEDS1	ENSG00000240849
PELI1-1	PELI1	ENSG00000197329
RAB2A-1	RAB2A	ENSG00000104388
MYD88-1	MYD88	ENSG00000172936
P2RX4-1	P2RX4	ENSG00000135124
FAM229A-1	FAM229A	ENSG00000225828
BRAF-1	BRAF	ENSG00000157764
ABAT-1	ABAT	ENSG00000183044
TMEM42-1	TMEM42	ENSG00000169964
GTPBP3-1	GTPBP3	ENSG00000130299
EXT2-1	EXT2	ENSG00000151348
SSBP3-1	SSBP3	ENSG00000157216
BLOC1S1-1	BLOC1S1	ENSG00000135441
PUSL1-1	PUSL1	ENSG00000169972
TFAM-1	TFAM	ENSG00000108064
TBC1D7-1	TBC1D7	ENSG00000145979
SYNC-1	SYNC	ENSG00000162520
TSPAN15-1	TSPAN15	ENSG00000099282
IFITM3-1	IFITM3	ENSG00000142089
ST3GAL4-1	ST3GAL4	ENSG00000110080
SLC25A35-1	SLC25A35	ENSG00000125434
FANK1-1	FANK1	ENSG00000203780
TRMT61A-1	TRMT61A	ENSG00000166166
GSTM3-1	GSTM3	ENSG00000134202
DEDD2-1	DEDD2	ENSG00000160570
ESRRA-1	ESRRA	ENSG00000173153
ZNF175-1	ZNF175	ENSG00000105497
PSMD2-1	PSMD2	ENSG00000175166
TECR-1	TECR	ENSG00000099797
BIVM-ERCC5-1	BIVM-ERCC5	ENSG00000270181
NAT14-1	NAT14	ENSG00000090971
RRS1-1	RRS1	ENSG00000179041
CLCN3-1	CLCN3	ENSG00000109572
ZFAND3-1	ZFAND3	ENSG00000156639
ESAM-1	ESAM	ENSG00000149564
AMOT-1	AMOT	ENSG00000126016
GPN3-1	GPN3	ENSG00000111231
RAD1-1	RAD1	ENSG00000113456
ARL6-1	ARL6	ENSG00000113966
MND1-1	MND1	ENSG00000121211
TTC1-1	TTC1	ENSG00000113312
EIF2AK3-1	EIF2AK3	ENSG00000172071
DIS3L2-1	DIS3L2	ENSG00000144535
ZNF615-1	ZNF615	ENSG00000197619
ACOT9-1	ACOT9	ENSG00000123130
ARHGAP19-1	ARHGAP19	ENSG00000213390
NCOA2-1	NCOA2	ENSG00000140396
ERI2-1	ERI2	ENSG00000196678
FOXJ2-1	FOXJ2	ENSG00000065970
H2AFY-1	MACROH2A1	ENSG00000113648
HEATR5B-1	HEATR5B	ENSG00000008869
ANGPT2-1	ANGPT2	ENSG00000091879
PSIP1-1	PSIP1	ENSG00000164985
ZBED6CL-1	ZBED10P	ENSG00000188707
PGBD4-1	PGBD4	ENSG00000182405
NDUFA2-1	NDUFA2	ENSG00000131495
MLH3-1	MLH3	ENSG00000119684
FAM185A-1	FAM185A	ENSG00000222011
ERG-1	ERG	ENSG00000157554
UBE3C-1	UBE3C	ENSG00000009335
ZNF717-1	ZNF717	ENSG00000227124
DLK2-1	DLK2	ENSG00000171462
ZNF445-1	ZNF445	ENSG00000185219
LRP10-1	LRP10	ENSG00000197324
RPGRIP1L-1	RPGRIP1L	ENSG00000103494
ROMO1-1	ROMO1	ENSG00000125995
LRP12-1	LRP12	ENSG00000147650
ECSIT-1	ECSIT	ENSG00000130159
CAMKMT-1	CAMKMT	ENSG00000143919
SEM1-1	SEM1	ENSG00000127922
EHBP1-1	EHBP1	ENSG00000115504
ACTR1A-1	ACTR1A	ENSG00000138107
ZNF229-1	ZNF229	ENSG00000278318
ZNF438-1	ZNF438	ENSG00000183621
CREBZF-1	CREBZF	ENSG00000137504
ZNF774-1	ZNF774	ENSG00000196391
ZNF808-1	ZNF808	ENSG00000198482
HIST1H4C-1	H4C3	ENSG00000197061
CASP3-1	CASP3	ENSG00000164305
VPREB3-1	VPREB3	ENSG00000128218
WDR90-1	WDR90	ENSG00000161996
AVIL-1	AVIL	ENSG00000135407
SCIMP-1	SCIMP	ENSG00000161929
TIMM50-1	TIMM50	ENSG00000105197
TMEM109-1	TMEM109	ENSG00000110108
BIN2-1	BIN2	ENSG00000110934
CSRNP2-1	CSRNP2	ENSG00000110925
STK40-1	STK40	ENSG00000196182
ZNF425-1	ZNF425	ENSG00000204947
ZNF512-1	ZNF512	ENSG00000243943
SAMD9-1	SAMD9	ENSG00000205413
TCHP-1	TCHP	ENSG00000139437
RAD50-1	RAD50	ENSG00000113522
IQSEC1-1	IQSEC1	ENSG00000144711
NAP1L1-1	NAP1L1	ENSG00000187109
LRP6-1	LRP6	ENSG00000070018
CHRNE-1	CHRNE	ENSG00000108556
CENPU-1	CENPU	ENSG00000151725
C14orf93-1	C14orf93	ENSG00000100802
SOX5-1	SOX5	ENSG00000134532
UTP18-1	UTP18	ENSG00000011260
PIM2-1	PIM2	ENSG00000102096
EIF4EBP1-1	EIF4EBP1	ENSG00000187840
RPAP3-1	RPAP3	ENSG00000005175
AKAP7-1	AKAP7	ENSG00000118507
IGF2R-1	IGF2R	ENSG00000197081
NAA15-1	NAA15	ENSG00000164134
CAPRIN2-1	CAPRIN2	ENSG00000110888
HEXB-1	HEXB	ENSG00000049860
SAMD3-1	SAMD3	ENSG00000164483
CPXCR1-1	CPXCR1	ENSG00000147183
ARL13A-1	ARL13A	ENSG00000174225
ANAPC11-1	ANAPC11	ENSG00000141552
GPT2-1	GPT2	ENSG00000166123
FHOD1-1	FHOD1	ENSG00000135723
SNN-1	SNN	ENSG00000184602
SNX19-1	SNX19	ENSG00000120451
CLIP1-1	CLIP1	ENSG00000130779
SLC23A3-1	SLC23A3	ENSG00000213901
MPP7-1	MPP7	ENSG00000150054
TIMMDC1-1	TIMMDC1	ENSG00000113845
ICAM2-1	ICAM2	ENSG00000108622
QSOX2-1	QSOX2	ENSG00000165661
ANKRD44-1	ANKRD44	ENSG00000065413
SOX10-1	SOX10	ENSG00000100146
MTHFSD-1	MTHFSD	ENSG00000103248
MRS2-1	MRS2	ENSG00000124532
SLC22A3-1	SLC22A3	ENSG00000146477
MPP6-1	PALS2	ENSG00000105926
GLB1L3-1	GLB1L3	ENSG00000166105
EID1-1	EID1	ENSG00000255302
BBIP1-1	BBIP1	ENSG00000214413
POLE-1	POLE	ENSG00000177084
LPCAT3-1	LPCAT3	ENSG00000111684
CTDSPL2-1	CTDSPL2	ENSG00000137770
BRIX1-1	BRIX1	ENSG00000113460
CXCR2-1	CXCR2	ENSG00000180871
DNMT1-1	DNMT1	ENSG00000130816
YIF1B-1	YIF1B	ENSG00000167645
POU3F3-1	POU3F3	ENSG00000198914
LGR6-1	LGR6	ENSG00000133067
PRR11-1	PRR11	ENSG00000068489
KMT5B-1	KMT5B	ENSG00000110066
HERC5-1	HERC5	ENSG00000138646
RAB10-1	RAB10	ENSG00000084733
CWF19L1-1	CWF19L1	ENSG00000095485
KLF2-1	KLF2	ENSG00000127528
CA10-1	CA10	ENSG00000154975
SRSF5-1	SRSF5	ENSG00000100650
FERMT3-1	FERMT3	ENSG00000149781
UEVLD-1	UEVLD	ENSG00000151116
ZMAT2-1	ZMAT2	ENSG00000146007
MLST8-1	MLST8	ENSG00000167965
ADNP2-1	ADNP2	ENSG00000101544
RNF113A-1	RNF113A	ENSG00000125352
SRPRB-1	SRPRB	ENSG00000144867
GRB2-1	GRB2	ENSG00000177885
VEGFA-1	VEGFA	ENSG00000112715
ARMH3-1	ARMH3	ENSG00000120029
MCM3-1	MCM3	ENSG00000112118
UBIAD1-1	UBIAD1	ENSG00000120942
DMGDH-1	DMGDH	ENSG00000132837
C11orf58-1	C11orf58	ENSG00000110696
TNKS2-1	TNKS2	ENSG00000107854
ZBTB10-1	ZBTB10	ENSG00000205189
MRPL55-1	MRPL55	ENSG00000162910
DUSP28-1	DUSP28	ENSG00000188542
ASIC1-1	ASIC1	ENSG00000110881
RBM24-1	RBM24	ENSG00000112183
MAPKAP1-1	MAPKAP1	ENSG00000119487
PSME3-1	PSME3	ENSG00000131467
GAREM1-1	GAREM1	ENSG00000141441
CDV3-1	CDV3	ENSG00000091527
PPP1R14B-1	PPP1R14B	ENSG00000173457
SPTSSA-1	SPTSSA	ENSG00000165389
UFD1-1	UFD1	ENSG00000070010
EIF1-1	EIF1	ENSG00000173812
WARS-1	WARS1	ENSG00000140105
TOPORS-1	TOPORS	ENSG00000197579
CDC42-1	CDC42	ENSG00000070831
AGPAT4-1	AGPAT4	ENSG00000026652
HEMGN-1	HEMGN	ENSG00000136929
ATRX-1	ATRX	ENSG00000085224
PPP2R3C-1	PPP2R3C	ENSG00000092020
PHC2-1	PHC2	ENSG00000134686
CERK-1	CERK	ENSG00000100422
ID3-1	ID3	ENSG00000117318
ZNF28-1	ZNF28	ENSG00000198538
C5orf34-1	C5orf34	ENSG00000172244
LAPTM4A-1	LAPTM4A	ENSG00000068697
SHF-1	SHF	ENSG00000138606
FAM98A-1	FAM98A	ENSG00000119812
SERTAD2-1	SERTAD2	ENSG00000179833
ERGIC3-1	ERGIC3	ENSG00000125991
KCNK5-1	KCNK5	ENSG00000164626
KRT2-1	KRT2	ENSG00000172867
FAM214B-1	ATOSB	ENSG00000005238
DYRK4-1	DYRK4	ENSG00000010219
PARD6G-1	PARD6G	ENSG00000178184
LANCL1-1	LANCL1	ENSG00000115365
FAF1-1	FAF1	ENSG00000185104
HOXA1-1	HOXA1	ENSG00000105991
BEND5-1	BEND5	ENSG00000162373
C9orf40-1	C9orf40	ENSG00000135045
C5-1	C5	ENSG00000106804
ROCK1-1	ROCK1	ENSG00000067900
TCL1A-1	TCL1A	ENSG00000100721
PTP4A1-1	PTP4A1	ENSG00000112245
B4GALNT3-1	B4GALNT3	ENSG00000139044
ABCB10-1	ABCB10	ENSG00000135776
ASPRV1-1	ASPRV1	ENSG00000244617
GGACT-1	GGACT	ENSG00000134864
ZNF34-1	ZNF34	ENSG00000196378
SRSF7-1	SRSF7	ENSG00000115875
EIF1AD-1	EIF1AD	ENSG00000175376
PRPF18-1	PRPF18	ENSG00000165630
TNFRSF9-1	TNFRSF9	ENSG00000049249
ZNF598-1	ZNF598	ENSG00000167962
TAX1BP1-1	TAX1BP1	ENSG00000106052
NDRG1-1	NDRG1	ENSG00000104419
PRXL2A-1	PRXL2A	ENSG00000122378
COL18A1-1	COL18A1	ENSG00000182871
RAB7A-1	RAB7A	ENSG00000075785
C9orf72-1	C9orf72	ENSG00000147894
AASDHPPT-1	AASDHPPT	ENSG00000149313
TBCA-1	TBCA	ENSG00000171530
NACC1-1	NACC1	ENSG00000160877
CTSD-1	CTSD	ENSG00000117984
ARID2-1	ARID2	ENSG00000189079
TBL3-1	TBL3	ENSG00000183751
CRACR2A-1	CRACR2A	ENSG00000130038
TTLL1-1	TTLL1	ENSG00000100271
GNG5-1	GNG5	ENSG00000174021
CD82-1	CD82	ENSG00000085117
USP46-1	USP46	ENSG00000109189
CUX1-1	CUX1	ENSG00000257923
RAVER2-1	RAVER2	ENSG00000162437
ZNF548-1	ZNF548	ENSG00000188785
SPAG7-1	SPAG7	ENSG00000091640
IGFLR1-1	IGFLR1	ENSG00000126246
ADIPOR2-1	ADIPOR2	ENSG00000006831
SLFN11-1	SLFN11	ENSG00000172716
EXOG-1	EXOG	ENSG00000157036
SMYD2-1	SMYD2	ENSG00000143499
KLF1-1	KLF1	ENSG00000105610
NCOA6-1	NCOA6	ENSG00000198646
CLK3-1	CLK3	ENSG00000179335
MVK-1	MVK	ENSG00000110921
PPP2R2D-1	PPP2R2D	ENSG00000175470
DISC1-1	DISC1	ENSG00000162946
IRF2BPL-1	IRF2BPL	ENSG00000119669
PLEKHA3-1	PLEKHA3	ENSG00000116095
GLIPR1-1	GLIPR1	ENSG00000139278
PSMB10-1	PSMB10	ENSG00000205220
KLF12-1	KLF12	ENSG00000118922
EGFL7-1	EGFL7	ENSG00000172889
CYREN-1	CYREN	ENSG00000122783
ZNF385A-1	ZNF385A	ENSG00000161642
MRGPRD-1	MRGPRD	ENSG00000172938
SCARB2-1	SCARB2	ENSG00000138760
WDR62-1	WDR62	ENSG00000075702
DNAL1-1	DNAL1	ENSG00000119661
SNIP1-1	SNIP1	ENSG00000163877
PIBF1-1	PIBF1	ENSG00000083535
VMA21-1	VMA21	ENSG00000160131
MTHFD2L-1	MTHFD2L	ENSG00000163738
HMG20B-1	HMG20B	ENSG00000064961
IL23R-1	IL23R	ENSG00000162594
STOML2-1	STOML2	ENSG00000165283
REM2-1	REM2	ENSG00000139890
MELK-1	MELK	ENSG00000165304
CPSF6-1	CPSF6	ENSG00000111605
PPFIA4-1	PPFIA4	ENSG00000143847
PDK3-1	PDK3	ENSG00000067992
MTAP-1	MTAP	ENSG00000099810
NUP37-1	NUP37	ENSG00000075188
NXPE3-1	NXPE3	ENSG00000144815
PNPT1-1	PNPT1	ENSG00000138035
POU2F1-1	POU2F1	ENSG00000143190
RBL2-1	RBL2	ENSG00000103479
GOLGA7B-1	GOLGA7B	ENSG00000155265
HOXB3-1	HOXB3	ENSG00000120093
HDAC1-1	HDAC1	ENSG00000116478
FGFBP2-1	FGFBP2	ENSG00000137441
UHRF1BP1L-1	BLTP3B	ENSG00000111647
SLC37A4-1	SLC37A4	ENSG00000137700
STAT6-1	STAT6	ENSG00000166888
ATP5PD-1	ATP5PD	ENSG00000167863
OAZ3-1	OAZ3	ENSG00000143450
CBY1-1	CBY1	ENSG00000100211
NEK1-1	NEK1	ENSG00000137601
TAPBPL-1	TAPBPL	ENSG00000139192
FAM234A-1	FAM234A	ENSG00000167930
GNB4-1	GNB4	ENSG00000114450
PIP4K2A-1	PIP4K2A	ENSG00000150867
SF3B6-1	SF3B6	ENSG00000115128
ORMDL2-1	ORMDL2	ENSG00000123353
TMEM183A-1	TMEM183A	ENSG00000163444
G6PC3-1	G6PC3	ENSG00000141349
TESMIN-1	TESMIN	ENSG00000132749
KLHL6-1	KLHL6	ENSG00000172578
ZNF674-1	ZNF674	ENSG00000251192
CHD1-1	CHD1	ENSG00000153922
EPHA1-1	EPHA1	ENSG00000146904
RARS2-1	RARS2	ENSG00000146282
NPHP4-1	NPHP4	ENSG00000131697
FCER1A-1	FCER1A	ENSG00000179639
WNT10B-1	WNT10B	ENSG00000169884
CMTM5-1	CMTM5	ENSG00000166091
DDX6-1	DDX6	ENSG00000110367
E2F6-1	E2F6	ENSG00000169016
MACO1-1	MACO1	ENSG00000204178
THUMPD2-1	THUMPD2	ENSG00000138050
ZFC3H1-1	ZFC3H1	ENSG00000133858
PDIA5-1	PDIA5	ENSG00000065485
ITGA10-1	ITGA10	ENSG00000143127
NDST2-1	NDST2	ENSG00000166507
ARID5A-1	ARID5A	ENSG00000196843
ITGAL-1	ITGAL	ENSG00000005844
SPACA6-1	SPACA6	ENSG00000182310
GGA2-1	GGA2	ENSG00000103365
ZNF439-1	ZNF439	ENSG00000171291
ZFPM1-1	ZFPM1	ENSG00000179588
REEP3-1	REEP3	ENSG00000165476
MIIP-1	MIIP	ENSG00000116691
PRAP1-1	PRAP1	ENSG00000165828
FARSB-1	FARSB	ENSG00000116120
PPP3CB-1	PPP3CB	ENSG00000107758
IL31-1	IL31	ENSG00000204671
KLRK1-1	KLRK1	ENSG00000213809
DCAF12-1	DCAF12	ENSG00000198876
HIF1AN-1	HIF1AN	ENSG00000166135
LMBRD1-1	LMBRD1	ENSG00000168216
AUP1-1	AUP1	ENSG00000115307
ZDHHC4-1	ZDHHC4	ENSG00000136247
DMPK-1	DMPK	ENSG00000104936
OXNAD1-1	OXNAD1	ENSG00000154814
RAB31-1	RAB31	ENSG00000168461
TRIP12-1	TRIP12	ENSG00000153827
IRAK2-1	IRAK2	ENSG00000134070
SOX8-1	SOX8	ENSG00000005513
NDUFB9-1	NDUFB9	ENSG00000147684
NR2E1-1	NR2E1	ENSG00000112333
SOCS4-1	SOCS4	ENSG00000180008
SELENOS-1	SELENOS	ENSG00000131871
DNAJC21-1	DNAJC21	ENSG00000168724
SNRPD3-1	SNRPD3	ENSG00000100028
GPKOW-1	GPKOW	ENSG00000068394
DDX3X-1	DDX3X	ENSG00000215301
PHEX-1	PHEX	ENSG00000102174
FOXN4-1	FOXN4	ENSG00000139445
HIST1H4F-1	H4C6	ENSG00000274618
SCML2-1	SCML2	ENSG00000102098
PEX11A-1	PEX11A	ENSG00000166821
HDHD3-1	HDHD3	ENSG00000119431
ZNF621-1	ZNF621	ENSG00000172888
NTRK2-1	NTRK2	ENSG00000148053
MAPKBP1-1	MAPKBP1	ENSG00000137802
TMEM9-1	TMEM9	ENSG00000116857
EPG5-1	EPG5	ENSG00000152223
UGP2-1	UGP2	ENSG00000169764
SFXN5-1	SFXN5	ENSG00000144040
CLIC5-1	CLIC5	ENSG00000112782
SLC22A23-1	SLC22A23	ENSG00000137266
CNTNAP1-1	CNTNAP1	ENSG00000108797
STON2-1	STON2	ENSG00000140022
PGS1-1	PGS1	ENSG00000087157
RBM4B-1	RBM4B	ENSG00000173914
RRP15-1	RRP15	ENSG00000067533
ATF7-1	ATF7	ENSG00000170653
ZMAT3-1	ZMAT3	ENSG00000172667
TIGD4-1	TIGD4	ENSG00000169989
ICE1-1	ICE1	ENSG00000164151
ADAM22-1	ADAM22	ENSG00000008277
UTP15-1	UTP15	ENSG00000164338
PPIE-1	PPIE	ENSG00000084072
PCED1B-1	PCED1B	ENSG00000179715
AKAP13-1	AKAP13	ENSG00000170776
ACTG1-1	ACTG1	ENSG00000184009
SORL1-1	SORL1	ENSG00000137642
SPATA5-1	AFG2A	ENSG00000145375
EWSR1-1	EWSR1	ENSG00000182944
CCDC126-1	CCDC126	ENSG00000169193
CHD7-1	CHD7	ENSG00000171316
TRIB1-1	TRIB1	ENSG00000173334
NME7-1	NME7	ENSG00000143156
ARHGAP45-1	ARHGAP45	ENSG00000180448
TRIM68-1	TRIM68	ENSG00000167333
C17orf53-1	HROB	ENSG00000125319
RAB1B-1	RAB1B	ENSG00000174903
HHLA3-1	ANKRD13C-DT	ENSG00000197568
FBXL15-1	FBXL15	ENSG00000107872
MX2-1	MX2	ENSG00000183486
GCNA-1	GCNA	ENSG00000147174
LARP7-1	LARP7	ENSG00000174720
INAFM2-1	INAFM2	ENSG00000259330
DGCR2-1	DGCR2	ENSG00000070413
MYO1E-1	MYO1E	ENSG00000157483
GNLY-1	GNLY	ENSG00000115523
TACC3-1	TACC3	ENSG00000013810
POU4F1-1	POU4F1	ENSG00000152192
RANGAP1-1	RANGAP1	ENSG00000100401
RPS24-1	RPS24	ENSG00000138326
MED10-1	MED10	ENSG00000133398
BSPRY-1	BSPRY	ENSG00000119411
MIOS-1	MIOS	ENSG00000164654
PLEKHA2-1	PLEKHA2	ENSG00000169499
FSD1L-1	FSD1L	ENSG00000106701
GCSAM-1	GCSAM	ENSG00000174500
PSMD3-1	PSMD3	ENSG00000108344
PRKCI-1	PRKCI	ENSG00000163558
SLC35B3-1	SLC35B3	ENSG00000124786
SUGP1-1	SUGP1	ENSG00000105705
CNIH2-1	CNIH2	ENSG00000174871
BAZ2B-1	BAZ2B	ENSG00000123636
NCK1-1	NCK1	ENSG00000158092
FAR2-1	FAR2	ENSG00000064763
RAB33B-1	RAB33B	ENSG00000172007
PRPF40A-1	PRPF40A	ENSG00000196504
NUDT2-1	NUDT2	ENSG00000164978
CHST15-1	CHST15	ENSG00000182022
NUP210-1	NUP210	ENSG00000132182
IFT43-1	IFT43	ENSG00000119650
SNX3-1	SNX3	ENSG00000112335
RPS5-1	RPS5	ENSG00000083845
COPS3-1	COPS3	ENSG00000141030
MAPK1-1	MAPK1	ENSG00000100030
MAF-1	MAF	ENSG00000178573
MED17-1	MED17	ENSG00000042429
EDN3-1	EDN3	ENSG00000124205
ZNF561-1	ZNF561	ENSG00000171469
C1orf115-1	C1orf115	ENSG00000162817
TNFRSF10D-1	TNFRSF10D	ENSG00000173530
PVR-1	PVR	ENSG00000073008
MVP-1	MVP	ENSG00000013364
PKM-1	PKM	ENSG00000067225
WSB1-1	WSB1	ENSG00000109046
SIX6-1	SIX6	ENSG00000184302
ORAI1-1	ORAI1	ENSG00000276045
DNAJC5-1	DNAJC5	ENSG00000101152
STARD4-1	STARD4	ENSG00000164211
TGS1-1	TGS1	ENSG00000137574
PURG-1	PURG	ENSG00000172733
SHC1-1	SHC1	ENSG00000160691
RGS19-1	RGS19	ENSG00000171700
ACTN1-1	ACTN1	ENSG00000072110
P2RX5-1	P2RX5	ENSG00000083454
ERO1B-1	ERO1B	ENSG00000086619
TRMT11-1	TRMT11	ENSG00000066651
STIL-1	STIL	ENSG00000123473
POMT2-1	POMT2	ENSG00000009830
DNMT3B-1	DNMT3B	ENSG00000088305
PDPK1-1	PDPK1	ENSG00000140992
NEIL3-1	NEIL3	ENSG00000109674
SLC25A51-1	SLC25A51	ENSG00000122696
NBPF12-1	NBPF12	ENSG00000268043
CLASRP-1	CLASRP	ENSG00000104859
FMNL1-1	FMNL1	ENSG00000184922
DUSP5-1	DUSP5	ENSG00000138166
DNAJC13-1	DNAJC13	ENSG00000138246
PAX2-1	PAX2	ENSG00000075891
TMEM237-1	TMEM237	ENSG00000155755
FASTKD2-1	FASTKD2	ENSG00000118246
PI4K2A-1	PI4K2A	ENSG00000155252
HTATIP2-1	HTATIP2	ENSG00000109854
SH2D3C-1	SH2D3C	ENSG00000095370
TRUB1-1	TRUB1	ENSG00000165832
RPUSD4-1	RPUSD4	ENSG00000165526
URM1-1	URM1	ENSG00000167118
DDIAS-1	DDIAS	ENSG00000165490
SLC26A6-1	SLC26A6	ENSG00000225697
DTX3-1	DTX3	ENSG00000178498
EIF4G3-1	EIF4G3	ENSG00000075151
GBP4-1	GBP4	ENSG00000162654
RUSC1-1	RUSC1	ENSG00000160753
ZNF500-1	ZNF500	ENSG00000103199
ICAM1-1	ICAM1	ENSG00000090339
MBD4-1	MBD4	ENSG00000129071
AMD1-1	AMD1	ENSG00000123505
EIF4G1-1	EIF4G1	ENSG00000114867
CTDSP1-1	CTDSP1	ENSG00000144579
PLA2G4C-1	PLA2G4C	ENSG00000105499
SSBP2-1	SSBP2	ENSG00000145687
ADRM1-1	ADRM1	ENSG00000130706
TEAD1-1	TEAD1	ENSG00000187079
RBMS3-1	RBMS3	ENSG00000144642
GDF9-1	GDF9	ENSG00000164404
QDPR-1	QDPR	ENSG00000151552
STAT3-1	STAT3	ENSG00000168610
ERP29-1	ERP29	ENSG00000089248
ZNF317-1	ZNF317	ENSG00000130803
C19orf47-1	C19orf47	ENSG00000160392
SIPA1L1-1	SIPA1L1	ENSG00000197555
PROSER3-1	PROSER3	ENSG00000167595
HPS3-1	HPS3	ENSG00000163755
BST1-1	BST1	ENSG00000109743
MAN2B2-1	MAN2B2	ENSG00000013288
MDC1-1	MDC1	ENSG00000137337
CEP19-1	CEP19	ENSG00000174007
INPP5E-1	INPP5E	ENSG00000148384
IQGAP3-1	IQGAP3	ENSG00000183856
PCBP1-1	PCBP1	ENSG00000169564
LRP11-1	LRP11	ENSG00000120256
RSPH3-1	RSPH3	ENSG00000130363
ZNF274-1	ZNF274	ENSG00000171606
MEIS2-1	MEIS2	ENSG00000134138
EXPH5-1	EXPH5	ENSG00000110723
CD79A-1	CD79A	ENSG00000105369
ARHGEF39-1	ARHGEF39	ENSG00000137135
CTSF-1	CTSF	ENSG00000174080
GINS3-1	GINS3	ENSG00000181938
ATP7A-1	ATP7A	ENSG00000165240
RGPD6-1	RGPD6	ENSG00000183054
GALK1-1	GALK1	ENSG00000108479
ARID3B-1	ARID3B	ENSG00000179361
SEL1L-1	SEL1L	ENSG00000071537
FUNDC1-1	FUNDC1	ENSG00000069509
SMARCC2-1	SMARCC2	ENSG00000139613
ZNF341-1	ZNF341	ENSG00000131061
ZNF839-1	ZNF839	ENSG00000022976
CARD9-1	CARD9	ENSG00000187796
PMS2-1	PMS2	ENSG00000122512
HOXC13-1	HOXC13	ENSG00000123364
ZMYM1-1	ZMYM1	ENSG00000197056
OTUD4-1	OTUD4	ENSG00000164164
ZNF678-1	ZNF678	ENSG00000181450
UNKL-1	UNKL	ENSG00000059145
FAM200B-1	FAM200B	ENSG00000237765
YRDC-1	YRDC	ENSG00000196449
SOX12-1	SOX12	ENSG00000177732
ACVR1-1	ACVR1	ENSG00000115170
FBXL17-1	FBXL17	ENSG00000145743
XKRX-1	XKRX	ENSG00000182489
ZFP30-1	ZFP30	ENSG00000120784
ACP5-1	ACP5	ENSG00000102575
SCO2-1	SCO2	ENSG00000284194
HCLS1-1	HCLS1	ENSG00000180353
MMP25-1	MMP25	ENSG00000008516
MTMR2-1	MTMR2	ENSG00000087053
NKX1-1-1	NKX1-1	ENSG00000235608
PRKAR1A-1	PRKAR1A	ENSG00000108946
BAHD1-1	BAHD1	ENSG00000140320
HIST1H1E-1	H1-4	ENSG00000168298
MAT2B-1	MAT2B	ENSG00000038274
ABCD1-1	ABCD1	ENSG00000101986
P2RY10-1	P2RY10	ENSG00000078589
EIF2S2-1	EIF2S2	ENSG00000125977
FBLN5-1	FBLN5	ENSG00000140092
HNRNPA3-1	HNRNPA3	ENSG00000170144
ARL5A-1	ARL5A	ENSG00000162980
TOMM40L-1	TOMM40L	ENSG00000158882
MAP3K21-1	MAP3K21	ENSG00000143674
HARS2-1	HARS2	ENSG00000112855
CARM1-1	CARM1	ENSG00000142453
CPD-1	CPD	ENSG00000108582
ACAP2-1	ACAP2	ENSG00000114331
TMEM179B-1	TMEM179B	ENSG00000185475
SYVN1-1	SYVN1	ENSG00000162298
CCNI-1	CCNI	ENSG00000118816
DDRGK1-1	DDRGK1	ENSG00000198171
NOC4L-1	NOC4L	ENSG00000184967
NKX2-4-1	NKX2-4	ENSG00000125816
TGFBR3-1	TGFBR3	ENSG00000069702
RFNG-1	RFNG	ENSG00000169733
DTX3L-1	DTX3L	ENSG00000163840
TERF2-1	TERF2	ENSG00000132604
GLIS3-1	GLIS3	ENSG00000107249
TNRC6C-1	TNRC6C	ENSG00000078687
DTD2-1	DTD2	ENSG00000129480
YEATS4-1	YEATS4	ENSG00000127337
MARK3-1	MARK3	ENSG00000075413
SLC25A15-1	SLC25A15	ENSG00000102743
ZNF746-1	ZNF746	ENSG00000181220
GPSM1-1	GPSM1	ENSG00000160360
PPP1R15B-1	PPP1R15B	ENSG00000158615
TENT2-1	TENT2	ENSG00000164329
URI1-1	URI1	ENSG00000105176
TMEM8B-1	TMEM8B	ENSG00000137103
DIXDC1-1	DIXDC1	ENSG00000150764
PARP8-1	PARP8	ENSG00000151883
ZNF816-1	ZNF816	ENSG00000180257
CALU-1	CALU	ENSG00000128595
CDK17-1	CDK17	ENSG00000059758
UTP23-1	UTP23	ENSG00000147679
FANCF-1	FANCF	ENSG00000183161
CASC4-1	GOLM2	ENSG00000166734
NDUFS3-1	NDUFS3	ENSG00000213619
PRKCE-1	PRKCE	ENSG00000171132
BNIPL-1	BNIPL	ENSG00000163141
LYL1-1	LYL1	ENSG00000104903
SART1-1	SART1	ENSG00000175467
SEPT8-1	SEPTIN8	ENSG00000164402
KIAA2026-1	BRD10	ENSG00000183354
CHCHD7-1	CHCHD7	ENSG00000170791
ZNF584-1	ZNF584	ENSG00000171574
TEX2-1	TEX2	ENSG00000136478
EIF2B4-1	EIF2B4	ENSG00000115211
IGFBP3-1	IGFBP3	ENSG00000146674
TSHZ1-1	TSHZ1	ENSG00000179981
ANXA5-1	ANXA5	ENSG00000164111
CIART-1	CIART	ENSG00000159208
CLSTN1-1	CLSTN1	ENSG00000171603
ACADS-1	ACADS	ENSG00000122971
NAB2-1	NAB2	ENSG00000166886
MRPL50-1	MRPL50	ENSG00000136897
IL27RA-1	IL27RA	ENSG00000104998
ZNF625-1	ZNF625	ENSG00000257591
MTX2-1	MTX2	ENSG00000128654
PRDM2-1	PRDM2	ENSG00000116731
TBC1D9B-1	TBC1D9B	ENSG00000197226
IL3-1	IL3	ENSG00000164399
FBXO45-1	FBXO45	ENSG00000174013
RB1CC1-1	RB1CC1	ENSG00000023287
FCER1G-1	FCER1G	ENSG00000158869
WDR36-1	WDR36	ENSG00000134987
LPCAT1-1	LPCAT1	ENSG00000153395
WDR25-1	WDR25	ENSG00000176473
FAM50A-1	FAM50A	ENSG00000071859
LAMA5-1	LAMA5	ENSG00000130702
SDAD1-1	SDAD1	ENSG00000198301
ZNF101-1	ZNF101	ENSG00000181896
PIR-1	PIR	ENSG00000087842
MAP2K5-1	MAP2K5	ENSG00000137764
ZNF329-1	ZNF329	ENSG00000181894
GPR52-1	GPR52	ENSG00000203737
KLHL21-1	KLHL21	ENSG00000162413
TBX20-1	TBX20	ENSG00000164532
ADGRV1-1	ADGRV1	ENSG00000164199
GATA1-1	GATA1	ENSG00000102145
RPL32-1	RPL32	ENSG00000144713
AHCYL1-1	AHCYL1	ENSG00000168710
DDX58-1	RIGI	ENSG00000107201
GLRX5-1	GLRX5	ENSG00000182512
FAM110C-1	FAM110C	ENSG00000184731
ATP6V1C2-1	ATP6V1C2	ENSG00000143882
IL4-1	IL4	ENSG00000113520
VKORC1L1-1	VKORC1L1	ENSG00000196715
TNFSF9-1	TNFSF9	ENSG00000125657
HBEGF-1	HBEGF	ENSG00000113070
SHCBP1-1	SHCBP1	ENSG00000171241
WWC3-1	WWC3	ENSG00000047644
NUDT19-1	NUDT19	ENSG00000213965
SP2-1	SP2	ENSG00000167182
RWDD1-1	RWDD1	ENSG00000111832
FZR1-1	FZR1	ENSG00000105325
LRG1-1	LRG1	ENSG00000171236
IFFO1-1	IFFO1	ENSG00000010295
TSSC4-1	TSSC4	ENSG00000184281
NBL1-1	NBL1	ENSG00000158747
SHMT2-1	SHMT2	ENSG00000182199
NKX3-1-1	NKX3-1	ENSG00000167034
LLGL1-1	LLGL1	ENSG00000131899
SLC16A1-1	SLC16A1	ENSG00000155380
MED6-1	MED6	ENSG00000133997
CHMP6-1	CHMP6	ENSG00000176108
TSPAN4-1	TSPAN4	ENSG00000214063
ZNF714-1	ZNF714	ENSG00000160352
NANOGNB-1	NANOGNB	ENSG00000205857
ZBTB49-1	ZBTB49	ENSG00000168826
ACTR3C-1	ACTR3C	ENSG00000106526
SS18L1-1	SS18L1	ENSG00000184402
SULT1A1-1	SULT1A1	ENSG00000196502
OVGP1-1	OVGP1	ENSG00000085465
IGFBP2-1	IGFBP2	ENSG00000115457
KIF16B-1	KIF16B	ENSG00000089177
TRAPPC8-1	TRAPPC8	ENSG00000153339
SERP1-1	SERP1	ENSG00000120742
SETMAR-1	SETMAR	ENSG00000170364
ACP6-1	ACP6	ENSG00000162836
SNTB1-1	SNTB1	ENSG00000172164
HOXB7-1	HOXB7	ENSG00000260027
MCEE-1	MCEE	ENSG00000124370
NDUFB3-1	NDUFB3	ENSG00000119013
ANKRD10-1	ANKRD10	ENSG00000088448
SASH1-1	SASH1	ENSG00000111961
ADGRL1-1	ADGRL1	ENSG00000072071
MSMO1-1	MSMO1	ENSG00000052802
ZNF747-1	ZNF747	ENSG00000169955
PRDX2-1	PRDX2	ENSG00000167815
VPS16-1	VPS16	ENSG00000215305
SHPK-1	SHPK	ENSG00000197417
TEX30-1	TEX30	ENSG00000151287
MTERF3-1	MTERF3	ENSG00000156469
DIAPH1-1	DIAPH1	ENSG00000131504
JADE1-1	JADE1	ENSG00000077684
CNKSR2-1	CNKSR2	ENSG00000149970
TMEM120B-1	TMEM120B	ENSG00000188735
ZNF442-1	ZNF442	ENSG00000198342
SRFBP1-1	SRFBP1	ENSG00000151304
PPBP-1	PPBP	ENSG00000163736
QPCT-1	QPCT	ENSG00000115828
CCDC137-1	CCDC137	ENSG00000185298
TUBA8-1	TUBA8	ENSG00000183785
RAC1-1	RAC1	ENSG00000136238
YIPF5-1	YIPF5	ENSG00000145817
PLA2G15-1	PLA2G15	ENSG00000103066
SRBD1-1	SRBD1	ENSG00000068784
KCTD10-1	KCTD10	ENSG00000110906
GPRC5B-1	GPRC5B	ENSG00000167191
ZFYVE26-1	ZFYVE26	ENSG00000072121
BCAT1-1	BCAT1	ENSG00000060982
OSBPL5-1	OSBPL5	ENSG00000021762
CCDC91-1	CCDC91	ENSG00000123106
SPATA6L-1	SPATA6L	ENSG00000106686
STX6-1	STX6	ENSG00000135823
TPGS1-1	TPGS1	ENSG00000141933
SMARCE1-1	SMARCE1	ENSG00000073584
CPXM1-1	CPXM1	ENSG00000088882
ADAP1-1	ADAP1	ENSG00000105963
TOP3B-1	TOP3B	ENSG00000100038
NOL8-1	NOL8	ENSG00000198000
WNK1-1	WNK1	ENSG00000060237
MLXIPL-1	MLXIPL	ENSG00000009950
MOCS1-1	MOCS1	ENSG00000124615
KLK1-1	KLK1	ENSG00000167748
AUH-1	AUH	ENSG00000148090
MPST-1	MPST	ENSG00000128309
CLN5-1	CLN5	ENSG00000102805
GNAI2-1	GNAI2	ENSG00000114353
SNRPC-1	SNRPC	ENSG00000124562
OVOL2-1	OVOL2	ENSG00000125850
CUBN-1	CUBN	ENSG00000107611
RAB6B-1	RAB6B	ENSG00000154917
HOXC9-1	HOXC9	ENSG00000180806
RAB23-1	RAB23	ENSG00000112210
IFNGR2-1	IFNGR2	ENSG00000159128
BEX4-1	BEX4	ENSG00000102409
ATP6V1A-1	ATP6V1A	ENSG00000114573
INPP1-1	INPP1	ENSG00000151689
CD55-1	CD55	ENSG00000196352
ST14-1	ST14	ENSG00000149418
MCF2L-1	MCF2L	ENSG00000126217
PUDP-1	PUDP	ENSG00000130021
CD48-1	CD48	ENSG00000117091
SP110-1	SP110	ENSG00000135899
TMEM44-1	TMEM44	ENSG00000145014
TBP-1	TBP	ENSG00000112592
LIN52-1	LIN52	ENSG00000205659
C6orf203-1	MTRES1	ENSG00000130349
SLAMF6-1	SLAMF6	ENSG00000162739
STPG1-1	STPG1	ENSG00000001460
HNRNPLL-1	HNRNPLL	ENSG00000143889
ILVBL-1	ILVBL	ENSG00000105135
SNRNP40-1	SNRNP40	ENSG00000060688
CCDC71-1	CCDC71	ENSG00000177352
THY1-1	THY1	ENSG00000154096
RYR1-1	RYR1	ENSG00000196218
DDX20-1	DDX20	ENSG00000064703
MSRB2-1	MSRB2	ENSG00000148450
COMT-1	COMT	ENSG00000093010
GPRC5A-1	GPRC5A	ENSG00000013588
MTHFD2-1	MTHFD2	ENSG00000065911
NEMF-1	NEMF	ENSG00000165525
CMTM3-1	CMTM3	ENSG00000140931
DYNC1I2-1	DYNC1I2	ENSG00000077380
MT1F-1	MT1F	ENSG00000198417
MRPL58-1	MRPL58	ENSG00000167862
EXD3-1	EXD3	ENSG00000187609
VRK2-1	VRK2	ENSG00000028116
RCHY1-1	RCHY1	ENSG00000163743
FAM126A-1	HYCC1	ENSG00000122591
MYO3B-1	MYO3B	ENSG00000071909
AMY2B-1	AMY2B	ENSG00000240038
PDE8A-1	PDE8A	ENSG00000073417
FAM122C-1	PABIR3	ENSG00000156500
SRSF8-1	SRSF8	ENSG00000263465
PGLYRP1-1	PGLYRP1	ENSG00000008438
TMCC1-1	TMCC1	ENSG00000172765
MAP3K6-1	MAP3K6	ENSG00000142733
AFTPH-1	AFTPH	ENSG00000119844
CPEB2-1	CPEB2	ENSG00000137449
CDKN1B-1	CDKN1B	ENSG00000111276
NFS1-1	NFS1	ENSG00000244005
MRPL27-1	MRPL27	ENSG00000108826
SETD1B-1	SETD1B	ENSG00000139718
SREK1-1	SREK1	ENSG00000153914
SCRT2-1	SCRT2	ENSG00000215397
NDUFAF4-1	NDUFAF4	ENSG00000123545
NCKAP5L-1	NCKAP5L	ENSG00000167566
BOLA1-1	BOLA1	ENSG00000178096
HESX1-1	HESX1	ENSG00000163666
HFE-1	HFE	ENSG00000010704
PPP1R14C-1	PPP1R14C	ENSG00000198729
POFUT2-1	POFUT2	ENSG00000186866
BRI3BP-1	BRI3BP	ENSG00000184992
HNRNPC-1	HNRNPC	ENSG00000092199
CGGBP1-1	CGGBP1	ENSG00000163320
MED7-1	MED7	ENSG00000155868
ZNRF1-1	ZNRF1	ENSG00000186187
CORO1B-1	CORO1B	ENSG00000172725
BTBD3-1	BTBD3	ENSG00000132640
TRIM21-1	TRIM21	ENSG00000132109
AQP1-1	AQP1	ENSG00000240583
ACAA2-1	ACAA2	ENSG00000167315
MRPL46-1	MRPL46	ENSG00000259494
RBBP6-1	RBBP6	ENSG00000122257
NAXE-1	NAXE	ENSG00000163382
SLC30A5-1	SLC30A5	ENSG00000145740
AMFR-1	AMFR	ENSG00000159461
MZT1-1	MZT1	ENSG00000204899
TRIM32-1	TRIM32	ENSG00000119401
ZBTB44-1	ZBTB44	ENSG00000196323
AGBL2-1	AGBL2	ENSG00000165923
PRMT7-1	PRMT7	ENSG00000132600
GAN-1	GAN	ENSG00000261609
PDE7A-1	PDE7A	ENSG00000205268
VASP-1	VASP	ENSG00000125753
PAFAH1B1-1	PAFAH1B1	ENSG00000007168
MS4A7-1	MS4A7	ENSG00000166927
SLC2A1-1	SLC2A1	ENSG00000117394
MTMR4-1	MTMR4	ENSG00000108389
PLGRKT-1	PLGRKT	ENSG00000107020
FAM171A1-1	FAM171A1	ENSG00000148468
MACROD1-1	MACROD1	ENSG00000133315
KLHDC8B-1	KLHDC8B	ENSG00000185909
SLC15A3-1	SLC15A3	ENSG00000110446
NUAK1-1	NUAK1	ENSG00000074590
ILKAP-1	ILKAP	ENSG00000132323
ALPL-1	ALPL	ENSG00000162551
DNAJC1-1	DNAJC1	ENSG00000136770
METTL6-1	METTL6	ENSG00000206562
TBC1D14-1	TBC1D14	ENSG00000132405
ZNF71-1	ZNF71	ENSG00000197951
CTBS-1	CTBS	ENSG00000117151
SELP-1	SELP	ENSG00000174175
ZNF587-1	ZNF587	ENSG00000198466
POLL-1	POLL	ENSG00000166169
RGS2-1	RGS2	ENSG00000116741
ZNF675-1	ZNF675	ENSG00000197372
TTC5-1	TTC5	ENSG00000136319
LNP1-1	LNP1	ENSG00000206535
CARD6-1	CARD6	ENSG00000132357
IL17RA-1	IL17RA	ENSG00000177663
GMEB2-1	GMEB2	ENSG00000101216
FBXL4-1	FBXL4	ENSG00000112234
TGDS-1	TGDS	ENSG00000088451
MAN1B1-1	MAN1B1	ENSG00000177239
CSTB-1	CSTB	ENSG00000160213
UBE2C-1	UBE2C	ENSG00000175063
URGCP-1	URGCP	ENSG00000106608
SOX4-1	SOX4	ENSG00000124766
SLC27A1-1	SLC27A1	ENSG00000130304
FPR1-1	FPR1	ENSG00000171051
GSX2-1	GSX2	ENSG00000180613
NOL9-1	NOL9	ENSG00000162408
CENPH-1	CENPH	ENSG00000153044
DGLUCY-1	DGLUCY	ENSG00000133943
TUBA4A-1	TUBA4A	ENSG00000127824
TEP1-1	TEP1	ENSG00000129566
CPPED1-1	CPPED1	ENSG00000103381
TCF21-1	TCF21	ENSG00000118526
MUC1-1	MUC1	ENSG00000185499
B4GALNT1-1	B4GALNT1	ENSG00000135454
SPICE1-1	SPICE1	ENSG00000163611
PLD2-1	PLD2	ENSG00000129219
ZNF24-1	ZNF24	ENSG00000172466
SNAI1-1	SNAI1	ENSG00000124216
MYB-1	MYB	ENSG00000118513
TLX2-1	TLX2	ENSG00000115297
FXR2-1	FXR2	ENSG00000129245
ANKRD40-1	ANKRD40	ENSG00000154945
WDR19-1	WDR19	ENSG00000157796
OGFRL1-1	OGFRL1	ENSG00000119900
ZNF45-1	ZNF45	ENSG00000124459
NFXL1-1	NFXL1	ENSG00000170448
ASB3-1	ASB3	ENSG00000115239
MPG-1	MPG	ENSG00000103152
LLGL2-1	LLGL2	ENSG00000073350
DNAJB1-1	DNAJB1	ENSG00000132002
ZG16-1	ZG16	ENSG00000174992
APTX-1	APTX	ENSG00000137074
TWIST1-1	TWIST1	ENSG00000122691
HEATR3-1	HEATR3	ENSG00000155393
RALY-1	RALY	ENSG00000125970
EXOSC4-1	EXOSC4	ENSG00000178896
CKAP4-1	CKAP4	ENSG00000136026
UGDH-1	UGDH	ENSG00000109814
ZC3HC1-1	ZC3HC1	ENSG00000091732
RPAIN-1	RPAIN	ENSG00000129197
MOCS3-1	MOCS3	ENSG00000124217
SLC22A17-1	SLC22A17	ENSG00000092096
RFPL2-1	RFPL2	ENSG00000128253
RIPK2-1	RIPK2	ENSG00000104312
SLC17A5-1	SLC17A5	ENSG00000119899
ZNF7-1	ZNF7	ENSG00000147789
FHL1-1	FHL1	ENSG00000022267
ZDBF2-1	ZDBF2	ENSG00000204186
CPSF2-1	CPSF2	ENSG00000165934
PIGX-1	PIGX	ENSG00000163964
TGFB3-1	TGFB3	ENSG00000119699
NPRL2-1	NPRL2	ENSG00000114388
AVPR2-1	AVPR2	ENSG00000126895
LDLRAD4-1	LDLRAD4	ENSG00000168675
SLMAP-1	SLMAP	ENSG00000163681
IL36RN-1	IL36RN	ENSG00000136695
ATF2-1	ATF2	ENSG00000115966
FUBP1-1	FUBP1	ENSG00000162613
NXF1-1	NXF1	ENSG00000162231
EMC1-1	EMC1	ENSG00000127463
LGALS1-1	LGALS1	ENSG00000100097
SPATA25-1	SPATA25	ENSG00000149634
ITPRIPL2-1	ITPRIPL2	ENSG00000205730
MRPL40-1	MRPL40	ENSG00000185608
ARRDC3-1	ARRDC3	ENSG00000113369
EGR2-1	EGR2	ENSG00000122877
HIST2H3D-1	H3C13	ENSG00000183598
NIFK-1	NIFK	ENSG00000155438
TOB2-1	TOB2	ENSG00000183864
ASCL3-1	ASCL3	ENSG00000176009
ABHD13-1	ABHD13	ENSG00000139826
ZBTB8OS-1	ZBTB8OS	ENSG00000176261
NDFIP2-1	NDFIP2	ENSG00000102471
TIA1-1	TIA1	ENSG00000116001
ZNF37A-1	ZNF37A	ENSG00000075407
RAB20-1	RAB20	ENSG00000139832
AARS2-1	AARS2	ENSG00000124608
UCP2-1	UCP2	ENSG00000175567
DCP2-1	DCP2	ENSG00000172795
TRIM37-1	TRIM37	ENSG00000108395
MAGED2-1	MAGED2	ENSG00000102316
ZC3H8-1	ZC3H8	ENSG00000144161
DKK3-1	DKK3	ENSG00000050165
ABTB1-1	ABTB1	ENSG00000114626
SESN1-1	SESN1	ENSG00000080546
ANAPC15-1	ANAPC15	ENSG00000110200
CCNT1-1	CCNT1	ENSG00000129315
IDH1-1	IDH1	ENSG00000138413
PGM1-1	PGM1	ENSG00000079739
STK17B-1	STK17B	ENSG00000081320
PMAIP1-1	PMAIP1	ENSG00000141682
NPIPB15-1	NPIPB15	ENSG00000196436
ZZEF1-1	ZZEF1	ENSG00000074755
KXD1-1	KXD1	ENSG00000105700
VAC14-1	VAC14	ENSG00000103043
TMED10-1	TMED10	ENSG00000170348
NR2C2AP-1	NR2C2AP	ENSG00000184162
TRAPPC2-1	TRAPPC2	ENSG00000196459
CCNC-1	CCNC	ENSG00000112237
PIP4P1-1	PIP4P1	ENSG00000165782
YTHDF3-1	YTHDF3	ENSG00000185728
NMD3-1	NMD3	ENSG00000169251
SIT1-1	SIT1	ENSG00000137078
POLR3C-1	POLR3C	ENSG00000186141
ANKLE1-1	ANKLE1	ENSG00000160117
WAS-1	WAS	ENSG00000015285
POP1-1	POP1	ENSG00000104356
MKKS-1	MKKS	ENSG00000125863
PRDX6-1	PRDX6	ENSG00000117592
NEMP1-1	NEMP1	ENSG00000166881
IL1RAP-1	IL1RAP	ENSG00000196083
ZNF596-1	ZNF596	ENSG00000172748
CD300LF-1	CD300LF	ENSG00000186074
THBS3-1	THBS3	ENSG00000169231
ENDOD1-1	ENDOD1	ENSG00000149218
FAM222B-1	FAM222B	ENSG00000173065
MYADM-1	MYADM	ENSG00000179820
ZNF699-1	ZNF699	ENSG00000196110
ZIC1-1	ZIC1	ENSG00000152977
CTDSPL-1	CTDSPL	ENSG00000144677
MTMR3-1	MTMR3	ENSG00000100330
COMMD9-1	COMMD9	ENSG00000110442
RND1-1	RND1	ENSG00000172602
FOXP2-1	FOXP2	ENSG00000128573
LRIF1-1	LRIF1	ENSG00000121931
ATP5PB-1	ATP5PB	ENSG00000116459
KDM1B-1	KDM1B	ENSG00000165097
RNF122-1	RNF122	ENSG00000133874
CBFA2T2-1	CBFA2T2	ENSG00000078699
GPATCH2-1	GPATCH2	ENSG00000092978
CEP95-1	CEP95	ENSG00000258890
PIGK-1	PIGK	ENSG00000142892
MSH3-1	MSH3	ENSG00000113318
CEP112-1	CEP112	ENSG00000154240
CCNH-1	CCNH	ENSG00000134480
CCDC174-1	CCDC174	ENSG00000154781
TMEM170B-1	TMEM170B	ENSG00000205269
C19orf73-1	C19orf73	ENSG00000221916
ARL4A-1	ARL4A	ENSG00000122644
CCND3-1	CCND3	ENSG00000112576
GTF2H5-1	GTF2H5	ENSG00000272047
KIFAP3-1	KIFAP3	ENSG00000075945
PAPSS2-1	PAPSS2	ENSG00000198682
GTF3C2-1	GTF3C2	ENSG00000115207
CXCL10-1	CXCL10	ENSG00000169245
PLPP5-1	PLPP5	ENSG00000147535
PCNX3-1	PCNX3	ENSG00000197136
ABHD2-1	ABHD2	ENSG00000140526
ZNF225-1	ZNF225	ENSG00000256294
HKR1-1	ZNF875	ENSG00000181666
SNX29-1	SNX29	ENSG00000048471
SEC14L1-1	SEC14L1	ENSG00000129657
AFF2-1	AFF2	ENSG00000155966
ARMC7-1	ARMC7	ENSG00000125449
NHP2-1	NHP2	ENSG00000145912
RNF125-1	RNF125	ENSG00000101695
RARS-1	RARS1	ENSG00000113643
ATP11A-1	ATP11A	ENSG00000068650
KCTD11-1	KCTD11	ENSG00000213859
POLE2-1	POLE2	ENSG00000100479
TBX15-1	TBX15	ENSG00000092607
LEO1-1	LEO1	ENSG00000166477
COX14-1	COX14	ENSG00000178449
DCBLD2-1	DCBLD2	ENSG00000057019
MMP24-1	MMP24	ENSG00000125966
CCDC57-1	CCDC57	ENSG00000176155
BBS2-1	BBS2	ENSG00000125124
SRGAP2-1	SRGAP2	ENSG00000266028
MPP5-1	PALS1	ENSG00000072415
FAM43A-1	FAM43A	ENSG00000185112
SDHAF3-1	SDHAF3	ENSG00000196636
COX17-1	COX17	ENSG00000138495
EFHD1-1	EFHD1	ENSG00000115468
NCAPG2-1	NCAPG2	ENSG00000146918
TNFRSF1B-1	TNFRSF1B	ENSG00000028137
LSM14B-1	LSM14B	ENSG00000149657
PIM3-1	PIM3	ENSG00000198355
UQCRC1-1	UQCRC1	ENSG00000010256
YY1AP1-1	YY1AP1	ENSG00000163374
WNT16-1	WNT16	ENSG00000002745
MARCH6-1	MARCHF6	ENSG00000145495
ZMAT5-1	ZMAT5	ENSG00000100319
SGSM3-1	SGSM3	ENSG00000100359
PDZD2-1	PDZD2	ENSG00000133401
PRDM5-1	PRDM5	ENSG00000138738
VWA5A-1	VWA5A	ENSG00000110002
ISG15-1	ISG15	ENSG00000187608
CAPG-1	CAPG	ENSG00000042493
RIOK3-1	RIOK3	ENSG00000101782
ZNF213-1	ZNF213	ENSG00000085644
ADAM28-1	ADAM28	ENSG00000042980
TJP2-1	TJP2	ENSG00000119139
OCIAD2-1	OCIAD2	ENSG00000145247
ZNF143-1	ZNF143	ENSG00000166478
TTC14-1	TTC14	ENSG00000163728
PIGC-1	PIGC	ENSG00000135845
HSPD1-1	HSPD1	ENSG00000144381
LRFN4-1	LRFN4	ENSG00000173621
C1orf123-1	CZIB	ENSG00000162384
DENR-1	DENR	ENSG00000139726
SNRNP25-1	SNRNP25	ENSG00000161981
FBXL20-1	FBXL20	ENSG00000108306
THEMIS2-1	THEMIS2	ENSG00000130775
POMT1-1	POMT1	ENSG00000130714
ARMC1-1	ARMC1	ENSG00000104442
WDR41-1	WDR41	ENSG00000164253
TP53-1	TP53	ENSG00000141510
SHQ1-1	SHQ1	ENSG00000144736
AZIN2-1	AZIN2	ENSG00000142920
ARIH1-1	ARIH1	ENSG00000166233
RAB11FIP2-1	RAB11FIP2	ENSG00000107560
PDK1-1	PDK1	ENSG00000152256
COX5A-1	COX5A	ENSG00000178741
CITED2-1	CITED2	ENSG00000164442
PDSS2-1	PDSS2	ENSG00000164494
RPA1-1	RPA1	ENSG00000132383
PIP5K1C-1	PIP5K1C	ENSG00000186111
ZNF302-1	ZNF302	ENSG00000089335
KMT2E-1	KMT2E	ENSG00000005483
MRPS18A-1	MRPS18A	ENSG00000096080
NAIF1-1	NAIF1	ENSG00000171169
FCGR3A-1	FCGR3A	ENSG00000203747
NIN-1	NIN	ENSG00000100503
ZNF830-1	ZNF830	ENSG00000198783
TCERG1-1	TCERG1	ENSG00000113649
CDC27-1	CDC27	ENSG00000004897
TTC7B-1	TTC7B	ENSG00000165914
TNFSF4-1	TNFSF4	ENSG00000117586
TP53RK-1	TP53RK	ENSG00000172315
YTHDC2-1	YTHDC2	ENSG00000047188
CCNA2-1	CCNA2	ENSG00000145386
ZNF576-1	ZNF576	ENSG00000124444
DNAH2-1	DNAH2	ENSG00000183914
ZDHHC3-1	ZDHHC3	ENSG00000163812
ZNF14-1	ZNF14	ENSG00000105708
CPOX-1	CPOX	ENSG00000080819
ARG2-1	ARG2	ENSG00000081181
PXYLP1-1	PXYLP1	ENSG00000155893
GAR1-1	GAR1	ENSG00000109534
TRIM24-1	TRIM24	ENSG00000122779
AAMP-1	AAMP	ENSG00000127837
ASPH-1	ASPH	ENSG00000198363
ZNF844-1	ZNF844	ENSG00000223547
MRPL35-1	MRPL35	ENSG00000132313
HDGFL2-1	HDGFL2	ENSG00000167674
ZFP92-1	ZFP92	ENSG00000189420
UBA7-1	UBA7	ENSG00000182179
HELLS-1	HELLS	ENSG00000119969
N4BP2L2-1	N4BP2L2	ENSG00000244754
CYB5D1-1	CYB5D1	ENSG00000182224
HECW2-1	HECW2	ENSG00000138411
YOD1-1	YOD1	ENSG00000180667
FBF1-1	FBF1	ENSG00000188878
LZTS1-1	LZTS1	ENSG00000061337
PPARGC1B-1	PPARGC1B	ENSG00000155846
CENPV-1	CENPV	ENSG00000166582
JUND-1	JUND	ENSG00000130522
ZNF334-1	ZNF334	ENSG00000198185
TBX6-1	TBX6	ENSG00000149922
NR1I2-1	NR1I2	ENSG00000144852
CPT1B-1	CPT1B	ENSG00000205560
GALK2-1	GALK2	ENSG00000156958
RELT-1	RELT	ENSG00000054967
MAGEE1-1	MAGEE1	ENSG00000198934
BBC3-1	BBC3	ENSG00000105327
DCUN1D3-1	DCUN1D3	ENSG00000188215
IMPA2-1	IMPA2	ENSG00000141401
HDAC4-1	HDAC4	ENSG00000068024
PLCB2-1	PLCB2	ENSG00000137841
PPP1CA-1	PPP1CA	ENSG00000172531
EIF2AK2-1	EIF2AK2	ENSG00000055332
TTBK2-1	TTBK2	ENSG00000128881
C7orf26-1	INTS15	ENSG00000146576
GRHPR-1	GRHPR	ENSG00000137106
ZNF184-1	ZNF184	ENSG00000096654
RAB4A-1	RAB4A	ENSG00000168118
SUCO-1	SUCO	ENSG00000094975
RSAD2-1	RSAD2	ENSG00000134321
TMEM168-1	TMEM168	ENSG00000146802
ING4-1	ING4	ENSG00000111653
C2CD3-1	C2CD3	ENSG00000168014
ATP5PO-1	ATP5PO	ENSG00000241837
DTX4-1	DTX4	ENSG00000110042
DOCK10-1	DOCK10	ENSG00000135905
ETFB-1	ETFB	ENSG00000105379
ZNF813-1	ZNF813	ENSG00000198346
MTFP1-1	MTFP1	ENSG00000242114
FCRL3-1	FCRL3	ENSG00000160856
DLEC1-1	DLEC1	ENSG00000008226
TNFRSF4-1	TNFRSF4	ENSG00000186827
ETS2-1	ETS2	ENSG00000157557
WDR34-1	DYNC2I2	ENSG00000119333
GALNS-1	GALNS	ENSG00000141012
RNASET2-1	RNASET2	ENSG00000026297
SLC20A1-1	SLC20A1	ENSG00000144136
ABTB2-1	ABTB2	ENSG00000166016
LCOR-1	LCOR	ENSG00000196233
LSR-1	LSR	ENSG00000105699
UBE3D-1	UBE3D	ENSG00000118420
PITRM1-1	PITRM1	ENSG00000107959
POFUT1-1	POFUT1	ENSG00000101346
GLMP-1	GLMP	ENSG00000198715
DUSP23-1	DUSP23	ENSG00000158716
S100A9-1	S100A9	ENSG00000163220
METAP2-1	METAP2	ENSG00000111142
ZNF287-1	ZNF287	ENSG00000141040
SUMF1-1	SUMF1	ENSG00000144455
STATH-1	STATH	ENSG00000126549
ENTPD4-1	ENTPD4	ENSG00000197217
UBA5-1	UBA5	ENSG00000081307
TXNL4B-1	TXNL4B	ENSG00000140830
MCL1-1	MCL1	ENSG00000143384
RALGPS2-1	RALGPS2	ENSG00000116191
PUM1-1	PUM1	ENSG00000134644
IFT57-1	IFT57	ENSG00000114446
DDA1-1	DDA1	ENSG00000130311
LAS1L-1	LAS1L	ENSG00000001497
C1orf21-1	C1orf21	ENSG00000116667
ATG16L1-1	ATG16L1	ENSG00000085978
KLHDC3-1	KLHDC3	ENSG00000124702
C12orf75-1	C12orf75	ENSG00000235162
TREM1-1	TREM1	ENSG00000124731
ZNF578-1	ZNF578	ENSG00000258405
FUBP3-1	FUBP3	ENSG00000107164
AKAP11-1	AKAP11	ENSG00000023516
FEZF1-1	FEZF1	ENSG00000128610
HBB-1	HBB	ENSG00000244734
COX19-1	COX19	ENSG00000240230
UBE2V1-1	UBE2V1	ENSG00000244687
STAP2-1	STAP2	ENSG00000178078
SEMA5A-1	SEMA5A	ENSG00000112902
TEX12-1	TEX12	ENSG00000150783
C19orf54-1	ACTMAP	ENSG00000188493
PIP4K2C-1	PIP4K2C	ENSG00000166908
LRRN3-1	LRRN3	ENSG00000173114
RAPH1-1	RAPH1	ENSG00000173166
GPS2-1	GPS2	ENSG00000132522
SIGIRR-1	SIGIRR	ENSG00000185187
CCDC84-1	CENATAC	ENSG00000186166
IPPK-1	IPPK	ENSG00000127080
EFL1-1	EFL1	ENSG00000140598
ASCL1-1	ASCL1	ENSG00000139352
NSRP1-1	NSRP1	ENSG00000126653
TMF1-1	TMF1	ENSG00000144747
RPL37A-1	RPL37A	ENSG00000197756
RPS4X-1	RPS4X	ENSG00000198034
TBX21-1	TBX21	ENSG00000073861
HOXD8-1	HOXD8	ENSG00000175879
PXMP4-1	PXMP4	ENSG00000101417
C15orf62-1	C15orf62	ENSG00000188277
C1orf54-1	C1orf54	ENSG00000118292
MRPL16-1	MRPL16	ENSG00000166902
COMMD10-1	COMMD10	ENSG00000145781
STK32C-1	STK32C	ENSG00000165752
AMIGO1-1	AMIGO1	ENSG00000181754
ZIK1-1	ZIK1	ENSG00000171649
RAB34-1	RAB34	ENSG00000109113
TECPR2-1	TECPR2	ENSG00000196663
MARCH5-1	MARCHF5	ENSG00000198060
TRIM11-1	TRIM11	ENSG00000154370
C8orf33-1	C8orf33	ENSG00000182307
CCDC15-1	CCDC15	ENSG00000149548
TUFT1-1	TUFT1	ENSG00000143367
ARPC2-1	ARPC2	ENSG00000163466
RPL18-1	RPL18	ENSG00000063177
NRG2-1	NRG2	ENSG00000158458
BTG1-1	BTG1	ENSG00000133639
ZBTB47-1	ZBTB47	ENSG00000114853
PPP5C-1	PPP5C	ENSG00000011485
ITGB3-1	ITGB3	ENSG00000259207
SETD7-1	SETD7	ENSG00000145391
ZIM3-1	ZIM3	ENSG00000141946
WDFY1-1	WDFY1	ENSG00000085449
CLYBL-1	CLYBL	ENSG00000125246
ZNF501-1	ZNF501	ENSG00000186446
SF3B5-1	SF3B5	ENSG00000169976
OPA1-1	OPA1	ENSG00000198836
LACTB-1	LACTB	ENSG00000103642
JMY-1	JMY	ENSG00000152409
FAM199X-1	FAM199X	ENSG00000123575
LETMD1-1	LETMD1	ENSG00000050426
RAP2C-1	RAP2C	ENSG00000123728
PRPF6-1	PRPF6	ENSG00000101161
ZNF280C-1	ZNF280C	ENSG00000056277
FCGR3B-1	FCGR3B	ENSG00000162747
USP54-1	USP54	ENSG00000166348
FOXF1-1	FOXF1	ENSG00000103241
ZNF107-1	ZNF107	ENSG00000196247
ATP8B1-1	ATP8B1	ENSG00000081923
AGAP1-1	AGAP1	ENSG00000157985
VDAC3-1	VDAC3	ENSG00000078668
U2AF2-1	U2AF2	ENSG00000063244
REXO5-1	REXO5	ENSG00000005189
TOR3A-1	TOR3A	ENSG00000186283
DEPDC5-1	DEPDC5	ENSG00000100150
RGS9-1	RGS9	ENSG00000108370
FKBP1B-1	FKBP1B	ENSG00000119782
AOAH-1	AOAH	ENSG00000136250
RASSF2-1	RASSF2	ENSG00000101265
PIN4-1	PIN4	ENSG00000102309
SMC2-1	SMC2	ENSG00000136824
ALG2-1	ALG2	ENSG00000119523
HINT2-1	HINT2	ENSG00000137133
EIF3B-1	EIF3B	ENSG00000106263
BLVRA-1	BLVRA	ENSG00000106605
SLC25A38-1	SLC25A38	ENSG00000144659
TRMT10B-1	TRMT10B	ENSG00000165275
SEMA7A-1	SEMA7A	ENSG00000138623
PDPR-1	PDPR	ENSG00000090857
RRM1-1	RRM1	ENSG00000167325
ZIC2-1	ZIC2	ENSG00000043355
TFDP3-1	TFDP3	ENSG00000183434
TMBIM4-1	TMBIM4	ENSG00000155957
PALD1-1	PALD1	ENSG00000107719
RNF38-1	RNF38	ENSG00000137075
HSCB-1	HSCB	ENSG00000100209
PAQR8-1	PAQR8	ENSG00000170915
TMOD3-1	TMOD3	ENSG00000138594
CYP2E1-1	CYP2E1	ENSG00000130649
CXCL2-1	CXCL2	ENSG00000081041
MTSS1L-1	MTSS2	ENSG00000132613
USP39-1	USP39	ENSG00000168883
UQCC3-1	UQCC3	ENSG00000204922
PPP2R1A-1	PPP2R1A	ENSG00000105568
PPP1R14A-1	PPP1R14A	ENSG00000167641
METTL16-1	METTL16	ENSG00000127804
AIM2-1	AIM2	ENSG00000163568
SFMBT1-1	SFMBT1	ENSG00000163935
PES1-1	PES1	ENSG00000100029
NHLRC2-1	NHLRC2	ENSG00000196865
ARPC5-1	ARPC5	ENSG00000162704
HIGD2A-1	HIGD2A	ENSG00000146066
SLC25A23-1	SLC25A23	ENSG00000125648
POLRMT-1	POLRMT	ENSG00000099821
KCNMB3-1	KCNMB3	ENSG00000171121
ZKSCAN7-1	ZKSCAN7	ENSG00000196345
RPL11-1	RPL11	ENSG00000142676
ADCY9-1	ADCY9	ENSG00000162104
S100A2-1	S100A2	ENSG00000196754
SLC26A4-1	SLC26A4	ENSG00000091137
TM9SF2-1	TM9SF2	ENSG00000125304
PPIL1-1	PPIL1	ENSG00000137168
APOBR-1	APOBR	ENSG00000184730
NEFL-1	NEFL	ENSG00000277586
ACBD3-1	ACBD3	ENSG00000182827
PIK3C2A-1	PIK3C2A	ENSG00000011405
RPP30-1	RPP30	ENSG00000148688
TSC22D3-1	TSC22D3	ENSG00000157514
HIST1H2BE-1	H2BC6	ENSG00000274290
AIFM2-1	AIFM2	ENSG00000042286
ZNF84-1	ZNF84	ENSG00000198040
TCFL5-1	TCFL5	ENSG00000101190
C19orf25-1	C19orf25	ENSG00000119559
SFSWAP-1	SFSWAP	ENSG00000061936
ITGA3-1	ITGA3	ENSG00000005884
MLLT11-1	MLLT11	ENSG00000213190
DELE1-1	DELE1	ENSG00000081791
ORAI3-1	ORAI3	ENSG00000175938
MBLAC1-1	MBLAC1	ENSG00000214309
CENPN-1	CENPN	ENSG00000166451
EAF1-1	EAF1	ENSG00000144597
DLX1-1	DLX1	ENSG00000144355
GAS6-1	GAS6	ENSG00000183087
TNFRSF1A-1	TNFRSF1A	ENSG00000067182
CD83-1	CD83	ENSG00000112149
TRMU-1	TRMU	ENSG00000100416
TBC1D24-1	TBC1D24	ENSG00000162065
RECK-1	RECK	ENSG00000122707
SBNO2-1	SBNO2	ENSG00000064932
SMIM12-1	SMIM12	ENSG00000163866
ADHFE1-1	ADHFE1	ENSG00000147576
SETX-1	SETX	ENSG00000107290
NEK8-1	NEK8	ENSG00000160602
PSMA4-1	PSMA4	ENSG00000041357
HOXB13-1	HOXB13	ENSG00000159184
FAM234B-1	FAM234B	ENSG00000084444
ZBTB16-1	ZBTB16	ENSG00000109906
SPRTN-1	SPRTN	ENSG00000010072
CIZ1-1	CIZ1	ENSG00000148337
USP4-1	USP4	ENSG00000114316
METTL23-1	METTL23	ENSG00000181038
HMCN2-1	HMCN2	ENSG00000148357
TIGD7-1	TIGD7	ENSG00000140993
SDE2-1	SDE2	ENSG00000143751
S100A8-1	S100A8	ENSG00000143546
ZNF836-1	ZNF836	ENSG00000196267
MAGT1-1	MAGT1	ENSG00000102158
ZSCAN31-1	ZSCAN31	ENSG00000235109
DNAJB12-1	DNAJB12	ENSG00000148719
MCFD2-1	MCFD2	ENSG00000180398
VCPKMT-1	VCPKMT	ENSG00000100483
NFIL3-1	NFIL3	ENSG00000165030
IARS-1	IARS1	ENSG00000196305
SERPINB1-1	SERPINB1	ENSG00000021355
SNAP47-1	SNAP47	ENSG00000143740
HTT-1	HTT	ENSG00000197386
NINJ1-1	NINJ1	ENSG00000131669
EIF1B-1	EIF1B	ENSG00000114784
LARS-1	LARS1	ENSG00000133706
ASH1L-1	ASH1L	ENSG00000116539
PDCD7-1	PDCD7	ENSG00000090470
TMEM123-1	TMEM123	ENSG00000152558
NDOR1-1	NDOR1	ENSG00000188566
UTP11-1	UTP11	ENSG00000183520
MYNN-1	MYNN	ENSG00000085274
ACER3-1	ACER3	ENSG00000078124
ACP1-1	ACP1	ENSG00000143727
NUGGC-1	NUGGC	ENSG00000189233
CCDC130-1	YJU2B	ENSG00000104957
PRDM15-1	PRDM15	ENSG00000141956
ZNF232-1	ZNF232	ENSG00000167840
UBL3-1	UBL3	ENSG00000122042
POC1A-1	POC1A	ENSG00000164087
PCM1-1	PCM1	ENSG00000078674
BCL2L11-1	BCL2L11	ENSG00000153094
CEP126-1	CEP126	ENSG00000110318
PPP2R5C-1	PPP2R5C	ENSG00000078304
POC5-1	POC5	ENSG00000152359
TBC1D32-1	TBC1D32	ENSG00000146350
CCR1-1	CCR1	ENSG00000163823
ZNF134-1	ZNF134	ENSG00000213762
ADA2-1	ADA2	ENSG00000093072
OTOG-1	OTOG	ENSG00000188162
CENPP-1	CENPP	ENSG00000188312
FAM78B-1	FAM78B	ENSG00000188859
FBXO4-1	FBXO4	ENSG00000151876
KRT10-1	KRT10	ENSG00000186395
ZFP36L2-1	ZFP36L2	ENSG00000152518
SEC63-1	SEC63	ENSG00000025796
SLC12A6-1	SLC12A6	ENSG00000140199
TOR4A-1	TOR4A	ENSG00000198113
HIST4H4-1	H4C16	ENSG00000197837
GOLGB1-1	GOLGB1	ENSG00000173230
CIT-1	CIT	ENSG00000122966
ACAT1-1	ACAT1	ENSG00000075239
HUWE1-1	HUWE1	ENSG00000086758
RBM12B-1	RBM12B	ENSG00000183808
EMC4-1	EMC4	ENSG00000128463
C12orf45-1	NOPCHAP1	ENSG00000151131
FBXO30-1	FBXO30	ENSG00000118496
CMTM2-1	CMTM2	ENSG00000140932
PRKAG2-1	PRKAG2	ENSG00000106617
NFYB-1	NFYB	ENSG00000120837
QPCTL-1	QPCTL	ENSG00000011478
FOXC1-1	FOXC1	ENSG00000054598
RPS28-1	RPS28	ENSG00000233927
PIGR-1	PIGR	ENSG00000162896
POLI-1	POLI	ENSG00000101751
SYNJ2-1	SYNJ2	ENSG00000078269
MYLIP-1	MYLIP	ENSG00000007944
ZNF415-1	ZNF415	ENSG00000170954
ZNF257-1	ZNF257	ENSG00000197134
ZNF76-1	ZNF76	ENSG00000065029
DENND6B-1	DENND6B	ENSG00000205593
TRIQK-1	TRIQK	ENSG00000205133
LIMS2-1	LIMS2	ENSG00000072163
CHFR-1	CHFR	ENSG00000072609
TET2-1	TET2	ENSG00000168769
ADI1-1	ADI1	ENSG00000182551
WT1-1	WT1	ENSG00000184937
TMEM209-1	TMEM209	ENSG00000146842
GCLM-1	GCLM	ENSG00000023909
CPNE7-1	CPNE7	ENSG00000178773
THOC1-1	THOC1	ENSG00000079134
UPF3B-1	UPF3B	ENSG00000125351
CNPY4-1	CNPY4	ENSG00000166997
OAF-1	OAF	ENSG00000184232
PHOX2A-1	PHOX2A	ENSG00000165462
GCAT-1	GCAT	ENSG00000100116
PSEN1-1	PSEN1	ENSG00000080815
PTPMT1-1	PTPMT1	ENSG00000110536
KLRC1-1	KLRC1	ENSG00000134545
RPS8-1	RPS8	ENSG00000142937
ALAS2-1	ALAS2	ENSG00000158578
CCDC159-1	CCDC159	ENSG00000183401
DMAC2-1	DMAC2	ENSG00000105341
SAP25-1	SAP25	ENSG00000205307
PAFAH1B3-1	PAFAH1B3	ENSG00000079462
TMEM40-1	TMEM40	ENSG00000088726
VPS28-1	VPS28	ENSG00000160948
PMM2-1	PMM2	ENSG00000140650
KBTBD7-1	KBTBD7	ENSG00000120696
MDGA1-1	MDGA1	ENSG00000112139
HIST1H3H-1	H3C10	ENSG00000278828
BLVRB-1	BLVRB	ENSG00000090013
CDYL-1	CDYL	ENSG00000153046
NUP62CL-1	NUP62CL	ENSG00000198088
IMPDH2-1	IMPDH2	ENSG00000178035
AGBL5-1	AGBL5	ENSG00000084693
TERF1-1	TERF1	ENSG00000147601
PCBD1-1	PCBD1	ENSG00000166228
MICU3-1	MICU3	ENSG00000155970
PHLDB1-1	PHLDB1	ENSG00000019144
ADPRM-1	ADPRM	ENSG00000170222
MTFR1L-1	MTFR1L	ENSG00000117640
FANCD2-1	FANCD2	ENSG00000144554
NME3-1	NME3	ENSG00000103024
SAV1-1	SAV1	ENSG00000151748
BORCS6-1	BORCS6	ENSG00000196544
GBE1-1	GBE1	ENSG00000114480
CHDH-1	CHDH	ENSG00000016391
RHOT1-1	RHOT1	ENSG00000126858
ZNF552-1	ZNF552	ENSG00000178935
SND1-1	SND1	ENSG00000197157
ZNF768-1	ZNF768	ENSG00000169957
TMEM9B-1	TMEM9B	ENSG00000175348
SETD6-1	SETD6	ENSG00000103037
MRPS22-1	MRPS22	ENSG00000175110
USP8-1	USP8	ENSG00000138592
FAM135A-1	FAM135A	ENSG00000082269
ASCC3-1	ASCC3	ENSG00000112249
AGO4-1	AGO4	ENSG00000134698
BCOR-1	BCOR	ENSG00000183337
AGO3-1	AGO3	ENSG00000126070
PILRA-1	PILRA	ENSG00000085514
GPC1-1	GPC1	ENSG00000063660
WASL-1	WASL	ENSG00000106299
METTL26-1	METTL26	ENSG00000130731
TSG101-1	TSG101	ENSG00000074319
THBS4-1	THBS4	ENSG00000113296
CTNNBIP1-1	CTNNBIP1	ENSG00000178585
ZNF823-1	ZNF823	ENSG00000197933
CHML-1	CHML	ENSG00000203668
SIN3B-1	SIN3B	ENSG00000127511
CTU1-1	CTU1	ENSG00000142544
ZNF549-1	ZNF549	ENSG00000121406
GTF2E2-1	GTF2E2	ENSG00000197265
BICRA-1	BICRA	ENSG00000063169
STARD5-1	STARD5	ENSG00000172345
OXA1L-1	OXA1L	ENSG00000155463
AP5M1-1	AP5M1	ENSG00000053770
ZNF587B-1	ZNF587B	ENSG00000269343
ZNF891-1	ZNF891	ENSG00000214029
GRHL1-1	GRHL1	ENSG00000134317
DDX31-1	DDX31	ENSG00000125485
C9orf16-1	BBLN	ENSG00000171159
MGRN1-1	MGRN1	ENSG00000102858
TMEM71-1	TMEM71	ENSG00000165071
C1orf50-1	C1orf50	ENSG00000164008
IQCC-1	IQCC	ENSG00000160051
CHMP4A-1	CHMP4A	ENSG00000254505
RNASE6-1	RNASE6	ENSG00000169413
CEP57-1	CEP57	ENSG00000166037
CASP1-1	CASP1	ENSG00000137752
ITM2B-1	ITM2B	ENSG00000136156
ENTPD7-1	ENTPD7	ENSG00000198018
TROAP-1	TROAP	ENSG00000135451
WASHC3-1	WASHC3	ENSG00000120860
CASP2-1	CASP2	ENSG00000106144
NLGN2-1	NLGN2	ENSG00000169992
NSMCE1-1	NSMCE1	ENSG00000169189
TMEM201-1	TMEM201	ENSG00000188807
FITM2-1	FITM2	ENSG00000197296
TSTD2-1	TSTD2	ENSG00000136925
CD200-1	CD200	ENSG00000091972
NGDN-1	NGDN	ENSG00000129460
RIC8A-1	RIC8A	ENSG00000177963
FLOT2-1	FLOT2	ENSG00000132589
POMP-1	POMP	ENSG00000132963
TAOK2-1	TAOK2	ENSG00000149930
GPD2-1	GPD2	ENSG00000115159
LPAR2-1	LPAR2	ENSG00000064547
C17orf67-1	C17orf67	ENSG00000214226
PDCD10-1	PDCD10	ENSG00000114209
CCDC77-1	CCDC77	ENSG00000120647
PPP2CA-1	PPP2CA	ENSG00000113575
AGAP5-1	AGAP5	ENSG00000172650
BACH1-1	BACH1	ENSG00000156273
ECHS1-1	ECHS1	ENSG00000127884
SLC27A2-1	SLC27A2	ENSG00000140284
WDR3-1	WDR3	ENSG00000065183
CREB3-1	CREB3	ENSG00000107175
TRIM38-1	TRIM38	ENSG00000112343
SMAD7-1	SMAD7	ENSG00000101665
ST7-1	ST7	ENSG00000004866
RPS6KB1-1	RPS6KB1	ENSG00000108443
NACA-1	NACA	ENSG00000196531
NCLN-1	NCLN	ENSG00000125912
TSPOAP1-1	TSPOAP1	ENSG00000005379
ALKBH4-1	ALKBH4	ENSG00000160993
FAM83G-1	FAM83G	ENSG00000188522
TMEM30A-1	TMEM30A	ENSG00000112697
KCTD12-1	KCTD12	ENSG00000178695
PPP1R32-1	SAXO4	ENSG00000162148
MRPS15-1	MRPS15	ENSG00000116898
MRPL9-1	MRPL9	ENSG00000143436
ANAPC2-1	ANAPC2	ENSG00000176248
LYRM7-1	LYRM7	ENSG00000186687
ARHGAP15-1	ARHGAP15	ENSG00000075884
PCNX1-1	PCNX1	ENSG00000100731
ZNF396-1	ZNF396	ENSG00000186496
POLR2L-1	POLR2L	ENSG00000177700
PAK1-1	PAK1	ENSG00000149269
PLRG1-1	PLRG1	ENSG00000171566
AVPI1-1	AVPI1	ENSG00000119986
HADHB-1	HADHB	ENSG00000138029
TATDN2-1	TATDN2	ENSG00000157014
ZC3HAV1-1	ZC3HAV1	ENSG00000105939
TK2-1	TK2	ENSG00000166548
SRGAP2C-1	SRGAP2C	ENSG00000171943
A2M-1	A2M	ENSG00000175899
KIAA0040-1	KIAA0040	ENSG00000235750
GTDC1-1	GTDC1	ENSG00000121964
CD40LG-1	CD40LG	ENSG00000102245
ORC4-1	ORC4	ENSG00000115947
AGRN-1	AGRN	ENSG00000188157
NUS1-1	NUS1	ENSG00000153989
USP33-1	USP33	ENSG00000077254
MTFR1-1	MTFR1	ENSG00000066855
BCAS4-1	BCAS4	ENSG00000124243
GCNT4-1	GCNT4	ENSG00000176928
SLC25A25-1	SLC25A25	ENSG00000148339
STAT2-1	STAT2	ENSG00000170581
STAT5A-1	STAT5A	ENSG00000126561
CDCA4-1	CDCA4	ENSG00000170779
LIN28B-1	LIN28B	ENSG00000187772
B4GALT4-1	B4GALT4	ENSG00000121578
CHMP1B-1	CHMP1B	ENSG00000255112
C1QA-1	C1QA	ENSG00000173372
MAN2A1-1	MAN2A1	ENSG00000112893
TBCEL-1	TBCEL	ENSG00000154114
DBI-1	DBI	ENSG00000155368
NID2-1	NID2	ENSG00000087303
APOBEC3G-1	APOBEC3G	ENSG00000239713
DRICH1-1	DRICH1	ENSG00000189269
BTBD19-1	BTBD19	ENSG00000222009
KAT6B-1	KAT6B	ENSG00000156650
PPT1-1	PPT1	ENSG00000131238
TRMT44-1	TRMT44	ENSG00000155275
WHAMM-1	WHAMM	ENSG00000156232
KDM6B-1	KDM6B	ENSG00000132510
HMX1-1	HMX1	ENSG00000215612
EMC7-1	EMC7	ENSG00000134153
RETREG3-1	RETREG3	ENSG00000141699
DPF2-1	DPF2	ENSG00000133884
TMEM14C-1	TMEM14C	ENSG00000111843
MAPK8IP3-1	MAPK8IP3	ENSG00000138834
DDX23-1	DDX23	ENSG00000174243
PLEKHG3-1	PLEKHG3	ENSG00000126822
PCP2-1	PCP2	ENSG00000174788
EMC10-1	EMC10	ENSG00000161671
PCNX4-1	PCNX4	ENSG00000126773
UBTD1-1	UBTD1	ENSG00000165886
ME1-1	ME1	ENSG00000065833
RABGAP1L-1	RABGAP1L	ENSG00000152061
HTRA2-1	HTRA2	ENSG00000115317
MARCH3-1	MARCHF3	ENSG00000173926
TMEM35B-1	TMEM35B	ENSG00000243749
TMEM54-1	TMEM54	ENSG00000121900
FAM117B-1	FAM117B	ENSG00000138439
DDOST-1	DDOST	ENSG00000244038
CA14-1	CA14	ENSG00000118298
KBTBD2-1	KBTBD2	ENSG00000170852
FAM19A2-1	TAFA2	ENSG00000198673
OR4D1-1	OR4D1	ENSG00000141194
CDC42EP3-1	CDC42EP3	ENSG00000163171
INTS8-1	INTS8	ENSG00000164941
NLRP1-1	NLRP1	ENSG00000091592
PTPN7-1	PTPN7	ENSG00000143851
R3HDM1-1	R3HDM1	ENSG00000048991
CD19-1	CD19	ENSG00000177455
RBM22-1	RBM22	ENSG00000086589
ZDHHC17-1	ZDHHC17	ENSG00000186908
ST3GAL2-1	ST3GAL2	ENSG00000157350
ALX3-1	ALX3	ENSG00000156150
KALRN-1	KALRN	ENSG00000160145
MIPEP-1	MIPEP	ENSG00000027001
ZNF639-1	ZNF639	ENSG00000121864
SEC23B-1	SEC23B	ENSG00000101310
CDON-1	CDON	ENSG00000064309
CDKN3-1	CDKN3	ENSG00000100526
PARVG-1	PARVG	ENSG00000138964
SPHK1-1	SPHK1	ENSG00000176170
MROH1-1	MROH1	ENSG00000179832
LNPK-1	LNPK	ENSG00000144320
AARSD1-1	AARSD1	ENSG00000266967
CAMK1D-1	CAMK1D	ENSG00000183049
NOL6-1	NOL6	ENSG00000165271
ZCCHC17-1	ZCCHC17	ENSG00000121766
RAB39B-1	RAB39B	ENSG00000155961
SSB-1	SSB	ENSG00000138385
REX1BD-1	REX1BD	ENSG00000006015
ECD-1	ECD	ENSG00000122882
MBTD1-1	MBTD1	ENSG00000011258
SUV39H1-1	SUV39H1	ENSG00000101945
SMARCAL1-1	SMARCAL1	ENSG00000138375
TMEM170A-1	TMEM170A	ENSG00000166822
LGALS8-1	LGALS8	ENSG00000116977
PCNP-1	PCNP	ENSG00000081154
FOXP1-1	FOXP1	ENSG00000114861
EMD-1	EMD	ENSG00000102119
CBLB-1	CBLB	ENSG00000114423
TMEM106A-1	TMEM106A	ENSG00000184988
ETFBKMT-1	ETFBKMT	ENSG00000139160
DCUN1D5-1	DCUN1D5	ENSG00000137692
AFF1-1	AFF1	ENSG00000172493
FKBP7-1	FKBP7	ENSG00000079150
ATPAF2-1	ATPAF2	ENSG00000171953
FOXA2-1	FOXA2	ENSG00000125798
ANXA11-1	ANXA11	ENSG00000122359
CNNM3-1	CNNM3	ENSG00000168763
AFDN-1	AFDN	ENSG00000130396
PQLC3-1	SLC66A3	ENSG00000162976
TMEM30B-1	TMEM30B	ENSG00000182107
ETV2-1	ETV2	ENSG00000105672
BOD1L1-1	BOD1L1	ENSG00000038219
RIDA-1	RIDA	ENSG00000132541
ESRRG-1	ESRRG	ENSG00000196482
VAPB-1	VAPB	ENSG00000124164
ZNF182-1	ZNF182	ENSG00000147118
MXRA7-1	MXRA7	ENSG00000182534
CAMK4-1	CAMK4	ENSG00000152495
MKRN3-1	MKRN3	ENSG00000179455
PLOD3-1	PLOD3	ENSG00000106397
PHYH-1	PHYH	ENSG00000107537
CTNND1-1	CTNND1	ENSG00000198561
LAT-1	LAT	ENSG00000213658
ITPKB-1	ITPKB	ENSG00000143772
GNA12-1	GNA12	ENSG00000146535
INTS12-1	INTS12	ENSG00000138785
TMEM143-1	TMEM143	ENSG00000161558
CWC27-1	CWC27	ENSG00000153015
NDFIP1-1	NDFIP1	ENSG00000131507
LRRC32-1	LRRC32	ENSG00000137507
NUP58-1	NUP58	ENSG00000139496
MRPS18C-1	MRPS18C	ENSG00000163319
ATP1A3-1	ATP1A3	ENSG00000105409
ATF1-1	ATF1	ENSG00000123268
MYLPF-1	MYL11	ENSG00000180209
NUP107-1	NUP107	ENSG00000111581
NPM1-1	NPM1	ENSG00000181163
ROCK2-1	ROCK2	ENSG00000134318
MAP2K1-1	MAP2K1	ENSG00000169032
HS2ST1-1	HS2ST1	ENSG00000153936
TRAF5-1	TRAF5	ENSG00000082512
RAP1GAP2-1	RAP1GAP2	ENSG00000132359
NLK-1	NLK	ENSG00000087095
RPS16-1	RPS16	ENSG00000105193
FGFR1-1	FGFR1	ENSG00000077782
PLLP-1	PLLP	ENSG00000102934
CRLS1-1	CRLS1	ENSG00000088766
DENND1A-1	DENND1A	ENSG00000119522
SPNS1-1	SPNS1	ENSG00000169682
SP1-1	SP1	ENSG00000185591
NOTCH2NLA-1	NOTCH2NLA	ENSG00000264343
OTP-1	OTP	ENSG00000171540
TAL2-1	TAL2	ENSG00000186051
GALNT3-1	GALNT3	ENSG00000115339
LSM4-1	LSM4	ENSG00000130520
NIPSNAP3B-1	NIPSNAP3B	ENSG00000165028
OSBPL10-1	OSBPL10	ENSG00000144645
E2F7-1	E2F7	ENSG00000165891
USP10-1	USP10	ENSG00000103194
CROT-1	CROT	ENSG00000005469
GALNT7-1	GALNT7	ENSG00000109586
GPR183-1	GPR183	ENSG00000169508
AP4S1-1	AP4S1	ENSG00000100478
HAUS8-1	HAUS8	ENSG00000131351
NEK3-1	NEK3	ENSG00000136098
CUTC-1	CUTC	ENSG00000119929
DKC1-1	DKC1	ENSG00000130826
TRAIP-1	TRAIP	ENSG00000183763
LTBP1-1	LTBP1	ENSG00000049323
GPR108-1	GPR108	ENSG00000125734
ERCC8-1	ERCC8	ENSG00000049167
S100A14-1	S100A14	ENSG00000189334
ZSWIM8-1	ZSWIM8	ENSG00000214655
AEBP1-1	AEBP1	ENSG00000106624
MBNL1-1	MBNL1	ENSG00000152601
AARS-1	AARS1	ENSG00000090861
MT3-1	MT3	ENSG00000087250
EID2-1	EID2	ENSG00000176396
SEH1L-1	SEH1L	ENSG00000085415
PYURF-1	PYURF	ENSG00000145337
GPR146-1	GPR146	ENSG00000164849
PLA2G4A-1	PLA2G4A	ENSG00000116711
SOCS1-1	SOCS1	ENSG00000185338
EIF2AK4-1	EIF2AK4	ENSG00000128829
RALA-1	RALA	ENSG00000006451
TMEM167A-1	TMEM167A	ENSG00000174695
LYPLAL1-1	LYPLAL1	ENSG00000143353
TAF1A-1	TAF1A	ENSG00000143498
SCGB3A1-1	SCGB3A1	ENSG00000161055
SPTAN1-1	SPTAN1	ENSG00000197694
FAM221A-1	FAM221A	ENSG00000188732
LYRM9-1	LYRM9	ENSG00000232859
MAP3K9-1	MAP3K9	ENSG00000006432
NT5DC3-1	NT5DC3	ENSG00000111696
VAMP4-1	VAMP4	ENSG00000117533
MAVS-1	MAVS	ENSG00000088888
RPL13A-1	RPL13A	ENSG00000142541
TTC37-1	SKIC3	ENSG00000198677
PDHX-1	PDHX	ENSG00000110435
RPL23-1	RPL23	ENSG00000125691
PDX1-1	PDX1	ENSG00000139515
RPS4Y1-1	RPS4Y1	ENSG00000129824
ITGA4-1	ITGA4	ENSG00000115232
TMEM62-1	TMEM62	ENSG00000137842
ELAC2-1	ELAC2	ENSG00000006744
HIPK2-1	HIPK2	ENSG00000064393
PYCR1-1	PYCR1	ENSG00000183010
NOS1-1	NOS1	ENSG00000089250
BTK-1	BTK	ENSG00000010671
UNC13A-1	UNC13A	ENSG00000130477
MSRA-1	MSRA	ENSG00000175806
MZB1-1	MZB1	ENSG00000170476
NOP10-1	NOP10	ENSG00000182117
ZFAND6-1	ZFAND6	ENSG00000086666
TRABD2A-1	TRABD2A	ENSG00000186854
FAM222A-1	FAM222A	ENSG00000139438
TUT7-1	TUT7	ENSG00000083223
FER-1	FER	ENSG00000151422
C7orf43-1	TRAPPC14	ENSG00000146826
ATL3-1	ATL3	ENSG00000184743
CHMP4B-1	CHMP4B	ENSG00000101421
MASTL-1	MASTL	ENSG00000120539
PDCD11-1	PDCD11	ENSG00000148843
FOXS1-1	FOXS1	ENSG00000179772
PLP2-1	PLP2	ENSG00000102007
IL18BP-1	IL18BP	ENSG00000137496
NKTR-1	NKTR	ENSG00000114857
ZNF646-1	ZNF646	ENSG00000167395
CAP1-1	CAP1	ENSG00000131236
DIAPH2-1	DIAPH2	ENSG00000147202
THBS1-1	THBS1	ENSG00000137801
POLE3-1	POLE3	ENSG00000148229
PITX1-1	PITX1	ENSG00000069011
SNAPC5-1	SNAPC5	ENSG00000174446
POLR2M-1	POLR2M	ENSG00000255529
SEC24C-1	SEC24C	ENSG00000176986
AVEN-1	AVEN	ENSG00000169857
BOD1-1	BOD1	ENSG00000145919
ZNF385C-1	ZNF385C	ENSG00000187595
FBP1-1	FBP1	ENSG00000165140
HIP1R-1	HIP1R	ENSG00000130787
TMEM106C-1	TMEM106C	ENSG00000134291
FAM3D-1	FAM3D	ENSG00000198643
C21orf58-1	C21orf58	ENSG00000160298
E4F1-1	E4F1	ENSG00000167967
TUBG1-1	TUBG1	ENSG00000131462
USP24-1	USP24	ENSG00000162402
DEPDC1-1	DEPDC1	ENSG00000024526
RSRP1-1	RSRP1	ENSG00000117616
MSANTD2-1	MSANTD2	ENSG00000120458
GLI4-1	GLI4	ENSG00000250571
NR2F6-1	NR2F6	ENSG00000160113
PRPF19-1	PRPF19	ENSG00000110107
CHORDC1-1	CHORDC1	ENSG00000110172
MPO-1	MPO	ENSG00000005381
ERBIN-1	ERBIN	ENSG00000112851
TTC9C-1	TTC9C	ENSG00000162222
CSTF3-1	CSTF3	ENSG00000176102
SRSF2-1	SRSF2	ENSG00000161547
DET1-1	DET1	ENSG00000140543
SSR4-1	SSR4	ENSG00000180879
MKRN2-1	MKRN2	ENSG00000075975
CUX2-1	CUX2	ENSG00000111249
REL-1	REL	ENSG00000162924
GZF1-1	GZF1	ENSG00000125812
ARAP3-1	ARAP3	ENSG00000120318
ORC2-1	ORC2	ENSG00000115942
DNAJC15-1	DNAJC15	ENSG00000120675
ERCC1-1	ERCC1	ENSG00000012061
ARL3-1	ARL3	ENSG00000138175
USP30-1	USP30	ENSG00000135093
FBXW5-1	FBXW5	ENSG00000159069
DHTKD1-1	DHTKD1	ENSG00000181192
RANBP1-1	RANBP1	ENSG00000099901
CCR4-1	CCR4	ENSG00000183813
GJC1-1	GJC1	ENSG00000182963
CHMP2A-1	CHMP2A	ENSG00000130724
PLEKHG4-1	PLEKHG4	ENSG00000196155
AK2-1	AK2	ENSG00000004455
ZSCAN18-1	ZSCAN18	ENSG00000121413
MAP4-1	MAP4	ENSG00000047849
CAMKK2-1	CAMKK2	ENSG00000110931
SEPT1-1	SEPTIN1	ENSG00000180096
SRSF10-1	SRSF10	ENSG00000188529
GUSB-1	GUSB	ENSG00000169919
TMSB15B-1	TMSB15B	ENSG00000158427
EBF2-1	EBF2	ENSG00000221818
EIF2S1-1	EIF2S1	ENSG00000134001
CAB39L-1	CAB39L	ENSG00000102547
XRCC6-1	XRCC6	ENSG00000196419
LCORL-1	LCORL	ENSG00000178177
CHD4-1	CHD4	ENSG00000111642
BNC2-1	BNC2	ENSG00000173068
PGP-1	PGP	ENSG00000184207
FOS-1	FOS	ENSG00000170345
DNAJC12-1	DNAJC12	ENSG00000108176
SNAP29-1	SNAP29	ENSG00000099940
TRAK2-1	TRAK2	ENSG00000115993
KCNG3-1	KCNG3	ENSG00000171126
SDHAF4-1	SDHAF4	ENSG00000154079
TLDC1-1	MEAK7	ENSG00000140950
VPS37C-1	VPS37C	ENSG00000167987
ZBTB37-1	ZBTB37	ENSG00000185278
NRL-1	NRL	ENSG00000129535
DBR1-1	DBR1	ENSG00000138231
NAPSA-1	NAPSA	ENSG00000131400
GRIPAP1-1	GRIPAP1	ENSG00000068400
FADS1-1	FADS1	ENSG00000149485
FOXN2-1	FOXN2	ENSG00000170802
HSP90AA1-1	HSP90AA1	ENSG00000080824
VOPP1-1	VOPP1	ENSG00000154978
USP7-1	USP7	ENSG00000187555
MGAM-1	MGAM	ENSG00000257335
PNKP-1	PNKP	ENSG00000039650
ZNF558-1	ZNF558	ENSG00000167785
RNF44-1	RNF44	ENSG00000146083
SDHB-1	SDHB	ENSG00000117118
SNX18-1	SNX18	ENSG00000178996
ABHD10-1	ABHD10	ENSG00000144827
MRPL22-1	MRPL22	ENSG00000082515
TRIM41-1	TRIM41	ENSG00000146063
CATSPERG-1	CATSPERG	ENSG00000099338
RPL10A-1	RPL10A	ENSG00000198755
TRAF7-1	TRAF7	ENSG00000131653
FNTA-1	FNTA	ENSG00000168522
WNT1-1	WNT1	ENSG00000125084
ZNF468-1	ZNF468	ENSG00000204604
CD79B-1	CD79B	ENSG00000007312
NFKBIZ-1	NFKBIZ	ENSG00000144802
PPP1R35-1	PPP1R35	ENSG00000160813
DENND5A-1	DENND5A	ENSG00000184014
HES2-1	HES2	ENSG00000069812
TNIP2-1	TNIP2	ENSG00000168884
TTC27-1	TTC27	ENSG00000018699
GPR150-1	GPR150	ENSG00000178015
TCF25-1	TCF25	ENSG00000141002
ZNF546-1	ZNF546	ENSG00000187187
TICAM1-1	TICAM1	ENSG00000127666
IL21R-1	IL21R	ENSG00000103522
PTGIS-1	PTGIS	ENSG00000124212
F8-1	F8	ENSG00000185010
MAP3K8-1	MAP3K8	ENSG00000107968
FIG4-1	FIG4	ENSG00000112367
ANAPC10-1	ANAPC10	ENSG00000164162
NSFL1C-1	NSFL1C	ENSG00000088833
ZNF577-1	ZNF577	ENSG00000161551
UMPS-1	UMPS	ENSG00000114491
ZNF536-1	ZNF536	ENSG00000198597
KLHL24-1	KLHL24	ENSG00000114796
ANKRD31-1	ANKRD31	ENSG00000145700
FAM207A-1	SLX9	ENSG00000160256
CCDC32-1	CCDC32	ENSG00000128891
DYNC1LI1-1	DYNC1LI1	ENSG00000144635
RNF13-1	RNF13	ENSG00000082996
GOLIM4-1	GOLIM4	ENSG00000173905
GSR-1	GSR	ENSG00000104687
ALDH7A1-1	ALDH7A1	ENSG00000164904
ZNF346-1	ZNF346	ENSG00000113761
ZNF750-1	ZNF750	ENSG00000141579
MCM10-1	MCM10	ENSG00000065328
MFSD11-1	MFSD11	ENSG00000092931
PTGR2-1	PTGR2	ENSG00000140043
NPL-1	NPL	ENSG00000135838
CREB3L3-1	CREB3L3	ENSG00000060566
MRPS33-1	MRPS33	ENSG00000090263
ZNF773-1	ZNF773	ENSG00000152439
C18orf32-1	C18orf32	ENSG00000177576
CNOT9-1	CNOT9	ENSG00000144580
TMEM159-1	LDAF1	ENSG00000011638
SRRM2-1	SRRM2	ENSG00000167978
CEBPA-1	CEBPA	ENSG00000245848
ADAL-1	MAPDA	ENSG00000168803
UNC5CL-1	UNC5CL	ENSG00000124602
BLOC1S4-1	BLOC1S4	ENSG00000186222
USP49-1	USP49	ENSG00000164663
SPAG8-1	SPAG8	ENSG00000137098
LCMT1-1	LCMT1	ENSG00000205629
AKIRIN2-1	AKIRIN2	ENSG00000135334
PRDX4-1	PRDX4	ENSG00000123131
FAM208B-1	TASOR2	ENSG00000108021
EXT1-1	EXT1	ENSG00000182197
COX18-1	COX18	ENSG00000163626
TMBIM6-1	TMBIM6	ENSG00000139644
PARG-1	PARG	ENSG00000227345
CGREF1-1	CGREF1	ENSG00000138028
RNF175-1	RNF175	ENSG00000145428
BORCS5-1	BORCS5	ENSG00000165714
MUC5B-1	MUC5B	ENSG00000117983
RELL2-1	RELL2	ENSG00000164620
WDR55-1	WDR55	ENSG00000120314
TRPV2-1	TRPV2	ENSG00000187688
QRSL1-1	QRSL1	ENSG00000130348
NDUFB10-1	NDUFB10	ENSG00000140990
SEC23IP-1	SEC23IP	ENSG00000107651
NMUR1-1	NMUR1	ENSG00000171596
ARMH1-1	ARMH1	ENSG00000198520
DUSP16-1	DUSP16	ENSG00000111266
ATR-1	ATR	ENSG00000175054
WDR5-1	WDR5	ENSG00000196363
ETV4-1	ETV4	ENSG00000175832
UBE2M-1	UBE2M	ENSG00000130725
ARMC8-1	ARMC8	ENSG00000114098
LIG3-1	LIG3	ENSG00000005156
KIAA1109-1	BLTP1	ENSG00000138688
CCNB1IP1-1	CCNB1IP1	ENSG00000100814
SPEN-1	SPEN	ENSG00000065526
MBIP-1	MBIP	ENSG00000151332
MBTPS2-1	MBTPS2	ENSG00000012174
TMEM116-1	TMEM116	ENSG00000198270
OTULINL-1	OTULINL	ENSG00000145569
ACVR1B-1	ACVR1B	ENSG00000135503
ZFP3-1	ZFP3	ENSG00000180787
SDHA-1	SDHA	ENSG00000073578
PSMB5-1	PSMB5	ENSG00000100804
COL9A2-1	COL9A2	ENSG00000049089
PLEKHB2-1	PLEKHB2	ENSG00000115762
IER2-1	IER2	ENSG00000160888
SNAPC1-1	SNAPC1	ENSG00000023608
ACO2-1	ACO2	ENSG00000100412
ZNF75D-1	ZNF75D	ENSG00000186376
PSMD10-1	PSMD10	ENSG00000101843
SP8-1	SP8	ENSG00000164651
DPH1-1	DPH1	ENSG00000108963
NRDE2-1	NRDE2	ENSG00000119720
FAM53C-1	FAM53C	ENSG00000120709
SLTM-1	SLTM	ENSG00000137776
AXIN1-1	AXIN1	ENSG00000103126
PPFIBP2-1	PPFIBP2	ENSG00000166387
SPOP-1	SPOP	ENSG00000121067
GMCL1-1	GMCL1	ENSG00000087338
CLHC1-1	CLHC1	ENSG00000162994
DDX50-1	DDX50	ENSG00000107625
RARRES3-1	PLAAT4	ENSG00000133321
PLIN2-1	PLIN2	ENSG00000147872
BAG4-1	BAG4	ENSG00000156735
KLF7-1	KLF7	ENSG00000118263
SFTPA2-1	SFTPA2	ENSG00000185303
USP48-1	USP48	ENSG00000090686
JKAMP-1	JKAMP	ENSG00000050130
NAA25-1	NAA25	ENSG00000111300
ZSCAN9-1	ZSCAN9	ENSG00000137185
ITPR3-1	ITPR3	ENSG00000096433
GAS2-1	GAS2	ENSG00000148935
HIST1H3G-1	H3C8	ENSG00000273983
ORC6-1	ORC6	ENSG00000091651
TRIM5-1	TRIM5	ENSG00000132256
OPN1SW-1	OPN1SW	ENSG00000128617
CAPZB-1	CAPZB	ENSG00000077549
ZNF3-1	ZNF3	ENSG00000166526
MTERF4-1	MTERF4	ENSG00000122085
TBCB-1	TBCB	ENSG00000105254
ZNF83-1	ZNF83	ENSG00000167766
CYSTM1-1	CYSTM1	ENSG00000120306
CNOT7-1	CNOT7	ENSG00000198791
ZNF263-1	ZNF263	ENSG00000006194
SDR42E1-1	SDR42E1	ENSG00000184860
CD52-1	CD52	ENSG00000169442
CHEK2-1	CHEK2	ENSG00000183765
RHOBTB2-1	RHOBTB2	ENSG00000008853
AASDH-1	AASDH	ENSG00000157426
IL18R1-1	IL18R1	ENSG00000115604
FOXR2-1	FOXR2	ENSG00000189299
MYL12A-1	MYL12A	ENSG00000101608
SLC39A4-1	SLC39A4	ENSG00000147804
GOT2-1	GOT2	ENSG00000125166
SLC31A1-1	SLC31A1	ENSG00000136868
C16orf70-1	PHAF1	ENSG00000125149
DNASE1-1	DNASE1	ENSG00000213918
CDX2-1	CDX2	ENSG00000165556
NSD2-1	NSD2	ENSG00000109685
MAP3K5-1	MAP3K5	ENSG00000197442
MNT-1	MNT	ENSG00000070444
STK38-1	STK38	ENSG00000112079
GPAM-1	GPAM	ENSG00000119927
C12orf43-1	C12orf43	ENSG00000157895
HOMER2-1	HOMER2	ENSG00000103942
PADI4-1	PADI4	ENSG00000159339
ARMCX5-1	ARMCX5	ENSG00000125962
ANKMY1-1	ANKMY1	ENSG00000144504
TOX2-1	TOX2	ENSG00000124191
SH3TC1-1	SH3TC1	ENSG00000125089
GSS-1	GSS	ENSG00000100983
SNX2-1	SNX2	ENSG00000205302
NHEJ1-1	NHEJ1	ENSG00000187736
KHNYN-1	KHNYN	ENSG00000100441
VDAC1-1	VDAC1	ENSG00000213585
RBM42-1	RBM42	ENSG00000126254
SLC9A9-1	SLC9A9	ENSG00000181804
FAM193B-1	FAM193B	ENSG00000146067
CNPY3-1	CNPY3	ENSG00000137161
SPTBN5-1	SPTBN5	ENSG00000137877
MAP4K3-1	MAP4K3	ENSG00000011566
STARD9-1	STARD9	ENSG00000159433
C1orf74-1	C1orf74	ENSG00000162757
BECN1-1	BECN1	ENSG00000126581
LYRM4-1	LYRM4	ENSG00000214113
ZNF620-1	ZNF620	ENSG00000177842
BCAT2-1	BCAT2	ENSG00000105552
DDX11-1	DDX11	ENSG00000013573
NADK-1	NADK	ENSG00000008130
PACSIN3-1	PACSIN3	ENSG00000165912
SLC15A2-1	SLC15A2	ENSG00000163406
GLS2-1	GLS2	ENSG00000135423
TXNDC16-1	TXNDC16	ENSG00000087301
NR3C1-1	NR3C1	ENSG00000113580
NIPBL-1	NIPBL	ENSG00000164190
PTPN2-1	PTPN2	ENSG00000175354
EFHC1-1	EFHC1	ENSG00000096093
VPS11-1	VPS11	ENSG00000160695
SHOC2-1	SHOC2	ENSG00000108061
SENP7-1	SENP7	ENSG00000138468
AKR1B1-1	AKR1B1	ENSG00000085662
FOXO6-1	FOXO6	ENSG00000204060
HDGF-1	HDGF	ENSG00000143321
USP9X-1	USP9X	ENSG00000124486
ANKMY2-1	ANKMY2	ENSG00000106524
AZI2-1	AZI2	ENSG00000163512
CCAR1-1	CCAR1	ENSG00000060339
EFHD2-1	EFHD2	ENSG00000142634
NCALD-1	NCALD	ENSG00000104490
LRRCC1-1	LRRCC1	ENSG00000133739
CSF1R-1	CSF1R	ENSG00000182578
TMEM187-1	TMEM187	ENSG00000177854
TBL1XR1-1	TBL1XR1	ENSG00000177565
WIPF1-1	WIPF1	ENSG00000115935
TTC12-1	TTC12	ENSG00000149292
ZNF843-1	ZNF843	ENSG00000176723
SRRT-1	SRRT	ENSG00000087087
DYNC2H1-1	DYNC2H1	ENSG00000187240
CCDC88B-1	CCDC88B	ENSG00000168071
PARP11-1	PARP11	ENSG00000111224
ZNF718-1	ZNF718	ENSG00000250312
PHF7-1	PHF7	ENSG00000010318
ZNF687-1	ZNF687	ENSG00000143373
SZT2-1	SZT2	ENSG00000198198
GAL3ST4-1	GAL3ST4	ENSG00000197093
TBK1-1	TBK1	ENSG00000183735
SETD4-1	SETD4	ENSG00000185917
ACAD9-1	ACAD9	ENSG00000177646
NCBP3-1	NCBP3	ENSG00000074356
MPHOSPH6-1	MPHOSPH6	ENSG00000135698
RHOA-1	RHOA	ENSG00000067560
PLAG1-1	PLAG1	ENSG00000181690
UBP1-1	UBP1	ENSG00000153560
IVNS1ABP-1	IVNS1ABP	ENSG00000116679
HBS1L-1	HBS1L	ENSG00000112339
KIF4A-1	KIF4A	ENSG00000090889
RRP7A-1	RRP7A	ENSG00000189306
KIF3C-1	KIF3C	ENSG00000084731
R3HDM2-1	R3HDM2	ENSG00000179912
LETM1-1	LETM1	ENSG00000168924
FOXK2-1	FOXK2	ENSG00000141568
UBE2G1-1	UBE2G1	ENSG00000132388
ABCF3-1	ABCF3	ENSG00000161204
ADAM10-1	ADAM10	ENSG00000137845
TMEM99-1	KRT10-AS1	ENSG00000167920
FAM161B-1	FAM161B	ENSG00000156050
HLX-1	HLX	ENSG00000136630
ATG3-1	ATG3	ENSG00000144848
TSNARE1-1	TSNARE1	ENSG00000171045
NAA80-1	NAA80	ENSG00000243477
PIGT-1	PIGT	ENSG00000124155
TMEM126B-1	TMEM126B	ENSG00000171204
PDP1-1	PDP1	ENSG00000164951
PCNA-1	PCNA	ENSG00000132646
PRPSAP1-1	PRPSAP1	ENSG00000161542
DAP-1	DAP	ENSG00000112977
TMIE-1	TMIE	ENSG00000181585
SLC29A1-1	SLC29A1	ENSG00000112759
STAG1-1	STAG1	ENSG00000118007
ARF4-1	ARF4	ENSG00000168374
GEMIN8-1	GEMIN8	ENSG00000046647
MRGBP-1	MRGBP	ENSG00000101189
ZNF367-1	ZNF367	ENSG00000165244
C1R-1	C1R	ENSG00000159403
CERS2-1	CERS2	ENSG00000143418
SLX4IP-1	SLX4IP	ENSG00000149346
MYH9-1	MYH9	ENSG00000100345
SAA2-1	SAA2	ENSG00000134339
TAB2-1	TAB2	ENSG00000055208
MX1-1	MX1	ENSG00000157601
AP2A1-1	AP2A1	ENSG00000196961
NT5E-1	NT5E	ENSG00000135318
FBXW7-1	FBXW7	ENSG00000109670
ZNF528-1	ZNF528	ENSG00000167555
RBM26-1	RBM26	ENSG00000139746
TXNRD1-1	TXNRD1	ENSG00000198431
NAA30-1	NAA30	ENSG00000139977
PDCD5-1	PDCD5	ENSG00000105185
EIF4H-1	EIF4H	ENSG00000106682
UBALD2-1	UBALD2	ENSG00000185262
BCCIP-1	BCCIP	ENSG00000107949
ELK1-1	ELK1	ENSG00000126767
SSSCA1-1	ZNRD2	ENSG00000173465
CLDN20-1	CLDN20	ENSG00000171217
RINL-1	RINL	ENSG00000187994
APOBEC2-1	APOBEC2	ENSG00000124701
GLI2-1	GLI2	ENSG00000074047
DOT1L-1	DOT1L	ENSG00000104885
RNF149-1	RNF149	ENSG00000163162
TAOK3-1	TAOK3	ENSG00000135090
ATP6AP1-1	ATP6AP1	ENSG00000071553
MYO15B-1	MYO15B	ENSG00000266714
MED15-1	MED15	ENSG00000099917
CABP4-1	CABP4	ENSG00000175544
RIOK1-1	RIOK1	ENSG00000124784
SLC27A4-1	SLC27A4	ENSG00000167114
DOCK5-1	DOCK5	ENSG00000147459
NTN5-1	NTN5	ENSG00000142233
CCDC28A-1	CCDC28A	ENSG00000024862
HIST1H2BH-1	H2BC9	ENSG00000275713
DNM2-1	DNM2	ENSG00000079805
NOG-1	NOG	ENSG00000183691
DSTYK-1	DSTYK	ENSG00000133059
PHYKPL-1	PHYKPL	ENSG00000175309
SH2D4A-1	SH2D4A	ENSG00000104611
RNF115-1	RNF115	ENSG00000265491
CKAP2L-1	CKAP2L	ENSG00000169607
CLPB-1	CLPB	ENSG00000162129
ADA-1	ADA	ENSG00000196839
HIST1H4J-1	H4C11	ENSG00000197238
CSTF2T-1	CSTF2T	ENSG00000177613
FOXO3-1	FOXO3	ENSG00000118689
ARMC12-1	ARMC12	ENSG00000157343
TRIM62-1	TRIM62	ENSG00000116525
ACTA2-1	ACTA2	ENSG00000107796
PHPT1-1	PHPT1	ENSG00000054148
HLCS-1	HLCS	ENSG00000159267
PSD4-1	PSD4	ENSG00000125637
RPL18A-1	RPL18A	ENSG00000105640
MLF2-1	MLF2	ENSG00000089693
HARBI1-1	HARBI1	ENSG00000180423
PGAP2-1	PGAP2	ENSG00000148985
RAB37-1	RAB37	ENSG00000172794
LMF1-1	LMF1	ENSG00000103227
SLC25A27-1	SLC25A27	ENSG00000153291
NR3C2-1	NR3C2	ENSG00000151623
MFN2-1	MFN2	ENSG00000116688
TSC2-1	TSC2	ENSG00000103197
MEA1-1	MEA1	ENSG00000124733
ATG2B-1	ATG2B	ENSG00000066739
LOXL2-1	LOXL2	ENSG00000134013
USP47-1	USP47	ENSG00000170242
MR1-1	MR1	ENSG00000153029
RAB27B-1	RAB27B	ENSG00000041353
NSL1-1	NSL1	ENSG00000117697
RNF141-1	RNF141	ENSG00000110315
SEC13-1	SEC13	ENSG00000157020
ZNF780A-1	ZNF780A	ENSG00000197782
RIC8B-1	RIC8B	ENSG00000111785
CACTIN-1	CACTIN	ENSG00000105298
TERT-1	TERT	ENSG00000164362
FBXO41-1	FBXO41	ENSG00000163013
MT1M-1	MT1M	ENSG00000205364
RASSF8-1	RASSF8	ENSG00000123094
USF3-1	USF3	ENSG00000176542
IKBKB-1	IKBKB	ENSG00000104365
SCRN2-1	SCRN2	ENSG00000141295
BOK-1	BOK	ENSG00000176720
BZW2-1	BZW2	ENSG00000136261
MYCBP2-1	MYCBP2	ENSG00000005810
FBRS-1	FBRS	ENSG00000156860
DDX21-1	DDX21	ENSG00000165732
NDUFA5-1	NDUFA5	ENSG00000128609
DIMT1-1	DIMT1	ENSG00000086189
DIS3-1	DIS3	ENSG00000083520
MACC1-1	MACC1	ENSG00000183742
PSKH1-1	PSKH1	ENSG00000159792
KCNC4-1	KCNC4	ENSG00000116396
PACRGL-1	PACRGL	ENSG00000163138
SENP1-1	SENP1	ENSG00000079387
PDZD4-1	PDZD4	ENSG00000067840
SPINT2-1	SPINT2	ENSG00000167642
PRDM11-1	PRDM11	ENSG00000019485
SNX12-1	SNX12	ENSG00000147164
EXOC1-1	EXOC1	ENSG00000090989
NEK6-1	NEK6	ENSG00000119408
PDLIM7-1	PDLIM7	ENSG00000196923
TMEM115-1	TMEM115	ENSG00000126062
HPS1-1	HPS1	ENSG00000107521
UTY-1	UTY	ENSG00000183878
KIAA0753-1	KIAA0753	ENSG00000198920
ZNF264-1	ZNF264	ENSG00000083844
GOSR1-1	GOSR1	ENSG00000108587
ENPP5-1	ENPP5	ENSG00000112796
FBXO33-1	FBXO33	ENSG00000165355
COX7B-1	COX7B	ENSG00000131174
CCDC136-1	CCDC136	ENSG00000128596
SLC18A2-1	SLC18A2	ENSG00000165646
TMED9-1	TMED9	ENSG00000184840
ALG8-1	ALG8	ENSG00000159063
VPS26C-1	VPS26C	ENSG00000157538
MIS12-1	MIS12	ENSG00000167842
ETV7-1	ETV7	ENSG00000010030
ADAM17-1	ADAM17	ENSG00000151694
THOC6-1	THOC6	ENSG00000131652
ENOSF1-1	ENOSF1	ENSG00000132199
CEPT1-1	CEPT1	ENSG00000134255
MRPL3-1	MRPL3	ENSG00000114686
USP3-1	USP3	ENSG00000140455
CXXC4-1	CXXC4	ENSG00000168772
CD40-1	CD40	ENSG00000101017
RIT1-1	RIT1	ENSG00000143622
AKR1A1-1	AKR1A1	ENSG00000117448
SEC31B-1	SEC31B	ENSG00000075826
ELOVL4-1	ELOVL4	ENSG00000118402
C14orf28-1	C14orf28	ENSG00000179476
CYB5R3-1	CYB5R3	ENSG00000100243
ZNF460-1	ZNF460	ENSG00000197714
SLBP-1	SLBP	ENSG00000163950
FCHO1-1	FCHO1	ENSG00000130475
UCHL5-1	UCHL5	ENSG00000116750
MCOLN2-1	MCOLN2	ENSG00000153898
ZKSCAN8-1	ZKSCAN8	ENSG00000198315
ZNF563-1	ZNF563	ENSG00000188868
TEAD4-1	TEAD4	ENSG00000197905
UBE2G2-1	UBE2G2	ENSG00000184787
BAIAP2L1-1	BAIAP2L1	ENSG00000006453
CISH-1	CISH	ENSG00000114737
TSPAN5-1	TSPAN5	ENSG00000168785
LSMEM1-1	LSMEM1	ENSG00000181016
CRAT-1	CRAT	ENSG00000095321
N6AMT1-1	N6AMT1	ENSG00000156239
CA5B-1	CA5B	ENSG00000169239
ZNF736-1	ZNF736	ENSG00000234444
RSBN1-1	RSBN1	ENSG00000081019
TXNDC17-1	TXNDC17	ENSG00000129235
TCF23-1	TCF23	ENSG00000163792
RPL30-1	RPL30	ENSG00000156482
MYCBP-1	MYCBP	ENSG00000214114
VPS33A-1	VPS33A	ENSG00000139719
HSF5-1	HSF5	ENSG00000176160
PPFIBP1-1	PPFIBP1	ENSG00000110841
FAM19A1-1	TAFA1	ENSG00000183662
APPL2-1	APPL2	ENSG00000136044
ID1-1	ID1	ENSG00000125968
UBC-1	UBC	ENSG00000150991
CDC40-1	CDC40	ENSG00000168438
B3GNT5-1	B3GNT5	ENSG00000176597
PAIP2B-1	PAIP2B	ENSG00000124374
SP100-1	SP100	ENSG00000067066
ZNF770-1	ZNF770	ENSG00000198146
PPP2R2A-1	PPP2R2A	ENSG00000221914
ZNF628-1	ZNF628	ENSG00000197483
BUD23-1	BUD23	ENSG00000071462
FBXO43-1	FBXO43	ENSG00000156509
AMPD2-1	AMPD2	ENSG00000116337
OR52N4-1	OR52N4	ENSG00000181074
MED21-1	MED21	ENSG00000152944
ZNF337-1	ZNF337	ENSG00000130684
FAM160B1-1	FHIP2A	ENSG00000151553
CDK11A-1	CDK11A	ENSG00000008128
RHOU-1	RHOU	ENSG00000116574
PRRT2-1	PRRT2	ENSG00000167371
PPP6R2-1	PPP6R2	ENSG00000100239
CDK2-1	CDK2	ENSG00000123374
PDE3B-1	PDE3B	ENSG00000152270
NHLRC3-1	NHLRC3	ENSG00000188811
NOD1-1	NOD1	ENSG00000106100
PPIB-1	PPIB	ENSG00000166794
PSRC1-1	PSRC1	ENSG00000134222
RXRA-1	RXRA	ENSG00000186350
RGS6-1	RGS6	ENSG00000182732
NUCB1-1	NUCB1	ENSG00000104805
ADD2-1	ADD2	ENSG00000075340
GBP5-1	GBP5	ENSG00000154451
CCT2-1	CCT2	ENSG00000166226
RAD21-1	RAD21	ENSG00000164754
DNAJC10-1	DNAJC10	ENSG00000077232
XYLB-1	XYLB	ENSG00000093217
IRX3-1	IRX3	ENSG00000177508
PTPN14-1	PTPN14	ENSG00000152104
NABP2-1	NABP2	ENSG00000139579
LHX4-1	LHX4	ENSG00000121454
PXMP2-1	PXMP2	ENSG00000176894
ENTR1-1	ENTR1	ENSG00000165689
HLA-F-1	HLA-F	ENSG00000204642
MAFK-1	MAFK	ENSG00000198517
TMPRSS6-1	TMPRSS6	ENSG00000187045
EXOSC1-1	EXOSC1	ENSG00000171311
PAG1-1	PAG1	ENSG00000076641
HDAC3-1	HDAC3	ENSG00000171720
NDUFAF8-1	NDUFAF8	ENSG00000224877
ARF6-1	ARF6	ENSG00000165527
RPS29-1	RPS29	ENSG00000213741
HECTD4-1	HECTD4	ENSG00000173064
EVC2-1	EVC2	ENSG00000173040
COL5A3-1	COL5A3	ENSG00000080573
PAIP1-1	PAIP1	ENSG00000172239
NOA1-1	NOA1	ENSG00000084092
HERC6-1	HERC6	ENSG00000138642
NECAB3-1	NECAB3	ENSG00000125967
VPS39-1	VPS39	ENSG00000166887
TEX22-1	TEX22	ENSG00000226174
GP9-1	GP9	ENSG00000169704
OTUD7B-1	OTUD7B	ENSG00000264522
CDCA7-1	CDCA7	ENSG00000144354
NT5C-1	NT5C	ENSG00000125458
SAMHD1-1	SAMHD1	ENSG00000101347
SLX4-1	SLX4	ENSG00000188827
OVCA2-1	OVCA2	ENSG00000262664
YIPF6-1	YIPF6	ENSG00000181704
RNF145-1	RNF145	ENSG00000145860
KLRF1-1	KLRF1	ENSG00000150045
TONSL-1	TONSL	ENSG00000160949
AK5-1	AK5	ENSG00000154027
YPEL5-1	YPEL5	ENSG00000119801
WDCP-1	WDCP	ENSG00000163026
SLC23A1-1	SLC23A1	ENSG00000170482
RNF4-1	RNF4	ENSG00000063978
SUZ12-1	SUZ12	ENSG00000178691
TENM4-1	TENM4	ENSG00000149256
RAI1-1	RAI1	ENSG00000108557
PILRB-1	PILRB	ENSG00000121716
TOR1A-1	TOR1A	ENSG00000136827
TSC22D1-1	TSC22D1	ENSG00000102804
RSRC2-1	RSRC2	ENSG00000111011
PLCB1-1	PLCB1	ENSG00000182621
CENPM-1	CENPM	ENSG00000100162
ANKRD55-1	ANKRD55	ENSG00000164512
UCKL1-1	UCKL1	ENSG00000198276
FAM184A-1	FAM184A	ENSG00000111879
CTC1-1	CTC1	ENSG00000178971
USP40-1	USP40	ENSG00000085982
MRPL36-1	MRPL36	ENSG00000171421
TCTEX1D2-1	DYNLT2B	ENSG00000213123
STAP1-1	STAP1	ENSG00000035720
GLRX-1	GLRX	ENSG00000173221
BMPR1A-1	BMPR1A	ENSG00000107779
UBE4A-1	UBE4A	ENSG00000110344
AMN1-1	AMN1	ENSG00000151743
CDK19-1	CDK19	ENSG00000155111
RFK-1	RFK	ENSG00000135002
ZG16B-1	ZG16B	ENSG00000162078
HSD17B12-1	HSD17B12	ENSG00000149084
SMIM14-1	SMIM14	ENSG00000163683
VAMP8-1	VAMP8	ENSG00000118640
CCNL2-1	CCNL2	ENSG00000221978
SRGAP1-1	SRGAP1	ENSG00000196935
CCDC102B-1	CCDC102B	ENSG00000150636
LCP2-1	LCP2	ENSG00000043462
CTNNA1-1	CTNNA1	ENSG00000044115
C1orf159-1	C1orf159	ENSG00000131591
DNAJC27-1	DNAJC27	ENSG00000115137
EDN1-1	EDN1	ENSG00000078401
TAF11-1	TAF11	ENSG00000064995
KIAA0319L-1	KIAA0319L	ENSG00000142687
ELF2-1	ELF2	ENSG00000109381
OSBP2-1	OSBP2	ENSG00000184792
ZNF780B-1	ZNF780B	ENSG00000128000
DPF3-1	DPF3	ENSG00000205683
BCAS2-1	BCAS2	ENSG00000116752
CD27-1	CD27	ENSG00000139193
CHRM4-1	CHRM4	ENSG00000180720
DCTN3-1	DCTN3	ENSG00000137100
ASXL2-1	ASXL2	ENSG00000143970
NCKIPSD-1	NCKIPSD	ENSG00000213672
AGK-1	AGK	ENSG00000006530
EPOR-1	EPOR	ENSG00000187266
MFSD2A-1	MFSD2A	ENSG00000168389
BEST4-1	BEST4	ENSG00000142959
PAXX-1	PAXX	ENSG00000310560
BICD2-1	BICD2	ENSG00000185963
FAM111A-1	FAM111A	ENSG00000166801
SBK1-1	SBK1	ENSG00000188322
DNAAF2-1	DNAAF2	ENSG00000165506
PIGL-1	PIGL	ENSG00000108474
SPIB-1	SPIB	ENSG00000269404
NRGN-1	NRGN	ENSG00000154146
CCDC184-1	CCDC184	ENSG00000177875
DLGAP4-1	DLGAP4	ENSG00000080845
ZBTB42-1	ZBTB42	ENSG00000179627
CDK13-1	CDK13	ENSG00000065883
FAM76A-1	FAM76A	ENSG00000009780
TC2N-1	TC2N	ENSG00000165929
GATA6-1	GATA6	ENSG00000141448
PBK-1	PBK	ENSG00000168078
RMI2-1	RMI2	ENSG00000175643
IL13-1	IL13	ENSG00000169194
CA2-1	CA2	ENSG00000104267
PLCD4-1	PLCD4	ENSG00000115556
MTCH2-1	MTCH2	ENSG00000109919
TRIM16-1	TRIM16	ENSG00000221926
BAMBI-1	BAMBI	ENSG00000095739
HMGXB4-1	HMGXB4	ENSG00000100281
PLCE1-1	PLCE1	ENSG00000138193
MTHFD1-1	MTHFD1	ENSG00000100714
RFC1-1	RFC1	ENSG00000035928
GPR68-1	GPR68	ENSG00000119714
MRPL53-1	MRPL53	ENSG00000204822
LRRC1-1	LRRC1	ENSG00000137269
AKT1S1-1	AKT1S1	ENSG00000204673
NADK2-1	NADK2	ENSG00000152620
ERN1-1	ERN1	ENSG00000178607
NANS-1	NANS	ENSG00000095380
PLEK-1	PLEK	ENSG00000115956
TPCN1-1	TPCN1	ENSG00000186815
EML4-1	EML4	ENSG00000143924
CDKN2AIPNL-1	CDKN2AIPNL	ENSG00000237190
ZNF667-1	ZNF667	ENSG00000198046
C7-1	C7	ENSG00000112936
AK3-1	AK3	ENSG00000147853
HOXB8-1	HOXB8	ENSG00000120068
NCAPD3-1	NCAPD3	ENSG00000151503
HACD4-1	HACD4	ENSG00000188921
USP35-1	USP35	ENSG00000118369
IFIT2-1	IFIT2	ENSG00000119922
PVRIG-1	PVRIG	ENSG00000213413
RFWD3-1	RFWD3	ENSG00000168411
ZDHHC20-1	ZDHHC20	ENSG00000180776
IFT22-1	IFT22	ENSG00000128581
ZUP1-1	ZUP1	ENSG00000153975
PJA2-1	PJA2	ENSG00000198961
CCR6-1	CCR6	ENSG00000112486
NBPF26-1	NBPF26	ENSG00000273136
TMPRSS3-1	TMPRSS3	ENSG00000160183
SKAP2-1	SKAP2	ENSG00000005020
TBRG4-1	TBRG4	ENSG00000136270
METTL15-1	METTL15	ENSG00000169519
NR2F2-1	NR2F2	ENSG00000185551
EFNB2-1	EFNB2	ENSG00000125266
NKG7-1	NKG7	ENSG00000105374
C5orf51-1	RIMOC1	ENSG00000205765
TAF1-1	TAF1	ENSG00000147133
TARS-1	TARS1	ENSG00000113407
CTNNAL1-1	CTNNAL1	ENSG00000119326
PRDM4-1	PRDM4	ENSG00000110851
KDM3A-1	KDM3A	ENSG00000115548
TCF4-1	TCF4	ENSG00000196628
PIAS1-1	PIAS1	ENSG00000033800
TRIM56-1	TRIM56	ENSG00000169871
KLRD1-1	KLRD1	ENSG00000134539
PAK4-1	PAK4	ENSG00000130669
MDP1-1	MDP1	ENSG00000213920
EFCAB11-1	EFCAB11	ENSG00000140025
INTS13-1	INTS13	ENSG00000064102
DNAAF5-1	DNAAF5	ENSG00000164818
SNAPC3-1	SNAPC3	ENSG00000164975
SH3RF3-1	SH3RF3	ENSG00000172985
TNFSF8-1	TNFSF8	ENSG00000106952
LRRK2-1	LRRK2	ENSG00000188906
VPS18-1	VPS18	ENSG00000104142
OGA-1	OGA	ENSG00000198408
NUDCD3-1	NUDCD3	ENSG00000015676
HOXD11-1	HOXD11	ENSG00000128713
EXOC6B-1	EXOC6B	ENSG00000144036
ZNF253-1	ZNF253	ENSG00000256771
RPP14-1	RPP14	ENSG00000163684
NNMT-1	NNMT	ENSG00000166741
RAPGEF1-1	RAPGEF1	ENSG00000107263
SPATA6-1	SPATA6	ENSG00000132122
UBR1-1	UBR1	ENSG00000159459
NHLH1-1	NHLH1	ENSG00000171786
NMI-1	NMI	ENSG00000123609
BCL2L13-1	BCL2L13	ENSG00000099968
CENPE-1	CENPE	ENSG00000138778
EXOSC6-1	EXOSC6	ENSG00000223496
CFAP45-1	CFAP45	ENSG00000213085
H2AFY2-1	MACROH2A2	ENSG00000099284
C5orf63-1	C5orf63	ENSG00000164241
TEX261-1	TEX261	ENSG00000144043
DHX38-1	DHX38	ENSG00000140829
TKTL1-1	TKTL1	ENSG00000007350
NUBP1-1	NUBP1	ENSG00000103274
RAB30-1	RAB30	ENSG00000137502
MPV17L2-1	MPV17L2	ENSG00000254858
IL16-1	IL16	ENSG00000172349
APBB1-1	APBB1	ENSG00000166313
MOSPD1-1	MOSPD1	ENSG00000101928
SEMA4A-1	SEMA4A	ENSG00000196189
MCOLN1-1	MCOLN1	ENSG00000090674
ZSWIM6-1	ZSWIM6	ENSG00000130449
LCN2-1	LCN2	ENSG00000148346
FCER2-1	FCER2	ENSG00000104921
TPM3-1	TPM3	ENSG00000143549
PTAFR-1	PTAFR	ENSG00000169403
ATXN7-1	ATXN7	ENSG00000163635
ITPR2-1	ITPR2	ENSG00000123104
SLC35F5-1	SLC35F5	ENSG00000115084
MINK1-1	MINK1	ENSG00000141503
ARFIP1-1	ARFIP1	ENSG00000164144
MRPL42-1	MRPL42	ENSG00000198015
KDM2A-1	KDM2A	ENSG00000173120
THAP5-1	THAP5	ENSG00000177683
DLG1-1	DLG1	ENSG00000075711
TRAPPC4-1	TRAPPC4	ENSG00000196655
EVI2B-1	EVI2B	ENSG00000185862
AP4M1-1	AP4M1	ENSG00000221838
UBN1-1	UBN1	ENSG00000118900
PCK1-1	PCK1	ENSG00000124253
SLC25A4-1	SLC25A4	ENSG00000151729
MPC1-1	MPC1	ENSG00000060762
ETAA1-1	ETAA1	ENSG00000143971
GIT1-1	GIT1	ENSG00000108262
RREB1-1	RREB1	ENSG00000124782
ZKSCAN2-1	ZKSCAN2	ENSG00000155592
FNDC3B-1	FNDC3B	ENSG00000075420
UBE2R2-1	UBE2R2	ENSG00000107341
YWHAH-1	YWHAH	ENSG00000128245
MED14-1	MED14	ENSG00000180182
PSMC3-1	PSMC3	ENSG00000165916
ZNF782-1	ZNF782	ENSG00000196597
PPP1R1A-1	PPP1R1A	ENSG00000135447
ZCCHC9-1	ZCCHC9	ENSG00000131732
POP4-1	POP4	ENSG00000105171
IRF2BP2-1	IRF2BP2	ENSG00000168264
ABHD4-1	ABHD4	ENSG00000100439
C11orf95-1	ZFTA	ENSG00000188070
PELP1-1	PELP1	ENSG00000141456
HIC1-1	HIC1	ENSG00000177374
SH3GLB2-1	SH3GLB2	ENSG00000148341
RARB-1	RARB	ENSG00000077092
AQP9-1	AQP9	ENSG00000103569
ZNF350-1	ZNF350	ENSG00000256683
DUS2-1	DUS2	ENSG00000167264
RNF146-1	RNF146	ENSG00000118518
APH1B-1	APH1B	ENSG00000138613
CABLES1-1	CABLES1	ENSG00000134508
DIDO1-1	DIDO1	ENSG00000101191
ZNF436-1	ZNF436	ENSG00000125945
AHSA1-1	AHSA1	ENSG00000100591
DACH2-1	DACH2	ENSG00000126733
ESF1-1	ESF1	ENSG00000089048
ISL2-1	ISL2	ENSG00000159556
TIAF1-1	MYO18A	ENSG00000196535
SNX8-1	SNX8	ENSG00000106266
PHGR1-1	PHGR1	ENSG00000233041
GMPPB-1	GMPPB	ENSG00000173540
HIST1H2BC-1	H2BC4	ENSG00000180596
GORASP1-1	GORASP1	ENSG00000114745
SPAG5-1	SPAG5	ENSG00000076382
KARS-1	KARS1	ENSG00000065427
NUDT21-1	NUDT21	ENSG00000167005
PFN2-1	PFN2	ENSG00000070087
SLC10A1-1	SLC10A1	ENSG00000100652
SAC3D1-1	SAC3D1	ENSG00000168061
IKZF2-1	IKZF2	ENSG00000030419
UBAC2-1	UBAC2	ENSG00000134882
GDE1-1	GDE1	ENSG00000006007
SIVA1-1	SIVA1	ENSG00000184990
LSS-1	LSS	ENSG00000160285
PAX3-1	PAX3	ENSG00000135903
EPS8-1	EPS8	ENSG00000151491
ZNF451-1	ZNF451	ENSG00000112200
HSPA12A-1	HSPA12A	ENSG00000165868
CCDC66-1	CCDC66	ENSG00000180376
COPS7B-1	COPS7B	ENSG00000144524
TMPRSS5-1	TMPRSS5	ENSG00000166682
XXYLT1-1	XXYLT1	ENSG00000173950
CD300E-1	CD300E	ENSG00000186407
PAX6-1	PAX6	ENSG00000007372
RHOBTB3-1	RHOBTB3	ENSG00000164292
DUSP1-1	DUSP1	ENSG00000120129
DRG1-1	DRG1	ENSG00000185721
ALG3-1	ALG3	ENSG00000214160
ASPHD2-1	ASPHD2	ENSG00000128203
NEK9-1	NEK9	ENSG00000119638
ANO6-1	ANO6	ENSG00000177119
CYTH3-1	CYTH3	ENSG00000008256
GDI1-1	GDI1	ENSG00000203879
SIM1-1	SIM1	ENSG00000112246
ZNF644-1	ZNF644	ENSG00000122482
FIP1L1-1	FIP1L1	ENSG00000145216
PHOSPHO2-1	PHOSPHO2	ENSG00000144362
ZNF799-1	ZNF799	ENSG00000196466
GCH1-1	GCH1	ENSG00000131979
NF1-1	NF1	ENSG00000196712
PGAM1-1	PGAM1	ENSG00000171314
FOXO4-1	FOXO4	ENSG00000184481
CXCL8-1	CXCL8	ENSG00000169429
METTL21A-1	METTL21A	ENSG00000144401
CYB5D2-1	CYB5D2	ENSG00000167740
RPL38-1	RPL38	ENSG00000172809
INTS5-1	INTS5	ENSG00000185085
SLC26A5-1	SLC26A5	ENSG00000170615
HACD2-1	HACD2	ENSG00000206527
C2CD2-1	C2CD2	ENSG00000157617
PNN-1	PNN	ENSG00000100941
KLHL18-1	KLHL18	ENSG00000114648
MARCH1-1	MARCHF1	ENSG00000145416
SMAD4-1	SMAD4	ENSG00000141646
GATC-1	GATC	ENSG00000257218
PTGES3-1	PTGES3	ENSG00000110958
EIF4E3-1	EIF4E3	ENSG00000163412
CCNE1-1	CCNE1	ENSG00000105173
UBE2N-1	UBE2N	ENSG00000177889
FAM3A-1	FAM3A	ENSG00000071889
APBA1-1	APBA1	ENSG00000107282
KCMF1-1	KCMF1	ENSG00000176407
RNASE1-1	RNASE1	ENSG00000129538
PLCL1-1	PLCL1	ENSG00000115896
RRP1-1	RRP1	ENSG00000160214
CAMSAP1-1	CAMSAP1	ENSG00000130559
ATF3-1	ATF3	ENSG00000162772
ATAD2B-1	ATAD2B	ENSG00000119778
GUCA1B-1	GUCA1B	ENSG00000112599
PLVAP-1	PLVAP	ENSG00000130300
CCT6A-1	CCT6A	ENSG00000146731
HSD17B4-1	HSD17B4	ENSG00000133835
LXN-1	LXN	ENSG00000079257
ALAD-1	ALAD	ENSG00000148218
SEC14L2-1	SEC14L2	ENSG00000100003
CAAP1-1	CAAP1	ENSG00000120159
GPR27-1	GPR27	ENSG00000170837
ZNHIT1-1	ZNHIT1	ENSG00000106400
ZNF326-1	ZNF326	ENSG00000162664
ERI3-1	ERI3	ENSG00000117419
SS18L2-1	SS18L2	ENSG00000008324
TSPAN8-1	TSPAN8	ENSG00000127324
EEF1AKMT2-1	EEF1AKMT2	ENSG00000203791
DNAJC6-1	DNAJC6	ENSG00000116675
APPBP2-1	APPBP2	ENSG00000062725
FBXO2-1	FBXO2	ENSG00000116661
PPP2R1B-1	PPP2R1B	ENSG00000137713
THEM6-1	THEM6	ENSG00000130193
NEDD9-1	NEDD9	ENSG00000111859
NR1D1-1	NR1D1	ENSG00000126368
GFPT1-1	GFPT1	ENSG00000198380
TOX4-1	TOX4	ENSG00000092203
IL10RB-1	IL10RB	ENSG00000243646
SFXN3-1	SFXN3	ENSG00000107819
CCDC69-1	CCDC69	ENSG00000198624
TGFBRAP1-1	TGFBRAP1	ENSG00000135966
PXK-1	PXK	ENSG00000168297
ZC3H7A-1	ZC3H7A	ENSG00000122299
NR6A1-1	NR6A1	ENSG00000148200
WASHC2C-1	WASHC2C	ENSG00000172661
APC-1	APC	ENSG00000134982
USP13-1	USP13	ENSG00000058056
MUL1-1	MUL1	ENSG00000090432
CAV1-1	CAV1	ENSG00000105974
P2RY11-1	P2RY11	ENSG00000244165
MUC3A-1	MUC3A	ENSG00000169894
JPT1-1	JPT1	ENSG00000189159
FUZ-1	FUZ	ENSG00000010361
SORD-1	SORD	ENSG00000140263
CDADC1-1	CDADC1	ENSG00000102543
CHD2-1	CHD2	ENSG00000173575
HNF1A-1	HNF1A	ENSG00000135100
TGIF2LX-1	TGIF2LX	ENSG00000153779
PRNP-1	PRNP	ENSG00000171867
CCDC7-1	CCDC7	ENSG00000216937
EDA-1	EDA	ENSG00000158813
ANKRD33B-1	ANKRD33B	ENSG00000164236
STEAP4-1	STEAP4	ENSG00000127954
CNKSR3-1	CNKSR3	ENSG00000153721
TMEM87A-1	TMEM87A	ENSG00000103978
TMSB4Y-1	TMSB4Y	ENSG00000154620
ARMCX4-1	ARMCX4	ENSG00000196440
MARCH2-1	MARCHF2	ENSG00000099785
ZIC4-1	ZIC4	ENSG00000174963
KLF14-1	KLF14	ENSG00000266265
FTL-1	FTL	ENSG00000087086
TNK1-1	TNK1	ENSG00000174292
XAF1-1	XAF1	ENSG00000132530
EIF2B2-1	EIF2B2	ENSG00000119718
TATDN1-1	TATDN1	ENSG00000147687
ESCO2-1	ESCO2	ENSG00000171320
POLR3D-1	POLR3D	ENSG00000168495
HEG1-1	HEG1	ENSG00000173706
ABCB9-1	ABCB9	ENSG00000150967
UBA52-1	UBA52	ENSG00000221983
KIN-1	KIN	ENSG00000151657
NT5C2-1	NT5C2	ENSG00000076685
GNG8-1	GNG8	ENSG00000167414
STK39-1	STK39	ENSG00000198648
MAN2B1-1	MAN2B1	ENSG00000104774
FAHD2A-1	FAHD2A	ENSG00000115042
ZNF146-1	ZNF146	ENSG00000167635
DNAJB6-1	DNAJB6	ENSG00000105993
ATG4B-1	ATG4B	ENSG00000168397
TXNDC11-1	TXNDC11	ENSG00000153066
H3F3B-1	H3-3B	ENSG00000132475
AGGF1-1	AGGF1	ENSG00000164252
PRKD2-1	PRKD2	ENSG00000105287
RBM15B-1	RBM15B	ENSG00000259956
WDR91-1	WDR91	ENSG00000105875
IL17F-1	IL17F	ENSG00000112116
TGFBI-1	TGFBI	ENSG00000120708
NFATC2IP-1	NFATC2IP	ENSG00000176953
CCR7-1	CCR7	ENSG00000126353
RPS14-1	RPS14	ENSG00000164587
GFOD1-1	GFOD1	ENSG00000145990
SLFN12L-1	SLFN12L	ENSG00000205045
NAV1-1	NAV1	ENSG00000134369
TSPAN33-1	TSPAN33	ENSG00000158457
CDC34-1	CDC34	ENSG00000099804
CTLA4-1	CTLA4	ENSG00000163599
MRPL2-1	MRPL2	ENSG00000112651
PPIL4-1	PPIL4	ENSG00000131013
E2F2-1	E2F2	ENSG00000007968
MRPL15-1	MRPL15	ENSG00000137547
C7orf50-1	C7orf50	ENSG00000146540
CAPZA1-1	CAPZA1	ENSG00000116489
CRYGS-1	CRYGS	ENSG00000213139
SAR1A-1	SAR1A	ENSG00000079332
ATP6V1C1-1	ATP6V1C1	ENSG00000155097
TDRD3-1	TDRD3	ENSG00000083544
SRSF4-1	SRSF4	ENSG00000116350
ZNF195-1	ZNF195	ENSG00000005801
SPRN-1	SPRN	ENSG00000203772
NR1H4-1	NR1H4	ENSG00000012504
FAM124B-1	FAM124B	ENSG00000124019
MTHFS-1	MTHFS	ENSG00000136371
BPIFA2-1	BPIFA2	ENSG00000131050
HGD-1	HGD	ENSG00000113924
ILF2-1	ILF2	ENSG00000143621
ATG9A-1	ATG9A	ENSG00000198925
SIAH1-1	SIAH1	ENSG00000196470
NAB1-1	NAB1	ENSG00000138386
TIGD2-1	TIGD2	ENSG00000180346
PPTC7-1	PPTC7	ENSG00000196850
SELENOT-1	SELENOT	ENSG00000198843
PREB-1	PREB	ENSG00000138073
SPIC-1	SPIC	ENSG00000166211
COBLL1-1	COBLL1	ENSG00000082438
RWDD2A-1	RWDD2A	ENSG00000013392
TARBP2-1	TARBP2	ENSG00000139546
NDUFA4-1	NDUFA4	ENSG00000189043
GTF3C5-1	GTF3C5	ENSG00000148308
FLYWCH2-1	FLYWCH2	ENSG00000162076
SDCBP2-1	SDCBP2	ENSG00000125775
C16orf58-1	RUSF1	ENSG00000140688
ZNF569-1	ZNF569	ENSG00000196437
MICU2-1	MICU2	ENSG00000165487
FBXL3-1	FBXL3	ENSG00000005812
C6orf106-1	ILRUN	ENSG00000196821
NARS2-1	NARS2	ENSG00000137513
GZMM-1	GZMM	ENSG00000197540
B3GALT2-1	B3GALT2	ENSG00000162630
P3H1-1	P3H1	ENSG00000117385
GNAS-1	GNAS	ENSG00000087460
YME1L1-1	YME1L1	ENSG00000136758
ONECUT3-1	ONECUT3	ENSG00000205922
C18orf21-1	C18orf21	ENSG00000141428
STX2-1	STX2	ENSG00000111450
PIGB-1	PIGB	ENSG00000069943
SH3BGRL3-1	SH3BGRL3	ENSG00000142669
ST3GAL3-1	ST3GAL3	ENSG00000126091
FBXO6-1	FBXO6	ENSG00000116663
ARMC10-1	ARMC10	ENSG00000170632
SMTNL1-1	SMTNL1	ENSG00000214872
NUDT5-1	NUDT5	ENSG00000165609
HDAC6-1	HDAC6	ENSG00000094631
ATP6V0C-1	ATP6V0C	ENSG00000185883
YJEFN3-1	YJEFN3	ENSG00000250067
ZNF90-1	ZNF90	ENSG00000213988
SNW1-1	SNW1	ENSG00000100603
ITGA1-1	ITGA1	ENSG00000213949
MCCC1-1	MCCC1	ENSG00000078070
LRCH1-1	LRCH1	ENSG00000136141
ZNF12-1	ZNF12	ENSG00000164631
CHRNA1-1	CHRNA1	ENSG00000138435
VMP1-1	VMP1	ENSG00000062716
ADH1B-1	ADH1B	ENSG00000196616
S100A11-1	S100A11	ENSG00000163191
ADORA2A-1	ADORA2A	ENSG00000128271
SESTD1-1	SESTD1	ENSG00000187231
MDFIC-1	MDFIC	ENSG00000135272
ADGRE1-1	ADGRE1	ENSG00000174837
CLTC-1	CLTC	ENSG00000141367
ATP5MC2-1	ATP5MC2	ENSG00000135390
CTSA-1	CTSA	ENSG00000064601
MSI2-1	MSI2	ENSG00000153944
RPS13-1	RPS13	ENSG00000110700
ROGDI-1	ROGDI	ENSG00000067836
AMMECR1L-1	AMMECR1L	ENSG00000144233
BCL2L12-1	BCL2L12	ENSG00000126453
SPATA24-1	SPATA24	ENSG00000170469
RBPJ-1	RBPJ	ENSG00000168214
POLR1A-1	POLR1A	ENSG00000068654
TXNL4A-1	TXNL4A	ENSG00000141759
CENPQ-1	CENPQ	ENSG00000031691
SLC51A-1	SLC51A	ENSG00000163959
PPP1R12C-1	PPP1R12C	ENSG00000125503
ECE2-1	ECE2	ENSG00000145194
DCUN1D4-1	DCUN1D4	ENSG00000109184
CREB3L2-1	CREB3L2	ENSG00000182158
HSPA6-1	HSPA6	ENSG00000173110
SLC30A4-1	SLC30A4	ENSG00000104154
AKTIP-1	AKTIP	ENSG00000166971
TMEM265-1	TMEM265	ENSG00000281991
ZNF573-1	ZNF573	ENSG00000189144
PPP1R2-1	PPP1R2	ENSG00000184203
GLI3-1	GLI3	ENSG00000106571
DNAJC16-1	DNAJC16	ENSG00000116138
CSNK1A1-1	CSNK1A1	ENSG00000113712
ARIH2-1	ARIH2	ENSG00000177479
VPS13C-1	VPS13C	ENSG00000129003
USP53-1	USP53	ENSG00000145390
WDR77-1	WDR77	ENSG00000116455
AEN-1	AEN	ENSG00000181026
MEST-1	MEST	ENSG00000106484
GTF3C3-1	GTF3C3	ENSG00000119041
GPR55-1	GPR55	ENSG00000135898
THAP12-1	THAP12	ENSG00000137492
DHX36-1	DHX36	ENSG00000174953
TNKS-1	TNKS	ENSG00000173273
TMEM182-1	TMEM182	ENSG00000170417
LNPEP-1	LNPEP	ENSG00000113441
FERMT2-1	FERMT2	ENSG00000073712
EBF3-1	EBF3	ENSG00000108001
ANHX-1	ANHX	ENSG00000227059
BCAP29-1	BCAP29	ENSG00000075790
PIGA-1	PIGA	ENSG00000165195
CAB39-1	CAB39	ENSG00000135932
BRF2-1	BRF2	ENSG00000104221
KBTBD8-1	KBTBD8	ENSG00000163376
HIST1H3C-1	H3C3	ENSG00000287080
NPDC1-1	NPDC1	ENSG00000107281
ZDHHC11B-1	ZDHHC11B	ENSG00000206077
USP20-1	USP20	ENSG00000136878
IFI30-1	IFI30	ENSG00000216490
ZFAT-1	ZFAT	ENSG00000066827
SERPING1-1	SERPING1	ENSG00000149131
ENOX2-1	ENOX2	ENSG00000165675
CXCL13-1	CXCL13	ENSG00000156234
BTBD10-1	BTBD10	ENSG00000148925
CCPG1-1	CCPG1	ENSG00000260916
PTS-1	PTS	ENSG00000150787
SMC4-1	SMC4	ENSG00000113810
TBX2-1	TBX2	ENSG00000121068
ADSL-1	ADSL	ENSG00000239900
TMA16-1	TMA16	ENSG00000198498
GPALPP1-1	GPALPP1	ENSG00000133114
VIPR1-1	VIPR1	ENSG00000114812
CMC1-1	CMC1	ENSG00000187118
ZAP70-1	ZAP70	ENSG00000115085
CTBP2-1	CTBP2	ENSG00000175029
MYRFL-1	MYRFL	ENSG00000166268
GLIPR2-1	GLIPR2	ENSG00000122694
ZNF365-1	ZNF365	ENSG00000138311
PPP3CC-1	PPP3CC	ENSG00000120910
GALM-1	GALM	ENSG00000143891
SPATA32-1	SPATA32	ENSG00000184361
DNAJB14-1	DNAJB14	ENSG00000164031
CSRP1-1	CSRP1	ENSG00000159176
CCZ1B-1	CCZ1B	ENSG00000146574
CCDC152-1	CCDC152	ENSG00000198865
GATD1-1	GATD1	ENSG00000177225
IFITM1-1	IFITM1	ENSG00000185885
ALG5-1	ALG5	ENSG00000120697
SDF2L1-1	SDF2L1	ENSG00000128228
PJVK-1	PJVK	ENSG00000204311
UNK-1	UNK	ENSG00000132478
HS3ST3A1-1	HS3ST3A1	ENSG00000153976
HEY2-1	HEY2	ENSG00000135547
SH3GLB1-1	SH3GLB1	ENSG00000097033
HERC4-1	HERC4	ENSG00000148634
C8orf44-1	C8orf44	ENSG00000288596
DPYSL2-1	DPYSL2	ENSG00000092964
ZNF420-1	ZNF420	ENSG00000197050
DHDDS-1	DHDDS	ENSG00000117682
PCLAF-1	PCLAF	ENSG00000166803
NELFA-1	NELFA	ENSG00000185049
CASP7-1	CASP7	ENSG00000165806
YKT6-1	YKT6	ENSG00000106636
DISP1-1	DISP1	ENSG00000154309
ABCA3-1	ABCA3	ENSG00000167972
SCD-1	SCD	ENSG00000099194
POU3F1-1	POU3F1	ENSG00000185668
DPP3-1	DPP3	ENSG00000254986
ACSL1-1	ACSL1	ENSG00000151726
PBLD-1	PBLD	ENSG00000108187
SLC11A2-1	SLC11A2	ENSG00000110911
SLC30A7-1	SLC30A7	ENSG00000162695
PRRX1-1	PRRX1	ENSG00000116132
C1orf189-1	CFAP141	ENSG00000163263
ING2-1	ING2	ENSG00000168556
ZNF716-1	ZNF716	ENSG00000182111
GRIN2B-1	GRIN2B	ENSG00000273079
SMAD1-1	SMAD1	ENSG00000170365
CYTIP-1	CYTIP	ENSG00000115165
CD47-1	CD47	ENSG00000196776
TMEM256-1	TMEM256	ENSG00000205544
EIF3G-1	EIF3G	ENSG00000130811
SMYD3-1	SMYD3	ENSG00000185420
GANC-1	GANC	ENSG00000214013
MPHOSPH8-1	MPHOSPH8	ENSG00000196199
DEXI-1	DEXI	ENSG00000182108
TACC1-1	TACC1	ENSG00000147526
POU3F4-1	POU3F4	ENSG00000196767
ZNF560-1	ZNF560	ENSG00000198028
LYRM2-1	LYRM2	ENSG00000083099
C20orf27-1	ADISSP	ENSG00000101220
TOP2B-1	TOP2B	ENSG00000077097
MAFG-1	MAFG	ENSG00000197063
CPT2-1	CPT2	ENSG00000157184
MCTS1-1	MCTS1	ENSG00000232119
SSU72-1	SSU72	ENSG00000160075
KCNH2-1	KCNH2	ENSG00000055118
LZTS3-1	LZTS3	ENSG00000088899
FAM71F2-1	GARIN1A	ENSG00000205085
ELK4-1	ELK4	ENSG00000158711
SLC39A9-1	SLC39A9	ENSG00000029364
SDF4-1	SDF4	ENSG00000078808
APOLD1-1	APOLD1	ENSG00000178878
C11orf98-1	C11orf98	ENSG00000278615
ZCCHC14-1	ZCCHC14	ENSG00000140948
BHLHE40-1	BHLHE40	ENSG00000134107
LMAN1-1	LMAN1	ENSG00000074695
ACOT7-1	ACOT7	ENSG00000097021
NUP160-1	NUP160	ENSG00000030066
PDZD11-1	PDZD11	ENSG00000120509
MOB3C-1	MOB3C	ENSG00000142961
SLC25A34-1	SLC25A34	ENSG00000162461
ABHD17B-1	ABHD17B	ENSG00000107362
NARF-1	NARF	ENSG00000141562
CSGALNACT1-1	CSGALNACT1	ENSG00000147408
ZNF417-1	ZNF417	ENSG00000173480
FUT11-1	FUT11	ENSG00000196968
CHD6-1	CHD6	ENSG00000124177
CXorf38-1	CXorf38	ENSG00000185753
GLDC-1	GLDC	ENSG00000178445
EXOSC3-1	EXOSC3	ENSG00000107371
PGAM5-1	PGAM5	ENSG00000247077
NME9-1	NME9	ENSG00000181322
HECW1-1	HECW1	ENSG00000002746
CENPS-1	CENPS	ENSG00000175279
DLX4-1	DLX4	ENSG00000108813
SLC4A10-1	SLC4A10	ENSG00000144290
GK-1	GK	ENSG00000198814
NR1D2-1	NR1D2	ENSG00000174738
MFHAS1-1	MFHAS1	ENSG00000147324
BMS1-1	BMS1	ENSG00000165733
DNAJA2-1	DNAJA2	ENSG00000069345
RAB6A-1	RAB6A	ENSG00000175582
MYH3-1	MYH3	ENSG00000109063
RIPOR2-1	RIPOR2	ENSG00000111913
OMA1-1	OMA1	ENSG00000162600
MAP9-1	MAP9	ENSG00000164114
ATXN10-1	ATXN10	ENSG00000130638
ZSCAN4-1	ZSCAN4	ENSG00000180532
LMX1B-1	LMX1B	ENSG00000136944
COQ2-1	COQ2	ENSG00000173085
TPRN-1	TPRN	ENSG00000176058
BMP1-1	BMP1	ENSG00000168487
SLC25A12-1	SLC25A12	ENSG00000115840
DCUN1D2-1	DCUN1D2	ENSG00000150401
WWOX-1	WWOX	ENSG00000186153
SIPA1L2-1	SIPA1L2	ENSG00000116991
AP2S1-1	AP2S1	ENSG00000042753
SNRNP27-1	SNRNP27	ENSG00000124380
TTI1-1	TTI1	ENSG00000101407
BACH2-1	BACH2	ENSG00000112182
JPT2-1	JPT2	ENSG00000206053
SMCO4-1	SMCO4	ENSG00000166002
EID2B-1	EID2B	ENSG00000176401
CLIC4-1	CLIC4	ENSG00000169504
ZNF485-1	ZNF485	ENSG00000198298
YWHAQ-1	YWHAQ	ENSG00000134308
HIST1H2BK-1	H2BC12	ENSG00000197903
PARP4-1	PARP4	ENSG00000102699
TSPAN32-1	TSPAN32	ENSG00000064201
SCLT1-1	SCLT1	ENSG00000151466
OAT-1	OAT	ENSG00000065154
GFI1-1	GFI1	ENSG00000162676
ZNF488-1	ZNF488	ENSG00000265763
AFF3-1	AFF3	ENSG00000144218
PEX5-1	PEX5	ENSG00000139197
PRR15L-1	PRR15L	ENSG00000167183
ZNF333-1	ZNF333	ENSG00000160961
RAD51B-1	RAD51B	ENSG00000182185
ITGAM-1	ITGAM	ENSG00000169896
LARS2-1	LARS2	ENSG00000011376
PFDN5-1	PFDN5	ENSG00000123349
COQ3-1	COQ3	ENSG00000132423
FYTTD1-1	FYTTD1	ENSG00000122068
DLX6-1	DLX6	ENSG00000006377
BTBD11-1	ABTB3	ENSG00000151136
MTCP1-1	MTCP1	ENSG00000214827
LAYN-1	LAYN	ENSG00000204381
HOXB5-1	HOXB5	ENSG00000120075
HSP90AB1-1	HSP90AB1	ENSG00000096384
SPATS2L-1	SPATS2L	ENSG00000196141
ZNF570-1	ZNF570	ENSG00000171827
CXCL14-1	CXCL14	ENSG00000145824
PHIP-1	PHIP	ENSG00000146247
HSPA14-1	HSPA14	ENSG00000187522
LIMK1-1	LIMK1	ENSG00000106683
IL4R-1	IL4R	ENSG00000077238
SNAI2-1	SNAI2	ENSG00000019549
PHKG2-1	PHKG2	ENSG00000156873
ASF1A-1	ASF1A	ENSG00000111875
WAPL-1	WAPL	ENSG00000062650
CDC42SE1-1	CDC42SE1	ENSG00000197622
PRKN-1	PRKN	ENSG00000185345
DDX19A-1	DDX19A	ENSG00000168872
ABT1-1	ABT1	ENSG00000146109
ZNF805-1	ZNF805	ENSG00000204524
CD109-1	CD109	ENSG00000156535
KLHL15-1	KLHL15	ENSG00000174010
RAB40C-1	RAB40C	ENSG00000197562
PTF1A-1	PTF1A	ENSG00000168267
ZW10-1	ZW10	ENSG00000086827
FLI1-1	FLI1	ENSG00000151702
RASGRP4-1	RASGRP4	ENSG00000171777
IFI16-1	IFI16	ENSG00000163565
ALOX12-1	ALOX12	ENSG00000108839
HTATSF1-1	HTATSF1	ENSG00000102241
SPTBN1-1	SPTBN1	ENSG00000115306
NEMP2-1	NEMP2	ENSG00000189362
MPDU1-1	MPDU1	ENSG00000129255
PEX26-1	PEX26	ENSG00000215193
SPPL2B-1	SPPL2B	ENSG00000005206
SIAE-1	SIAE	ENSG00000110013
RECQL-1	RECQL	ENSG00000004700
ZNF208-1	ZNF208	ENSG00000160321
RABL6-1	RABL6	ENSG00000196642
ADAR-1	ADAR	ENSG00000160710
SYNE2-1	SYNE2	ENSG00000054654
ANXA2-1	ANXA2	ENSG00000182718
CDH24-1	CDH24	ENSG00000139880
SPNS3-1	SPNS3	ENSG00000182557
NEURL1-1	NEURL1	ENSG00000107954
SGF29-1	SGF29	ENSG00000176476
GGA1-1	GGA1	ENSG00000100083
COQ5-1	COQ5	ENSG00000110871
GPR63-1	GPR63	ENSG00000112218
USP36-1	USP36	ENSG00000055483
MTMR12-1	MTMR12	ENSG00000150712
ADAM19-1	ADAM19	ENSG00000135074
EEF1E1-1	EEF1E1	ENSG00000124802
RNF130-1	RNF130	ENSG00000113269
KLHDC7B-1	KLHDC7B	ENSG00000130487
JAML-1	JAML	ENSG00000160593
TXNIP-1	TXNIP	ENSG00000265972
MORN4-1	MORN4	ENSG00000171160
GTF2B-1	GTF2B	ENSG00000137947
SYNE3-1	SYNE3	ENSG00000176438
MMP3-1	MMP3	ENSG00000149968
ASTL-1	ASTL	ENSG00000188886
TMEM79-1	TMEM79	ENSG00000163472
EIF2B1-1	EIF2B1	ENSG00000111361
TRADD-1	TRADD	ENSG00000102871
JRK-1	JRK	ENSG00000234616
ARFGAP1-1	ARFGAP1	ENSG00000101199
IL5-1	IL5	ENSG00000113525
UTP20-1	UTP20	ENSG00000120800
IDNK-1	IDNK	ENSG00000148057
CCDC167-1	CCDC167	ENSG00000198937
CDK5-1	CDK5	ENSG00000164885
SRSF6-1	SRSF6	ENSG00000124193
SNCA-1	SNCA	ENSG00000145335
CCDC6-1	CCDC6	ENSG00000108091
CPTP-1	CPTP	ENSG00000224051
CNNM2-1	CNNM2	ENSG00000148842
OSBPL2-1	OSBPL2	ENSG00000130703
TMEM121-1	TMEM121	ENSG00000184986
KLHL25-1	KLHL25	ENSG00000183655
PTPRF-1	PTPRF	ENSG00000142949
TERB1-1	TERB1	ENSG00000249961
FOXD4L4-1	FOXD4L4	ENSG00000184659
MRPL17-1	MRPL17	ENSG00000158042
MZF1-1	MZF1	ENSG00000099326
CNTD1-1	CNTD1	ENSG00000176563
RPL8-1	RPL8	ENSG00000161016
CPM-1	CPM	ENSG00000135678
FES-1	FES	ENSG00000182511
RPL37-1	RPL37	ENSG00000145592
PIANP-1	PIANP	ENSG00000139200
AKAP2-1	PALM2AKAP2	ENSG00000157654
BCL2A1-1	BCL2A1	ENSG00000140379
SLC25A44-1	SLC25A44	ENSG00000160785
VAMP2-1	VAMP2	ENSG00000220205
CCL28-1	CCL28	ENSG00000151882
SPAST-1	SPAST	ENSG00000021574
CHID1-1	CHID1	ENSG00000177830
TGIF1-1	TGIF1	ENSG00000177426
FGFR1OP-1	CEP43	ENSG00000213066
GIMAP4-1	GIMAP4	ENSG00000133574
METTL18-1	METTL18	ENSG00000171806
EBPL-1	EBPL	ENSG00000123179
HIST1H3J-1	H3C12	ENSG00000197153
ICMT-1	ICMT	ENSG00000116237
BCAP31-1	BCAP31	ENSG00000185825
CNOT11-1	CNOT11	ENSG00000158435
MEN1-1	MEN1	ENSG00000133895
TOR2A-1	TOR2A	ENSG00000160404
GDF7-1	GDF7	ENSG00000143869
GYG1-1	GYG1	ENSG00000163754
ERG28-1	ERG28	ENSG00000133935
PDLIM5-1	PDLIM5	ENSG00000163110
DSE-1	DSE	ENSG00000111817
XIAP-1	XIAP	ENSG00000101966
TG-1	TG	ENSG00000042832
GIMAP2-1	GIMAP2	ENSG00000106560
RBM25-1	RBM25	ENSG00000119707
B3GLCT-1	B3GLCT	ENSG00000187676
RBKS-1	RBKS	ENSG00000171174
EMP1-1	EMP1	ENSG00000134531
SLC25A42-1	SLC25A42	ENSG00000181035
TES-1	TES	ENSG00000135269
LMNB1-1	LMNB1	ENSG00000113368
COA1-1	COA1	ENSG00000106603
INO80E-1	INO80E	ENSG00000169592
TPBG-1	TPBG	ENSG00000146242
RRM2-1	RRM2	ENSG00000171848
PPARD-1	PPARD	ENSG00000112033
CEP192-1	CEP192	ENSG00000101639
PPHLN1-1	PPHLN1	ENSG00000134283
ANLN-1	ANLN	ENSG00000011426
ARRDC5-1	ARRDC5	ENSG00000205784
ABHD17A-1	ABHD17A	ENSG00000129968
PFDN1-1	PFDN1	ENSG00000113068
FANCM-1	FANCM	ENSG00000187790
RABL3-1	RABL3	ENSG00000144840
LZTFL1-1	LZTFL1	ENSG00000163818
HOXD9-1	HOXD9	ENSG00000128709
HOXC4-1	HOXC4	ENSG00000198353
MFSD3-1	MFSD3	ENSG00000167700
SLC30A6-1	SLC30A6	ENSG00000152683
C20orf202-1	C20orf202	ENSG00000215595
LAMP1-1	LAMP1	ENSG00000185896
ARMC5-2	ARMC5	ENSG00000140691
DDB1-2	DDB1	ENSG00000167986
FNDC10-2	FNDC10	ENSG00000228594
RORC-2	RORC	ENSG00000143365
SLC35F6-2	SLC35F6	ENSG00000213699
C22orf46-2	C22orf46P	ENSG00000293428
POLR2A-2	POLR2A	ENSG00000181222
TBX18-2	TBX18	ENSG00000112837
TTC17-2	TTC17	ENSG00000052841
C16orf87-2	C16orf87	ENSG00000155330
DDX42-2	DDX42	ENSG00000198231
C20orf194-2	DNAAF9	ENSG00000088854
SIX4-2	SIX4	ENSG00000100625
TNIP1-2	TNIP1	ENSG00000145901
RINT1-2	RINT1	ENSG00000135249
UBAP2L-2	UBAP2L	ENSG00000143569
AGAP2-2	AGAP2	ENSG00000135439
CNOT2-2	CNOT2	ENSG00000111596
KDM4A-2	KDM4A	ENSG00000066135
FBXW2-2	FBXW2	ENSG00000119402
SAP30L-2	SAP30L	ENSG00000164576
TMEM258-2	TMEM258	ENSG00000134825
HOXB1-2	HOXB1	ENSG00000120094
DBNDD2-2	DBNDD2	ENSG00000244274
WDR83-2	WDR83	ENSG00000123154
NOD2-2	NOD2	ENSG00000167207
TM6SF1-2	TM6SF1	ENSG00000136404
SPR-2	SPR	ENSG00000116096
ZNF510-2	ZNF510	ENSG00000081386
PEX14-2	PEX14	ENSG00000142655
ZDHHC14-2	ZDHHC14	ENSG00000175048
PANX1-2	PANX1	ENSG00000110218
UPF2-2	UPF2	ENSG00000151461
NKAP-2	NKAP	ENSG00000101882
ZNF235-2	ZNF235	ENSG00000159917
FARS2-2	FARS2	ENSG00000145982
SPON2-2	SPON2	ENSG00000159674
ZFYVE19-2	ZFYVE19	ENSG00000166140
RRNAD1-2	METTL25B	ENSG00000143303
CNOT6L-2	CNOT6L	ENSG00000138767
FKBP11-2	FKBP11	ENSG00000134285
KCNK7-2	KCNK7	ENSG00000173338
ATAD3B-2	ATAD3B	ENSG00000160072
SFT2D2-2	SFT2D2	ENSG00000213064
ARL6IP4-2	ARL6IP4	ENSG00000182196
MOSMO-2	MOSMO	ENSG00000185716
DBNDD1-2	DBNDD1	ENSG00000003249
LYSMD2-2	LYSMD2	ENSG00000140280
TBC1D8-2	TBC1D8	ENSG00000204634
ZNF689-2	ZNF689	ENSG00000156853
COPS2-2	COPS2	ENSG00000166200
LEAP2-2	LEAP2	ENSG00000164406
TENM1-2	TENM1	ENSG00000009694
EIF4E2-2	EIF4E2	ENSG00000135930
ARID1A-2	ARID1A	ENSG00000117713
OLIG1-2	OLIG1	ENSG00000184221
YIF1A-2	YIF1A	ENSG00000174851
ZNF575-2	ZNF575	ENSG00000176472
BAZ1B-2	BAZ1B	ENSG00000009954
UBR3-2	UBR3	ENSG00000144357
STYXL1-2	STYXL1	ENSG00000127952
EPS15L1-2	EPS15L1	ENSG00000127527
CARNMT1-2	CARNMT1	ENSG00000156017
PPP4R3B-2	PPP4R3B	ENSG00000275052
RPL39-2	RPL39	ENSG00000198918
CDX1-2	CDX1	ENSG00000113722
PPP1R3D-2	PPP1R3D	ENSG00000132825
EXOC5-2	EXOC5	ENSG00000070367
PSMD13-2	PSMD13	ENSG00000185627
ANKRD13A-2	ANKRD13A	ENSG00000076513
TMC6-2	TMC6	ENSG00000141524
DYNLT3-2	DYNLT3	ENSG00000165169
TMTC2-2	TMTC2	ENSG00000179104
PTPN1-2	PTPN1	ENSG00000196396
SECISBP2L-2	SECISBP2L	ENSG00000138593
TMEM150A-2	TMEM150A	ENSG00000168890
STK16-2	STK16	ENSG00000115661
TUBGCP6-2	TUBGCP6	ENSG00000128159
PLEKHH2-2	PLEKHH2	ENSG00000152527
CEP83-2	CEP83	ENSG00000173588
FAM102A-2	EEIG1	ENSG00000167106
TMEM43-2	TMEM43	ENSG00000170876
ZNF16-2	ZNF16	ENSG00000170631
DPCD-2	DPCD	ENSG00000166171
NKX2-8-2	NKX2-8	ENSG00000136327
RNF10-2	RNF10	ENSG00000022840
SUPT7L-2	SUPT7L	ENSG00000119760
HAUS3-2	HAUS3	ENSG00000214367
ERCC6L-2	ERCC6L	ENSG00000186871
RUVBL1-2	RUVBL1	ENSG00000175792
GSTK1-2	GSTK1	ENSG00000197448
FAM122B-2	PABIR2	ENSG00000156504
EVX1-2	EVX1	ENSG00000106038
CSMD1-2	CSMD1	ENSG00000183117
SUPT20H-2	SUPT20H	ENSG00000102710
MYOG-2	MYOG	ENSG00000122180
UXS1-2	UXS1	ENSG00000115652
POLR3K-2	POLR3K	ENSG00000161980
NFE2L2-2	NFE2L2	ENSG00000116044
HERC3-2	HERC3	ENSG00000138641
GPATCH4-2	GPATCH4	ENSG00000160818
RETREG2-2	RETREG2	ENSG00000144567
EIF3I-2	EIF3I	ENSG00000084623
NT5M-2	NT5M	ENSG00000205309
CEP68-2	CEP68	ENSG00000011523
SMIM13-2	SMIM13	ENSG00000224531
TMEM241-2	TMEM241	ENSG00000134490
HSPB11-2	IFT25	ENSG00000081870
PZP-2	PZP	ENSG00000126838
ICK-2	CILK1	ENSG00000112144
TRIM13-2	TRIM13	ENSG00000204977
EREG-2	EREG	ENSG00000124882
TWNK-2	TWNK	ENSG00000107815
EPHB4-2	EPHB4	ENSG00000196411
SAMD10-2	SAMD10	ENSG00000130590
IRX5-2	IRX5	ENSG00000176842
CCDC142-2	CCDC142	ENSG00000135637
PIGU-2	PIGU	ENSG00000101464
ADGRE5-2	ADGRE5	ENSG00000123146
ZNF358-2	ZNF358	ENSG00000198816
HECA-2	HECA	ENSG00000112406
RGS16-2	RGS16	ENSG00000143333
ARL4C-2	ARL4C	ENSG00000188042
SACS-2	SACS	ENSG00000151835
C12orf10-2	MYG1	ENSG00000139637
NLRC3-2	NLRC3	ENSG00000167984
KCNA3-2	KCNA3	ENSG00000177272
PHF3-2	PHF3	ENSG00000118482
ITIH4-2	ITIH4	ENSG00000055955
LIFR-2	LIFR	ENSG00000113594
PSMA7-2	PSMA7	ENSG00000101182
MSL3-2	MSL3	ENSG00000005302
PAX4-2	PAX4	ENSG00000106331
RPS6KA1-2	RPS6KA1	ENSG00000117676
MNAT1-2	MNAT1	ENSG00000020426
PACSIN1-2	PACSIN1	ENSG00000124507
POLD3-2	POLD3	ENSG00000077514
GZMB-2	GZMB	ENSG00000100453
PEX5L-2	PEX5L	ENSG00000114757
SLC35E4-2	SLC35E4	ENSG00000100036
FBXO32-2	FBXO32	ENSG00000156804
HDX-2	HDX	ENSG00000165259
NUDCD1-2	NUDCD1	ENSG00000120526
KIAA1328-2	KIAA1328	ENSG00000150477
LMNA-2	LMNA	ENSG00000160789
TNFAIP3-2	TNFAIP3	ENSG00000118503
KAT2A-2	KAT2A	ENSG00000108773
TEDC1-2	TEDC1	ENSG00000185347
CYP3A5-2	CYP3A5	ENSG00000106258
EVI5L-2	EVI5L	ENSG00000142459
SLC7A11-2	SLC7A11	ENSG00000151012
ADRB2-2	ADRB2	ENSG00000169252
AP3D1-2	AP3D1	ENSG00000065000
NR4A3-2	NR4A3	ENSG00000119508
HIRIP3-2	HIRIP3	ENSG00000149929
MID2-2	MID2	ENSG00000080561
MSC-2	MSC	ENSG00000178860
SH2D2A-2	SH2D2A	ENSG00000027869
SHPRH-2	SHPRH	ENSG00000146414
EPC2-2	EPC2	ENSG00000135999
ZNF197-2	ZNF197	ENSG00000186448
CAMK2D-2	CAMK2D	ENSG00000145349
SCRN1-2	SCRN1	ENSG00000136193
SURF4-2	SURF4	ENSG00000148248
PRSS3-2	PRSS3	ENSG00000010438
LBH-2	LBH	ENSG00000213626
PTDSS2-2	PTDSS2	ENSG00000174915
PABPC4-2	PABPC4	ENSG00000090621
IL5RA-2	IL5RA	ENSG00000091181
PRELID1-2	PRELID1	ENSG00000169230
DOK4-2	DOK4	ENSG00000125170
PTGER4-2	PTGER4	ENSG00000171522
ZNF790-2	ZNF790	ENSG00000197863
OSTF1-2	OSTF1	ENSG00000134996
ISM1-2	ISM1	ENSG00000101230
ANKS3-2	ANKS3	ENSG00000168096
SLF1-2	SLF1	ENSG00000133302
AFG3L2-2	AFG3L2	ENSG00000141385
SGO1-2	SGO1	ENSG00000129810
ZNF846-2	ZNF846	ENSG00000196605
SLC4A5-2	SLC4A5	ENSG00000188687
NAT1-2	NAT1	ENSG00000171428
TDP2-2	TDP2	ENSG00000111802
HOXA13-2	HOXA13	ENSG00000106031
LRRC4-2	LRRC4	ENSG00000128594
TCAF1-2	TCAF1	ENSG00000198420
KPTN-2	KPTN	ENSG00000118162
ZNF181-2	ZNF181	ENSG00000197841
CSNK1G1-2	CSNK1G1	ENSG00000169118
SF3B3-2	SF3B3	ENSG00000189091
HCFC2-2	HCFC2	ENSG00000111727
TCF7-2	TCF7	ENSG00000081059
C1QTNF6-2	C1QTNF6	ENSG00000133466
HIKESHI-2	HIKESHI	ENSG00000149196
ZFAND2B-2	ZFAND2B	ENSG00000158552
TIMD4-2	TIMD4	ENSG00000145850
TIMP2-2	TIMP2	ENSG00000035862
KLHDC10-2	KLHDC10	ENSG00000128607
SLC16A6-2	SLC16A6	ENSG00000108932
PSMG2-2	PSMG2	ENSG00000128789
DECR1-2	DECR1	ENSG00000104325
TOMM6-2	TOMM6	ENSG00000214736
DOCK2-2	DOCK2	ENSG00000134516
RER1-2	RER1	ENSG00000157916
CKS1B-2	CKS1B	ENSG00000173207
UBTF-2	UBTF	ENSG00000108312
KCTD5-2	KCTD5	ENSG00000167977
DNAJC30-2	DNAJC30	ENSG00000176410
ENPP3-2	ENPP3	ENSG00000154269
CCNG1-2	CCNG1	ENSG00000113328
TNIK-2	TNIK	ENSG00000154310
HSPA4-2	HSPA4	ENSG00000170606
LYN-2	LYN	ENSG00000254087
FOXD2-2	FOXD2	ENSG00000186564
RAB3GAP1-2	RAB3GAP1	ENSG00000115839
DYNC1LI2-2	DYNC1LI2	ENSG00000135720
CRTC1-2	CRTC1	ENSG00000105662
HOXA7-2	HOXA7	ENSG00000122592
CEP295-2	CEP295	ENSG00000166004
MBNL3-2	MBNL3	ENSG00000076770
MITD1-2	MITD1	ENSG00000158411
SLC41A3-2	SLC41A3	ENSG00000114544
SCFD1-2	SCFD1	ENSG00000092108
INPPL1-2	INPPL1	ENSG00000165458
BIN3-2	BIN3	ENSG00000147439
SIAH3-2	SIAH3	ENSG00000215475
TMEM259-2	TMEM259	ENSG00000182087
DMRTA2-2	DMRTA2	ENSG00000142700
CD22-2	CD22	ENSG00000012124
TEX10-2	TEX10	ENSG00000136891
EIF2B5-2	EIF2B5	ENSG00000145191
BHLHE23-2	BHLHE23	ENSG00000125533
KDM5A-2	KDM5A	ENSG00000073614
DSCC1-2	DSCC1	ENSG00000136982
DRC3-2	DRC3	ENSG00000171962
ALKAL2-2	ALKAL2	ENSG00000189292
CDK6-2	CDK6	ENSG00000105810
KHK-2	KHK	ENSG00000138030
SPCS2-2	SPCS2	ENSG00000118363
UBE2Q1-2	UBE2Q1	ENSG00000160714
PPM1L-2	PPM1L	ENSG00000163590
TRIM52-2	TRIM52	ENSG00000183718
CORO1C-2	CORO1C	ENSG00000110880
IRF4-2	IRF4	ENSG00000137265
DDX19B-2	DDX19B	ENSG00000157349
KIF3A-2	KIF3A	ENSG00000131437
ANKRD9-2	ANKRD9	ENSG00000156381
BHLHE22-2	BHLHE22	ENSG00000180828
FURIN-2	FURIN	ENSG00000140564
DCLRE1C-2	DCLRE1C	ENSG00000152457
SCAI-2	SCAI	ENSG00000173611
GNPTAB-2	GNPTAB	ENSG00000111670
ELOVL1-2	ELOVL1	ENSG00000066322
TRIM17-2	TRIM17	ENSG00000162931
DYSF-2	DYSF	ENSG00000135636
IFFO2-2	IFFO2	ENSG00000169991
NCSTN-2	NCSTN	ENSG00000162736
PLCG2-2	PLCG2	ENSG00000197943
RPLP2-2	RPLP2	ENSG00000177600
RPLP0-2	RPLP0	ENSG00000089157
EFNA1-2	EFNA1	ENSG00000169242
XRCC4-2	XRCC4	ENSG00000152422
ZNF786-2	ZNF786	ENSG00000197362
NRARP-2	NRARP	ENSG00000198435
POLG2-2	POLG2	ENSG00000256525
STX10-2	STX10	ENSG00000104915
HMGA2-2	HMGA2	ENSG00000149948
PIK3CG-2	PIK3CG	ENSG00000105851
CCDC85C-2	CCDC85C	ENSG00000205476
NPLOC4-2	NPLOC4	ENSG00000182446
MAGI2-2	MAGI2	ENSG00000187391
UHRF2-2	UHRF2	ENSG00000147854
FLVCR1-2	FLVCR1	ENSG00000162769
FAM129B-2	NIBAN2	ENSG00000136830
ATP2B1-2	ATP2B1	ENSG00000070961
CBLN3-2	CBLN3	ENSG00000139899
HSPA5-2	HSPA5	ENSG00000044574
WDR20-2	WDR20	ENSG00000140153
RNF214-2	RNF214	ENSG00000167257
COL7A1-2	COL7A1	ENSG00000114270
MUC16-2	MUC16	ENSG00000181143
CENPB-2	CENPB	ENSG00000125817
FBXO5-2	FBXO5	ENSG00000112029
PRR14-2	PRR14	ENSG00000156858
PSEN2-2	PSEN2	ENSG00000143801
RBM27-2	RBM27	ENSG00000091009
SEMA4D-2	SEMA4D	ENSG00000187764
HIST1H3D-2	H3C4	ENSG00000197409
MRPS27-2	MRPS27	ENSG00000113048
GIMAP7-2	GIMAP7	ENSG00000179144
BCL9L-2	BCL9L	ENSG00000186174
DCK-2	DCK	ENSG00000156136
GADD45GIP1-2	GADD45GIP1	ENSG00000179271
FUT4-2	FUT4	ENSG00000196371
NBR1-2	NBR1	ENSG00000188554
HIST1H1D-2	H1-3	ENSG00000124575
BEX3-2	BEX3	ENSG00000166681
C9orf78-2	C9orf78	ENSG00000136819
WAC-2	WAC	ENSG00000095787
POMGNT2-2	POMGNT2	ENSG00000144647
FOXB2-2	FOXB2	ENSG00000204612
LTO1-2	LTO1	ENSG00000149716
POU5F2-2	POU5F2	ENSG00000248483
CD80-2	CD80	ENSG00000121594
ZC3H7B-2	ZC3H7B	ENSG00000100403
APOL6-2	APOL6	ENSG00000221963
SPECC1-2	SPECC1	ENSG00000128487
LUZP1-2	LUZP1	ENSG00000169641
TRAF1-2	TRAF1	ENSG00000056558
SEC23A-2	SEC23A	ENSG00000100934
PNMT-2	PNMT	ENSG00000141744
PSMA8-2	PSMA8	ENSG00000154611
RAB11A-2	RAB11A	ENSG00000103769
EMILIN2-2	EMILIN2	ENSG00000132205
NDUFB7-2	NDUFB7	ENSG00000099795
CALM3-2	CALM3	ENSG00000160014
MTO1-2	MTO1	ENSG00000135297
AXIN2-2	AXIN2	ENSG00000168646
NFATC3-2	NFATC3	ENSG00000072736
ZFY-2	ZFY	ENSG00000067646
TIAM1-2	TIAM1	ENSG00000156299
STS-2	STS	ENSG00000101846
EPHX1-2	EPHX1	ENSG00000143819
FN3KRP-2	FN3KRP	ENSG00000141560
FBXL12-2	FBXL12	ENSG00000127452
DPH5-2	DPH5	ENSG00000117543
GSTO1-2	GSTO1	ENSG00000148834
SPDEF-2	SPDEF	ENSG00000124664
PRAF2-2	PRAF2	ENSG00000243279
RIOK2-2	RIOK2	ENSG00000058729
INSM1-2	INSM1	ENSG00000173404
NIPSNAP2-2	NIPSNAP2	ENSG00000146729
SIGLEC10-2	SIGLEC10	ENSG00000142512
NCKAP1-2	NCKAP1	ENSG00000061676
NUBPL-2	NUBPL	ENSG00000151413
FNIP1-2	FNIP1	ENSG00000217128
IGFBP5-2	IGFBP5	ENSG00000115461
PRG4-2	PRG4	ENSG00000116690
AOC2-2	AOC2	ENSG00000131480
ZNRF3-2	ZNRF3	ENSG00000183579
IFT140-2	IFT140	ENSG00000187535
CCDC154-2	CCDC154	ENSG00000197599
TOP1-2	TOP1	ENSG00000198900
POLR3B-2	POLR3B	ENSG00000013503
SPSB1-2	SPSB1	ENSG00000171621
MOK-2	MOK	ENSG00000080823
NUDT11-2	NUDT11	ENSG00000196368
ARL14EP-2	ARL14EP	ENSG00000152219
ZNF324-2	ZNF324	ENSG00000083812
HSPBAP1-2	HSPBAP1	ENSG00000169087
SLC35G1-2	SLC35G1	ENSG00000176273
C9orf85-2	C9orf85	ENSG00000155621
GRK6-2	GRK6	ENSG00000198055
CCDC124-2	CCDC124	ENSG00000007080
KLHL7-2	KLHL7	ENSG00000122550
QARS-2	QARS1	ENSG00000172053
RNF19A-2	RNF19A	ENSG00000034677
C12orf29-2	RLIG1	ENSG00000133641
GRAMD1B-2	GRAMD1B	ENSG00000023171
MRPL39-2	MRPL39	ENSG00000154719
RETREG1-2	RETREG1	ENSG00000154153
TMEM184B-2	TMEM184B	ENSG00000198792
ZNF735-2	ZNF735	ENSG00000223614
RUNX2-2	RUNX2	ENSG00000124813
TP73-2	TP73	ENSG00000078900
PFKP-2	PFKP	ENSG00000067057
MIER2-2	MIER2	ENSG00000105556
ZCCHC3-2	ZCCHC3	ENSG00000247315
COL6A2-2	COL6A2	ENSG00000142173
PCBP4-2	PCBP4	ENSG00000090097
C1QB-2	C1QB	ENSG00000173369
GPATCH8-2	GPATCH8	ENSG00000186566
CLINT1-2	CLINT1	ENSG00000113282
MTDH-2	MTDH	ENSG00000147649
SASH3-2	SASH3	ENSG00000122122
RNF123-2	RNF123	ENSG00000164068
RHBDD1-2	RHBDD1	ENSG00000144468
FRS3-2	FRS3	ENSG00000137218
CLUAP1-2	CLUAP1	ENSG00000103351
ZNF354B-2	ZNF354B	ENSG00000178338
CCDC22-2	CCDC22	ENSG00000101997
TGFBR2-2	TGFBR2	ENSG00000163513
BEND4-2	BEND4	ENSG00000188848
SFXN1-2	SFXN1	ENSG00000164466
CLOCK-2	CLOCK	ENSG00000134852
N4BP1-2	N4BP1	ENSG00000102921
ZNF8-2	ZNF8	ENSG00000278129
PANK3-2	PANK3	ENSG00000120137
ZNF585B-2	ZNF585B	ENSG00000245680
BPNT1-2	BPNT1	ENSG00000162813
LRRC14-2	LRRC14	ENSG00000160959
TNKS1BP1-2	TNKS1BP1	ENSG00000149115
PRPF39-2	PRPF39	ENSG00000185246
CDPF1-2	CDPF1	ENSG00000205643
UBXN7-2	UBXN7	ENSG00000163960
EPB41L5-2	EPB41L5	ENSG00000115109
APRT-2	APRT	ENSG00000198931
PI4KB-2	PI4KB	ENSG00000143393
SNX15-2	SNX15	ENSG00000110025
QKI-2	QKI	ENSG00000112531
TMEM175-2	TMEM175	ENSG00000127419
CLDN1-2	CLDN1	ENSG00000163347
PATZ1-2	PATZ1	ENSG00000100105
MAPK1IP1L-2	MAPK1IP1L	ENSG00000168175
PHOX2B-2	PHOX2B	ENSG00000109132
RAB11B-2	RAB11B	ENSG00000185236
ZNF428-2	ZNF428	ENSG00000131116
CNPPD1-2	CNPPD1	ENSG00000115649
RANBP2-2	RANBP2	ENSG00000153201
ANKRD23-2	ANKRD23	ENSG00000163126
THAP10-2	THAP10	ENSG00000129028
SMKR1-2	SMKR1	ENSG00000240204
ZFHX3-2	ZFHX3	ENSG00000140836
DCAF10-2	DCAF10	ENSG00000122741
SLC10A7-2	SLC10A7	ENSG00000120519
RAB18-2	RAB18	ENSG00000099246
SALL2-2	SALL2	ENSG00000165821
UST-2	UST	ENSG00000111962
COG7-2	COG7	ENSG00000168434
TIFA-2	TIFA	ENSG00000145365
SERTAD1-2	SERTAD1	ENSG00000197019
ARL5B-2	ARL5B	ENSG00000165997
OGDH-2	OGDH	ENSG00000105953
CPEB3-2	CPEB3	ENSG00000107864
ENY2-2	ENY2	ENSG00000120533
GPR107-2	GPR107	ENSG00000148358
HIST1H2BN-2	H2BC15	ENSG00000233822
PFAS-2	PFAS	ENSG00000178921
ARF1-2	ARF1	ENSG00000143761
GP5-2	GP5	ENSG00000178732
SH2D3A-2	SH2D3A	ENSG00000125731
NR2F1-2	NR2F1	ENSG00000175745
NEUROG2-2	NEUROG2	ENSG00000178403
ZNF418-2	ZNF418	ENSG00000196724
ZNF513-2	ZNF513	ENSG00000163795
SPRED2-2	SPRED2	ENSG00000198369
GPR25-2	GPR25	ENSG00000170128
ZNF827-2	ZNF827	ENSG00000151612
GRINA-2	GRINA	ENSG00000178719
ZNF777-2	ZNF777	ENSG00000196453
ZFP41-2	ZFP41	ENSG00000181638
EXO5-2	EXO5	ENSG00000164002
CEBPD-2	CEBPD	ENSG00000221869
ATAD5-2	ATAD5	ENSG00000176208
PLD3-2	PLD3	ENSG00000105223
TMEM204-2	TMEM204	ENSG00000131634
AMH-2	AMH	ENSG00000104899
CXCL1-2	CXCL1	ENSG00000163739
EIF3L-2	EIF3L	ENSG00000100129
ZNF653-2	ZNF653	ENSG00000161914
ZNF664-2	ZNF664	ENSG00000179195
IFIH1-2	IFIH1	ENSG00000115267
MOB3A-2	MOB3A	ENSG00000172081
SMPD3-2	SMPD3	ENSG00000103056
FAM174A-2	FAM174A	ENSG00000174132
MRPL24-2	MRPL24	ENSG00000143314
XKR6-2	XKR6	ENSG00000171044
RANBP3-2	RANBP3	ENSG00000031823
ZSCAN29-2	ZSCAN29	ENSG00000140265
IL32-2	IL32	ENSG00000008517
ZSCAN12-2	ZSCAN12	ENSG00000158691
CSF3R-2	CSF3R	ENSG00000119535
FSCN1-2	FSCN1	ENSG00000075618
C3orf52-2	C3orf52	ENSG00000114529
PPP4C-2	PPP4C	ENSG00000149923
MS4A6A-2	MS4A6A	ENSG00000110077
ST20-MTHFS-2	ST20-MTHFS	ENSG00000259332
PPP3R1-2	PPP3R1	ENSG00000221823
SLC5A5-2	SLC5A5	ENSG00000105641
DHRS13-2	DHRS13	ENSG00000167536
HPGDS-2	HPGDS	ENSG00000163106
FOXP4-2	FOXP4	ENSG00000137166
UBASH3A-2	UBASH3A	ENSG00000160185
C19orf70-2	MICOS13	ENSG00000174917
MCRIP1-2	MCRIP1	ENSG00000225663
GRAP2-2	GRAP2	ENSG00000100351
PICALM-2	PICALM	ENSG00000073921
CCDC28B-2	CCDC28B	ENSG00000160050
STAG3-2	STAG3	ENSG00000066923
TMEM255A-2	TMEM255A	ENSG00000125355
DENND1C-2	DENND1C	ENSG00000205744
HOOK1-2	HOOK1	ENSG00000134709
ATXN1-2	ATXN1	ENSG00000124788
WDFY4-2	WDFY4	ENSG00000128815
CNOT10-2	CNOT10	ENSG00000182973
PEX10-2	PEX10	ENSG00000157911
NRAS-2	NRAS	ENSG00000213281
NAXD-2	NAXD	ENSG00000213995
ASCC1-2	ASCC1	ENSG00000138303
EMSY-2	EMSY	ENSG00000158636
MED18-2	MED18	ENSG00000130772
REXO1-2	REXO1	ENSG00000079313
EEFSEC-2	EEFSEC	ENSG00000132394
DNAJC3-2	DNAJC3	ENSG00000102580
ATG4A-2	ATG4A	ENSG00000101844
IFI44-2	IFI44	ENSG00000137965
GCC1-2	GCC1	ENSG00000179562
NDUFS4-2	NDUFS4	ENSG00000164258
AP5Z1-2	AP5Z1	ENSG00000242802
XPA-2	XPA	ENSG00000136936
SCRG1-2	SCRG1	ENSG00000164106
SCN8A-2	SCN8A	ENSG00000196876
CSRNP1-2	CSRNP1	ENSG00000144655
TDRKH-2	TDRKH	ENSG00000182134
CISD2-2	CISD2	ENSG00000145354
TCF7L1-2	TCF7L1	ENSG00000152284
RBBP5-2	RBBP5	ENSG00000117222
PGC-2	PGC	ENSG00000096088
ING1-2	ING1	ENSG00000153487
ERP44-2	ERP44	ENSG00000023318
SALL4-2	SALL4	ENSG00000101115
EDEM2-2	EDEM2	ENSG00000088298
CKAP2-2	CKAP2	ENSG00000136108
HDAC10-2	HDAC10	ENSG00000100429
CYBRD1-2	CYBRD1	ENSG00000071967
NUP88-2	NUP88	ENSG00000108559
KLHL20-2	KLHL20	ENSG00000076321
TRIM35-2	TRIM35	ENSG00000104228
SPSB3-2	SPSB3	ENSG00000162032
WBP2-2	WBP2	ENSG00000132471
ACOT4-2	ACOT4	ENSG00000177465
NASP-2	NASP	ENSG00000132780
RACK1-2	RACK1	ENSG00000204628
ELK3-2	ELK3	ENSG00000111145
ACADSB-2	ACADSB	ENSG00000196177
SLC39A14-2	SLC39A14	ENSG00000104635
NPHP3-2	NPHP3	ENSG00000113971
METTL4-2	METTL4	ENSG00000101574
SIL1-2	SIL1	ENSG00000120725
RGP1-2	RGP1	ENSG00000107185
MCUB-2	MCUB	ENSG00000005059
MED12-2	MED12	ENSG00000184634
IRX4-2	IRX4	ENSG00000113430
KIF13B-2	KIF13B	ENSG00000197892
RNF6-2	RNF6	ENSG00000127870
PSMG4-2	PSMG4	ENSG00000180822
DNTTIP1-2	DNTTIP1	ENSG00000101457
ZNF517-2	ZNF517	ENSG00000197363
DGUOK-2	DGUOK	ENSG00000114956
SMAGP-2	SMAGP	ENSG00000170545
CAPNS1-2	CAPNS1	ENSG00000126247
KTI12-2	KTI12	ENSG00000198841
TREX1-2	TREX1	ENSG00000213689
SGSH-2	SGSH	ENSG00000181523
IRAK3-2	IRAK3	ENSG00000090376
WDR5B-2	WDR5B	ENSG00000196981
MAMDC4-2	MAMDC4	ENSG00000177943
C19orf33-2	C19orf33	ENSG00000167644
GRPEL1-2	GRPEL1	ENSG00000109519
FAM50B-2	FAM50B	ENSG00000145945
MAD2L1-2	MAD2L1	ENSG00000164109
FOXM1-2	FOXM1	ENSG00000111206
UFSP1-2	UFSP1	ENSG00000176125
SMARCC1-2	SMARCC1	ENSG00000173473
GABARAP-2	GABARAP	ENSG00000170296
MSTO1-2	MSTO1	ENSG00000125459
MBOAT4-2	MBOAT4	ENSG00000177669
ABCF2-2	ABCF2	ENSG00000033050
TNFRSF8-2	TNFRSF8	ENSG00000120949
ZNF792-2	ZNF792	ENSG00000180884
SYNCRIP-2	SYNCRIP	ENSG00000135316
ENDOV-2	ENDOV	ENSG00000173818
INCA1-2	INCA1	ENSG00000196388
TFE3-2	TFE3	ENSG00000068323
DERL1-2	DERL1	ENSG00000136986
TWF2-2	TWF2	ENSG00000247596
RNF40-2	RNF40	ENSG00000103549
ZNF33B-2	ZNF33B	ENSG00000196693
ANKRD39-2	ANKRD39	ENSG00000213337
CHTF18-2	CHTF18	ENSG00000127586
BTN2A2-2	BTN2A2	ENSG00000124508
TPPP-2	TPPP	ENSG00000171368
ISG20-2	ISG20	ENSG00000172183
NEK11-2	NEK11	ENSG00000114670
EBI3-2	EBI3	ENSG00000105246
CD6-2	CD6	ENSG00000013725
PLAC8-2	PLAC8	ENSG00000145287
COA5-2	COA5	ENSG00000183513
MOB2-2	MOB2	ENSG00000182208
GP1BA-2	GP1BA	ENSG00000185245
TFRC-2	TFRC	ENSG00000072274
C1orf162-2	C1orf162	ENSG00000143110
MAD2L2-2	MAD2L2	ENSG00000116670
BUD13-2	BUD13	ENSG00000137656
RPS7-2	RPS7	ENSG00000171863
ZNF784-2	ZNF784	ENSG00000179922
PIMREG-2	PIMREG	ENSG00000129195
ELP6-2	ELP6	ENSG00000163832
ARL6IP6-2	ARL6IP6	ENSG00000177917
ZNF737-2	ZNF737	ENSG00000237440
DMRT2-2	DMRT2	ENSG00000173253
ALDOC-2	ALDOC	ENSG00000109107
COPS6-2	COPS6	ENSG00000168090
ARMCX6-2	ARMCX6	ENSG00000198960
TFR2-2	TFR2	ENSG00000106327
MRPL1-2	MRPL1	ENSG00000169288
INTS6L-2	INTS6L	ENSG00000165359
TTI2-2	TTI2	ENSG00000129696
SERINC5-2	SERINC5	ENSG00000164300
BSCL2-2	BSCL2	ENSG00000168000
ACAA1-2	ACAA1	ENSG00000060971
CTSS-2	CTSS	ENSG00000163131
TGOLN2-2	TGOLN2	ENSG00000152291
ZNF765-2	ZNF765	ENSG00000196417
KDSR-2	KDSR	ENSG00000119537
PTK2-2	PTK2	ENSG00000169398
PGR-2	PGR	ENSG00000082175
ATP5PF-2	ATP5PF	ENSG00000154723
KCTD15-2	KCTD15	ENSG00000153885
CCDC96-2	CFAP184	ENSG00000173013
ZBTB32-2	ZBTB32	ENSG00000011590
APOO-2	APOO	ENSG00000184831
RNF212-2	RNF212	ENSG00000178222
AKAP5-2	AKAP5	ENSG00000179841
POU6F1-2	POU6F1	ENSG00000184271
KRTCAP3-2	KRTCAP3	ENSG00000157992
CDCA2-2	CDCA2	ENSG00000184661
SPIN1-2	SPIN1	ENSG00000106723
ESR1-2	ESR1	ENSG00000091831
SMG6-2	SMG6	ENSG00000070366
GTPBP2-2	GTPBP2	ENSG00000172432
LAMB1-2	LAMB1	ENSG00000091136
TPH1-2	TPH1	ENSG00000129167
OGG1-2	OGG1	ENSG00000114026
ZNF132-2	ZNF132	ENSG00000131849
C11orf74-2	IFTAP	ENSG00000166352
FAM131A-2	FAM131A	ENSG00000175182
TMCO1-2	TMCO1	ENSG00000143183
GRK2-2	GRK2	ENSG00000173020
TNNC2-2	TNNC2	ENSG00000101470
CDH23-2	CDH23	ENSG00000107736
ATP1A1-2	ATP1A1	ENSG00000163399
BEX5-2	BEX5	ENSG00000184515
RCAN2-2	RCAN2	ENSG00000172348
ACER2-2	ACER2	ENSG00000177076
SPTLC1-2	SPTLC1	ENSG00000090054
PYCARD-2	PYCARD	ENSG00000103490
MTPAP-2	MTPAP	ENSG00000107951
METTL1-2	METTL1	ENSG00000037897
APLP1-2	APLP1	ENSG00000105290
PDE4B-2	PDE4B	ENSG00000184588
VSX2-2	VSX2	ENSG00000119614
VMAC-2	VMAC	ENSG00000187650
UBXN8-2	UBXN8	ENSG00000104691
C1orf56-2	C1orf56	ENSG00000143443
RARRES2-2	RARRES2	ENSG00000106538
SLC16A3-2	SLC16A3	ENSG00000141526
ZNF677-2	ZNF677	ENSG00000197928
CITED4-2	CITED4	ENSG00000179862
ABCA7-2	ABCA7	ENSG00000064687
PARP10-2	PARP10	ENSG00000178685
TRABD-2	TRABD	ENSG00000170638
MRPL11-2	MRPL11	ENSG00000174547
URB2-2	URB2	ENSG00000135763
ZBTB11-2	ZBTB11	ENSG00000066422
RAB28-2	RAB28	ENSG00000157869
TMEM214-2	TMEM214	ENSG00000119777
PPP1R13B-2	PPP1R13B	ENSG00000088808
JMJD4-2	JMJD4	ENSG00000081692
ITSN1-2	ITSN1	ENSG00000205726
VPS54-2	VPS54	ENSG00000143952
IL9-2	IL9	ENSG00000145839
MON1A-2	MON1A	ENSG00000164077
SAMD4B-2	SAMD4B	ENSG00000179134
ZFYVE1-2	ZFYVE1	ENSG00000165861
NGRN-2	NGRN	ENSG00000182768
C1QTNF3-2	C1QTNF3	ENSG00000082196
CRELD2-2	CRELD2	ENSG00000184164
UBE2O-2	UBE2O	ENSG00000175931
FAM174B-2	FAM174B	ENSG00000185442
DALRD3-2	DALRD3	ENSG00000178149
RDH14-2	RDH14	ENSG00000240857
SLC9B1-2	SLC9B1	ENSG00000164037
RENBP-2	RENBP	ENSG00000102032
S1PR5-2	S1PR5	ENSG00000180739
PRKCZ-2	PRKCZ	ENSG00000067606
ODR4-2	ODR4	ENSG00000157181
ERC1-2	ERC1	ENSG00000082805
MNX1-2	MNX1	ENSG00000130675
NDUFV2-2	NDUFV2	ENSG00000178127
TRPM2-2	TRPM2	ENSG00000142185
WDR48-2	WDR48	ENSG00000114742
EXOSC2-2	EXOSC2	ENSG00000130713
HSH2D-2	HSH2D	ENSG00000196684
BMI1-2	BMI1	ENSG00000168283
C1RL-2	C1RL	ENSG00000139178
MAML2-2	MAML2	ENSG00000184384
GLE1-2	GLE1	ENSG00000119392
KRT19-2	KRT19	ENSG00000171345
CGRRF1-2	CGRRF1	ENSG00000100532
AP5S1-2	AP5S1	ENSG00000125843
SENP6-2	SENP6	ENSG00000112701
ZNF821-2	ZNF821	ENSG00000102984
KRCC1-2	KRCC1	ENSG00000172086
COQ10B-2	COQ10B	ENSG00000115520
ANTXR2-2	ANTXR2	ENSG00000163297
CDK8-2	CDK8	ENSG00000132964
EIF4E-2	EIF4E	ENSG00000151247
TMEM60-2	TMEM60	ENSG00000135211
LONRF1-2	LONRF1	ENSG00000154359
DNAH17-2	DNAH17	ENSG00000187775
E2F3-2	E2F3	ENSG00000112242
RPL22L1-2	RPL22L1	ENSG00000163584
PPP1R12B-2	PPP1R12B	ENSG00000077157
STAU1-2	STAU1	ENSG00000124214
AGTPBP1-2	AGTPBP1	ENSG00000135049
IRF9-2	IRF9	ENSG00000213928
PRPF4-2	PRPF4	ENSG00000136875
KMT2C-2	KMT2C	ENSG00000055609
KDELR1-2	KDELR1	ENSG00000105438
C5orf30-2	MACIR	ENSG00000181751
ADAM12-2	ADAM12	ENSG00000148848
RBM6-2	RBM6	ENSG00000004534
CLDND2-2	CLDND2	ENSG00000160318
CCDC127-2	CCDC127	ENSG00000164366
ZNF565-2	ZNF565	ENSG00000196357
NEU3-2	NEU3	ENSG00000162139
SLA-2	SLA	ENSG00000155926
IFT74-2	IFT74	ENSG00000096872
VENTX-2	VENTX	ENSG00000151650
TMX4-2	TMX4	ENSG00000125827
GCLC-2	GCLC	ENSG00000001084
HDDC2-2	HDDC2	ENSG00000111906
HAUS5-2	HAUS5	ENSG00000249115
PIH1D1-2	PIH1D1	ENSG00000104872
SIK2-2	SIK2	ENSG00000170145
CREB5-2	CREB5	ENSG00000146592
SNAPC2-2	SNAPC2	ENSG00000104976
PPM1B-2	PPM1B	ENSG00000138032
SLC25A43-2	SLC25A43	ENSG00000077713
ACBD5-2	ACBD5	ENSG00000107897
LRRC45-2	LRRC45	ENSG00000169683
NEIL1-2	NEIL1	ENSG00000140398
PTTG1IP-2	PTTG1IP	ENSG00000183255
C17orf107-2	C17orf107	ENSG00000205710
GCSH-2	GCSH	ENSG00000140905
RPS6KC1-2	RPS6KC1	ENSG00000136643
COX7A2L-2	COX7A2L	ENSG00000115944
IL1R1-2	IL1R1	ENSG00000115594
IL2RB-2	IL2RB	ENSG00000100385
PYGB-2	PYGB	ENSG00000100994
ZNF20-2	ZNF20	ENSG00000132010
RCL1-2	RCL1	ENSG00000120158
TRAPPC5-2	TRAPPC5	ENSG00000181029
PDS5B-2	PDS5B	ENSG00000083642
GPR35-2	GPR35	ENSG00000178623
RCOR3-2	RCOR3	ENSG00000117625
KRT8-2	KRT8	ENSG00000170421
PPP1R9B-2	PPP1R9B	ENSG00000108819
ATG4C-2	ATG4C	ENSG00000125703
MEFV-2	MEFV	ENSG00000103313
HDAC5-2	HDAC5	ENSG00000108840
PSMA1-2	PSMA1	ENSG00000129084
C2orf15-2	C2orf15	ENSG00000273045
CMPK1-2	CMPK1	ENSG00000162368
AP3M1-2	AP3M1	ENSG00000185009
PM20D2-2	PM20D2	ENSG00000146281
DHCR24-2	DHCR24	ENSG00000116133
FBXO48-2	FBXO48	ENSG00000204923
TM2D2-2	TM2D2	ENSG00000169490
ASB13-2	ASB13	ENSG00000196372
CAPN7-2	CAPN7	ENSG00000131375
BICDL1-2	BICDL1	ENSG00000135127
GABPB1-2	GABPB1	ENSG00000104064
TMEM80-2	TMEM80	ENSG00000177042
YIPF3-2	YIPF3	ENSG00000137207
KIF14-2	KIF14	ENSG00000118193
FOXL2-2	FOXL2	ENSG00000183770
PHF8-2	PHF8	ENSG00000172943
CDCP1-2	CDCP1	ENSG00000163814
RRM2B-2	RRM2B	ENSG00000048392
COPS8-2	COPS8	ENSG00000198612
SREBF2-2	SREBF2	ENSG00000198911
NRCAM-2	NRCAM	ENSG00000091129
GIMAP6-2	GIMAP6	ENSG00000133561
HIVEP1-2	HIVEP1	ENSG00000095951
SP6-2	SP6	ENSG00000189120
ATP6V0B-2	ATP6V0B	ENSG00000117410
MAML1-2	MAML1	ENSG00000161021
PMEPA1-2	PMEPA1	ENSG00000124225
MORN2-2	MORN2	ENSG00000188010
SOX7-2	SOX7	ENSG00000171056
RBM7-2	RBM7	ENSG00000076053
CARD8-2	CARD8	ENSG00000105483
GSK3B-2	GSK3B	ENSG00000082701
SSH1-2	SSH1	ENSG00000084112
ANXA9-2	ANXA9	ENSG00000143412
CTNNB1-2	CTNNB1	ENSG00000168036
ADPGK-2	ADPGK	ENSG00000159322
GAS2L1-2	GAS2L1	ENSG00000185340
PIP-2	PIP	ENSG00000159763
SOHLH1-2	SOHLH1	ENSG00000165643
GRASP-2	TAMALIN	ENSG00000161835
ARRDC4-2	ARRDC4	ENSG00000140450
PMF1-2	PMF1	ENSG00000160783
COPA-2	COPA	ENSG00000122218
SARNP-2	SARNP	ENSG00000205323
BASP1-2	BASP1	ENSG00000176788
TNS4-2	TNS4	ENSG00000131746
PHF23-2	PHF23	ENSG00000040633
ATP6V1G1-2	ATP6V1G1	ENSG00000136888
BTN3A1-2	BTN3A1	ENSG00000026950
NTNG2-2	NTNG2	ENSG00000196358
HAND1-2	HAND1	ENSG00000113196
ZEB1-2	ZEB1	ENSG00000148516
IKZF3-2	IKZF3	ENSG00000161405
INSL3-2	INSL3	ENSG00000248099
PJA1-2	PJA1	ENSG00000181191
FANCC-2	FANCC	ENSG00000158169
NTN4-2	NTN4	ENSG00000074527
KBTBD3-2	KBTBD3	ENSG00000182359
HELT-2	HELT	ENSG00000187821
SAMSN1-2	SAMSN1	ENSG00000155307
CUL7-2	CUL7	ENSG00000044090
MAFA-2	MAFA	ENSG00000182759
SF3A3-2	SF3A3	ENSG00000183431
WNT10A-2	WNT10A	ENSG00000135925
UBE4B-2	UBE4B	ENSG00000130939
MLX-2	MLX	ENSG00000108788
CARD19-2	CARD19	ENSG00000165233
MTM1-2	MTM1	ENSG00000171100
C2orf76-2	C2orf76	ENSG00000186132
MCM2-2	MCM2	ENSG00000073111
HBD-2	HBD	ENSG00000223609
TMEM131-2	TMEM131	ENSG00000075568
CD244-2	CD244	ENSG00000122223
NSUN6-2	NSUN6	ENSG00000241058
RYR2-2	RYR2	ENSG00000198626
MYO1B-2	MYO1B	ENSG00000128641
WDR7-2	WDR7	ENSG00000091157
MFSD12-2	MFSD12	ENSG00000161091
ZNF527-2	ZNF527	ENSG00000189164
TYSND1-2	TYSND1	ENSG00000156521
SLC35D2-2	SLC35D2	ENSG00000130958
ZNF860-2	ZNF860	ENSG00000197385
ORAI2-2	ORAI2	ENSG00000160991
LTN1-2	LTN1	ENSG00000198862
XRCC1-2	XRCC1	ENSG00000073050
C4orf48-2	NICOL1	ENSG00000243449
PRDX5-2	PRDX5	ENSG00000126432
MMS19-2	MMS19	ENSG00000155229
FNBP4-2	FNBP4	ENSG00000109920
RRP1B-2	RRP1B	ENSG00000160208
NIT2-2	NIT2	ENSG00000114021
GCNT7-2	GCNT7	ENSG00000124091
VCP-2	VCP	ENSG00000165280
THYN1-2	THYN1	ENSG00000151500
TBL2-2	TBL2	ENSG00000106638
ALDH18A1-2	ALDH18A1	ENSG00000059573
FRAT1-2	FRAT1	ENSG00000165879
WDHD1-2	WDHD1	ENSG00000198554
LRRC69-2	LRRC69	ENSG00000214954
LMAN2L-2	LMAN2L	ENSG00000114988
STK24-2	STK24	ENSG00000102572
STMN3-2	STMN3	ENSG00000197457
GALNT6-2	GALNT6	ENSG00000139629
TMEM203-2	TMEM203	ENSG00000187713
NUSAP1-2	NUSAP1	ENSG00000137804
FBXO8-2	FBXO8	ENSG00000164117
UBXN11-2	UBXN11	ENSG00000158062
MAP3K2-2	MAP3K2	ENSG00000169967
IMP3-2	IMP3	ENSG00000177971
TLE2-2	TLE2	ENSG00000065717
PTPN22-2	PTPN22	ENSG00000134242
DNAJC18-2	DNAJC18	ENSG00000170464
CDC25C-2	CDC25C	ENSG00000158402
OGT-2	OGT	ENSG00000147162
YARS-2	YARS1	ENSG00000134684
ACCS-2	ACCS	ENSG00000110455
GCHFR-2	GCHFR	ENSG00000137880
PLXNA3-2	PLXNA3	ENSG00000130827
PREPL-2	PREPL	ENSG00000138078
EIF3E-2	EIF3E	ENSG00000104408
ZYG11B-2	ZYG11B	ENSG00000162378
KIF23-2	KIF23	ENSG00000137807
MPEG1-2	MPEG1	ENSG00000197629
TMEM230-2	TMEM230	ENSG00000089063
BORCS8-2	BORCS8	ENSG00000254901
CUL5-2	CUL5	ENSG00000166266
CTSL-2	CTSL	ENSG00000135047
CHST12-2	CHST12	ENSG00000136213
EML5-2	EML5	ENSG00000165521
IFT46-2	IFT46	ENSG00000118096
ANGEL1-2	ANGEL1	ENSG00000013523
YPEL3-2	YPEL3	ENSG00000090238
EPS15-2	EPS15	ENSG00000085832
ZNF574-2	ZNF574	ENSG00000105732
ZNF726-2	ZNF726	ENSG00000213967
CYTH2-2	CYTH2	ENSG00000105443
DAPK1-2	DAPK1	ENSG00000196730
BCL10-2	BCL10	ENSG00000142867
DNAJB9-2	DNAJB9	ENSG00000128590
MAD1L1-2	MAD1L1	ENSG00000002822
KCNMA1-2	KCNMA1	ENSG00000156113
DDX49-2	DDX49	ENSG00000105671
ZNF160-2	ZNF160	ENSG00000170949
IL11RA-2	IL11RA	ENSG00000137070
SLC2A13-2	SLC2A13	ENSG00000151229
FAM162A-2	FAM162A	ENSG00000114023
SV2A-2	SV2A	ENSG00000159164
PLEC-2	PLEC	ENSG00000178209
FAM20B-2	FAM20B	ENSG00000116199
SEC24A-2	SEC24A	ENSG00000113615
TTC26-2	IFT56	ENSG00000105948
UBE2L3-2	UBE2L3	ENSG00000185651
C6orf89-2	C6orf89	ENSG00000198663
LAMA1-2	LAMA1	ENSG00000101680
CLEC7A-2	CLEC7A	ENSG00000172243
AASS-2	AASS	ENSG00000008311
PITPNC1-2	PITPNC1	ENSG00000154217
SSNA1-2	SSNA1	ENSG00000176101
CASC3-2	CASC3	ENSG00000108349
RASSF3-2	RASSF3	ENSG00000153179
TMEM102-2	TMEM102	ENSG00000181284
RPUSD2-2	RPUSD2	ENSG00000166133
PEX3-2	PEX3	ENSG00000034693
TMEM68-2	TMEM68	ENSG00000167904
CDC26-2	CDC26	ENSG00000176386
MALSU1-2	MALSU1	ENSG00000156928
CLIP3-2	CLIP3	ENSG00000105270
SCML4-2	SCML4	ENSG00000146285
LSM10-2	LSM10	ENSG00000181817
ISY1-RAB43-2	ISY1-RAB43	ENSG00000261796
FAM214A-2	ATOSA	ENSG00000047346
CIAO2A-2	CIAO2A	ENSG00000166797
CDYL2-2	CDYL2	ENSG00000166446
CCNB1-2	CCNB1	ENSG00000134057
PLA2G7-2	PLA2G7	ENSG00000146070
TRMT112-2	TRMT112	ENSG00000173113
CDA-2	CDA	ENSG00000158825
TTC39B-2	TTC39B	ENSG00000155158
MFSD8-2	MFSD8	ENSG00000164073
CTSZ-2	CTSZ	ENSG00000101160
SIM2-2	SIM2	ENSG00000159263
DPYD-2	DPYD	ENSG00000188641
HEATR6-2	HEATR6	ENSG00000068097
SDC4-2	SDC4	ENSG00000124145
DGCR6L-2	DGCR6L	ENSG00000128185
CEP350-2	CEP350	ENSG00000135837
RPA3-2	RPA3	ENSG00000106399
KCNAB3-2	KCNAB3	ENSG00000170049
ESR2-2	ESR2	ENSG00000140009
ZBTB8A-2	ZBTB8A	ENSG00000160062
TACO1-2	TACO1	ENSG00000136463
LRCH4-2	LRCH4	ENSG00000077454
PI4KA-2	PI4KA	ENSG00000241973
PROCR-2	PROCR	ENSG00000101000
PRDM6-2	PRDM6	ENSG00000061455
TBC1D4-2	TBC1D4	ENSG00000136111
BRPF3-2	BRPF3	ENSG00000096070
HIST3H2BB-2	H2BC26	ENSG00000196890
GON4L-2	GON4L	ENSG00000116580
SPRYD7-2	SPRYD7	ENSG00000123178
RNF185-2	RNF185	ENSG00000138942
CUL4B-2	CUL4B	ENSG00000158290
RSU1-2	RSU1	ENSG00000148484
RPL35A-2	RPL35A	ENSG00000182899
SECTM1-2	SECTM1	ENSG00000141574
TMEM238-2	TMEM238	ENSG00000233493
RASSF6-2	RASSF6	ENSG00000169435
NT5DC1-2	NT5DC1	ENSG00000178425
STAMBP-2	STAMBP	ENSG00000124356
NUP62-2	NUP62	ENSG00000213024
DCTN1-2	DCTN1	ENSG00000204843
HK3-2	HK3	ENSG00000160883
OSBP-2	OSBP	ENSG00000110048
HES7-2	HES7	ENSG00000179111
ZNF641-2	ZNF641	ENSG00000167528
VXN-2	VXN	ENSG00000169085
CAVIN1-2	CAVIN1	ENSG00000177469
RPS27A-2	RPS27A	ENSG00000143947
LMF2-2	LMF2	ENSG00000100258
MFNG-2	MFNG	ENSG00000100060
MIS18A-2	MIS18A	ENSG00000159055
DPH6-2	DPH6	ENSG00000134146
RAD9A-2	RAD9A	ENSG00000172613
AHI1-2	AHI1	ENSG00000135541
CETN3-2	CETN3	ENSG00000153140
KCTD13-2	KCTD13	ENSG00000174943
HIP1-2	HIP1	ENSG00000127946
ZNF730-2	ZNF730	ENSG00000183850
VKORC1-2	VKORC1	ENSG00000167397
BATF3-2	BATF3	ENSG00000123685
RPP25-2	RPP25	ENSG00000178718
PLCXD2-2	PLCXD2	ENSG00000240891
IFT172-2	IFT172	ENSG00000138002
POLR1E-2	POLR1E	ENSG00000137054
CYBB-2	CYBB	ENSG00000165168
PCYOX1-2	PCYOX1	ENSG00000116005
EDEM3-2	EDEM3	ENSG00000116406
TCF24-2	TCF24	ENSG00000261787
CCDC90B-2	CCDC90B	ENSG00000137500
ELF1-2	ELF1	ENSG00000120690
DFFB-2	DFFB	ENSG00000169598
TNFRSF11A-2	TNFRSF11A	ENSG00000141655
CPA5-2	CPA5	ENSG00000158525
DTL-2	DTL	ENSG00000143476
PKNOX1-2	PKNOX1	ENSG00000160199
NAAA-2	NAAA	ENSG00000138744
ETNK2-2	ETNK2	ENSG00000143845
CXADR-2	CXADR	ENSG00000154639
MAST2-2	MAST2	ENSG00000086015
MCM7-2	MCM7	ENSG00000166508
DENND6A-2	DENND6A	ENSG00000174839
SIK3-2	SIK3	ENSG00000160584
TESK1-2	TESK1	ENSG00000107140
CTRL-2	CTRL	ENSG00000141086
ENOPH1-2	ENOPH1	ENSG00000145293
FICD-2	FICD	ENSG00000198855
DVL2-2	DVL2	ENSG00000004975
INTS6-2	INTS6	ENSG00000102786
DDIT3-2	DDIT3	ENSG00000175197
CCDC138-2	CCDC138	ENSG00000163006
TNNC1-2	TNNC1	ENSG00000114854
HOXC10-2	HOXC10	ENSG00000180818
DUS4L-2	DUS4L	ENSG00000105865
FBXO31-2	FBXO31	ENSG00000103264
LAP3-2	LAP3	ENSG00000002549
BNIP3-2	BNIP3	ENSG00000176171
NRG4-2	NRG4	ENSG00000169752
MEGF6-2	MEGF6	ENSG00000162591
RGS1-2	RGS1	ENSG00000090104
UBE2E2-2	UBE2E2	ENSG00000182247
TMEM243-2	TMEM243	ENSG00000135185
VTA1-2	VTA1	ENSG00000009844
DOCK6-2	DOCK6	ENSG00000130158
DMXL1-2	DMXL1	ENSG00000172869
CHST11-2	CHST11	ENSG00000171310
RBM28-2	RBM28	ENSG00000106344
ZSCAN5B-2	ZSCAN5B	ENSG00000197213
LSM7-2	LSM7	ENSG00000130332
USF1-2	USF1	ENSG00000158773
PRPSAP2-2	PRPSAP2	ENSG00000141127
RPUSD1-2	RPUSD1	ENSG00000007376
COL4A2-2	COL4A2	ENSG00000134871
CFAP126-2	CFAP126	ENSG00000188931
SLC38A5-2	SLC38A5	ENSG00000017483
ABLIM1-2	ABLIM1	ENSG00000099204
CASP8AP2-2	CASP8AP2	ENSG00000118412
CPT1A-2	CPT1A	ENSG00000110090
ARHGAP12-2	ARHGAP12	ENSG00000165322
CAPRIN1-2	CAPRIN1	ENSG00000135387
GNS-2	GNS	ENSG00000135677
PHAX-2	PHAX	ENSG00000164902
PIK3R2-2	PIK3R2	ENSG00000105647
COMMD5-2	COMMD5	ENSG00000170619
NFKBID-2	NFKBID	ENSG00000167604
PRICKLE3-2	PRICKLE3	ENSG00000012211
TET1-2	TET1	ENSG00000138336
HIST1H2AL-2	H2AC16	ENSG00000276903
LIG1-2	LIG1	ENSG00000105486
RBM17-2	RBM17	ENSG00000134453
C19orf71-2	TEKTIP1	ENSG00000183397
HCAR1-2	HCAR1	ENSG00000196917
LGALSL-2	LGALSL	ENSG00000119862
LYPD3-2	LYPD3	ENSG00000124466
RAD23A-2	RAD23A	ENSG00000179262
NFKB2-2	NFKB2	ENSG00000077150
GOLT1B-2	GOLT1B	ENSG00000111711
FAM172A-2	ARB2A	ENSG00000113391
CD300A-2	CD300A	ENSG00000167851
L3MBTL4-2	L3MBTL4	ENSG00000154655
LRRC20-2	LRRC20	ENSG00000172731
EIF4G2-2	EIF4G2	ENSG00000110321
TMED4-2	TMED4	ENSG00000158604
FTSJ1-2	FTSJ1	ENSG00000068438
RASGEF1A-2	RASGEF1A	ENSG00000198915
CTPS1-2	CTPS1	ENSG00000171793
LPCAT4-2	LPCAT4	ENSG00000176454
NETO2-2	NETO2	ENSG00000171208
ATF7IP-2	ATF7IP	ENSG00000171681
RNF220-2	RNF220	ENSG00000187147
TUBA1C-2	TUBA1C	ENSG00000167553
CA6-2	CA6	ENSG00000131686
LRRC75A-2	LRRC75A	ENSG00000181350
CHST2-2	CHST2	ENSG00000175040
MYOM1-2	MYOM1	ENSG00000101605
ARID1B-2	ARID1B	ENSG00000049618
SLC3A2-2	SLC3A2	ENSG00000168003
WDR1-2	WDR1	ENSG00000071127
CCNI2-2	CCNI2	ENSG00000205089
OCIAD1-2	OCIAD1	ENSG00000109180
FAM210A-2	FAM210A	ENSG00000177150
ACTR1B-2	ACTR1B	ENSG00000115073
TTC38-2	TTC38	ENSG00000075234
FKBP14-2	FKBP14	ENSG00000106080
ZNF224-2	ZNF224	ENSG00000267680
FAM92A-2	CIBAR1	ENSG00000188343
ZNF688-2	ZNF688	ENSG00000229809
IL4I1-2	IL4I1	ENSG00000104951
POLD4-2	POLD4	ENSG00000175482
HHEX-2	HHEX	ENSG00000152804
SUMO4-2	SUMO4	ENSG00000177688
UBE2E3-2	UBE2E3	ENSG00000170035
CCT8-2	CCT8	ENSG00000156261
IL1R2-2	IL1R2	ENSG00000115590
USP14-2	USP14	ENSG00000101557
EPS8L2-2	EPS8L2	ENSG00000177106
MEI1-2	MEI1	ENSG00000167077
TOMM5-2	TOMM5	ENSG00000175768
SWSAP1-2	SWSAP1	ENSG00000173928
ATP9A-2	ATP9A	ENSG00000054793
MED1-2	MED1	ENSG00000125686
FDXR-2	FDXR	ENSG00000161513
USP19-2	USP19	ENSG00000172046
SP4-2	SP4	ENSG00000105866
BNC1-2	BNC1	ENSG00000169594
DUXA-2	DUXA	ENSG00000258873
DLG4-2	DLG4	ENSG00000132535
ZNF862-2	ZNF862	ENSG00000106479
ATP5F1D-2	ATP5F1D	ENSG00000099624
SERPINA1-2	SERPINA1	ENSG00000197249
UXT-2	UXT	ENSG00000126756
CBX5-2	CBX5	ENSG00000094916
NUDT22-2	NUDT22	ENSG00000149761
MLANA-2	MLANA	ENSG00000120215
ZFAND1-2	ZFAND1	ENSG00000104231
SLC6A6-2	SLC6A6	ENSG00000131389
FOXQ1-2	FOXQ1	ENSG00000164379
MAGEF1-2	MAGEF1	ENSG00000177383
C11orf49-2	CSTPP1	ENSG00000149179
THNSL1-2	THNSL1	ENSG00000185875
CCDC107-2	CCDC107	ENSG00000159884
NUP85-2	NUP85	ENSG00000125450
PDP2-2	PDP2	ENSG00000172840
GRK5-2	GRK5	ENSG00000198873
BLK-2	BLK	ENSG00000136573
SERPINI1-2	SERPINI1	ENSG00000163536
SLC4A8-2	SLC4A8	ENSG00000050438
NFAM1-2	NFAM1	ENSG00000235568
CNN3-2	CNN3	ENSG00000117519
TMEM53-2	TMEM53	ENSG00000126106
LRSAM1-2	LRSAM1	ENSG00000148356
GBF1-2	GBF1	ENSG00000107862
USP37-2	USP37	ENSG00000135913
LNX2-2	LNX2	ENSG00000139517
DPM1-2	DPM1	ENSG00000000419
BORA-2	BORA	ENSG00000136122
PRKACB-2	PRKACB	ENSG00000142875
MCUR1-2	MCUR1	ENSG00000050393
UBXN2A-2	UBXN2A	ENSG00000173960
TRRAP-2	TRRAP	ENSG00000196367
DSP-2	DSP	ENSG00000096696
PREP-2	PREP	ENSG00000085377
PABPC1L-2	PABPC1L	ENSG00000101104
STX7-2	STX7	ENSG00000079950
PDSS1-2	PDSS1	ENSG00000148459
CRELD1-2	CRELD1	ENSG00000163703
MFSD9-2	MFSD9	ENSG00000135953
TMEM254-2	TMEM254	ENSG00000133678
UGGT1-2	UGGT1	ENSG00000136731
NBEAL2-2	NBEAL2	ENSG00000160796
DDX18-2	DDX18	ENSG00000088205
NIPA1-2	NIPA1	ENSG00000170113
NUDC-2	NUDC	ENSG00000090273
ASB7-2	ASB7	ENSG00000183475
MAK-2	MAK	ENSG00000111837
C21orf91-2	C21orf91	ENSG00000154642
BUB1-2	BUB1	ENSG00000169679
ZNF469-2	ZNF469	ENSG00000225614
ZBTB21-2	ZBTB21	ENSG00000173276
EEF1AKMT3-2	EEF1AKMT3	ENSG00000123427
PATL1-2	PATL1	ENSG00000166889
HAGHL-2	HAGHL	ENSG00000103253
RPIA-2	RPIA	ENSG00000153574
ZFP37-2	ZFP37	ENSG00000136866
CFH-2	CFH	ENSG00000000971
FMNL2-2	FMNL2	ENSG00000157827
TMEM104-2	TMEM104	ENSG00000109066
PFKFB4-2	PFKFB4	ENSG00000114268
HPCAL4-2	HPCAL4	ENSG00000116983
EIF2B3-2	EIF2B3	ENSG00000070785
C1orf109-2	AIRIM	ENSG00000116922
LBHD1-2	LBHD1	ENSG00000162194
WDR12-2	WDR12	ENSG00000138442
CAMK2G-2	CAMK2G	ENSG00000148660
STAM2-2	STAM2	ENSG00000115145
RFX1-2	RFX1	ENSG00000132005
FAM69B-2	DIPK1B	ENSG00000165716
HSPA9-2	HSPA9	ENSG00000113013
SEPHS2-2	SEPHS2	ENSG00000179918
NOLC1-2	NOLC1	ENSG00000166197
SVIL-2	SVIL	ENSG00000197321
DNAJA1-2	DNAJA1	ENSG00000086061
BAD-2	BAD	ENSG00000002330
TMEM167B-2	TMEM167B	ENSG00000215717
RSRC1-2	RSRC1	ENSG00000174891
PSMD12-2	PSMD12	ENSG00000197170
TRMT10C-2	TRMT10C	ENSG00000174173
SNRPA-2	SNRPA	ENSG00000077312
DCP1A-2	DCP1A	ENSG00000272886
CENPT-2	CENPT	ENSG00000102901
ATF6-2	ATF6	ENSG00000118217
NDUFS5-2	NDUFS5	ENSG00000168653
CTSB-2	CTSB	ENSG00000164733
NRIP1-2	NRIP1	ENSG00000180530
MIA-2	MIA	ENSG00000261857
DNAJC14-2	DNAJC14	ENSG00000135392
GCA-2	GCA	ENSG00000115271
CCT4-2	CCT4	ENSG00000115484
RPE-2	RPE	ENSG00000197713
PRMT6-2	PRMT6	ENSG00000198890
RPL10-2	RPL10	ENSG00000147403
BCKDK-2	BCKDK	ENSG00000103507
ONECUT1-2	ONECUT1	ENSG00000169856
DENND1B-2	DENND1B	ENSG00000213047
ENO3-2	ENO3	ENSG00000108515
DYNLL2-2	DYNLL2	ENSG00000264364
PROCA1-2	PROCA1	ENSG00000167525
ADARB1-2	ADARB1	ENSG00000197381
ARHGEF7-2	ARHGEF7	ENSG00000102606
ZNF506-2	ZNF506	ENSG00000081665
STXBP5-2	STXBP5	ENSG00000164506
ADCK5-2	ADCK5	ENSG00000173137
IRS1-2	IRS1	ENSG00000169047
ZNF579-2	ZNF579	ENSG00000218891
SPN-2	SPN	ENSG00000197471
NANP-2	NANP	ENSG00000170191
TBCCD1-2	TBCCD1	ENSG00000113838
TLE4-2	TLE4	ENSG00000106829
WDR18-2	WDR18	ENSG00000065268
PRR34-2	PRR34	ENSG00000182257
BICD1-2	BICD1	ENSG00000151746
ZNF320-2	ZNF320	ENSG00000182986
MKI67-2	MKI67	ENSG00000148773
RAB22A-2	RAB22A	ENSG00000124209
ALX4-2	ALX4	ENSG00000052850
PNPLA8-2	PNPLA8	ENSG00000135241
BTRC-2	BTRC	ENSG00000166167
CIAO3-2	CIAO3	ENSG00000103245
ADAMTS10-2	ADAMTS10	ENSG00000142303
TIMM44-2	TIMM44	ENSG00000104980
OTX2-2	OTX2	ENSG00000165588
WDR26-2	WDR26	ENSG00000162923
MINPP1-2	MINPP1	ENSG00000107789
GNPAT-2	GNPAT	ENSG00000116906
APOBEC3F-2	APOBEC3F	ENSG00000128394
FADS3-2	FADS3	ENSG00000221968
SRA1-2	SRA1	ENSG00000213523
IPO4-2	IPO4	ENSG00000196497
RNF138-2	RNF138	ENSG00000134758
USP5-2	USP5	ENSG00000111667
ERAP1-2	ERAP1	ENSG00000164307
PAM-2	PAM	ENSG00000145730
OLIG3-2	OLIG3	ENSG00000177468
POU4F2-2	POU4F2	ENSG00000151615
NBEAL1-2	NBEAL1	ENSG00000144426
TMEM154-2	TMEM154	ENSG00000170006
LSM6-2	LSM6	ENSG00000164167
CD96-2	CD96	ENSG00000153283
PQBP1-2	PQBP1	ENSG00000102103
CSH1-2	CSH1	ENSG00000136488
PLB1-2	PLB1	ENSG00000163803
IFRD1-2	IFRD1	ENSG00000006652
CFAP70-2	CFAP70	ENSG00000156042
EXO1-2	EXO1	ENSG00000174371
GNAI1-2	GNAI1	ENSG00000127955
TTF1-2	TTF1	ENSG00000125482
MAP1A-2	MAP1A	ENSG00000166963
HMCES-2	HMCES	ENSG00000183624
SLC33A1-2	SLC33A1	ENSG00000169359
MOB4-2	MOB4	ENSG00000115540
TYK2-2	TYK2	ENSG00000105397
UBB-2	UBB	ENSG00000170315
L3MBTL1-2	L3MBTL1	ENSG00000185513
SLC25A39-2	SLC25A39	ENSG00000013306
HOPX-2	HOPX	ENSG00000171476
PRDM16-2	PRDM16	ENSG00000142611
CNOT6-2	CNOT6	ENSG00000113300
TM4SF1-2	TM4SF1	ENSG00000169908
ZNF391-2	ZNF391	ENSG00000124613
GTSE1-2	GTSE1	ENSG00000075218
DUSP2-2	DUSP2	ENSG00000158050
SMPD1-2	SMPD1	ENSG00000166311
FSIP1-2	FSIP1	ENSG00000150667
NUP214-2	NUP214	ENSG00000126883
ZNF865-2	ZNF865	ENSG00000261221
CD9-2	CD9	ENSG00000010278
NMT2-2	NMT2	ENSG00000152465
COX6B1-2	COX6B1	ENSG00000126267
AGA-2	AGA	ENSG00000038002
CDKN2D-2	CDKN2D	ENSG00000129355
DNAJB2-2	DNAJB2	ENSG00000135924
LAMTOR1-2	LAMTOR1	ENSG00000149357
MYPOP-2	MYPOP	ENSG00000176182
HKDC1-2	HKDC1	ENSG00000156510
COL6A3-2	COL6A3	ENSG00000163359
DNAJB4-2	DNAJB4	ENSG00000162616
YAE1-2	YAE1	ENSG00000241127
NBN-2	NBN	ENSG00000104320
SORCS3-2	SORCS3	ENSG00000156395
GCN1-2	GCN1	ENSG00000089154
KCNAB2-2	KCNAB2	ENSG00000069424
CUZD1-2	CUZD1	ENSG00000138161
COG8-2	COG8	ENSG00000213380
CNIH4-2	CNIH4	ENSG00000143771
GNG2-2	GNG2	ENSG00000186469
SNX4-2	SNX4	ENSG00000114520
MBD3-2	MBD3	ENSG00000071655
IQGAP2-2	IQGAP2	ENSG00000145703
NBEA-2	NBEA	ENSG00000172915
SCAND1-2	SCAND1	ENSG00000171222
MGST1-2	MGST1	ENSG00000008394
NOTO-2	NOTO	ENSG00000214513
CEP55-2	CEP55	ENSG00000138180
ZNF692-2	ZNF692	ENSG00000171163
SNX30-2	SNX30	ENSG00000148158
HCK-2	HCK	ENSG00000101336
HMGN1-2	HMGN1	ENSG00000205581
SCARB1-2	SCARB1	ENSG00000073060
DOCK9-2	DOCK9	ENSG00000088387
CDKN2C-2	CDKN2C	ENSG00000123080
SLC23A2-2	SLC23A2	ENSG00000089057
B4GALT5-2	B4GALT5	ENSG00000158470
ZNF629-2	ZNF629	ENSG00000102870
KRT18-2	KRT18	ENSG00000111057
FNDC3A-2	FNDC3A	ENSG00000102531
CCDC82-2	CCDC82	ENSG00000149231
TUT4-2	TUT4	ENSG00000134744
HOXD13-2	HOXD13	ENSG00000128714
MYBBP1A-2	MYBBP1A	ENSG00000132382
DPY19L1-2	DPY19L1	ENSG00000173852
RFTN1-2	RFTN1	ENSG00000131378
NSUN5-2	NSUN5	ENSG00000130305
MARCKSL1-2	MARCKSL1	ENSG00000175130
RTCA-2	RTCA	ENSG00000137996
UBE2B-2	UBE2B	ENSG00000119048
SLC1A4-2	SLC1A4	ENSG00000115902
NDUFS8-2	NDUFS8	ENSG00000110717
ALDH8A1-2	ALDH8A1	ENSG00000118514
ARL10-2	ARL10	ENSG00000175414
ETV3-2	ETV3	ENSG00000117036
DVL1-2	DVL1	ENSG00000107404
HOXD10-2	HOXD10	ENSG00000128710
KIDINS220-2	KIDINS220	ENSG00000134313
IQCG-2	IQCG	ENSG00000114473
MBOAT2-2	MBOAT2	ENSG00000143797
BMT2-2	SAMTOR	ENSG00000164603
ACADM-2	ACADM	ENSG00000117054
HAUS6-2	HAUS6	ENSG00000147874
ZNF831-2	ZNF831	ENSG00000124203
VWDE-2	VWDE	ENSG00000146530
SNX14-2	SNX14	ENSG00000135317
STK4-2	STK4	ENSG00000101109
NUDT14-2	NUDT14	ENSG00000183828
S100A4-2	S100A4	ENSG00000196154
MASP2-2	MASP2	ENSG00000009724
ZNF804A-2	ZNF804A	ENSG00000170396
SYCE2-2	SYCE2	ENSG00000161860
MIF4GD-2	MIF4GD	ENSG00000125457
BIK-2	BIK	ENSG00000100290
IFIT5-2	IFIT5	ENSG00000152778
ARSA-2	ARSA	ENSG00000100299
PIGBOS1-2	PIGBOS1	ENSG00000225973
ABCB1-2	ABCB1	ENSG00000085563
FARP2-2	FARP2	ENSG00000006607
RBP2-2	RBP2	ENSG00000114113
KIFC3-2	KIFC3	ENSG00000140859
LAMA3-2	LAMA3	ENSG00000053747
ADAM8-2	ADAM8	ENSG00000151651
EDEM1-2	EDEM1	ENSG00000134109
STK35-2	STK35	ENSG00000125834
NPAS4-2	NPAS4	ENSG00000174576
WNT9A-2	WNT9A	ENSG00000143816
RDX-2	RDX	ENSG00000137710
TBC1D10A-2	TBC1D10A	ENSG00000099992
AGPAT5-2	AGPAT5	ENSG00000155189
MUCL1-2	MUCL1	ENSG00000172551
CALM2-2	CALM2	ENSG00000143933
TAF7-2	TAF7	ENSG00000178913
CTU2-2	CTU2	ENSG00000174177
ACOX3-2	ACOX3	ENSG00000087008
DHFR2-2	DHFR2	ENSG00000178700
PITPNM1-2	PITPNM1	ENSG00000110697
SPAG1-2	SPAG1	ENSG00000104450
SIRPA-2	SIRPA	ENSG00000198053
NUP35-2	NUP35	ENSG00000163002
FUOM-2	FUOM	ENSG00000148803
SLC25A11-2	SLC25A11	ENSG00000108528
AURKA-2	AURKA	ENSG00000087586
ZBTB43-2	ZBTB43	ENSG00000169155
LPAR5-2	LPAR5	ENSG00000184574
HMGCL-2	HMGCL	ENSG00000117305
APBA2-2	APBA2	ENSG00000034053
CCNT2-2	CCNT2	ENSG00000082258
ANKRD36B-2	ANKRD36B	ENSG00000196912
RAI2-2	RAI2	ENSG00000131831
IGIP-2	IGIP	ENSG00000182700
CYC1-2	CYC1	ENSG00000179091
CCT3-2	CCT3	ENSG00000163468
SLPI-2	SLPI	ENSG00000124107
ODF3B-2	CIMAP1B	ENSG00000177989
STRN3-2	STRN3	ENSG00000196792
GATAD1-2	GATAD1	ENSG00000157259
MRPS25-2	MRPS25	ENSG00000131368
SLC4A1AP-2	SLC4A1AP	ENSG00000163798
TFAP2C-2	TFAP2C	ENSG00000087510
CDH1-2	CDH1	ENSG00000039068
ZDHHC9-2	ZDHHC9	ENSG00000188706
PMS1-2	PMS1	ENSG00000064933
PERP-2	PERP	ENSG00000112378
CEMIP2-2	CEMIP2	ENSG00000135048
RUBCN-2	RUBCN	ENSG00000145016
PIGP-2	PIGP	ENSG00000185808
RAB3B-2	RAB3B	ENSG00000169213
SLAIN2-2	SLAIN2	ENSG00000109171
PDRG1-2	PDRG1	ENSG00000088356
TRIP13-2	TRIP13	ENSG00000071539
PRKCB-2	PRKCB	ENSG00000166501
GSTP1-2	GSTP1	ENSG00000084207
ARMT1-2	ARMT1	ENSG00000146476
HERC1-2	HERC1	ENSG00000103657
CRAMP1-2	CRAMP1	ENSG00000007545
C19orf53-2	C19orf53	ENSG00000104979
CCDC93-2	CCDC93	ENSG00000125633
SUOX-2	SUOX	ENSG00000139531
TTC8-2	TTC8	ENSG00000165533
RRP36-2	RRP36	ENSG00000124541
ATP2A3-2	ATP2A3	ENSG00000074370
GNAI3-2	GNAI3	ENSG00000065135
RCSD1-2	RCSD1	ENSG00000198771
KDM5D-2	KDM5D	ENSG00000012817
PHLDB2-2	PHLDB2	ENSG00000144824
ABCC4-2	ABCC4	ENSG00000125257
CAPN2-2	CAPN2	ENSG00000162909
CREBRF-2	CREBRF	ENSG00000164463
LIN7B-2	LIN7B	ENSG00000104863
SETBP1-2	SETBP1	ENSG00000152217
GREM2-2	GREM2	ENSG00000180875
RPRD1B-2	RPRD1B	ENSG00000101413
ADCK2-2	ADCK2	ENSG00000133597
C11orf24-2	C11orf24	ENSG00000171067
FAM32A-2	FAM32A	ENSG00000105058
UCN-2	UCN	ENSG00000163794
TPRG1L-2	TPRG1L	ENSG00000158109
SUB1-2	SUB1	ENSG00000113387
CTCF-2	CTCF	ENSG00000102974
LHFPL5-2	LHFPL5	ENSG00000197753
EGF-2	EGF	ENSG00000138798
NPAS3-2	NPAS3	ENSG00000151322
RAC2-2	RAC2	ENSG00000128340
SDR39U1-2	SDR39U1	ENSG00000100445
ZFP62-2	ZFP62	ENSG00000196670
CLASP2-2	CLASP2	ENSG00000163539
XRRA1-2	XRRA1	ENSG00000166435
TOMM7-2	TOMM7	ENSG00000196683
ANKHD1-EIF4EBP3-2	ANKHD1-EIF4EBP3	ENSG00000254996
ZNF618-2	ZNF618	ENSG00000157657
PSPH-2	PSPH	ENSG00000146733
VPS25-2	VPS25	ENSG00000131475
ALDH5A1-2	ALDH5A1	ENSG00000112294
FAM149B1-2	FAM149B1	ENSG00000138286
CYB561A3-2	CYB561A3	ENSG00000162144
GPR174-2	GPR174	ENSG00000147138
EIF3F-2	EIF3F	ENSG00000175390
CHKB-2	CHKB	ENSG00000100288
TANC2-2	TANC2	ENSG00000170921
LAMP3-2	LAMP3	ENSG00000078081
BCL11A-2	BCL11A	ENSG00000119866
SMYD4-2	SMYD4	ENSG00000186532
ENC1-2	ENC1	ENSG00000171617
MYH14-2	MYH14	ENSG00000105357
CDK4-2	CDK4	ENSG00000135446
ZNF318-2	ZNF318	ENSG00000171467
SLC4A2-2	SLC4A2	ENSG00000164889
STX11-2	STX11	ENSG00000135604
SLC25A14-2	SLC25A14	ENSG00000102078
OCM-2	OCM	ENSG00000122543
NVL-2	NVL	ENSG00000143748
MRPL13-2	MRPL13	ENSG00000172172
ZNF79-2	ZNF79	ENSG00000196152
UTP25-2	UTP25	ENSG00000117597
ABCE1-2	ABCE1	ENSG00000164163
PRKX-2	PRKX	ENSG00000183943
EIF5A2-2	EIF5A2	ENSG00000163577
GSTA1-2	GSTA1	ENSG00000243955
KLHL11-2	KLHL11	ENSG00000178502
PPDPF-2	PPDPF	ENSG00000125534
CLTA-2	CLTA	ENSG00000122705
SPTLC2-2	SPTLC2	ENSG00000100596
CXCL5-2	CXCL5	ENSG00000163735
PLA2G12A-2	PLA2G12A	ENSG00000123739
ANKRD17-2	ANKRD17	ENSG00000132466
IFNG-2	IFNG	ENSG00000111537
DMD-2	DMD	ENSG00000198947
ZNF684-2	ZNF684	ENSG00000117010
HAND2-2	HAND2	ENSG00000164107
TEAD3-2	TEAD3	ENSG00000007866
DEPTOR-2	DEPTOR	ENSG00000155792
C19orf48-2	C19orf48P	ENSG00000293495
RFX5-2	RFX5	ENSG00000143390
GTF2IRD1-2	GTF2IRD1	ENSG00000006704
PLSCR1-2	PLSCR1	ENSG00000188313
TST-2	TST	ENSG00000128311
DAZAP2-2	DAZAP2	ENSG00000183283
LARGE2-2	LARGE2	ENSG00000165905
STIP1-2	STIP1	ENSG00000168439
C10orf105-2	C10orf105	ENSG00000214688
HEMK1-2	HEMK1	ENSG00000114735
TBC1D17-2	TBC1D17	ENSG00000104946
SNX1-2	SNX1	ENSG00000028528
EGLN3-2	EGLN3	ENSG00000129521
PHLPP2-2	PHLPP2	ENSG00000040199
TNFSF14-2	TNFSF14	ENSG00000125735
TAS2R5-2	TAS2R5	ENSG00000127366
USP12-2	USP12	ENSG00000152484
SUSD6-2	SUSD6	ENSG00000100647
HYKK-2	HYKK	ENSG00000188266
RBPMS-2	RBPMS	ENSG00000157110
RBMXL1-2	RBMXL1	ENSG00000213516
HPCAL1-2	HPCAL1	ENSG00000115756
PFDN2-2	PFDN2	ENSG00000143256
VPS13D-2	VPS13D	ENSG00000048707
ASAH2B-2	ASAH2B	ENSG00000204147
TACC2-2	TACC2	ENSG00000138162
ITPR1-2	ITPR1	ENSG00000150995
SLC9A7-2	SLC9A7	ENSG00000065923
DGKQ-2	DGKQ	ENSG00000145214
SEPT5-2	SEPTIN5	ENSG00000184702
NUMBL-2	NUMBL	ENSG00000105245
C16orf46-2	C16orf46	ENSG00000166455
ZNF480-2	ZNF480	ENSG00000198464
BBX-2	BBX	ENSG00000114439
PDLIM1-2	PDLIM1	ENSG00000107438
IL7R-2	IL7R	ENSG00000168685
FOXRED2-2	FOXRED2	ENSG00000100350
SCOC-2	SCOC	ENSG00000153130
ACTR6-2	ACTR6	ENSG00000075089
CCDC25-2	CCDC25	ENSG00000147419
C7orf31-2	SPMIP4	ENSG00000153790
STAMBPL1-2	STAMBPL1	ENSG00000138134
FOXJ3-2	FOXJ3	ENSG00000198815
MAP1LC3B-2	MAP1LC3B	ENSG00000140941
MAPK11-2	MAPK11	ENSG00000185386
FASTKD5-2	FASTKD5	ENSG00000215251
PARP6-2	PARP6	ENSG00000137817
THAP1-2	THAP1	ENSG00000131931
NFIC-2	NFIC	ENSG00000141905
RCCD1-2	RCCD1	ENSG00000166965
ZIC5-2	ZIC5	ENSG00000139800
SPIN3-2	SPIN3	ENSG00000204271
CD2BP2-2	CD2BP2	ENSG00000169217
CLSPN-2	CLSPN	ENSG00000092853
UBE2E1-2	UBE2E1	ENSG00000170142
OIP5-2	OIP5	ENSG00000104147
C8orf88-2	C8orf88	ENSG00000253250
MTMR6-2	MTMR6	ENSG00000139505
C17orf75-2	C17orf75	ENSG00000108666
RUNX3-2	RUNX3	ENSG00000020633
TIMP3-2	TIMP3	ENSG00000100234
RBM34-2	RBM34	ENSG00000188739
VIPR2-2	VIPR2	ENSG00000106018
ZDHHC24-2	ZDHHC24	ENSG00000174165
TMEM110-MUSTN1-2	STIMATE-MUSTN1	ENSG00000248592
ZNF582-2	ZNF582	ENSG00000018869
KCTD6-2	KCTD6	ENSG00000168301
BLOC1S2-2	BLOC1S2	ENSG00000196072
NKX6-1-2	NKX6-1	ENSG00000163623
SPG7-2	SPG7	ENSG00000197912
TAF1D-2	TAF1D	ENSG00000166012
ABCC2-2	ABCC2	ENSG00000023839
CD86-2	CD86	ENSG00000114013
ATP6V1H-2	ATP6V1H	ENSG00000047249
IL1A-2	IL1A	ENSG00000115008
OXR1-2	OXR1	ENSG00000164830
DOLK-2	DOLK	ENSG00000175283
RTKN2-2	RTKN2	ENSG00000182010
ACKR3-2	ACKR3	ENSG00000144476
LRRC29-2	FBXL9P	ENSG00000125122
POLR3G-2	POLR3G	ENSG00000113356
SOD2-2	SOD2	ENSG00000291237
PTRHD1-2	PTRHD1	ENSG00000184924
SNX5-2	SNX5	ENSG00000089006
HIST1H3F-2	H3C7	ENSG00000277775
MRPS16-2	MRPS16	ENSG00000182180
LIN9-2	LIN9	ENSG00000183814
MYCBPAP-2	MYCBPAP	ENSG00000136449
CENPJ-2	CENPJ	ENSG00000151849
LPIN2-2	LPIN2	ENSG00000101577
TESPA1-2	TESPA1	ENSG00000135426
GLT8D1-2	GLT8D1	ENSG00000016864
EFCAB7-2	EFCAB7	ENSG00000203965
VWCE-2	VWCE	ENSG00000167992
ELMOD3-2	ELMOD3	ENSG00000115459
HSPE1-MOB4-2	HSPE1-MOB4	ENSG00000270757
SRSF3-2	SRSF3	ENSG00000112081
GSKIP-2	GSKIP	ENSG00000100744
ADAMTSL5-2	ADAMTSL5	ENSG00000185761
FAM120A-2	FAM120A	ENSG00000048828
PLBD1-2	PLBD1	ENSG00000121316
GNA13-2	GNA13	ENSG00000120063
FAM57A-2	TLCD3A	ENSG00000167695
ARMCX2-2	ARMCX2	ENSG00000184867
HOXA11-2	HOXA11	ENSG00000005073
HS3ST3B1-2	HS3ST3B1	ENSG00000125430
HIGD1A-2	HIGD1A	ENSG00000181061
PAFAH2-2	PAFAH2	ENSG00000158006
TIGD6-2	TIGD6	ENSG00000164296
KMT2D-2	KMT2D	ENSG00000167548
IL13RA1-2	IL13RA1	ENSG00000131724
AZGP1-2	AZGP1	ENSG00000160862
LONRF3-2	LONRF3	ENSG00000175556
CAPN1-2	CAPN1	ENSG00000014216
ZFPL1-2	ZFPL1	ENSG00000162300
MTPN-2	MTPN	ENSG00000105887
PTMS-2	PTMS	ENSG00000159335
CMTM6-2	CMTM6	ENSG00000091317
PTGS1-2	PTGS1	ENSG00000095303
ALDOB-2	ALDOB	ENSG00000136872
CDNF-2	CDNF	ENSG00000185267
WDR45B-2	WDR45B	ENSG00000141580
GOT1-2	GOT1	ENSG00000120053
SDHC-2	SDHC	ENSG00000143252
INPP4B-2	INPP4B	ENSG00000109452
APOE-2	APOE	ENSG00000130203
CCNG2-2	CCNG2	ENSG00000138764
PCSK1N-2	PCSK1N	ENSG00000102109
TMPPE-2	TMPPE	ENSG00000188167
CRTAM-2	CRTAM	ENSG00000109943
KDM4C-2	KDM4C	ENSG00000107077
HSPBP1-2	HSPBP1	ENSG00000133265
HAUS1-2	HAUS1	ENSG00000152240
SERPINE1-2	SERPINE1	ENSG00000106366
CALCOCO2-2	CALCOCO2	ENSG00000136436
MTMR8-2	MTMR8	ENSG00000102043
ZNF682-2	ZNF682	ENSG00000197124
ATP11C-2	ATP11C	ENSG00000101974
BTAF1-2	BTAF1	ENSG00000095564
PLXNA1-2	PLXNA1	ENSG00000114554
REV3L-2	REV3L	ENSG00000009413
DMRTC2-2	DMRTC2	ENSG00000142025
SLC37A1-2	SLC37A1	ENSG00000160190
POM121-2	POM121	ENSG00000196313
SP5-2	SP5	ENSG00000204335
POLR1C-2	POLR1C	ENSG00000171453
KATNAL1-2	KATNAL1	ENSG00000102781
HOXB6-2	HOXB6	ENSG00000108511
NAGA-2	NAGA	ENSG00000198951
MSX2-2	MSX2	ENSG00000120149
PDF-2	PDF	ENSG00000258429
UBE2K-2	UBE2K	ENSG00000078140
C16orf91-2	UQCC4	ENSG00000174109
HIST2H2BE-2	H2BC21	ENSG00000184678
CYSLTR2-2	CYSLTR2	ENSG00000152207
CD3E-2	CD3E	ENSG00000198851
SCNM1-2	SCNM1	ENSG00000163156
RILPL1-2	RILPL1	ENSG00000188026
TSHZ2-2	TSHZ2	ENSG00000182463
XPO6-2	XPO6	ENSG00000169180
FLCN-2	FLCN	ENSG00000154803
FAM184B-2	FAM184B	ENSG00000047662
POU6F2-2	POU6F2	ENSG00000106536
NMT1-2	NMT1	ENSG00000136448
TFB2M-2	TFB2M	ENSG00000162851
IFT80-2	IFT80	ENSG00000068885
ZBTB48-2	ZBTB48	ENSG00000204859
SNRPD2-2	SNRPD2	ENSG00000125743
TNFAIP1-2	TNFAIP1	ENSG00000109079
NFIB-2	NFIB	ENSG00000147862
SLC17A3-2	SLC17A3	ENSG00000124564
CNOT1-2	CNOT1	ENSG00000125107
SUPT16H-2	SUPT16H	ENSG00000092201
GPN1-2	GPN1	ENSG00000198522
JHY-2	JHY	ENSG00000109944
SREBF1-2	SREBF1	ENSG00000072310
EXOC3-2	EXOC3	ENSG00000180104
CIC-2	CIC	ENSG00000079432
CEBPG-2	CEBPG	ENSG00000153879
HIRA-2	HIRA	ENSG00000100084
MRPS14-2	MRPS14	ENSG00000120333
CSF2RB-2	CSF2RB	ENSG00000100368
EVI5-2	EVI5	ENSG00000067208
DBNL-2	DBNL	ENSG00000136279
MTA2-2	MTA2	ENSG00000149480
DZIP3-2	DZIP3	ENSG00000198919
CALML4-2	CALML4	ENSG00000129007
C1S-2	C1S	ENSG00000182326
DCUN1D1-2	DCUN1D1	ENSG00000043093
GSX1-2	GSX1	ENSG00000169840
NUB1-2	NUB1	ENSG00000013374
HSF2-2	HSF2	ENSG00000025156
ACAT2-2	ACAT2	ENSG00000120437
PER3-2	PER3	ENSG00000049246
PAGR1-2	PAGR1	ENSG00000280789
DPY19L3-2	DPY19L3	ENSG00000178904
AGR2-2	AGR2	ENSG00000106541
DDX54-2	DDX54	ENSG00000123064
ZFP1-2	ZFP1	ENSG00000184517
ARHGAP24-2	ARHGAP24	ENSG00000138639
CHERP-2	CHERP	ENSG00000085872
TOM1-2	TOM1	ENSG00000100284
KIAA2013-2	KIAA2013	ENSG00000116685
PLS1-2	PLS1	ENSG00000120756
PACS1-2	PACS1	ENSG00000175115
CMTR1-2	CMTR1	ENSG00000137200
PDIA6-2	PDIA6	ENSG00000143870
SF3B2-2	SF3B2	ENSG00000087365
RBMX2-2	RBMX2	ENSG00000134597
FANCL-2	FANCL	ENSG00000115392
SCAP-2	SCAP	ENSG00000114650
MOSPD2-2	MOSPD2	ENSG00000130150
ACTR3B-2	ACTR3B	ENSG00000133627
MRFAP1-2	MRFAP1	ENSG00000179010
SERPINE3-2	SERPINE3	ENSG00000253309
ARNTL2-2	BMAL2	ENSG00000029153
EPHA4-2	EPHA4	ENSG00000116106
NDC1-2	NDC1	ENSG00000058804
SLC35B4-2	SLC35B4	ENSG00000205060
LRRC41-2	LRRC41	ENSG00000132128
DSTN-2	DSTN	ENSG00000125868
COX6A1-2	COX6A1	ENSG00000111775
MTRNR2L8-2	MTRNR2L8	MTRNR2L8
PTPRJ-2	PTPRJ	ENSG00000149177
MAP3K7-2	MAP3K7	ENSG00000135341
KHDC4-2	KHDC4	ENSG00000132680
RNF208-2	RNF208	ENSG00000212864
BTN3A3-2	BTN3A3	ENSG00000111801
ST6GALNAC4-2	ST6GALNAC4	ENSG00000136840
CHEK1-2	CHEK1	ENSG00000149554
MPP1-2	MPP1	ENSG00000130830
BTBD9-2	BTBD9	ENSG00000183826
SLC38A2-2	SLC38A2	ENSG00000134294
SSRP1-2	SSRP1	ENSG00000149136
WRAP73-2	WRAP73	ENSG00000116213
NHSL2-2	NHSL2	ENSG00000204131
SPTSSB-2	SPTSSB	ENSG00000196542
NSMF-2	NSMF	ENSG00000165802
FMN1-2	FMN1	ENSG00000248905
C11orf80-2	TOP6BL	ENSG00000173715
SLC16A13-2	SLC16A13	ENSG00000174327
RBM18-2	RBM18	ENSG00000119446
ASNS-2	ASNS	ENSG00000070669
CACNB4-2	CACNB4	ENSG00000182389
NIP7-2	NIP7	ENSG00000132603
PHACTR2-2	PHACTR2	ENSG00000112419
ACACB-2	ACACB	ENSG00000076555
COA6-2	COA6	ENSG00000168275
OSBPL8-2	OSBPL8	ENSG00000091039
TENT5A-2	TENT5A	ENSG00000112773
RAB40B-2	RAB40B	ENSG00000141542
SLC38A10-2	SLC38A10	ENSG00000157637
C2orf42-2	C2orf42	ENSG00000115998
OCRL-2	OCRL	ENSG00000122126
ARL8A-2	ARL8A	ENSG00000143862
MMAB-2	MMAB	ENSG00000139428
MYCN-2	MYCN	ENSG00000134323
TBC1D10B-2	TBC1D10B	ENSG00000169221
DZIP1-2	DZIP1	ENSG00000134874
GPN2-2	GPN2	ENSG00000142751
PPP3CA-2	PPP3CA	ENSG00000138814
PARP1-2	PARP1	ENSG00000143799
ATOH1-2	ATOH1	ENSG00000172238
TSPAN18-2	TSPAN18	ENSG00000157570
RNF32-2	RNF32	ENSG00000105982
ZNF155-2	ZNF155	ENSG00000204920
C17orf51-2	LINC02693	ENSG00000212719
MFAP3-2	MFAP3	ENSG00000037749
SRPK1-2	SRPK1	ENSG00000096063
PIK3IP1-2	PIK3IP1	ENSG00000100100
DENND4A-2	DENND4A	ENSG00000174485
TOR1AIP2-2	TOR1AIP2	ENSG00000169905
IWS1-2	IWS1	ENSG00000163166
C6orf163-2	C6orf163	ENSG00000203872
ZER1-2	ZER1	ENSG00000160445
HINT1-2	HINT1	ENSG00000169567
ATOH7-2	ATOH7	ENSG00000179774
SLC2A6-2	SLC2A6	ENSG00000160326
PRKAB2-2	PRKAB2	ENSG00000131791
SMOX-2	SMOX	ENSG00000088826
EIF5B-2	EIF5B	ENSG00000158417
CEP76-2	CEP76	ENSG00000101624
CCDC34-2	CCDC34	ENSG00000109881
UQCRQ-2	UQCRQ	ENSG00000164405
SIGMAR1-2	SIGMAR1	ENSG00000147955
LARP4-2	LARP4	ENSG00000161813
SLC17A9-2	SLC17A9	ENSG00000101194
FKBP8-2	FKBP8	ENSG00000105701
ZNF606-2	ZNF606	ENSG00000166704
RAB27A-2	RAB27A	ENSG00000069974
PRIM2-2	PRIM2	ENSG00000146143
ZNF467-2	ZNF467	ENSG00000181444
C1orf35-2	C1orf35	ENSG00000143793
RAB36-2	RAB36	ENSG00000100228
ADNP-2	ADNP	ENSG00000101126
PCNX2-2	PCNX2	ENSG00000135749
AMDHD2-2	AMDHD2	ENSG00000162066
DUSP3-2	DUSP3	ENSG00000108861
KIAA1958-2	KIAA1958	ENSG00000165185
COX4I1-2	COX4I1	ENSG00000131143
SAT1-2	SAT1	ENSG00000130066
TCOF1-2	TCOF1	ENSG00000070814
SLC1A5-2	SLC1A5	ENSG00000105281
SPATA7-2	SPATA7	ENSG00000042317
CRTC3-2	CRTC3	ENSG00000140577
IL15RA-2	IL15RA	ENSG00000134470
ABHD12-2	ABHD12	ENSG00000100997
LDAH-2	LDAH	ENSG00000118961
PRELID2-2	PRELID2	ENSG00000186314
BRD4-2	BRD4	ENSG00000141867
CIB1-2	CIB1	ENSG00000185043
RALB-2	RALB	ENSG00000144118
PDAP1-2	PDAP1	ENSG00000106244
AP1AR-2	AP1AR	ENSG00000138660
SEL1L3-2	SEL1L3	ENSG00000091490
BUB3-2	BUB3	ENSG00000154473
HMX2-2	HMX2	ENSG00000188816
PIGM-2	PIGM	ENSG00000143315
PPP1R3B-2	PPP1R3B	ENSG00000173281
C15orf39-2	C15orf39	ENSG00000167173
UAP1L1-2	UAP1L1	ENSG00000197355
POU2F3-2	POU2F3	ENSG00000137709
KIF18A-2	KIF18A	ENSG00000121621
ZNF394-2	ZNF394	ENSG00000160908
CHRAC1-2	CHRAC1	ENSG00000104472
POLK-2	POLK	ENSG00000122008
TMCO6-2	TMCO6	ENSG00000113119
GDAP2-2	GDAP2	ENSG00000196505
DTWD2-2	DTWD2	ENSG00000169570
ZBTB40-2	ZBTB40	ENSG00000184677
ZC3H4-2	ZC3H4	ENSG00000130749
BRICD5-2	BRICD5	ENSG00000182685
ZNF121-2	ZNF121	ENSG00000197961
TRAM2-2	TRAM2	ENSG00000065308
ATN1-2	ATN1	ENSG00000111676
TP53INP2-2	TP53INP2	ENSG00000078804
C12orf60-2	C12orf60	ENSG00000182993
CCNB2-2	CCNB2	ENSG00000157456
GDI2-2	GDI2	ENSG00000057608
CD81-2	CD81	ENSG00000110651
JAM3-2	JAM3	ENSG00000166086
GCC2-2	GCC2	ENSG00000135968
IBA57-2	IBA57	ENSG00000181873
MRPL51-2	MRPL51	ENSG00000111639
DMRTB1-2	DMRTB1	ENSG00000143006
DDX55-2	DDX55	ENSG00000111364
CORO6-2	CORO6	ENSG00000167549
ERCC3-2	ERCC3	ENSG00000163161
WDSUB1-2	WDSUB1	ENSG00000196151
ETV5-2	ETV5	ENSG00000244405
CDKL5-2	CDKL5	ENSG00000008086
MOB1A-2	MOB1A	ENSG00000114978
ZMYM3-2	ZMYM3	ENSG00000147130
TEFM-2	TEFM	ENSG00000172171
RNF14-2	RNF14	ENSG00000013561
LPXN-2	LPXN	ENSG00000110031
AMT-2	AMT	ENSG00000145020
CEP104-2	CEP104	ENSG00000116198
C3-2	C3	ENSG00000125730
ME3-2	ME3	ENSG00000151376
GRAMD1A-2	GRAMD1A	ENSG00000089351
EMX1-2	EMX1	ENSG00000135638
MRNIP-2	MRNIP	ENSG00000161010
YPEL1-2	YPEL1	ENSG00000100027
MAN1C1-2	MAN1C1	ENSG00000117643
SMARCD3-2	SMARCD3	ENSG00000082014
SRSF9-2	SRSF9	ENSG00000111786
TRIP6-2	TRIP6	ENSG00000087077
COQ10A-2	COQ10A	ENSG00000135469
HLF-2	HLF	ENSG00000108924
RYR3-2	RYR3	ENSG00000198838
PALB2-2	PALB2	ENSG00000083093
KLF6-2	KLF6	ENSG00000067082
EBNA1BP2-2	EBNA1BP2	ENSG00000117395
MFGE8-2	MFGE8	ENSG00000140545
MDM1-2	MDM1	ENSG00000111554
P2RX1-2	P2RX1	ENSG00000108405
CTNNBL1-2	CTNNBL1	ENSG00000132792
PSMB1-2	PSMB1	ENSG00000008018
RPS6KB2-2	RPS6KB2	ENSG00000175634
CCR9-2	CCR9	ENSG00000173585
LASP1-2	LASP1	ENSG00000002834
LIN28A-2	LIN28A	ENSG00000131914
TLE1-2	TLE1	ENSG00000196781
TRAM1-2	TRAM1	ENSG00000067167
JAK1-2	JAK1	ENSG00000162434
PWWP2A-2	PWWP2A	ENSG00000170234
TGFBR1-2	TGFBR1	ENSG00000106799
C15orf53-2	LINC02694	ENSG00000175779
DAGLA-2	DAGLA	ENSG00000134780
CSNK2A2-2	CSNK2A2	ENSG00000070770
BMP8A-2	BMP8A	ENSG00000183682
TMEM117-2	TMEM117	ENSG00000139173
DGKD-2	DGKD	ENSG00000077044
OSTC-2	OSTC	ENSG00000198856
SMPD4-2	SMPD4	ENSG00000136699
CD163-2	CD163	ENSG00000177575
HOXA9-2	HOXA9	ENSG00000078399
FRMD4A-2	FRMD4A	ENSG00000151474
UBE2T-2	UBE2T	ENSG00000077152
IRAK4-2	IRAK4	ENSG00000198001
MTFR2-2	MTFR2	ENSG00000146410
RNF111-2	RNF111	ENSG00000157450
ZNF841-2	ZNF841	ENSG00000197608
ALKBH5-2	ALKBH5	ENSG00000091542
STRAP-2	STRAP	ENSG00000023734
SLC25A17-2	SLC25A17	ENSG00000100372
UACA-2	UACA	ENSG00000137831
ZSCAN1-2	ZSCAN1	ENSG00000152467
LSG1-2	LSG1	ENSG00000041802
VCL-2	VCL	ENSG00000035403
NCOA7-2	NCOA7	ENSG00000111912
USP18-2	USP18	ENSG00000184979
RAP1A-2	RAP1A	ENSG00000116473
FZD6-2	FZD6	ENSG00000164930
CTBP1-2	CTBP1	ENSG00000159692
DTNBP1-2	DTNBP1	ENSG00000047579
OPRL1-2	OPRL1	ENSG00000125510
LIME1-2	LIME1	ENSG00000203896
PTGDS-2	PTGDS	ENSG00000107317
OLFM4-2	OLFM4	ENSG00000102837
FEZ2-2	FEZ2	ENSG00000171055
KBTBD4-2	KBTBD4	ENSG00000123444
ZNF212-2	ZNF212	ENSG00000170260
SLC25A13-2	SLC25A13	ENSG00000004864
HIST1H2BB-2	H2BC3	ENSG00000276410
CDC37L1-2	CDC37L1	ENSG00000106993
PYGM-2	PYGM	ENSG00000068976
EGLN1-2	EGLN1	ENSG00000135766
HELZ2-2	HELZ2	ENSG00000130589
COX16-2	COX16	ENSG00000133983
VPS4A-2	VPS4A	ENSG00000132612
ZADH2-2	PTGR3	ENSG00000180011
CRK-2	CRK	ENSG00000167193
FBXO7-2	FBXO7	ENSG00000100225
THOC7-2	THOC7	ENSG00000163634
HMGN4-2	HMGN4	ENSG00000182952
TARS2-2	TARS2	ENSG00000143374
CMKLR1-2	CMKLR1	ENSG00000174600
PPARG-2	PPARG	ENSG00000132170
ZNF789-2	ZNF789	ENSG00000198556
NLRP3-2	NLRP3	ENSG00000162711
ARX-2	ARX	ENSG00000004848
UVRAG-2	UVRAG	ENSG00000198382
CEP85-2	CEP85	ENSG00000130695
CRIP2-2	CRIP2	ENSG00000182809
TENT4B-2	TENT4B	ENSG00000121274
NAALADL1-2	NAALADL1	ENSG00000168060
NDUFB8-2	NDUFB8	ENSG00000166136
PCGF1-2	PCGF1	ENSG00000115289
RPS6KA4-2	RPS6KA4	ENSG00000162302
INPP5B-2	INPP5B	ENSG00000204084
KCNQ1-2	KCNQ1	ENSG00000053918
EMC6-2	EMC6	ENSG00000127774
NFKBIB-2	NFKBIB	ENSG00000104825
ZNF148-2	ZNF148	ENSG00000163848
NDUFS2-2	NDUFS2	ENSG00000158864
NAP1L5-2	NAP1L5	ENSG00000177432
TIRAP-2	TIRAP	ENSG00000150455
ZNF556-2	ZNF556	ENSG00000172000
SERPINB8-2	SERPINB8	ENSG00000166401
NIF3L1-2	NIF3L1	ENSG00000196290
SMPD2-2	SMPD2	ENSG00000135587
SEMA4F-2	SEMA4F	ENSG00000135622
RC3H2-2	RC3H2	ENSG00000056586
FSBP-2	FSBP	ENSG00000265817
SPATA2L-2	SPATA2L	ENSG00000158792
GPR180-2	GPR180	ENSG00000152749
NAGK-2	NAGK	ENSG00000124357
NOBOX-2	NOBOX	ENSG00000106410
ADCY1-2	ADCY1	ENSG00000164742
MCEMP1-2	MCEMP1	ENSG00000183019
G3BP2-2	G3BP2	ENSG00000138757
CHURC1-2	CHURC1	ENSG00000258289
GPX7-2	GPX7	ENSG00000116157
MCC-2	MCC	ENSG00000171444
HDHD2-2	HDHD2	ENSG00000167220
DNAJC8-2	DNAJC8	ENSG00000126698
PPP2R5E-2	PPP2R5E	ENSG00000154001
JOSD1-2	JOSD1	ENSG00000100221
SLC25A30-2	SLC25A30	ENSG00000174032
PRKRA-2	PRKRA	ENSG00000180228
ASRGL1-2	ASRGL1	ENSG00000162174
DNAL4-2	DNAL4	ENSG00000100246
IFT52-2	IFT52	ENSG00000101052
SYCE1L-2	SYCE1L	ENSG00000205078
OST4-2	OST4	ENSG00000228474
CALR-2	CALR	ENSG00000179218
CXorf56-2	STEEP1	ENSG00000018610
BBS9-2	BBS9	ENSG00000122507
C5orf22-2	C5orf22	ENSG00000082213
NFIX-2	NFIX	ENSG00000008441
NF2-2	NF2	ENSG00000186575
ADH5-2	ADH5	ENSG00000197894
MAP4K4-2	MAP4K4	ENSG00000071054
IGSF9B-2	IGSF9B	ENSG00000080854
PGBD2-2	PGBD2	ENSG00000185220
SIX5-2	SIX5	ENSG00000177045
FAM45A-2	DENND10	ENSG00000119979
PYHIN1-2	PYHIN1	ENSG00000163564
TBKBP1-2	TBKBP1	ENSG00000198933
CAMKK1-2	CAMKK1	ENSG00000004660
JAK2-2	JAK2	ENSG00000096968
MAGOH-2	MAGOH	ENSG00000162385
ETNK1-2	ETNK1	ENSG00000139163
CMPK2-2	CMPK2	ENSG00000134326
FBXL6-2	FBXL6	ENSG00000182325
SKP2-2	SKP2	ENSG00000145604
PIDD1-2	PIDD1	ENSG00000177595
SLC39A10-2	SLC39A10	ENSG00000196950
GDPGP1-2	GDPGP1	ENSG00000183208
ZNF22-2	ZNF22	ENSG00000165512
RAMAC-2	RAMAC	ENSG00000169612
POLR2J2-2	POLR2J2	ENSG00000228049
OTX1-2	OTX1	ENSG00000115507
ARV1-2	ARV1	ENSG00000173409
GZMH-2	GZMH	ENSG00000100450
AIG1-2	AIG1	ENSG00000146416
GLG1-2	GLG1	ENSG00000090863
SNRK-2	SNRK	ENSG00000163788
DCAF17-2	DCAF17	ENSG00000115827
TCTEX1D4-2	DYNLT4	ENSG00000188396
ZNHIT6-2	ZNHIT6	ENSG00000117174
ZC3H13-2	ZC3H13	ENSG00000123200
TIGAR-2	TIGAR	ENSG00000078237
AKNA-2	AKNA	ENSG00000106948
ST20-2	ST20	ENSG00000180953
VTI1A-2	VTI1A	ENSG00000151532
KRIT1-2	KRIT1	ENSG00000001631
SIX2-2	SIX2	ENSG00000170577
C2CD2L-2	C2CD2L	ENSG00000172375
EVL-2	EVL	ENSG00000196405
ZSCAN10-2	ZSCAN10	ENSG00000130182
NAPG-2	NAPG	ENSG00000134265
ZNF230-2	ZNF230	ENSG00000159882
RPLP1-2	RPLP1	ENSG00000137818
HNRNPU-2	HNRNPU	ENSG00000153187
ZNF254-2	ZNF254	ENSG00000213096
EGFL6-2	EGFL6	ENSG00000198759
LY75-2	LY75	ENSG00000054219
PRRT3-2	PRRT3	ENSG00000163704
HSDL2-2	HSDL2	ENSG00000119471
DMRTA1-2	DMRTA1	ENSG00000176399
CHPF-2	CHPF	ENSG00000123989
MIB1-2	MIB1	ENSG00000101752
PSME4-2	PSME4	ENSG00000068878
TPD52L1-2	TPD52L1	ENSG00000111907
THG1L-2	THG1L	ENSG00000113272
SNX24-2	SNX24	ENSG00000064652
GRSF1-2	GRSF1	ENSG00000132463
PNPLA4-2	PNPLA4	ENSG00000006757
APOL2-2	APOL2	ENSG00000128335
AFAP1-2	AFAP1	ENSG00000196526
HNRNPA2B1-2	HNRNPA2B1	ENSG00000122566
SLC7A5-2	SLC7A5	ENSG00000103257
SKA3-2	SKA3	ENSG00000165480
ATP6AP2-2	ATP6AP2	ENSG00000182220
IL6R-2	IL6R	ENSG00000160712
THOC5-2	THOC5	ENSG00000100296
TMEM223-2	TMEM223	ENSG00000168569
NOL7-2	NOL7	ENSG00000225921
BCL7B-2	BCL7B	ENSG00000106635
FAM104A-2	VCF1	ENSG00000133193
TCF7L2-2	TCF7L2	ENSG00000148737
ARL9-2	ARL9	ENSG00000196503
KCNC3-2	KCNC3	ENSG00000131398
MICALL1-2	MICALL1	ENSG00000100139
UHMK1-2	UHMK1	ENSG00000152332
ZNF142-2	ZNF142	ENSG00000115568
GTF2A2-2	GTF2A2	ENSG00000140307
PUS1-2	PUS1	ENSG00000177192
ITGB1-2	ITGB1	ENSG00000150093
SLC25A40-2	SLC25A40	ENSG00000075303
DAPK2-2	DAPK2	ENSG00000035664
TIAM2-2	TIAM2	ENSG00000146426
ISOC2-2	ISOC2	ENSG00000063241
GABARAPL1-2	GABARAPL1	ENSG00000139112
LTF-2	LTF	ENSG00000012223
TUBGCP2-2	TUBGCP2	ENSG00000130640
PLA2G2A-2	PLA2G2A	ENSG00000188257
RORB-2	RORB	ENSG00000198963
TPP2-2	TPP2	ENSG00000134900
FANCE-2	FANCE	ENSG00000112039
F2R-2	F2R	ENSG00000181104
BACE1-2	BACE1	ENSG00000186318
DDHD1-2	DDHD1	ENSG00000100523
UHRF1-2	UHRF1	ENSG00000276043
ABHD14A-2	ABHD14A	ENSG00000248487
SPINK4-2	SPINK4	ENSG00000122711
CDK20-2	CDK20	ENSG00000156345
TRIM65-2	TRIM65	ENSG00000141569
UBE3B-2	UBE3B	ENSG00000151148
HIST1H4K-2	H4C12	ENSG00000273542
CCDC117-2	CCDC117	ENSG00000159873
SNRPA1-2	SNRPA1	ENSG00000131876
TUBA1B-2	TUBA1B	ENSG00000123416
TMC8-2	TMC8	ENSG00000167895
HAVCR2-2	HAVCR2	ENSG00000135077
FBL-2	FBL	ENSG00000105202
PINK1-2	PINK1	ENSG00000158828
RAC3-2	RAC3	ENSG00000169750
TLN2-2	TLN2	ENSG00000171914
C12orf73-2	UQCC6	ENSG00000204954
METTL14-2	METTL14	ENSG00000145388
CNPY2-2	CNPY2	ENSG00000257727
ATP1B1-2	ATP1B1	ENSG00000143153
CAMTA1-2	CAMTA1	ENSG00000171735
PDE6G-2	PDE6G	ENSG00000185527
TOP2A-2	TOP2A	ENSG00000131747
PLXNB2-2	PLXNB2	ENSG00000196576
FAM89B-2	FAM89B	ENSG00000176973
AES-2	TLE5	ENSG00000104964
SMCHD1-2	SMCHD1	ENSG00000101596
DAP3-2	DAP3	ENSG00000132676
GNAL-2	GNAL	ENSG00000141404
TIMM9-2	TIMM9	ENSG00000100575
STRN-2	STRN	ENSG00000115808
NFKB1-2	NFKB1	ENSG00000109320
SPCS1-2	SPCS1	ENSG00000114902
PNO1-2	PNO1	ENSG00000115946
PPP6R1-2	PPP6R1	ENSG00000105063
VILL-2	VILL	ENSG00000136059
POGLUT1-2	POGLUT1	ENSG00000163389
ZNHIT2-2	ZNHIT2	ENSG00000174276
FABP3-2	FABP3	ENSG00000121769
NDUFB4-2	NDUFB4	ENSG00000065518
KRBA2-2	KRBA2	ENSG00000184619
TAF2-2	TAF2	ENSG00000064313
ISOC1-2	ISOC1	ENSG00000066583
TNFRSF21-2	TNFRSF21	ENSG00000146072
MTIF2-2	MTIF2	ENSG00000085760
PTGER3-2	PTGER3	ENSG00000050628
FKBP4-2	FKBP4	ENSG00000004478
SZRD1-2	SZRD1	ENSG00000055070
SBNO1-2	SBNO1	ENSG00000139697
GMFG-2	GMFG	ENSG00000130755
MLN-2	MLN	ENSG00000096395
C4orf19-2	C4orf19	ENSG00000154274
PEX16-2	PEX16	ENSG00000121680
ZNF157-2	ZNF157	ENSG00000147117
MDM4-2	MDM4	ENSG00000198625
DPEP2-2	DPEP2	ENSG00000167261
PBRM1-2	PBRM1	ENSG00000163939
SNAP25-2	SNAP25	ENSG00000132639
TIMM10B-2	TIMM10B	ENSG00000132286
POU5F1B-2	POU5F1B	ENSG00000212993
DPP8-2	DPP8	ENSG00000074603
FARSA-2	FARSA	ENSG00000179115
CCDC85B-2	CCDC85B	ENSG00000175602
UBE2J1-2	UBE2J1	ENSG00000198833
NECTIN1-2	NECTIN1	ENSG00000110400
PPRC1-2	PPRC1	ENSG00000148840
IAH1-2	IAH1	ENSG00000134330
SAPCD2-2	SAPCD2	ENSG00000186193
TBCE-2	TBCE	ENSG00000284770
RPUSD3-2	RPUSD3	ENSG00000156990
HIST1H2BG-2	H2BC8	ENSG00000273802
SMU1-2	SMU1	ENSG00000122692
IFRD2-2	IFRD2	ENSG00000214706
ZNF555-2	ZNF555	ENSG00000186300
OSBPL3-2	OSBPL3	ENSG00000070882
RASD1-2	RASD1	ENSG00000108551
CD8B-2	CD8B	ENSG00000172116
ZDHHC5-2	ZDHHC5	ENSG00000156599
UBR2-2	UBR2	ENSG00000024048
TCTN3-2	TCTN3	ENSG00000119977
NUDT9-2	NUDT9	ENSG00000170502
ZNF69-2	ZNF69	ENSG00000198429
GID8-2	GID8	ENSG00000101193
SLC44A5-2	SLC44A5	ENSG00000137968
CFAP20-2	CFAP20	ENSG00000070761
FITM1-2	FITM1	ENSG00000139914
OVOL1-2	OVOL1	ENSG00000172818
ASCL2-2	ASCL2	ENSG00000183734
RCN3-2	RCN3	ENSG00000142552
JRKL-2	JRKL	ENSG00000183340
CHIC2-2	CHIC2	ENSG00000109220
MARS2-2	MARS2	ENSG00000247626
ZNF319-2	ZNF319	ENSG00000166188
ZNF853-2	ZNF853	ENSG00000236609
SUPT4H1-2	SUPT4H1	ENSG00000213246
SUMO1-2	SUMO1	ENSG00000116030
TSPAN14-2	TSPAN14	ENSG00000108219
KIF15-2	KIF15	ENSG00000163808
JDP2-2	JDP2	ENSG00000140044
GLCE-2	GLCE	ENSG00000138604
BCORL1-2	BCORL1	ENSG00000085185
ARHGAP35-2	ARHGAP35	ENSG00000160007
DHX29-2	DHX29	ENSG00000067248
SPARC-2	SPARC	ENSG00000113140
CDC6-2	CDC6	ENSG00000094804
MED27-2	MED27	ENSG00000160563
ARHGAP1-2	ARHGAP1	ENSG00000175220
RPL27-2	RPL27	ENSG00000131469
BAG1-2	BAG1	ENSG00000107262
TEDC2-2	TEDC2	ENSG00000162062
MAOA-2	MAOA	ENSG00000189221
PKN1-2	PKN1	ENSG00000123143
STC2-2	STC2	ENSG00000113739
PSMB4-2	PSMB4	ENSG00000159377
KLHL3-2	KLHL3	ENSG00000146021
KIF1C-2	KIF1C	ENSG00000129250
PAQR7-2	PAQR7	ENSG00000182749
MRM3-2	MRM3	ENSG00000171861
RCN1-2	RCN1	ENSG00000049449
GOLPH3L-2	GOLPH3L	ENSG00000143457
SIMC1-2	SIMC1	ENSG00000170085
CYB5R1-2	CYB5R1	ENSG00000159348
NRDC-2	NRDC	ENSG00000078618
FNBP1-2	FNBP1	ENSG00000187239
ARCN1-2	ARCN1	ENSG00000095139
KIAA0408-2	KIAA0408	ENSG00000189367
BRK1-2	BRK1	ENSG00000254999
KRTCAP2-2	KRTCAP2	ENSG00000163463
NELL2-2	NELL2	ENSG00000184613
FHL2-2	FHL2	ENSG00000115641
ESPL1-2	ESPL1	ENSG00000135476
ACVR2B-2	ACVR2B	ENSG00000114739
SKI-2	SKI	ENSG00000157933
HPF1-2	HPF1	ENSG00000056050
RFX8-2	RFX8	ENSG00000196460
MRPS26-2	MRPS26	ENSG00000125901
DYNC2LI1-2	DYNC2LI1	ENSG00000138036
CEBPE-2	CEBPE	ENSG00000092067
GNE-2	GNE	ENSG00000159921
TP53I11-2	TP53I11	ENSG00000175274
ZNF114-2	ZNF114	ENSG00000178150
GSTM2-2	GSTM2	ENSG00000213366
PTCD3-2	PTCD3	ENSG00000132300
SDF2-2	SDF2	ENSG00000132581
AP1G1-2	AP1G1	ENSG00000166747
PIP5K1A-2	PIP5K1A	ENSG00000143398
CWF19L2-2	CWF19L2	ENSG00000152404
CDC7-2	CDC7	ENSG00000097046
LRRC46-2	LRRC46	ENSG00000141294
MCAM-2	MCAM	ENSG00000076706
MTMR1-2	MTMR1	ENSG00000063601
ARF5-2	ARF5	ENSG00000004059
ZMIZ2-2	ZMIZ2	ENSG00000122515
SECISBP2-2	SECISBP2	ENSG00000187742
CDHR3-2	CDHR3	ENSG00000128536
HACL1-2	HACL1	ENSG00000131373
INO80C-2	INO80C	ENSG00000153391
PGM3-2	PGM3	ENSG00000013375
SPINDOC-2	SPINDOC	ENSG00000168005
RGS10-2	RGS10	ENSG00000148908
CYP2U1-2	CYP2U1	ENSG00000155016
GSDMA-2	GSDMA	ENSG00000167914
COG5-2	COG5	ENSG00000164597
RBM44-2	RBM44	ENSG00000177483
DCAF11-2	DCAF11	ENSG00000100897
BATF-2	BATF	ENSG00000156127
ANKRD37-2	ANKRD37	ENSG00000186352
SLC35A1-2	SLC35A1	ENSG00000164414
EFNA4-2	EFNA4	ENSG00000243364
AMIGO2-2	AMIGO2	ENSG00000139211
ORMDL1-2	ORMDL1	ENSG00000128699
ULK3-2	ULK3	ENSG00000140474
AP4B1-2	AP4B1	ENSG00000134262
FAM136A-2	FAM136A	ENSG00000035141
DGCR8-2	DGCR8	ENSG00000128191
IPP-2	IPP	ENSG00000197429
TSPAN3-2	TSPAN3	ENSG00000140391
FAM8A1-2	FAM8A1	ENSG00000137414
CPLANE1-2	CPLANE1	ENSG00000197603
TNFSF13B-2	TNFSF13B	ENSG00000102524
EIF3J-2	EIF3J	ENSG00000104131
PIWIL4-2	PIWIL4	ENSG00000134627
CACNA1A-2	CACNA1A	ENSG00000141837
BIRC2-2	BIRC2	ENSG00000110330
ATP6V0D1-2	ATP6V0D1	ENSG00000159720
CACNA2D2-2	CACNA2D2	ENSG00000007402
TRPC4AP-2	TRPC4AP	ENSG00000100991
THUMPD3-2	THUMPD3	ENSG00000134077
DIP2A-2	DIP2A	ENSG00000160305
MTOR-2	MTOR	ENSG00000198793
HDAC2-2	HDAC2	ENSG00000196591
PLAGL2-2	PLAGL2	ENSG00000126003
ICE2-2	ICE2	ENSG00000128915
TDG-2	TDG	ENSG00000139372
SYTL3-2	SYTL3	ENSG00000164674
ZNF592-2	ZNF592	ENSG00000166716
LZIC-2	LZIC	ENSG00000162441
TXNDC15-2	TXNDC15	ENSG00000113621
ADTRP-2	ADTRP	ENSG00000111863
LRMP-2	IRAG2	ENSG00000118308
ACTR2-2	ACTR2	ENSG00000138071
COMMD2-2	COMMD2	ENSG00000114744
CD248-2	CD248	ENSG00000174807
MPV17-2	MPV17	ENSG00000115204
C11orf68-2	C11orf68	ENSG00000175573
ZNF585A-2	ZNF585A	ENSG00000196967
LUC7L-2	LUC7L	ENSG00000007392
MIER3-2	MIER3	ENSG00000155545
CLEC16A-2	CLEC16A	ENSG00000038532
RCN2-2	RCN2	ENSG00000117906
GSTM1-2	GSTM1	ENSG00000134184
TAF3-2	TAF3	ENSG00000165632
CSNK1D-2	CSNK1D	ENSG00000141551
ACBD4-2	ACBD4	ENSG00000181513
VPS26A-2	VPS26A	ENSG00000122958
GMPPA-2	GMPPA	ENSG00000144591
LARP1-2	LARP1	ENSG00000155506
SKOR1-2	SKOR1	ENSG00000188779
WBP1L-2	WBP1L	ENSG00000166272
VPS41-2	VPS41	ENSG00000006715
NOL12-2	NOL12	ENSG00000273899
MED22-2	MED22	ENSG00000148297
RRAS-2	RRAS	ENSG00000126458
SRSF1-2	SRSF1	ENSG00000136450
HSP90B1-2	HSP90B1	ENSG00000166598
PSTPIP1-2	PSTPIP1	ENSG00000140368
ILF3-2	ILF3	ENSG00000129351
RMI1-2	RMI1	ENSG00000178966
RANGRF-2	RANGRF	ENSG00000108961
RHOH-2	RHOH	ENSG00000168421
GNGT2-2	GNGT2	ENSG00000167083
FAM241A-2	FAM241A	ENSG00000174749
DCXR-2	DCXR	ENSG00000169738
ASB16-2	ASB16	ENSG00000161664
MLEC-2	MLEC	ENSG00000110917
HIBCH-2	HIBCH	ENSG00000198130
NFATC2-2	NFATC2	ENSG00000101096
FOSL2-2	FOSL2	ENSG00000075426
LARP4B-2	LARP4B	ENSG00000107929
KIAA0825-2	KIAA0825	ENSG00000185261
SUPT5H-2	SUPT5H	ENSG00000196235
PLK1-2	PLK1	ENSG00000166851
NPAS1-2	NPAS1	ENSG00000130751
ZNF221-2	ZNF221	ENSG00000159905
PPP1R37-2	PPP1R37	ENSG00000104866
IGFBP4-2	IGFBP4	ENSG00000141753
ZDHHC16-2	ZDHHC16	ENSG00000171307
PCK2-2	PCK2	ENSG00000100889
OPTN-2	OPTN	ENSG00000123240
UTP6-2	UTP6	ENSG00000108651
CALD1-2	CALD1	ENSG00000122786
APBB1IP-2	APBB1IP	ENSG00000077420
SERINC1-2	SERINC1	ENSG00000111897
PSMD14-2	PSMD14	ENSG00000115233
DZANK1-2	DZANK1	ENSG00000089091
GCNT1-2	GCNT1	ENSG00000187210
RGS14-2	RGS14	ENSG00000169220
SUGT1-2	SUGT1	ENSG00000165416
EPN1-2	EPN1	ENSG00000063245
ADK-2	ADK	ENSG00000156110
FILIP1L-2	FILIP1L	ENSG00000168386
SLC36A4-2	SLC36A4	ENSG00000180773
GCM2-2	GCM2	ENSG00000124827
ZNF385B-2	ZNF385B	ENSG00000144331
DNAJC9-2	DNAJC9	ENSG00000213551
BMP8B-2	BMP8B	ENSG00000116985
SCP2-2	SCP2	ENSG00000116171
FAM3C-2	FAM3C	ENSG00000196937
CYFIP2-2	CYFIP2	ENSG00000055163
DCTN5-2	DCTN5	ENSG00000166847
HYOU1-2	HYOU1	ENSG00000149428
UBXN1-2	UBXN1	ENSG00000162191
GPATCH2L-2	GPATCH2L	ENSG00000089916
KMT2B-2	KMT2B	ENSG00000272333
RRAD-2	RRAD	ENSG00000166592
MBD2-2	MBD2	ENSG00000134046
EIF2S3-2	EIF2S3	ENSG00000130741
AHCTF1-2	AHCTF1	ENSG00000153207
SNX27-2	SNX27	ENSG00000143376
TRIM8-2	TRIM8	ENSG00000171206
MPZL3-2	MPZL3	ENSG00000160588
PSMC5-2	PSMC5	ENSG00000087191
PAPOLA-2	PAPOLA	ENSG00000090060
ASL-2	ASL	ENSG00000126522
SLC7A8-2	SLC7A8	ENSG00000092068
MPZ-2	MPZ	ENSG00000158887
PHF21A-2	PHF21A	ENSG00000135365
PCCA-2	PCCA	ENSG00000175198
GPAT4-2	GPAT4	ENSG00000158669
DEPDC7-2	DEPDC7	ENSG00000121690
NCOA5-2	NCOA5	ENSG00000124160
ARL15-2	ARL15	ENSG00000185305
SERHL2-2	SERHL2	ENSG00000183569
ZNF408-2	ZNF408	ENSG00000175213
HSBP1-2	HSBP1	ENSG00000230989
NTPCR-2	NTPCR	ENSG00000135778
SULF2-2	SULF2	ENSG00000196562
EP400-2	EP400	ENSG00000183495
CTTN-2	CTTN	ENSG00000085733
UQCRB-2	UQCRB	ENSG00000156467
FECH-2	FECH	ENSG00000066926
KIAA1324L-2	ELAPOR2	ENSG00000164659
UPRT-2	UPRT	ENSG00000094841
MLLT3-2	MLLT3	ENSG00000171843
NCAM1-2	NCAM1	ENSG00000149294
MANEA-2	MANEA	ENSG00000172469
CDC5L-2	CDC5L	ENSG00000096401
LONP2-2	LONP2	ENSG00000102910
SPACA9-2	SPACA9	ENSG00000165698
SLC7A6OS-2	SLC7A6OS	ENSG00000103061
ZBTB45-2	ZBTB45	ENSG00000119574
RTL8A-2	RTL8A	ENSG00000203950
ZNF385D-2	ZNF385D	ENSG00000151789
ANKRD28-2	ANKRD28	ENSG00000206560
AKAP1-2	AKAP1	ENSG00000121057
CS-2	CS	ENSG00000062485
THAP4-2	THAP4	ENSG00000176946
DPY19L4-2	DPY19L4	ENSG00000156162
OASL-2	OASL	ENSG00000135114
FADS2-2	FADS2	ENSG00000134824
RHNO1-2	RHNO1	ENSG00000171792
SLC10A3-2	SLC10A3	ENSG00000126903
BAX-2	BAX	ENSG00000087088
EDRF1-2	EDRF1	ENSG00000107938
OFD1-2	OFD1	ENSG00000046651
LAMTOR3-2	LAMTOR3	ENSG00000109270
ADGRA3-2	ADGRA3	ENSG00000152990
KCTD18-2	KCTD18	ENSG00000155729
CDC16-2	CDC16	ENSG00000130177
ADM5-2	ADM5	ENSG00000224420
SLC39A6-2	SLC39A6	ENSG00000141424
ELL2-2	ELL2	ENSG00000118985
MEF2D-2	MEF2D	ENSG00000116604
ALKBH8-2	ALKBH8	ENSG00000137760
PYGO2-2	PYGO2	ENSG00000163348
SMIM22-2	SMIM22	ENSG00000267795
ACTR3-2	ACTR3	ENSG00000115091
PFKFB2-2	PFKFB2	ENSG00000123836
PELI3-2	PELI3	ENSG00000174516
PNISR-2	PNISR	ENSG00000132424
PRIM1-2	PRIM1	ENSG00000198056
NSUN2-2	NSUN2	ENSG00000037474
USP45-2	USP45	ENSG00000123552
ADAT1-2	ADAT1	ENSG00000065457
MED29-2	MED29	ENSG00000063322
ACSS2-2	ACSS2	ENSG00000131069
FKBP15-2	FKBP15	ENSG00000119321
RBSN-2	RBSN	ENSG00000131381
POLR1D-2	POLR1D	ENSG00000186184
MUSTN1-2	MUSTN1	ENSG00000272573
PACSIN2-2	PACSIN2	ENSG00000100266
CIP2A-2	CIP2A	ENSG00000163507
GPD1L-2	GPD1L	ENSG00000152642
NUDT13-2	NUDT13	ENSG00000166321
HPSE-2	HPSE	ENSG00000173083
C1orf122-2	C1orf122	ENSG00000197982
RPA2-2	RPA2	ENSG00000117748
INTS1-2	INTS1	ENSG00000164880
LRRC8B-2	LRRC8B	ENSG00000197147
AQP11-2	AQP11	ENSG00000178301
PARP9-2	PARP9	ENSG00000138496
GRWD1-2	GRWD1	ENSG00000105447
MT1G-2	MT1G	ENSG00000125144
ZNF404-2	ZNF404	ENSG00000176222
NEDD4-2	NEDD4	ENSG00000069869
ADORA2B-2	ADORA2B	ENSG00000170425
MDN1-2	MDN1	ENSG00000112159
SRF-2	SRF	ENSG00000112658
SART3-2	SART3	ENSG00000075856
CKB-2	CKB	ENSG00000166165
CACYBP-2	CACYBP	ENSG00000116161
STX1A-2	STX1A	ENSG00000106089
RFT1-2	RFT1	ENSG00000163933
TBC1D22A-2	TBC1D22A	ENSG00000054611
MLLT10-2	MLLT10	ENSG00000078403
ARHGEF40-2	ARHGEF40	ENSG00000165801
FANCI-2	FANCI	ENSG00000140525
GPR3-2	GPR3	ENSG00000181773
PIN1-2	PIN1	ENSG00000127445
CCDC106-2	CCDC106	ENSG00000173581
USP38-2	USP38	ENSG00000170185
RPF1-2	RPF1	ENSG00000117133
GPR137-2	GPR137	ENSG00000173264
CPSF3-2	CPSF3	ENSG00000119203
RAB21-2	RAB21	ENSG00000080371
ZCCHC12-2	ZCCHC12	ENSG00000174460
IQCB1-2	IQCB1	ENSG00000173226
PPM1K-2	PPM1K	ENSG00000163644
PPID-2	PPID	ENSG00000171497
S1PR4-2	S1PR4	ENSG00000125910
ZNF660-2	ZNF660	ENSG00000144792
ZMYND11-2	ZMYND11	ENSG00000015171
SRRD-2	SRRD	ENSG00000100104
PITPNA-2	PITPNA	ENSG00000174238
XPO4-2	XPO4	ENSG00000132953
SH3YL1-2	SH3YL1	ENSG00000035115
MORN3-2	MORN3	ENSG00000139714
TMEM248-2	TMEM248	ENSG00000106609
MRPL14-2	MRPL14	ENSG00000180992
GNL3L-2	GNL3L	ENSG00000130119
FAM78A-2	FAM78A	ENSG00000126882
SEMA3G-2	SEMA3G	ENSG00000010319
FBXL16-2	FBXL16	ENSG00000127585
PPIL3-2	PPIL3	ENSG00000240344
MMP17-2	MMP17	ENSG00000198598
CA1-2	CA1	ENSG00000133742
ATP5IF1-2	ATP5IF1	ENSG00000130770
KIAA0556-2	KATNIP	ENSG00000047578
KLHL29-2	KLHL29	ENSG00000119771
RNF20-2	RNF20	ENSG00000155827
CLCN7-2	CLCN7	ENSG00000103249
CHMP3-2	CHMP3	ENSG00000115561
DDX39A-2	DDX39A	ENSG00000123136
HGS-2	HGS	ENSG00000185359
NDUFAF1-2	NDUFAF1	ENSG00000137806
BZW1-2	BZW1	ENSG00000082153
RBBP9-2	RBBP9	ENSG00000089050
CHCHD6-2	CHCHD6	ENSG00000159685
PRPF3-2	PRPF3	ENSG00000117360
TMEM8A-2	PGAP6	ENSG00000129925
EFEMP2-2	EFEMP2	ENSG00000172638
FEM1C-2	FEM1C	ENSG00000145780
S1PR2-2	S1PR2	ENSG00000267534
EVX2-2	EVX2	ENSG00000174279
ELAVL1-2	ELAVL1	ENSG00000066044
TMX1-2	TMX1	ENSG00000139921
ACOT13-2	ACOT13	ENSG00000112304
ABI3-2	ABI3	ENSG00000108798
GMFB-2	GMFB	ENSG00000197045
RPS2-2	RPS2	ENSG00000140988
CHMP2B-2	CHMP2B	ENSG00000083937
TSHR-2	TSHR	ENSG00000165409
BTBD1-2	BTBD1	ENSG00000064726
CMTR2-2	CMTR2	ENSG00000180917
SEC14L5-2	SEC14L5	ENSG00000103184
EOGT-2	EOGT	ENSG00000163378
SUPT6H-2	SUPT6H	ENSG00000109111
LCAT-2	LCAT	ENSG00000213398
FLVCR2-2	FLVCR2	ENSG00000119686
HNRNPA1-2	HNRNPA1	ENSG00000135486
DUT-2	DUT	ENSG00000128951
LRPPRC-2	LRPPRC	ENSG00000138095
PNRC1-2	PNRC1	ENSG00000146278
PDE6B-2	PDE6B	ENSG00000133256
MGST3-2	MGST3	ENSG00000143198
DHX37-2	DHX37	ENSG00000150990
PAK1IP1-2	PAK1IP1	ENSG00000111845
SLK-2	SLK	ENSG00000065613
AGR3-2	AGR3	ENSG00000173467
EZH1-2	EZH1	ENSG00000108799
KIAA1586-2	KIAA1586	ENSG00000168116
MAPKAPK2-2	MAPKAPK2	ENSG00000162889
RABGGTB-2	RABGGTB	ENSG00000137955
TPD52-2	TPD52	ENSG00000076554
NEDD1-2	NEDD1	ENSG00000139350
HDAC9-2	HDAC9	ENSG00000048052
STUB1-2	STUB1	ENSG00000103266
NEDD4L-2	NEDD4L	ENSG00000049759
NUCKS1-2	NUCKS1	ENSG00000069275
DLGAP5-2	DLGAP5	ENSG00000126787
ISCA1-2	ISCA1	ENSG00000135070
SMIM15-2	SMIM15	ENSG00000188725
GAK-2	GAK	ENSG00000178950
CDCA8-2	CDCA8	ENSG00000134690
CCNDBP1-2	CCNDBP1	ENSG00000166946
ATAD2-2	ATAD2	ENSG00000156802
ATP10A-2	ATP10A	ENSG00000206190
CD8A-2	CD8A	ENSG00000153563
LAGE3-2	LAGE3	ENSG00000196976
MFSD1-2	MFSD1	ENSG00000118855
NDUFC1-2	NDUFC1	ENSG00000109390
DNAJA4-2	DNAJA4	ENSG00000140403
TFAP4-2	TFAP4	ENSG00000090447
HSPB1-2	HSPB1	ENSG00000106211
DDX5-2	DDX5	ENSG00000108654
MTRNR2L1-2	MTRNR2L1	MTRNR2L1
ISL1-2	ISL1	ENSG00000016082
TTC16-2	TTC16	ENSG00000167094
BLOC1S5-2	BLOC1S5	ENSG00000188428
IL1RL1-2	IL1RL1	ENSG00000115602
COL4A1-2	COL4A1	ENSG00000187498
CFL2-2	CFL2	ENSG00000165410
MTUS1-2	MTUS1	ENSG00000129422
HIST1H4I-2	H4C9	ENSG00000276180
TRDMT1-2	TRDMT1	ENSG00000107614
YJU2-2	YJU2	ENSG00000105248
CARMIL1-2	CARMIL1	ENSG00000079691
CBR1-2	CBR1	ENSG00000159228
FOXD1-2	FOXD1	ENSG00000251493
MIEF1-2	MIEF1	ENSG00000100335
MRPL19-2	MRPL19	ENSG00000115364
CSNK2A1-2	CSNK2A1	ENSG00000101266
FGF2-2	FGF2	ENSG00000138685
SLCO4A1-2	SLCO4A1	ENSG00000101187
PCMTD1-2	PCMTD1	ENSG00000168300
GRN-2	GRN	ENSG00000030582
OTUD5-2	OTUD5	ENSG00000068308
DPH2-2	DPH2	ENSG00000132768
QTRT1-2	QTRT1	ENSG00000213339
PKIG-2	PKIG	ENSG00000168734
TESK2-2	TESK2	ENSG00000070759
SLC22A15-2	SLC22A15	ENSG00000163393
MTRR-2	MTRR	ENSG00000124275
MYRF-2	MYRF	ENSG00000124920
ZNF443-2	ZNF443	ENSG00000180855
SMAD5-2	SMAD5	ENSG00000113658
USP6NL-2	USP6NL	ENSG00000148429
PTPN13-2	PTPN13	ENSG00000163629
STK17A-2	STK17A	ENSG00000164543
RPL36-2	RPL36	ENSG00000130255
UBAP2-2	UBAP2	ENSG00000137073
CBX1-2	CBX1	ENSG00000108468
CCDC17-2	CCDC17	ENSG00000159588
POLDIP2-2	POLDIP2	ENSG00000004142
TLNRD1-2	TLNRD1	ENSG00000140406
TEX264-2	TEX264	ENSG00000164081
COQ8A-2	COQ8A	ENSG00000163050
ZNF530-2	ZNF530	ENSG00000183647
ADPRH-2	ADPRH	ENSG00000144843
XKR8-2	XKR8	ENSG00000158156
HIST1H2BM-2	H2BC14	ENSG00000273703
ONECUT2-2	ONECUT2	ENSG00000119547
HIF1A-2	HIF1A	ENSG00000100644
SHARPIN-2	SHARPIN	ENSG00000179526
NDUFV3-2	NDUFV3	ENSG00000160194
FAM241B-2	FAM241B	ENSG00000171224
DNPEP-2	DNPEP	ENSG00000123992
MORC2-2	MORC2	ENSG00000133422
GLMN-2	GLMN	ENSG00000174842
RBM47-2	RBM47	ENSG00000163694
DEFA6-2	DEFA6	ENSG00000164822
GSC2-2	GSC2	ENSG00000063515
SNAI3-2	SNAI3	ENSG00000185669
TRPM7-2	TRPM7	ENSG00000092439
GIN1-2	GIN1	ENSG00000145723
PLXNA4-2	PLXNA4	ENSG00000221866
LIN54-2	LIN54	ENSG00000189308
TMEM101-2	TMEM101	ENSG00000091947
ACY1-2	ACY1	ENSG00000243989
MOB1B-2	MOB1B	ENSG00000173542
KIAA1841-2	SANBR	ENSG00000162929
CSPP1-2	CSPP1	ENSG00000104218
COIL-2	COIL	ENSG00000121058
ABCB6-2	ABCB6	ENSG00000115657
NEUROD2-2	NEUROD2	ENSG00000171532
AKR1C3-2	AKR1C3	ENSG00000196139
PLEK2-2	PLEK2	ENSG00000100558
ABHD14B-2	ABHD14B	ENSG00000114779
MAP3K10-2	MAP3K10	ENSG00000130758
RPL41-2	RPL41	ENSG00000229117
RIOX2-2	RIOX2	ENSG00000170854
TM2D3-2	TM2D3	ENSG00000184277
ZBTB39-2	ZBTB39	ENSG00000166860
TPD52L2-2	TPD52L2	ENSG00000101150
MIEN1-2	MIEN1	ENSG00000141741
APOC3-2	APOC3	ENSG00000110245
IFNLR1-2	IFNLR1	ENSG00000185436
RCC2-2	RCC2	ENSG00000179051
MORF4L1-2	MORF4L1	ENSG00000185787
FAM89A-2	FAM89A	ENSG00000182118
NLRX1-2	NLRX1	ENSG00000160703
MICAL2-2	MICAL2	ENSG00000133816
FAM229B-2	FAM229B	ENSG00000203778
TSPAN2-2	TSPAN2	ENSG00000134198
INTS9-2	INTS9	ENSG00000104299
EDC4-2	EDC4	ENSG00000038358
DOK6-2	DOK6	ENSG00000206052
BET1L-2	BET1L	ENSG00000177951
FDFT1-2	FDFT1	ENSG00000079459
BABAM2-2	BABAM2	ENSG00000158019
GPR65-2	GPR65	ENSG00000140030
FOXI3-2	FOXI3	ENSG00000214336
TCEAL4-2	TCEAL4	ENSG00000133142
USP44-2	USP44	ENSG00000136014
HIST1H2BF-2	H2BC7	ENSG00000277224
CANX-2	CANX	ENSG00000127022
ZNF99-2	ZNF99	ENSG00000213973
NUAK2-2	NUAK2	ENSG00000163545
NSUN3-2	NSUN3	ENSG00000178694
DBT-2	DBT	ENSG00000137992
ZNF524-2	ZNF524	ENSG00000171443
BMF-2	BMF	ENSG00000104081
KIF1A-2	KIF1A	ENSG00000130294
COQ7-2	COQ7	ENSG00000167186
UNC93B1-2	UNC93B1	ENSG00000110057
C12orf65-2	MTRFR	ENSG00000130921
ITPRIPL1-2	ITPRIPL1	ENSG00000198885
PQLC2-2	SLC66A1	ENSG00000040487
SLC25A10-2	SLC25A10	ENSG00000183048
GMPS-2	GMPS	ENSG00000163655
PHC1-2	PHC1	ENSG00000111752
NOC3L-2	NOC3L	ENSG00000173145
BMP6-2	BMP6	ENSG00000153162
HUS1-2	HUS1	ENSG00000136273
KIF22-2	KIF22	ENSG00000079616
SCCPDH-2	SCCPDH	ENSG00000143653
NUPL2-2	NUP42	ENSG00000136243
FAAH-2	FAAH	ENSG00000117480
CEP164-2	CEP164	ENSG00000110274
ATF4-2	ATF4	ENSG00000128272
IGFBP7-2	IGFBP7	ENSG00000163453
XPOT-2	XPOT	ENSG00000184575
STK11IP-2	STK11IP	ENSG00000144589
PITHD1-2	PITHD1	ENSG00000057757
RPGR-2	RPGR	ENSG00000156313
SELENBP1-2	SELENBP1	ENSG00000143416
SETD1A-2	SETD1A	ENSG00000099381
TRIP4-2	TRIP4	ENSG00000103671
KLHDC2-2	KLHDC2	ENSG00000165516
CELSR3-2	CELSR3	ENSG00000008300
TBC1D2-2	TBC1D2	ENSG00000095383
ANAPC4-2	ANAPC4	ENSG00000053900
TALDO1-2	TALDO1	ENSG00000177156
E2F4-2	E2F4	ENSG00000205250
MYL5-2	MYL5	ENSG00000215375
C6orf226-2	C6orf226	ENSG00000221821
RPS6KA5-2	RPS6KA5	ENSG00000100784
VPS37A-2	VPS37A	ENSG00000155975
CNP-2	CNP	ENSG00000173786
SMC3-2	SMC3	ENSG00000108055
BARHL2-2	BARHL2	ENSG00000143032
CEP78-2	CEP78	ENSG00000148019
PDCL-2	PDCL	ENSG00000136940
PARP12-2	PARP12	ENSG00000059378
COQ8B-2	COQ8B	ENSG00000123815
ANGPTL6-2	ANGPTL6	ENSG00000130812
NEPRO-2	NEPRO	ENSG00000163608
GNAQ-2	GNAQ	ENSG00000156052
TPM1-2	TPM1	ENSG00000140416
MAT2A-2	MAT2A	ENSG00000168906
FGGY-2	FGGY	ENSG00000172456
PRDM9-2	PRDM9	ENSG00000164256
TMEM208-2	TMEM208	ENSG00000168701
LRRC37A3-2	LRRC37A3	ENSG00000176809
DHX9-2	DHX9	ENSG00000135829
IL6ST-2	IL6ST	ENSG00000134352
ZNF681-2	ZNF681	ENSG00000196172
GUK1-2	GUK1	ENSG00000143774
TBX5-2	TBX5	ENSG00000089225
ANKRD42-2	ANKRD42	ENSG00000137494
STX16-2	STX16	ENSG00000124222
ATOX1-2	ATOX1	ENSG00000177556
AP3S2-2	AP3S2	ENSG00000157823
KDM1A-2	KDM1A	ENSG00000004487
ZNF407-2	ZNF407	ENSG00000215421
PCP4L1-2	PCP4L1	ENSG00000248485
PARS2-2	PARS2	ENSG00000162396
SMARCD1-2	SMARCD1	ENSG00000066117
ZSCAN26-2	ZSCAN26	ENSG00000197062
ALDH16A1-2	ALDH16A1	ENSG00000161618
DNLZ-2	DNLZ	ENSG00000213221
REEP2-2	REEP2	ENSG00000132563
AAGAB-2	AAGAB	ENSG00000103591
SYNJ1-2	SYNJ1	ENSG00000159082
FSTL1-2	FSTL1	ENSG00000163430
ANAPC13-2	ANAPC13	ENSG00000129055
PKMYT1-2	PKMYT1	ENSG00000127564
ZFP42-2	ZFP42	ENSG00000179059
PDHA1-2	PDHA1	ENSG00000131828
CNN2-2	CNN2	ENSG00000064666
NUDT16-2	NUDT16	ENSG00000198585
CISD1-2	CISD1	ENSG00000122873
SLC2A4RG-2	SLC2A4RG	ENSG00000125520
GRK4-2	GRK4	ENSG00000125388
LDOC1-2	LDOC1	ENSG00000182195
C16orf72-2	HAPSTR1	ENSG00000182831
PDGFA-2	PDGFA	ENSG00000197461
SOCS3-2	SOCS3	ENSG00000184557
SPATS2-2	SPATS2	ENSG00000123352
USP9Y-2	USP9Y	ENSG00000114374
NSMAF-2	NSMAF	ENSG00000035681
SKP1-2	SKP1	ENSG00000113558
DYRK1A-2	DYRK1A	ENSG00000157540
ZNF267-2	ZNF267	ENSG00000185947
VGLL4-2	VGLL4	ENSG00000144560
KLHL8-2	KLHL8	ENSG00000145332
HAX1-2	HAX1	ENSG00000143575
GIMAP8-2	GIMAP8	ENSG00000171115
ARPC1A-2	ARPC1A	ENSG00000241685
KDM5C-2	KDM5C	ENSG00000126012
HCST-2	HCST	ENSG00000126264
MAP2K3-2	MAP2K3	ENSG00000034152
CES2-2	CES2	ENSG00000172831
FAM228B-2	FAM228B	ENSG00000219626
POR-2	POR	ENSG00000127948
CDC42BPA-2	CDC42BPA	ENSG00000143776
CELF1-2	CELF1	ENSG00000149187
TMEM217-2	TMEM217	ENSG00000172738
FAH-2	FAH	ENSG00000103876
FCGRT-2	FCGRT	ENSG00000104870
RAB3D-2	RAB3D	ENSG00000105514
ATXN7L2-2	ATXN7L2	ENSG00000162650
LARP1B-2	LARP1B	ENSG00000138709
FUT8-2	FUT8	ENSG00000033170
SUN1-2	SUN1	ENSG00000164828
SLC1A6-2	SLC1A6	ENSG00000105143
FNDC9-2	FNDC9	ENSG00000172568
C17orf58-2	C17orf58	ENSG00000186665
ORC3-2	ORC3	ENSG00000135336
CNEP1R1-2	CNEP1R1	ENSG00000205423
FASTK-2	FASTK	ENSG00000164896
PGM2L1-2	PGM2L1	ENSG00000165434
DBF4-2	DBF4	ENSG00000006634
MBP-2	MBP	ENSG00000197971
DRGX-2	DRGX	ENSG00000165606
TMEM267-2	TMEM267	ENSG00000151881
FPGT-2	FPGT	ENSG00000254685
GOSR2-2	GOSR2	ENSG00000108433
GFM2-2	GFM2	ENSG00000164347
CBR3-2	CBR3	ENSG00000159231
RFX4-2	RFX4	ENSG00000111783
CLMP-2	CLMP	ENSG00000166250
STMP1-2	STMP1	ENSG00000243317
BTNL9-2	BTNL9	ENSG00000165810
SIDT1-2	SIDT1	ENSG00000072858
TMEM218-2	TMEM218	ENSG00000150433
FNTB-2	FNTB	ENSG00000257365
DENND3-2	DENND3	ENSG00000105339
GEN1-2	GEN1	ENSG00000178295
CLEC11A-2	CLEC11A	ENSG00000105472
SPOPL-2	SPOPL	ENSG00000144228
PHACTR1-2	PHACTR1	ENSG00000112137
SCGB2B2-2	SCGB2B2	ENSG00000205209
LRRC39-2	LRRC39	ENSG00000122477
SCMH1-2	SCMH1	ENSG00000010803
ARPC4-TTLL3-2	ARPC4-TTLL3	ENSG00000250151
MAPRE1-2	MAPRE1	ENSG00000101367
FZD3-2	FZD3	ENSG00000104290
MATR3-2	MATR3	ENSG00000015479
BRD9-2	BRD9	ENSG00000028310
NODAL-2	NODAL	ENSG00000156574
CDK2AP2-2	CDK2AP2	ENSG00000167797
CELSR2-2	CELSR2	ENSG00000143126
IL22-2	IL22	ENSG00000127318
DMC1-2	DMC1	ENSG00000100206
ATP5MG-2	ATP5MG	ENSG00000167283
CCNK-2	CCNK	ENSG00000090061
NR1I3-2	NR1I3	ENSG00000143257
ZNF410-2	ZNF410	ENSG00000119725
NHLH2-2	NHLH2	ENSG00000177551
MRI1-2	MRI1	ENSG00000037757
TRAFD1-2	TRAFD1	ENSG00000135148
FAM173B-2	ATPSCKMT	ENSG00000150756
C16orf86-2	C16orf86	ENSG00000159761
NR4A1-2	NR4A1	ENSG00000123358
C1orf198-2	C1orf198	ENSG00000119280
ILDR2-2	ILDR2	ENSG00000143195
EXOC4-2	EXOC4	ENSG00000131558
RPP38-2	RPP38	ENSG00000152464
PAXIP1-2	PAXIP1	ENSG00000157212
LRRC28-2	LRRC28	ENSG00000168904
MON2-2	MON2	ENSG00000061987
MYDGF-2	MYDGF	ENSG00000074842
CSE1L-2	CSE1L	ENSG00000124207
CD69-2	CD69	ENSG00000110848
ANKRD12-2	ANKRD12	ENSG00000101745
UBQLN2-2	UBQLN2	ENSG00000188021
COMMD7-2	COMMD7	ENSG00000149600
STAM-2	STAM	ENSG00000136738
PSMA6-2	PSMA6	ENSG00000100902
NTHL1-2	NTHL1	ENSG00000065057
CXCR6-2	CXCR6	ENSG00000172215
FBXO42-2	FBXO42	ENSG00000037637
HDHD5-2	HDHD5	ENSG00000069998
SKOR2-2	SKOR2	ENSG00000215474
QTRT2-2	QTRT2	ENSG00000151576
UBA2-2	UBA2	ENSG00000126261
RALGAPB-2	RALGAPB	ENSG00000170471
IK-2	IK	ENSG00000113141
DCAF5-2	DCAF5	ENSG00000139990
GPR155-2	GPR155	ENSG00000163328
APIP-2	APIP	ENSG00000149089
CASP9-2	CASP9	ENSG00000132906
ANXA4-2	ANXA4	ENSG00000196975
COG4-2	COG4	ENSG00000103051
INCENP-2	INCENP	ENSG00000149503
PRRC2C-2	PRRC2C	ENSG00000117523
CYP2R1-2	CYP2R1	ENSG00000186104
CLCA1-2	CLCA1	ENSG00000016490
MZT2A-2	MZT2A	ENSG00000173272
SEBOX-2	SEBOX	ENSG00000274529
TRAF3IP1-2	TRAF3IP1	ENSG00000204104
SLC35A3-2	SLC35A3	ENSG00000117620
VEZT-2	VEZT	ENSG00000028203
PRKAR1B-2	PRKAR1B	ENSG00000188191
PDXK-2	PDXK	ENSG00000160209
WWP1-2	WWP1	ENSG00000123124
LDHA-2	LDHA	ENSG00000134333
TRIM46-2	TRIM46	ENSG00000163462
GRB10-2	GRB10	ENSG00000106070
ZSCAN25-2	ZSCAN25	ENSG00000197037
MEOX1-2	MEOX1	ENSG00000005102
XPNPEP1-2	XPNPEP1	ENSG00000108039
GANAB-2	GANAB	ENSG00000089597
BLM-2	BLM	ENSG00000197299
SHISA2-2	SHISA2	ENSG00000180730
CD177-2	CD177	ENSG00000204936
PCCB-2	PCCB	ENSG00000114054
PHF20L1-2	PHF20L1	ENSG00000129292
CGAS-2	CGAS	ENSG00000164430
CAND1-2	CAND1	ENSG00000111530
CHAC2-2	CHAC2	ENSG00000143942
CYTH4-2	CYTH4	ENSG00000100055
ACO1-2	ACO1	ENSG00000122729
OSBPL7-2	OSBPL7	ENSG00000006025
SLC14A1-2	SLC14A1	ENSG00000141469
WDR13-2	WDR13	ENSG00000101940
HYPK-2	HYPK	ENSG00000242028
BAZ1A-2	BAZ1A	ENSG00000198604
MRPS35-2	MRPS35	ENSG00000061794
C3orf14-2	CEP15	ENSG00000114405
MSN-2	MSN	ENSG00000147065
ZDHHC2-2	ZDHHC2	ENSG00000104219
ZNF470-2	ZNF470	ENSG00000197016
PAK3-2	PAK3	ENSG00000077264
S100A6-2	S100A6	ENSG00000197956
NMB-2	NMB	ENSG00000197696
SLFN5-2	SLFN5	ENSG00000166750
SCO1-2	SCO1	ENSG00000133028
TRAPPC9-2	TRAPPC9	ENSG00000167632
TMEM186-2	TMEM186	ENSG00000184857
PTGS2-2	PTGS2	ENSG00000073756
CRISPLD2-2	CRISPLD2	ENSG00000103196
RBM8A-2	RBM8A	ENSG00000265241
ARFGAP2-2	ARFGAP2	ENSG00000149182
HPS6-2	HPS6	ENSG00000166189
ST3GAL5-2	ST3GAL5	ENSG00000115525
CEP131-2	CEP131	ENSG00000141577
LIAS-2	LIAS	ENSG00000121897
SLAMF7-2	SLAMF7	ENSG00000026751
SLC19A2-2	SLC19A2	ENSG00000117479
PLCL2-2	PLCL2	ENSG00000154822
GSTA4-2	GSTA4	ENSG00000170899
TRIM61-2	TRIM61	ENSG00000183439
ZNF511-2	ZNF511	ENSG00000198546
CLCN5-2	CLCN5	ENSG00000171365
GMNN-2	GMNN	ENSG00000112312
MRPL28-2	MRPL28	ENSG00000086504
CBX7-2	CBX7	ENSG00000100307
ACP2-2	ACP2	ENSG00000134575
MOGS-2	MOGS	ENSG00000115275
DCAF7-2	DCAF7	ENSG00000136485
B3GAT1-2	B3GAT1	ENSG00000109956
ZNF256-2	ZNF256	ENSG00000152454
IL26-2	IL26	ENSG00000111536
MYO6-2	MYO6	ENSG00000196586
RNPC3-2	RNPC3	ENSG00000185946
ZNF571-2	ZNF571	ENSG00000180479
BCL11B-2	BCL11B	ENSG00000127152
MOCS2-2	MOCS2	ENSG00000164172
LIMD2-2	LIMD2	ENSG00000136490
ZNF284-2	ZNF284	ENSG00000186026
TMED7-2	TMED7	ENSG00000134970
COPS9-2	COPS9	ENSG00000172428
PAN2-2	PAN2	ENSG00000135473
TUBGCP4-2	TUBGCP4	ENSG00000137822
NANOG-2	NANOG	ENSG00000111704
FBXW11-2	FBXW11	ENSG00000072803
ZNF514-2	ZNF514	ENSG00000144026
DUSP19-2	DUSP19	ENSG00000162999
DOCK11-2	DOCK11	ENSG00000147251
POLR3F-2	POLR3F	ENSG00000132664
NUP188-2	NUP188	ENSG00000095319
VANGL1-2	VANGL1	ENSG00000173218
PAF1-2	PAF1	ENSG00000006712
XRN1-2	XRN1	ENSG00000114127
MAP2K4-2	MAP2K4	ENSG00000065559
FDX1-2	FDX1	ENSG00000137714
OSR1-2	OSR1	ENSG00000143867
COA4-2	COA4	ENSG00000181924
KIF21B-2	KIF21B	ENSG00000116852
POU2F2-2	POU2F2	ENSG00000028277
CD7-2	CD7	ENSG00000173762
S1PR1-2	S1PR1	ENSG00000170989
SH3BP5-2	SH3BP5	ENSG00000131370
QRICH1-2	QRICH1	ENSG00000198218
CDK1-2	CDK1	ENSG00000170312
EMP3-2	EMP3	ENSG00000142227
CPEB4-2	CPEB4	ENSG00000113742
SERBP1-2	SERBP1	ENSG00000142864
RRAGA-2	RRAGA	ENSG00000155876
SLC25A53-2	SLC25A53	ENSG00000269743
SPSB2-2	SPSB2	ENSG00000111671
NANOS1-2	NANOS1	ENSG00000188613
CHST14-2	CHST14	ENSG00000169105
ZMAT1-2	ZMAT1	ENSG00000166432
MED28-2	MED28	ENSG00000118579
RBM11-2	RBM11	ENSG00000185272
FAM216A-2	FAM216A	ENSG00000204856
FXYD1-2	FXYD1	ENSG00000266964
TSTD1-2	TSTD1	ENSG00000215845
UBAP1L-2	UBAP1L	ENSG00000246922
PUS7-2	PUS7	ENSG00000091127
CDC25A-2	CDC25A	ENSG00000164045
DYRK2-2	DYRK2	ENSG00000127334
PDE12-2	PDE12	ENSG00000174840
ATP1B3-2	ATP1B3	ENSG00000069849
S100A5-2	S100A5	ENSG00000196420
ZHX2-2	ZHX2	ENSG00000178764
KCNA2-2	KCNA2	ENSG00000177301
CDX4-2	CDX4	ENSG00000131264
C15orf41-2	CDIN1	ENSG00000186073
RAPGEF2-2	RAPGEF2	ENSG00000109756
WDR4-2	WDR4	ENSG00000160193
CDT1-2	CDT1	ENSG00000167513
SCGB1A1-2	SCGB1A1	ENSG00000149021
INO80B-2	INO80B	ENSG00000115274
REPS1-2	REPS1	ENSG00000135597
ARHGEF1-2	ARHGEF1	ENSG00000076928
TBC1D23-2	TBC1D23	ENSG00000036054
PHF13-2	PHF13	ENSG00000116273
FANCA-2	FANCA	ENSG00000187741
CRBN-2	CRBN	ENSG00000113851
LGALS9-2	LGALS9	ENSG00000168961
ZNF280D-2	ZNF280D	ENSG00000137871
INSIG1-2	INSIG1	ENSG00000186480
MINOS1-2	MICOS10	ENSG00000173436
MDH2-2	MDH2	ENSG00000146701
RPS21-2	RPS21	ENSG00000171858
DMRT3-2	DMRT3	ENSG00000064218
ELF4-2	ELF4	ENSG00000102034
GPBP1L1-2	GPBP1L1	ENSG00000159592
RPS20-2	RPS20	ENSG00000008988
ALDH1A1-2	ALDH1A1	ENSG00000165092
ZBED6-2	ZBED6	ENSG00000257315
TREML2-2	TREML2	ENSG00000112195
DHX33-2	DHX33	ENSG00000005100
TMEM14B-2	TMEM14B	ENSG00000137210
PSD-2	PSD	ENSG00000059915
MTA3-2	MTA3	ENSG00000057935
NLRP6-2	NLRP6	ENSG00000174885
HMX3-2	HMX3	ENSG00000188620
TMEM39B-2	TMEM39B	ENSG00000121775
C1orf112-2	FIRRM	ENSG00000000460
TNRC6A-2	TNRC6A	ENSG00000090905
NTMT1-2	NTMT1	ENSG00000148335
HP1BP3-2	HP1BP3	ENSG00000127483
TUBGCP3-2	TUBGCP3	ENSG00000126216
PLEKHO2-2	PLEKHO2	ENSG00000241839
WIPI2-2	WIPI2	ENSG00000157954
SNUPN-2	SNUPN	ENSG00000169371
KIF2C-2	KIF2C	ENSG00000142945
TTC3-2	TTC3	ENSG00000182670
TMTC3-2	TMTC3	ENSG00000139324
NOP16-2	NOP16	ENSG00000048162
IQGAP1-2	IQGAP1	ENSG00000140575
HIST1H2AI-2	H2AC13	ENSG00000196747
PICK1-2	PICK1	ENSG00000100151
SLC11A1-2	SLC11A1	ENSG00000018280
HID1-2	HID1	ENSG00000167861
PEX7-2	PEX7	ENSG00000112357
PITPNB-2	PITPNB	ENSG00000180957
FAM91A1-2	FAM91A1	ENSG00000176853
GORASP2-2	GORASP2	ENSG00000115806
ST6GALNAC6-2	ST6GALNAC6	ENSG00000160408
EHMT1-2	EHMT1	ENSG00000181090
HIST1H1A-2	H1-1	ENSG00000124610
H1FX-2	H1-10	ENSG00000184897
TM9SF4-2	TM9SF4	ENSG00000101337
CHI3L2-2	CHI3L2	ENSG00000064886
RAD52-2	RAD52	ENSG00000002016
SUSD1-2	SUSD1	ENSG00000106868
KPNA4-2	KPNA4	ENSG00000186432
TMED3-2	TMED3	ENSG00000166557
ZNF362-2	ZNF362	ENSG00000160094
RBM10-2	RBM10	ENSG00000182872
THAP2-2	THAP2	ENSG00000173451
GZMA-2	GZMA	ENSG00000145649
C6orf201-2	TEX56P	ENSG00000185689
TFIP11-2	TFIP11	ENSG00000100109
YAF2-2	YAF2	ENSG00000015153
CLC-2	CLC	ENSG00000105205
GBP7-2	GBP7	ENSG00000213512
NRN1-2	NRN1	ENSG00000124785
MAP4K2-2	MAP4K2	ENSG00000168067
ZNF700-2	ZNF700	ENSG00000196757
THOP1-2	THOP1	ENSG00000172009
PIGQ-2	PIGQ	ENSG00000007541
DAD1-2	DAD1	ENSG00000129562
PREX1-2	PREX1	ENSG00000124126
POLR3GL-2	POLR3GL	ENSG00000121851
SGPL1-2	SGPL1	ENSG00000166224
DAB2-2	DAB2	ENSG00000153071
TLK2-2	TLK2	ENSG00000146872
CD93-2	CD93	ENSG00000125810
CXorf65-2	CXorf65	ENSG00000204165
TBX19-2	TBX19	ENSG00000143178
IVD-2	IVD	ENSG00000128928
HRH4-2	HRH4	ENSG00000134489
ZNF541-2	ZNF541	ENSG00000118156
USP15-2	USP15	ENSG00000135655
PLPP6-2	PLPP6	ENSG00000205808
RAD54L2-2	RAD54L2	ENSG00000164080
PLAC9-2	PLAC9	ENSG00000189129
GABARAPL2-2	GABARAPL2	ENSG00000034713
REC8-2	REC8	ENSG00000100918
SLC22A18-2	SLC22A18	ENSG00000110628
SYNGR3-2	SYNGR3	ENSG00000127561
BRD3-2	BRD3	ENSG00000169925
DTYMK-2	DTYMK	ENSG00000168393
FCGBP-2	FCGBP	ENSG00000275395
CERS5-2	CERS5	ENSG00000139624
RAB5B-2	RAB5B	ENSG00000111540
F2RL1-2	F2RL1	ENSG00000164251
SS18-2	SS18	ENSG00000141380
TSR2-2	TSR2	ENSG00000158526
UBE2F-2	UBE2F	ENSG00000184182
ITGB1BP1-2	ITGB1BP1	ENSG00000119185
FCHO2-2	FCHO2	ENSG00000157107
ANAPC7-2	ANAPC7	ENSG00000196510
TMCO3-2	TMCO3	ENSG00000150403
MECP2-2	MECP2	ENSG00000169057
EEF2KMT-2	EEF2KMT	ENSG00000118894
ITFG1-2	ITFG1	ENSG00000129636
CA9-2	CA9	ENSG00000107159
SUDS3-2	SUDS3	ENSG00000111707
SP7-2	SP7	ENSG00000170374
TAF12-2	TAF12	ENSG00000120656
HOXC12-2	HOXC12	ENSG00000123407
TNFAIP8-2	TNFAIP8	ENSG00000145779
IPCEF1-2	IPCEF1	ENSG00000074706
CARD11-2	CARD11	ENSG00000198286
SLIT3-2	SLIT3	ENSG00000184347
CCDC47-2	CCDC47	ENSG00000108588
CEP57L1-2	CEP57L1	ENSG00000183137
AJAP1-2	AJAP1	ENSG00000196581
SLC5A3-2	SLC5A3	ENSG00000198743
SNRPG-2	SNRPG	ENSG00000143977
ASAP2-2	ASAP2	ENSG00000151693
ZNF281-2	ZNF281	ENSG00000162702
SCNN1D-2	SCNN1D	ENSG00000162572
LRTOMT-2	LRTOMT	ENSG00000284922
LSM8-2	LSM8	ENSG00000128534
C9orf64-2	QNG1	ENSG00000165118
STK10-2	STK10	ENSG00000072786
SPATA33-2	SPATA33	ENSG00000167523
TUBB1-2	TUBB1	ENSG00000101162
SHISA5-2	SHISA5	ENSG00000164054
DNHD1-2	DNHD1	ENSG00000179532
MCM3AP-2	MCM3AP	ENSG00000160294
CLDN4-2	CLDN4	ENSG00000189143
PHF10-2	PHF10	ENSG00000130024
APOC1-2	APOC1	ENSG00000130208
ZDHHC23-2	ZDHHC23	ENSG00000184307
ZNF888-2	ZNF888	ENSG00000213793
EIF3K-2	EIF3K	ENSG00000178982
LGALS2-2	LGALS2	ENSG00000100079
CFAP36-2	CFAP36	ENSG00000163001
MESP2-2	MESP2	ENSG00000188095
ATP6V1E1-2	ATP6V1E1	ENSG00000131100
CYB5A-2	CYB5A	ENSG00000166347
ABHD3-2	ABHD3	ENSG00000158201
DSN1-2	DSN1	ENSG00000149636
PTPN6-2	PTPN6	ENSG00000111679
KDM4B-2	KDM4B	ENSG00000127663
PEX11B-2	PEX11B	ENSG00000131779
IRX6-2	IRX6	ENSG00000159387
SMS-2	SMS	ENSG00000102172
UBL5-2	UBL5	ENSG00000198258
TNFSF10-2	TNFSF10	ENSG00000121858
NMNAT1-2	NMNAT1	ENSG00000173614
ESPN-2	ESPN	ENSG00000187017
TMEM120A-2	TMEM120A	ENSG00000189077
PSMD11-2	PSMD11	ENSG00000108671
LRRN2-2	LRRN2	ENSG00000170382
ZNF713-2	ZNF713	ENSG00000178665
WFDC2-2	WFDC2	ENSG00000101443
MAPKAPK5-2	MAPKAPK5	ENSG00000089022
RTTN-2	RTTN	ENSG00000176225
LGALS3-2	LGALS3	ENSG00000131981
TPCN2-2	TPCN2	ENSG00000162341
RNF2-2	RNF2	ENSG00000121481
PSMA3-2	PSMA3	ENSG00000100567
ZNF266-2	ZNF266	ENSG00000174652
FNIP2-2	FNIP2	ENSG00000052795
FBXL8-2	FBXL8	ENSG00000135722
DENND4B-2	DENND4B	ENSG00000198837
CASD1-2	CASD1	ENSG00000127995
CD59-2	CD59	ENSG00000085063
ZNF18-2	ZNF18	ENSG00000154957
CRKL-2	CRKL	ENSG00000099942
SUPT3H-2	SUPT3H	ENSG00000196284
ZNF382-2	ZNF382	ENSG00000161298
MAOB-2	MAOB	ENSG00000069535
SAMM50-2	SAMM50	ENSG00000100347
RNF168-2	RNF168	ENSG00000163961
HIST1H2AJ-2	H2AC14	ENSG00000276368
ARRB1-2	ARRB1	ENSG00000137486
MRTFB-2	MRTFB	ENSG00000186260
MINDY3-2	MINDY3	ENSG00000148481
ZNF48-2	ZNF48	ENSG00000180035
ZNF776-2	ZNF776	ENSG00000152443
FASN-2	FASN	ENSG00000169710
CRIP1-2	CRIP1	ENSG00000213145
TSPYL5-2	TSPYL5	ENSG00000180543
HNRNPH1-2	HNRNPH1	ENSG00000169045
HOXA6-2	HOXA6	ENSG00000106006
ING3-2	ING3	ENSG00000071243
POT1-2	POT1	ENSG00000128513
ZC4H2-2	ZC4H2	ENSG00000126970
ABRAXAS1-2	ABRAXAS1	ENSG00000163322
GBX2-2	GBX2	ENSG00000168505
RNF24-2	RNF24	ENSG00000101236
ALKBH3-2	ALKBH3	ENSG00000166199
ZBTB8B-2	ZBTB8B	ENSG00000273274
COMMD8-2	COMMD8	ENSG00000169019
FOXI1-2	FOXI1	ENSG00000168269
GOPC-2	GOPC	ENSG00000047932
WIZ-2	WIZ	ENSG00000011451
SPEF2-2	SPEF2	ENSG00000152582
MAP2K7-2	MAP2K7	ENSG00000076984
VPS26B-2	VPS26B	ENSG00000151502
CDK11B-2	CDK11B	ENSG00000248333
TASP1-2	TASP1	ENSG00000089123
B4GALT7-2	B4GALT7	ENSG00000027847
ZFP64-2	ZFP64	ENSG00000020256
GLYCTK-2	GLYCTK	ENSG00000168237
CDIP1-2	CDIP1	ENSG00000089486
PAAF1-2	PAAF1	ENSG00000175575
RAB11FIP1-2	RAB11FIP1	ENSG00000156675
SMARCA4-2	SMARCA4	ENSG00000127616
SOS2-2	SOS2	ENSG00000100485
EXOSC9-2	EXOSC9	ENSG00000123737
PRMT9-2	PRMT9	ENSG00000164169
FRYL-2	FRYL	ENSG00000075539
DMBX1-2	DMBX1	ENSG00000197587
NDUFA12-2	NDUFA12	ENSG00000184752
BIRC5-2	BIRC5	ENSG00000089685
CANT1-2	CANT1	ENSG00000171302
GNG10-2	GNG10	ENSG00000242616
ZNF471-2	ZNF471	ENSG00000196263
R3HDM4-2	R3HDM4	ENSG00000198858
DNMBP-2	DNMBP	ENSG00000107554
SMIM3-2	SMIM3	ENSG00000256235
CSGALNACT2-2	CSGALNACT2	ENSG00000169826
MEOX2-2	MEOX2	ENSG00000106511
BDH2-2	BDH2	ENSG00000164039
ZNF793-2	ZNF793	ENSG00000188227
METTL2A-2	METTL2A	ENSG00000087995
ARFIP2-2	ARFIP2	ENSG00000132254
HIVEP2-2	HIVEP2	ENSG00000010818
LRCH3-2	LRCH3	ENSG00000186001
CIAO1-2	CIAO1	ENSG00000144021
DSC1-2	DSC1	ENSG00000134765
ZNF441-2	ZNF441	ENSG00000197044
PRMT5-2	PRMT5	ENSG00000100462
RPL17-2	RPL17	ENSG00000265681
VEZF1-2	VEZF1	ENSG00000136451
TBCD-2	TBCD	ENSG00000141556
TBC1D5-2	TBC1D5	ENSG00000131374
PAIP2-2	PAIP2	ENSG00000120727
MNDA-2	MNDA	ENSG00000163563
TMOD2-2	TMOD2	ENSG00000128872
SNX17-2	SNX17	ENSG00000115234
C10orf88-2	C10orf88	ENSG00000119965
SRGN-2	SRGN	ENSG00000122862
POLR2I-2	POLR2I	ENSG00000105258
FTSJ3-2	FTSJ3	ENSG00000108592
MEF2C-2	MEF2C	ENSG00000081189
ZNF26-2	ZNF26	ENSG00000198393
STAC3-2	STAC3	ENSG00000185482
ACVR2A-2	ACVR2A	ENSG00000121989
CEP97-2	CEP97	ENSG00000182504
LRP8-2	LRP8	ENSG00000157193
COPZ1-2	COPZ1	ENSG00000111481
SIN3A-2	SIN3A	ENSG00000169375
HILPDA-2	HILPDA	ENSG00000135245
ICOS-2	ICOS	ENSG00000163600
CCND2-2	CCND2	ENSG00000118971
ANXA2R-2	ANXA2R	ENSG00000177721
ZBTB33-2	ZBTB33	ENSG00000177485
IMMP2L-2	IMMP2L	ENSG00000184903
FOXD3-2	FOXD3	ENSG00000187140
DFFA-2	DFFA	ENSG00000160049
RPL28-2	RPL28	ENSG00000108107
CC2D1B-2	CC2D1B	ENSG00000154222
GALNT10-2	GALNT10	ENSG00000164574
CDC42SE2-2	CDC42SE2	ENSG00000158985
SLC8B1-2	SLC8B1	ENSG00000089060
IER3IP1-2	IER3IP1	ENSG00000134049
GEMIN5-2	GEMIN5	ENSG00000082516
ARGLU1-2	ARGLU1	ENSG00000134884
AHR-2	AHR	ENSG00000106546
THUMPD1-2	THUMPD1	ENSG00000066654
YBX3-2	YBX3	ENSG00000060138
METTL2B-2	METTL2B	ENSG00000165055
MAP4K5-2	MAP4K5	ENSG00000012983
GSN-2	GSN	ENSG00000148180
NFE2L3-2	NFE2L3	ENSG00000050344
MYO5A-2	MYO5A	ENSG00000197535
RAN-2	RAN	ENSG00000132341
EMB-2	EMB	ENSG00000170571
IRGQ-2	IRGQ	ENSG00000167378
MB21D2-2	MB21D2	ENSG00000180611
RRP8-2	RRP8	ENSG00000132275
ZFP2-2	ZFP2	ENSG00000198939
GPX4-2	GPX4	ENSG00000167468
CFAP53-2	CFAP53	ENSG00000172361
SRC-2	SRC	ENSG00000197122
TAPT1-2	TAPT1	ENSG00000169762
TMEM67-2	TMEM67	ENSG00000164953
SCD5-2	SCD5	ENSG00000145284
PPP1R16A-2	PPP1R16A	ENSG00000160972
MOSPD3-2	MOSPD3	ENSG00000106330
THOC2-2	THOC2	ENSG00000125676
FOXRED1-2	FOXRED1	ENSG00000110074
RAP2A-2	RAP2A	ENSG00000125249
TMEM63C-2	TMEM63C	ENSG00000165548
XRCC2-2	XRCC2	ENSG00000196584
ZNF276-2	ZNF276	ENSG00000158805
FGF11-2	FGF11	ENSG00000161958
RAP1B-2	RAP1B	ENSG00000127314
COX6C-2	COX6C	ENSG00000164919
SLC44A2-2	SLC44A2	ENSG00000129353
MSH6-2	MSH6	ENSG00000116062
TRAT1-2	TRAT1	ENSG00000163519
MRPL4-2	MRPL4	ENSG00000105364
ODC1-2	ODC1	ENSG00000115758
ZNF804B-2	ZNF804B	ENSG00000182348
GGPS1-2	GGPS1	ENSG00000152904
GPRASP1-2	GPRASP1	ENSG00000198932
ADAT3-2	ADAT3	ENSG00000213638
KLHL42-2	KLHL42	ENSG00000087448
FCMR-2	FCMR	ENSG00000162894
BBS12-2	BBS12	ENSG00000181004
TAF4B-2	TAF4B	ENSG00000141384
SLC39A3-2	SLC39A3	ENSG00000141873
MRPL38-2	MRPL38	ENSG00000204316
PIGS-2	PIGS	ENSG00000087111
SLC5A10-2	SLC5A10	ENSG00000154025
ZBTB14-2	ZBTB14	ENSG00000198081
ANXA6-2	ANXA6	ENSG00000197043
VBP1-2	VBP1	ENSG00000155959
MED30-2	MED30	ENSG00000164758
AMDHD1-2	AMDHD1	ENSG00000139344
ZC3H15-2	ZC3H15	ENSG00000065548
GAB3-2	GAB3	ENSG00000160219
TMEM260-2	TMEM260	ENSG00000070269
PGK1-2	PGK1	ENSG00000102144
ZNF474-2	ZNF474	ENSG00000164185
AGPAT3-2	AGPAT3	ENSG00000160216
SPAG16-2	SPAG16	ENSG00000144451
FBXW8-2	FBXW8	ENSG00000174989
RHPN1-2	RHPN1	ENSG00000158106
KMT5A-2	KMT5A	ENSG00000183955
FIGNL1-2	FIGNL1	ENSG00000132436
MLYCD-2	MLYCD	ENSG00000103150
POLR2F-2	POLR2F	ENSG00000100142
PFKFB3-2	PFKFB3	ENSG00000170525
LRRC70-2	LRRC70	ENSG00000186105
BCL2-2	BCL2	ENSG00000171791
OXSM-2	OXSM	ENSG00000151093
GNPDA2-2	GNPDA2	ENSG00000163281
PRDM14-2	PRDM14	ENSG00000147596
SLC7A1-2	SLC7A1	ENSG00000139514
SPART-2	SPART	ENSG00000133104
TTC4-2	TTC4	ENSG00000243725
TUSC2-2	TUSC2	ENSG00000114383
SLC9B2-2	SLC9B2	ENSG00000164038
XPR1-2	XPR1	ENSG00000143324
CHPT1-2	CHPT1	ENSG00000111666
CD36-2	CD36	ENSG00000135218
LRRC6-2	DNAAF11	ENSG00000129295
SRP68-2	SRP68	ENSG00000167881
ANKRD13B-2	ANKRD13B	ENSG00000198720
MESD-2	MESD	ENSG00000117899
SLC25A26-2	SLC25A26	ENSG00000144741
STARD3NL-2	STARD3NL	ENSG00000010270
MRPS17-2	MRPS17	ENSG00000239789
KAT14-2	KAT14	ENSG00000149474
GOLGA5-2	GOLGA5	ENSG00000066455
PLCB3-2	PLCB3	ENSG00000149782
VNN2-2	VNN2	ENSG00000112303
TRAP1-2	TRAP1	ENSG00000126602
MBD1-2	MBD1	ENSG00000141644
PNPLA7-2	PNPLA7	ENSG00000130653
SAP30BP-2	SAP30BP	ENSG00000161526
FIGLA-2	FIGLA	ENSG00000183733
STUM-2	STUM	ENSG00000203685
MAPK8-2	MAPK8	ENSG00000107643
FRMD6-2	FRMD6	ENSG00000139926
RABL2B-2	RABL2B	ENSG00000079974
RNF144B-2	RNF144B	ENSG00000137393
LIPA-2	LIPA	ENSG00000107798
C7orf55-LUC7L2-2	FMC1-LUC7L2	ENSG00000269955
ELOC-2	ELOC	ENSG00000154582
SDHAF1-2	SDHAF1	ENSG00000205138
RFXANK-2	RFXANK	ENSG00000064490
LGMN-2	LGMN	ENSG00000100600
GIPC1-2	GIPC1	ENSG00000123159
PTMA-2	PTMA	ENSG00000187514
ALG6-2	ALG6	ENSG00000088035
PLTP-2	PLTP	ENSG00000100979
COPS4-2	COPS4	ENSG00000138663
ZDHHC12-2	ZDHHC12	ENSG00000160446
PAN3-2	PAN3	ENSG00000152520
HNRNPDL-2	HNRNPDL	ENSG00000152795
LRRC27-2	LRRC27	ENSG00000148814
MCM5-2	MCM5	ENSG00000100297
ZNF670-2	ZNF670	ENSG00000277462
TAGLN-2	TAGLN	ENSG00000149591
BTG2-2	BTG2	ENSG00000159388
IMP4-2	IMP4	ENSG00000136718
ARRDC2-2	ARRDC2	ENSG00000105643
AGO2-2	AGO2	ENSG00000123908
IL1RN-2	IL1RN	ENSG00000136689
SLC25A20-2	SLC25A20	ENSG00000178537
PELO-2	PELO	ENSG00000152684
GIGYF1-2	GIGYF1	ENSG00000146830
DEFB1-2	DEFB1	ENSG00000164825
ZNF778-2	ZNF778	ENSG00000170100
GPR137B-2	GPR137B	ENSG00000077585
ANO8-2	ANO8	ENSG00000074855
DMXL2-2	DMXL2	ENSG00000104093
FBLIM1-2	FBLIM1	ENSG00000162458
EFCAB14-2	EFCAB14	ENSG00000159658
GRPEL2-2	GRPEL2	ENSG00000164284
TRIM23-2	TRIM23	ENSG00000113595
ADAM23-2	ADAM23	ENSG00000114948
ZNF283-2	ZNF283	ENSG00000167637
RAD54B-2	RAD54B	ENSG00000197275
GATA4-2	GATA4	ENSG00000136574
ZFAND4-2	ZFAND4	ENSG00000172671
UMAD1-2	UMAD1	ENSG00000219545
TNFAIP8L1-2	TNFAIP8L1	ENSG00000185361
MMRN1-2	MMRN1	ENSG00000138722
LAMA2-2	LAMA2	ENSG00000196569
GYPC-2	GYPC	ENSG00000136732
TMEM220-2	TMEM220	ENSG00000187824
SLC38A7-2	SLC38A7	ENSG00000103042
SLC44A3-2	SLC44A3	ENSG00000143036
MLLT1-2	MLLT1	ENSG00000130382
B4GALT3-2	B4GALT3	ENSG00000158850
EIF4EBP3-2	EIF4EBP3	ENSG00000243056
PRDM12-2	PRDM12	ENSG00000130711
ENKD1-2	ENKD1	ENSG00000124074
SEC31A-2	SEC31A	ENSG00000138674
SOAT2-2	SOAT2	ENSG00000167780
IL12RB2-2	IL12RB2	ENSG00000081985
RUVBL2-2	RUVBL2	ENSG00000183207
CCDC65-2	CCDC65	ENSG00000139537
B3GAT2-2	B3GAT2	ENSG00000112309
FN1-2	FN1	ENSG00000115414
NAA38-2	NAA38	ENSG00000183011
KLF16-2	KLF16	ENSG00000129911
SLAMF1-2	SLAMF1	ENSG00000117090
HAUS2-2	HAUS2	ENSG00000137814
YY1-2	YY1	ENSG00000100811
RASD2-2	RASD2	ENSG00000100302
RASA4B-2	RASA4B	ENSG00000170667
EHD1-2	EHD1	ENSG00000110047
DDHD2-2	DDHD2	ENSG00000085788
CUL9-2	CUL9	ENSG00000112659
IFT27-2	IFT27	ENSG00000100360
AK4-2	AK4	ENSG00000162433
SNAP23-2	SNAP23	ENSG00000092531
DYNLRB1-2	DYNLRB1	ENSG00000125971
CPNE3-2	CPNE3	ENSG00000085719
IL17RB-2	IL17RB	ENSG00000056736
KCTD17-2	KCTD17	ENSG00000100379
STAG2-2	STAG2	ENSG00000101972
SLC25A46-2	SLC25A46	ENSG00000164209
DAB1-2	DAB1	ENSG00000173406
CD38-2	CD38	ENSG00000004468
ZNF449-2	ZNF449	ENSG00000173275
SAXO2-2	SAXO2	ENSG00000188659
AVL9-2	AVL9	ENSG00000105778
PIKFYVE-2	PIKFYVE	ENSG00000115020
MANBAL-2	MANBAL	ENSG00000101363
RPS10-2	RPS10	ENSG00000124614
ETV1-2	ETV1	ENSG00000006468
KDM2B-2	KDM2B	ENSG00000089094
BRMS1-2	BRMS1	ENSG00000174744
GUCA2B-2	GUCA2B	ENSG00000044012
PDE7B-2	PDE7B	ENSG00000171408
MMACHC-2	MMACHC	ENSG00000132763
HOXA2-2	HOXA2	ENSG00000105996
YBEY-2	YBEY	ENSG00000182362
YIPF1-2	YIPF1	ENSG00000058799
HEY1-2	HEY1	ENSG00000164683
ALKBH7-2	ALKBH7	ENSG00000125652
ABCC5-2	ABCC5	ENSG00000114770
DBH-2	DBH	ENSG00000123454
ZNF775-2	ZNF775	ENSG00000196456
EDARADD-2	EDARADD	ENSG00000186197
CACFD1-2	CACFD1	ENSG00000160325
MTHFR-2	MTHFR	ENSG00000177000
LBR-2	LBR	ENSG00000143815
RNF41-2	RNF41	ENSG00000181852
IL10-2	IL10	ENSG00000136634
CLNS1A-2	CLNS1A	ENSG00000074201
FAM169A-2	FAM169A	ENSG00000198780
JADE2-2	JADE2	ENSG00000043143
PRR22-2	PRR22	ENSG00000212123
CCDC97-2	CCDC97	ENSG00000142039
INTS10-2	INTS10	ENSG00000104613
STYX-2	STYX	ENSG00000198252
AGL-2	AGL	ENSG00000162688
FAM117A-2	FAM117A	ENSG00000121104
IGF1R-2	IGF1R	ENSG00000140443
DCPS-2	DCPS	ENSG00000110063
SWT1-2	SWT1	ENSG00000116668
MTX1-2	MTX1	ENSG00000173171
BST2-2	BST2	ENSG00000130303
BCL6-2	BCL6	ENSG00000113916
HADH-2	HADH	ENSG00000138796
PNMA5-2	PNMA5	ENSG00000198883
CACNA1H-2	CACNA1H	ENSG00000196557
PSMG1-2	PSMG1	ENSG00000183527
FAM133B-2	FAM133B	ENSG00000234545
PRPF38A-2	PRPF38A	ENSG00000134748
DPYSL4-2	DPYSL4	ENSG00000151640
FAM208A-2	TASOR	ENSG00000163946
E2F5-2	E2F5	ENSG00000133740
AQP3-2	AQP3	ENSG00000165272
BUB1B-2	BUB1B	ENSG00000156970
WBP4-2	WBP4	ENSG00000120688
ZNF518B-2	ZNF518B	ENSG00000178163
SGSM1-2	SGSM1	ENSG00000167037
TMEM135-2	TMEM135	ENSG00000166575
ADGRG5-2	ADGRG5	ENSG00000159618
IGSF6-2	IGSF6	ENSG00000140749
KRAS-2	KRAS	ENSG00000133703
NEK2-2	NEK2	ENSG00000117650
HLA-C-2	HLA-C	ENSG00000204525
LYSMD1-2	LYSMD1	ENSG00000163155
PAX1-2	PAX1	ENSG00000125813
PDE4D-2	PDE4D	ENSG00000113448
INSR-2	INSR	ENSG00000171105
ZNF268-2	ZNF268	ENSG00000090612
CDAN1-2	CDAN1	ENSG00000140326
SEC24B-2	SEC24B	ENSG00000138802
IDH3A-2	IDH3A	ENSG00000166411
PLOD1-2	PLOD1	ENSG00000083444
CKLF-CMTM1-2	CKLF-CMTM1	ENSG00000254788
ZFAND5-2	ZFAND5	ENSG00000107372
TULP2-2	TULP2	ENSG00000104804
SNURF-2	SNURF	ENSG00000273173
RAD51-2	RAD51	ENSG00000051180
ABCA5-2	ABCA5	ENSG00000154265
STXBP1-2	STXBP1	ENSG00000136854
RAD18-2	RAD18	ENSG00000070950
BHLHA9-2	BHLHA9	ENSG00000205899
NLN-2	NLN	ENSG00000123213
UBA6-2	UBA6	ENSG00000033178
HEXDC-2	HEXD	ENSG00000169660
TANK-2	TANK	ENSG00000136560
YBX1-2	YBX1	ENSG00000065978
RMDN2-2	RMDN2	ENSG00000115841
GLCCI1-2	GLCCI1	ENSG00000106415
OAZ1-2	OAZ1	ENSG00000104904
TMEM106B-2	TMEM106B	ENSG00000106460
USP1-2	USP1	ENSG00000162607
NDUFV1-2	NDUFV1	ENSG00000167792
SEC22C-2	SEC22C	ENSG00000093183
CD302-2	CD302	ENSG00000241399
APOL3-2	APOL3	ENSG00000128284
YWHAB-2	YWHAB	ENSG00000166913
TRIM47-2	TRIM47	ENSG00000132481
MIDN-2	MIDN	ENSG00000167470
SPIN2B-2	SPIN2B	ENSG00000186787
RAB32-2	RAB32	ENSG00000118508
THRAP3-2	THRAP3	ENSG00000054118
MTG1-2	MTG1	ENSG00000148824
SMARCA1-2	SMARCA1	ENSG00000102038
GGH-2	GGH	ENSG00000137563
ZNF609-2	ZNF609	ENSG00000180357
PCGF6-2	PCGF6	ENSG00000156374
PPAT-2	PPAT	ENSG00000128059
DDX59-2	DDX59	ENSG00000118197
SOAT1-2	SOAT1	ENSG00000057252
AR-2	AR	ENSG00000169083
PHKG1-2	PHKG1	ENSG00000164776
DESI2-2	DESI2	ENSG00000121644
C2orf50-2	CIMIP5	ENSG00000150873
ALDH1B1-2	ALDH1B1	ENSG00000137124
RARA-2	RARA	ENSG00000131759
MED8-2	MED8	ENSG00000159479
NFU1-2	NFU1	ENSG00000169599
PCNT-2	PCNT	ENSG00000160299
RPP25L-2	RPP25L	ENSG00000164967
CRIP3-2	CRIP3	ENSG00000146215
MYL9-2	MYL9	ENSG00000101335
RANBP6-2	RANBP6	ENSG00000137040
NSG1-2	NSG1	ENSG00000168824
DERA-2	DERA	ENSG00000023697
SACM1L-2	SACM1L	ENSG00000211456
HNRNPL-2	HNRNPL	ENSG00000104824
CCDC112-2	CCDC112	ENSG00000164221
TRAPPC6A-2	TRAPPC6A	ENSG00000007255
CCDC186-2	CCDC186	ENSG00000165813
ARHGEF3-2	ARHGEF3	ENSG00000163947
GEMIN4-2	GEMIN4	ENSG00000179409
LSM12-2	LSM12	ENSG00000161654
KLHDC4-2	KLHDC4	ENSG00000104731
MAP1S-2	MAP1S	ENSG00000130479
RHOF-2	RHOF	ENSG00000139725
MTFMT-2	MTFMT	ENSG00000103707
USF2-2	USF2	ENSG00000105698
ZMYM4-2	ZMYM4	ENSG00000146463
TMEM64-2	TMEM64	ENSG00000180694
MRPL57-2	MRPL57	ENSG00000173141
KAT2B-2	KAT2B	ENSG00000114166
ZNFX1-2	ZNFX1	ENSG00000124201
MAPK12-2	MAPK12	ENSG00000188130
MYF6-2	MYF6	ENSG00000111046
MLF1-2	MLF1	ENSG00000178053
PANX2-2	PANX2	ENSG00000073150
EGR3-2	EGR3	ENSG00000179388
TEF-2	TEF	ENSG00000167074
CCDC71L-2	CCDC71L	ENSG00000253276
PPP2CB-2	PPP2CB	ENSG00000104695
ATG10-2	ATG10	ENSG00000152348
SMARCA5-2	SMARCA5	ENSG00000153147
ZNF227-2	ZNF227	ENSG00000131115
TMEM41A-2	TMEM41A	ENSG00000163900
TAX1BP3-2	TAX1BP3	ENSG00000213977
ZMYM2-2	ZMYM2	ENSG00000121741
MRPL41-2	MRPL41	ENSG00000182154
HSBP1L1-2	HSBP1L1	ENSG00000226742
BLZF1-2	BLZF1	ENSG00000117475
TMEM63A-2	TMEM63A	ENSG00000196187
RAB3GAP2-2	RAB3GAP2	ENSG00000118873
SERAC1-2	SERAC1	ENSG00000122335
ZNF668-2	ZNF668	ENSG00000167394
MUC19-2	MUC19	ENSG00000205592
OXCT1-2	OXCT1	ENSG00000083720
SPCS3-2	SPCS3	ENSG00000129128
PML-2	PML	ENSG00000140464
TAF4-2	TAF4	ENSG00000130699
AP2B1-2	AP2B1	ENSG00000006125
KAT5-2	KAT5	ENSG00000172977
RPS15A-2	RPS15A	ENSG00000134419
HES4-2	HES4	ENSG00000188290
ZBED2-2	ZBED2	ENSG00000177494
BTF3L4-2	BTF3L4	ENSG00000134717
RRP9-2	RRP9	ENSG00000114767
SGTB-2	SGTB	ENSG00000197860
MCM4-2	MCM4	ENSG00000104738
GNB5-2	GNB5	ENSG00000069966
FOXO1-2	FOXO1	ENSG00000150907
KSR1-2	KSR1	ENSG00000141068
CACNA1C-2	CACNA1C	ENSG00000151067
ERCC2-2	ERCC2	ENSG00000104884
MIER1-2	MIER1	ENSG00000198160
LTK-2	LTK	ENSG00000062524
H2AFZ-2	H2AZ1	ENSG00000164032
ANKH-2	ANKH	ENSG00000154122
CYBA-2	CYBA	ENSG00000051523
VSIG1-2	VSIG1	ENSG00000101842
C19orf18-2	C19orf18	ENSG00000177025
KCTD21-2	KCTD21	ENSG00000188997
ASB6-2	ASB6	ENSG00000148331
SIRT4-2	SIRT4	ENSG00000089163
MAST4-2	MAST4	ENSG00000069020
ZBTB24-2	ZBTB24	ENSG00000112365
BEND3-2	BEND3	ENSG00000178409
CCL25-2	CCL25	ENSG00000131142
SLCO3A1-2	SLCO3A1	ENSG00000176463
PF4-2	PF4	ENSG00000163737
ZNF544-2	ZNF544	ENSG00000198131
RPAP1-2	RPAP1	ENSG00000103932
USP32-2	USP32	ENSG00000170832
PF4V1-2	PF4V1	ENSG00000109272
PCSK5-2	PCSK5	ENSG00000099139
FUS-2	FUS	ENSG00000089280
TSPAN6-2	TSPAN6	ENSG00000000003
PROSER1-2	PROSER1	ENSG00000120685
ATP6V0E1-2	ATP6V0E1	ENSG00000113732
ATP6V1B2-2	ATP6V1B2	ENSG00000147416
IRAK1BP1-2	IRAK1BP1	ENSG00000146243
KRI1-2	KRI1	ENSG00000129347
IDH2-2	IDH2	ENSG00000182054
SRM-2	SRM	ENSG00000116649
RABIF-2	RABIF	ENSG00000183155
ABI1-2	ABI1	ENSG00000136754
FEM1B-2	FEM1B	ENSG00000169018
ANPEP-2	ANPEP	ENSG00000166825
METAP1-2	METAP1	ENSG00000164024
GUCA2A-2	GUCA2A	ENSG00000197273
AP1M1-2	AP1M1	ENSG00000072958
GNAZ-2	GNAZ	ENSG00000128266
BTD-2	BTD	ENSG00000169814
IFNGR1-2	IFNGR1	ENSG00000027697
PHC3-2	PHC3	ENSG00000173889
ABCC8-2	ABCC8	ENSG00000006071
TUT1-2	TUT1	ENSG00000149016
HSD17B11-2	HSD17B11	ENSG00000198189
ZSCAN22-2	ZSCAN22	ENSG00000182318
LDHB-2	LDHB	ENSG00000111716
CDC14B-2	CDC14B	ENSG00000081377
SRRM1-2	SRRM1	ENSG00000133226
F13A1-2	F13A1	ENSG00000124491
HASPIN-2	HASPIN	ENSG00000177602
PRMT3-2	PRMT3	ENSG00000185238
MTMR14-2	MTMR14	ENSG00000163719
ZNF93-2	ZNF93	ENSG00000184635
TBC1D20-2	TBC1D20	ENSG00000125875
FGFR2-2	FGFR2	ENSG00000066468
C1orf43-2	C1orf43	ENSG00000143612
MAML3-2	MAML3	ENSG00000196782
OLAH-2	OLAH	ENSG00000152463
SEPT7-2	SEPTIN7	ENSG00000122545
DLD-2	DLD	ENSG00000091140
PKP4-2	PKP4	ENSG00000144283
PSMB6-2	PSMB6	ENSG00000142507
REG3A-2	REG3A	ENSG00000172016
SUV39H2-2	SUV39H2	ENSG00000152455
ECPAS-2	ECPAS	ENSG00000136813
ERI1-2	ERI1	ENSG00000104626
RNF187-2	RNF187	ENSG00000168159
NKAPD1-2	NKAPD1	ENSG00000150776
NKX2-5-2	NKX2-5	ENSG00000183072
GPATCH11-2	GPATCH11	ENSG00000152133
CYB561-2	CYB561	ENSG00000008283
BARHL1-2	BARHL1	ENSG00000125492
ZC3H12D-2	ZC3H12D	ENSG00000178199
MYT1L-2	MYT1L	ENSG00000186487
FAM209B-2	FAM209B	ENSG00000213714
DUSP12-2	DUSP12	ENSG00000081721
DMTF1-2	DMTF1	ENSG00000135164
TAF8-2	TAF8	ENSG00000137413
PCBP3-2	PCBP3	ENSG00000183570
PSTK-2	PSTK	ENSG00000179988
BRCC3-2	BRCC3	ENSG00000185515
TLR2-2	TLR2	ENSG00000137462
CLDN3-2	CLDN3	ENSG00000165215
DEF6-2	DEF6	ENSG00000023892
ZNF41-2	ZNF41	ENSG00000147124
BCAS3-2	BCAS3	ENSG00000141376
MESP1-2	MESP1	ENSG00000166823
IDE-2	IDE	ENSG00000119912
KIAA1551-2	RESF1	ENSG00000174718
MKS1-2	MKS1	ENSG00000011143
ZNF766-2	ZNF766	ENSG00000196214
WSB2-2	WSB2	ENSG00000176871
ZC3H18-2	ZC3H18	ENSG00000158545
THRA-2	THRA	ENSG00000126351
TIPIN-2	TIPIN	ENSG00000075131
FAIM-2	FAIM	ENSG00000158234
FEV-2	FEV	ENSG00000163497
AP1G2-2	AP1G2	ENSG00000213983
MICAL3-2	MICAL3	ENSG00000243156
ITPKC-2	ITPKC	ENSG00000086544
POLR3A-2	POLR3A	ENSG00000148606
SENP3-2	SENP3	ENSG00000161956
POLA2-2	POLA2	ENSG00000014138
MMP9-2	MMP9	ENSG00000100985
IREB2-2	IREB2	ENSG00000136381
TDP1-2	TDP1	ENSG00000042088
SOX2-2	SOX2	ENSG00000181449
PFN1-2	PFN1	ENSG00000108518
ZNF248-2	ZNF248	ENSG00000198105
TRMT6-2	TRMT6	ENSG00000089195
LGALS3BP-2	LGALS3BP	ENSG00000108679
BBS7-2	BBS7	ENSG00000138686
TSC1-2	TSC1	ENSG00000165699
STK11-2	STK11	ENSG00000118046
CD200R1-2	CD200R1	ENSG00000163606
C19orf44-2	C19orf44	ENSG00000105072
RIMKLB-2	RIMKLB	ENSG00000166532
CLP1-2	CLP1	ENSG00000172409
PUM2-2	PUM2	ENSG00000055917
BIRC3-2	BIRC3	ENSG00000023445
C1QL3-2	C1QL3	ENSG00000165985
KLF5-2	KLF5	ENSG00000102554
TFF3-2	TFF3	ENSG00000160180
GNRH2-2	GNRH2	ENSG00000125787
P4HTM-2	P4HTM	ENSG00000178467
RELCH-2	RELCH	ENSG00000134444
CBX2-2	CBX2	ENSG00000173894
SUCLG2-2	SUCLG2	ENSG00000172340
GOLGA7-2	GOLGA7	ENSG00000147533
CEP89-2	CEP89	ENSG00000121289
CTH-2	CTH	ENSG00000116761
WBP11-2	WBP11	ENSG00000084463
ZNF529-2	ZNF529	ENSG00000186020
IGF2-2	IGF2	ENSG00000167244
QRICH2-2	QRICH2	ENSG00000129646
TMEM181-2	TMEM181	ENSG00000146433
PRCP-2	PRCP	ENSG00000137509
FADD-2	FADD	ENSG00000168040
MSANTD4-2	MSANTD4	ENSG00000170903
CEP44-2	CEP44	ENSG00000164118
MRTO4-2	MRTO4	ENSG00000053372
FXYD3-2	FXYD3	ENSG00000089356
LEUTX-2	LEUTX	ENSG00000213921
CCL20-2	CCL20	ENSG00000115009
IPO9-2	IPO9	ENSG00000198700
GPRASP2-2	GPRASP2	ENSG00000158301
TSNAX-2	TSNAX	ENSG00000116918
SPRYD3-2	SPRYD3	ENSG00000167778
TNPO1-2	TNPO1	ENSG00000083312
HDDC3-2	HDDC3	ENSG00000184508
GALNT18-2	GALNT18	ENSG00000110328
ABRACL-2	ABRACL	ENSG00000146386
BCL9-2	BCL9	ENSG00000116128
LZTS2-2	LZTS2	ENSG00000107816
TSPAN9-2	TSPAN9	ENSG00000011105
CREB1-2	CREB1	ENSG00000118260
SGMS1-2	SGMS1	ENSG00000198964
DENND2D-2	DENND2D	ENSG00000162777
RRAGB-2	RRAGB	ENSG00000083750
CAPN5-2	CAPN5	ENSG00000149260
DNAJC11-2	DNAJC11	ENSG00000007923
RPL9-2	RPL9	ENSG00000163682
VWA8-2	VWA8	ENSG00000102763
ALG14-2	ALG14	ENSG00000172339
NKX2-3-2	NKX2-3	ENSG00000119919
KIAA0895L-2	MATCAP1	ENSG00000196123
FBXO44-2	FBXO44	ENSG00000132879
GPR160-2	GPR160	ENSG00000173890
NIPA2-2	NIPA2	ENSG00000140157
DEPDC1B-2	DEPDC1B	ENSG00000035499
DPP7-2	DPP7	ENSG00000176978
AGO1-2	AGO1	ENSG00000092847
AREG-2	AREG	ENSG00000109321
SYPL1-2	SYPL1	ENSG00000008282
ZNF223-2	ZNF223	ENSG00000178386
MRPL47-2	MRPL47	ENSG00000136522
ZCCHC2-2	ZCCHC2	ENSG00000141664
VDR-2	VDR	ENSG00000111424
PROZ-2	PROZ	ENSG00000126231
CPNE8-2	CPNE8	ENSG00000139117
MRPS12-2	MRPS12	ENSG00000128626
CD58-2	CD58	ENSG00000116815
EZH2-2	EZH2	ENSG00000106462
CDK12-2	CDK12	ENSG00000167258
BRF1-2	BRF1	ENSG00000185024
HSD17B7-2	HSD17B7	ENSG00000132196
SLC30A1-2	SLC30A1	ENSG00000170385
SMG5-2	SMG5	ENSG00000198952
NUDT8-2	NUDT8	ENSG00000167799
RANBP10-2	RANBP10	ENSG00000141084
AURKAIP1-2	AURKAIP1	ENSG00000175756
WDR86-2	WDR86	ENSG00000187260
PDE5A-2	PDE5A	ENSG00000138735
SRP19-2	SRP19	ENSG00000153037
DHX40-2	DHX40	ENSG00000108406
PPP2R5B-2	PPP2R5B	ENSG00000068971
PTGER2-2	PTGER2	ENSG00000125384
GIMAP1-GIMAP5-2	GIMAP1-GIMAP5	ENSG00000281887
CEP250-2	CEP250	ENSG00000126001
SCRT1-2	SCRT1	ENSG00000261678
HIST2H2AB-2	H2AC21	ENSG00000184270
PPFIA1-2	PPFIA1	ENSG00000131626
ALDH6A1-2	ALDH6A1	ENSG00000119711
CFL1-2	CFL1	ENSG00000172757
NIPAL1-2	NIPAL1	ENSG00000163293
GPR171-2	GPR171	ENSG00000174946
PDIA4-2	PDIA4	ENSG00000155660
KTN1-2	KTN1	ENSG00000126777
DOLPP1-2	DOLPP1	ENSG00000167130
USP31-2	USP31	ENSG00000103404
U2SURP-2	U2SURP	ENSG00000163714
PBX4-2	PBX4	ENSG00000105717
PPP1R15A-2	PPP1R15A	ENSG00000087074
ATPAF1-2	ATPAF1	ENSG00000123472
MST1-2	MST1	ENSG00000173531
RLN2-2	RLN2	ENSG00000107014
TARBP1-2	TARBP1	ENSG00000059588
LTB4R2-2	LTB4R2	ENSG00000213906
COX10-2	COX10	ENSG00000006695
ARHGEF18-2	ARHGEF18	ENSG00000104880
ZSCAN21-2	ZSCAN21	ENSG00000166529
COX8A-2	COX8A	ENSG00000176340
PRKAG1-2	PRKAG1	ENSG00000181929
HNF4A-2	HNF4A	ENSG00000101076
SLC35A4-2	SLC35A4	ENSG00000176087
RASAL3-2	RASAL3	ENSG00000105122
RNASEH2A-2	RNASEH2A	ENSG00000104889
MPLKIP-2	MPLKIP	ENSG00000168303
ZNF286A-2	ZNF286A	ENSG00000187607
TXK-2	TXK	ENSG00000074966
KDF1-2	KDF1	ENSG00000175707
SLC25A22-2	SLC25A22	ENSG00000177542
IGSF22-2	IGSF22	ENSG00000179057
UBE2D4-2	UBE2D4	ENSG00000078967
EIF3M-2	EIF3M	ENSG00000149100
CDK9-2	CDK9	ENSG00000136807
PPM1A-2	PPM1A	ENSG00000100614
GDAP1-2	GDAP1	ENSG00000104381
SMC5-2	SMC5	ENSG00000198887
FRS2-2	FRS2	ENSG00000166225
ZBTB6-2	ZBTB6	ENSG00000186130
MED11-2	MED11	ENSG00000161920
PPP6C-2	PPP6C	ENSG00000119414
ANKZF1-2	ANKZF1	ENSG00000163516
NACC2-2	NACC2	ENSG00000148411
B3GAT3-2	B3GAT3	ENSG00000149541
HACD3-2	HACD3	ENSG00000074696
RRBP1-2	RRBP1	ENSG00000125844
GPNMB-2	GPNMB	ENSG00000136235
CYB5B-2	CYB5B	ENSG00000103018
PRR12-2	PRR12	ENSG00000126464
C2orf40-2	ECRG4	ENSG00000119147
ECH1-2	ECH1	ENSG00000104823
PRDM1-2	PRDM1	ENSG00000057657
PI4K2B-2	PI4K2B	ENSG00000038210
HACD1-2	HACD1	ENSG00000165996
IL17A-2	IL17A	ENSG00000112115
UBR4-2	UBR4	ENSG00000127481
ABCA1-2	ABCA1	ENSG00000165029
ZNF622-2	ZNF622	ENSG00000173545
SMIM8-2	SMIM8	ENSG00000111850
RTF1-2	RTF1	ENSG00000137815
PLD6-2	PLD6	ENSG00000179598
BLOC1S3-2	BLOC1S3	ENSG00000189114
TRIM59-2	TRIM59	ENSG00000213186
RNGTT-2	RNGTT	ENSG00000111880
PSMB7-2	PSMB7	ENSG00000136930
NRP2-2	NRP2	ENSG00000118257
AREL1-2	AREL1	ENSG00000119682
ANP32E-2	ANP32E	ENSG00000143401
CCDC88C-2	CCDC88C	ENSG00000015133
SLC44A1-2	SLC44A1	ENSG00000070214
DUSP7-2	DUSP7	ENSG00000164086
PDLIM2-2	PDLIM2	ENSG00000120913
SAFB-2	SAFB	ENSG00000160633
RBX1-2	RBX1	ENSG00000100387
KIAA0895-2	MATCAP2	ENSG00000164542
DDX47-2	DDX47	ENSG00000213782
GNG4-2	GNG4	ENSG00000168243
PPP1R12A-2	PPP1R12A	ENSG00000058272
GAS8-2	GAS8	ENSG00000141013
FSD1-2	FSD1	ENSG00000105255
JAG1-2	JAG1	ENSG00000101384
HSD11B2-2	HSD11B2	ENSG00000176387
PC-2	PC	ENSG00000173599
PIK3C2B-2	PIK3C2B	ENSG00000133056
DBP-2	DBP	ENSG00000105516
MYLK4-2	MYLK4	ENSG00000145949
ZSWIM5-2	ZSWIM5	ENSG00000162415
IL18RAP-2	IL18RAP	ENSG00000115607
PABPC1-2	PABPC1	ENSG00000070756
TBX10-2	TBX10	ENSG00000167800
MYO18A-2	MYO18A	ENSG00000196535
ANKFY1-2	ANKFY1	ENSG00000185722
DSC2-2	DSC2	ENSG00000134755
IKZF4-2	IKZF4	ENSG00000123411
BPGM-2	BPGM	ENSG00000172331
WDR75-2	WDR75	ENSG00000115368
RAB5C-2	RAB5C	ENSG00000108774
RAB3A-2	RAB3A	ENSG00000105649
ANKEF1-2	ANKEF1	ENSG00000132623
PROX1-2	PROX1	ENSG00000117707
SETD9-2	SETD9	ENSG00000155542
ASAP3-2	ASAP3	ENSG00000088280
VPS13A-2	VPS13A	ENSG00000197969
SH3BP2-2	SH3BP2	ENSG00000087266
TNFRSF10A-2	TNFRSF10A	ENSG00000104689
ZNF57-2	ZNF57	ENSG00000171970
TRIM3-2	TRIM3	ENSG00000110171
IDUA-2	IDUA	ENSG00000127415
TBC1D10C-2	TBC1D10C	ENSG00000175463
PRCC-2	PRCC	ENSG00000143294
MRTFA-2	MRTFA	ENSG00000196588
ZNF429-2	ZNF429	ENSG00000197013
HIPK3-2	HIPK3	ENSG00000110422
OS9-2	OS9	ENSG00000135506
PLEKHG2-2	PLEKHG2	ENSG00000090924
KRT72-2	KRT72	ENSG00000170486
R3HCC1-2	R3HCC1	ENSG00000104679
PIAS3-2	PIAS3	ENSG00000131788
PDCD2-2	PDCD2	ENSG00000071994
SLAIN1-2	SLAIN1	ENSG00000139737
PNPO-2	PNPO	ENSG00000108439
EDAR-2	EDAR	ENSG00000135960
PARP15-2	PARP15	ENSG00000173200
TRMT2B-2	TRMT2B	ENSG00000188917
ANAPC5-2	ANAPC5	ENSG00000089053
MINDY1-2	MINDY1	ENSG00000143409
GADD45A-2	GADD45A	ENSG00000116717
NOC2L-2	NOC2L	ENSG00000188976
PLXDC2-2	PLXDC2	ENSG00000120594
CREB3L4-2	CREB3L4	ENSG00000143578
CBR4-2	CBR4	ENSG00000145439
F11R-2	F11R	ENSG00000158769
SLC22A5-2	SLC22A5	ENSG00000197375
HIST1H2AE-2	H2AC8	ENSG00000277075
JOSD2-2	JOSD2	ENSG00000161677
TXNDC12-2	TXNDC12	ENSG00000117862
RAB43-2	RAB43	ENSG00000172780
SUSD4-2	SUSD4	ENSG00000143502
RPL27A-2	RPL27A	ENSG00000166441
GNA15-2	GNA15	ENSG00000060558
SEC22B-2	SEC22B	ENSG00000265808
TRAPPC10-2	TRAPPC10	ENSG00000160218
GTF3C6-2	GTF3C6	ENSG00000155115
NAGPA-2	NAGPA	ENSG00000103174
MRPS6-2	MRPS6	ENSG00000243927
EGR4-2	EGR4	ENSG00000135625
ANK3-2	ANK3	ENSG00000151150
ZNF608-2	ZNF608	ENSG00000168916
ANK1-2	ANK1	ENSG00000029534
OGFOD1-2	OGFOD1	ENSG00000087263
SGO2-2	SGO2	ENSG00000163535
ETFRF1-2	ETFRF1	ENSG00000205707
BCKDHB-2	BCKDHB	ENSG00000083123
NR4A2-2	NR4A2	ENSG00000153234
PMVK-2	PMVK	ENSG00000163344
KDELC1-2	POGLUT2	ENSG00000134901
NT5DC2-2	NT5DC2	ENSG00000168268
NEO1-2	NEO1	ENSG00000067141
JCHAIN-2	JCHAIN	ENSG00000132465
ZBTB1-2	ZBTB1	ENSG00000126804
TMEM131L-2	TMEM131L	ENSG00000121210
ATG16L2-2	ATG16L2	ENSG00000168010
MAP3K1-2	MAP3K1	ENSG00000095015
SLC12A2-2	SLC12A2	ENSG00000064651
FAHD1-2	FAHD1	ENSG00000180185
ATXN7L3-2	ATXN7L3	ENSG00000087152
AOC3-2	AOC3	ENSG00000131471
SARM1-2	SARM1	ENSG00000004139
AKT2-2	AKT2	ENSG00000105221
LHPP-2	LHPP	ENSG00000107902
C16orf74-2	C16orf74	ENSG00000154102
UBE3A-2	UBE3A	ENSG00000114062
B4GALNT4-2	B4GALNT4	ENSG00000182272
FAM219B-2	FAM219B	ENSG00000178761
HOXB4-2	HOXB4	ENSG00000182742
TMA7-2	TMA7	ENSG00000232112
DNAH9-2	DNAH9	ENSG00000007174
RAB11FIP4-2	RAB11FIP4	ENSG00000131242
H2AFV-2	H2AZ2	ENSG00000105968
EIF6-2	EIF6	ENSG00000242372
IL23A-2	IL23A	ENSG00000110944
ZNF691-2	ZNF691	ENSG00000164011
YPEL4-2	YPEL4	ENSG00000166793
COL6A1-2	COL6A1	ENSG00000142156
EMC2-2	EMC2	ENSG00000104412
PHLDB3-2	PHLDB3	ENSG00000176531
GBP2-2	GBP2	ENSG00000162645
EPCAM-2	EPCAM	ENSG00000119888
NCBP1-2	NCBP1	ENSG00000136937
ZNF638-2	ZNF638	ENSG00000075292
ZDHHC18-2	ZDHHC18	ENSG00000204160
LIN7C-2	LIN7C	ENSG00000148943
LAMTOR4-2	LAMTOR4	ENSG00000188186
FLT1-2	FLT1	ENSG00000102755
DLST-2	DLST	ENSG00000119689
ULK2-2	ULK2	ENSG00000083290
MINDY2-2	MINDY2	ENSG00000128923
CDC45-2	CDC45	ENSG00000093009
LITAF-2	LITAF	ENSG00000189067
ALDOA-2	ALDOA	ENSG00000149925
CD164-2	CD164	ENSG00000135535
CASK-2	CASK	ENSG00000147044
ST6GAL1-2	ST6GAL1	ENSG00000073849
MEIS1-2	MEIS1	ENSG00000143995
GGT7-2	GGT7	ENSG00000131067
PEF1-2	PEF1	ENSG00000162517
TMLHE-2	TMLHE	ENSG00000185973
ARHGAP5-2	ARHGAP5	ENSG00000100852
RIOX1-2	RIOX1	ENSG00000170468
LIMK2-2	LIMK2	ENSG00000182541
ZFP36-2	ZFP36	ENSG00000128016
PMCH-2	PMCH	ENSG00000183395
BANK1-2	BANK1	ENSG00000153064
NCOR1-2	NCOR1	ENSG00000141027
DNAJC19-2	DNAJC19	ENSG00000205981
CSF1-2	CSF1	ENSG00000184371
SMG9-2	SMG9	ENSG00000105771
RNF207-2	RNF207	ENSG00000158286
ZNF532-2	ZNF532	ENSG00000074657
LRRFIP1-2	LRRFIP1	ENSG00000124831
LRBA-2	LRBA	ENSG00000198589
VCAN-2	VCAN	ENSG00000038427
XRN2-2	XRN2	ENSG00000088930
ZHX3-2	ZHX3	ENSG00000174306
CCDC173-2	CFAP210	ENSG00000154479
SMNDC1-2	SMNDC1	ENSG00000119953
GZMK-2	GZMK	ENSG00000113088
PDHB-2	PDHB	ENSG00000168291
CHIC1-2	CHIC1	ENSG00000204116
NFASC-2	NFASC	ENSG00000163531
GINS2-2	GINS2	ENSG00000131153
NRIP3-2	NRIP3	ENSG00000175352
GNPTG-2	GNPTG	ENSG00000090581
PSTPIP2-2	PSTPIP2	ENSG00000152229
PTPRE-2	PTPRE	ENSG00000132334
B4GALT2-2	B4GALT2	ENSG00000117411
CPQ-2	CPQ	ENSG00000104324
G3BP1-2	G3BP1	ENSG00000145907
TIMM10-2	TIMM10	ENSG00000134809
CMC2-2	CMC2	ENSG00000103121
CSKMT-2	CSKMT	ENSG00000214756
FAM13B-2	FAM13B	ENSG00000031003
ZBTB17-2	ZBTB17	ENSG00000116809
SLC35E1-2	SLC35E1	ENSG00000127526
VPS8-2	VPS8	ENSG00000156931
SMARCAD1-2	SMARCAD1	ENSG00000163104
USP42-2	USP42	ENSG00000106346
ALDH2-2	ALDH2	ENSG00000111275
STX4-2	STX4	ENSG00000103496
UPP1-2	UPP1	ENSG00000183696
THTPA-2	THTPA	ENSG00000259431
KAT7-2	KAT7	ENSG00000136504
PNP-2	PNP	ENSG00000198805
RPL7A-2	RPL7A	ENSG00000148303
ZNF720-2	KRBOX5	ENSG00000197302
NMRK1-2	NMRK1	ENSG00000106733
CES4A-2	CES4A	ENSG00000172824
PRUNE1-2	PRUNE1	ENSG00000143363
LRR1-2	LRR1	ENSG00000165501
SLC18B1-2	SLC18B1	ENSG00000146409
SH2B1-2	SH2B1	ENSG00000178188
ARRB2-2	ARRB2	ENSG00000141480
TFEB-2	TFEB	ENSG00000112561
RAB1A-2	RAB1A	ENSG00000138069
CNOT4-2	CNOT4	ENSG00000080802
PCDH12-2	PCDH12	ENSG00000113555
BLMH-2	BLMH	ENSG00000108578
PEX6-2	PEX6	ENSG00000124587
WDR70-2	WDR70	ENSG00000082068
BTBD6-2	BTBD6	ENSG00000184887
STT3B-2	STT3B	ENSG00000163527
HIST1H2AB-2	H2AC4	ENSG00000278463
PYCR2-2	PYCR2	ENSG00000143811
THAP7-2	THAP7	ENSG00000184436
DBX2-2	DBX2	ENSG00000185610
ITGA5-2	ITGA5	ENSG00000161638
PIGF-2	PIGF	ENSG00000151665
TGFA-2	TGFA	ENSG00000163235
SLC35B2-2	SLC35B2	ENSG00000157593
PLEKHA4-2	PLEKHA4	ENSG00000105559
TMEM199-2	TMEM199	ENSG00000244045
CCT5-2	CCT5	ENSG00000150753
BRWD1-2	BRWD1	ENSG00000185658
NFRKB-2	NFRKB	ENSG00000170322
ITGB2-2	ITGB2	ENSG00000160255
WDR89-2	WDR89	ENSG00000140006
TATDN3-2	TATDN3	ENSG00000203705
ANKS1A-2	ANKS1A	ENSG00000064999
PSMC1-2	PSMC1	ENSG00000100764
SLC2A8-2	SLC2A8	ENSG00000136856
TMED2-2	TMED2	ENSG00000086598
FAM129C-2	NIBAN3	ENSG00000167483
TCF15-2	TCF15	ENSG00000125878
LBX1-2	LBX1	ENSG00000138136
KCNH3-2	KCNH3	ENSG00000135519
SORBS3-2	SORBS3	ENSG00000120896
HNRNPA0-2	HNRNPA0	ENSG00000177733
ELP1-2	ELP1	ENSG00000070061
FASLG-2	FASLG	ENSG00000117560
SMIM24-2	SMIM24	ENSG00000095932
LRP2BP-2	LRP2BP	ENSG00000109771
FARP1-2	FARP1	ENSG00000152767
ZFHX4-2	ZFHX4	ENSG00000091656
DHRS1-2	DHRS1	ENSG00000157379
LYSMD4-2	LYSMD4	ENSG00000183060
SLC38A6-2	SLC38A6	ENSG00000139974
VPS53-2	VPS53	ENSG00000141252
KCNIP4-2	KCNIP4	ENSG00000185774
CCDC61-2	CCDC61	ENSG00000104983
PFKFB1-2	PFKFB1	ENSG00000158571
MAPRE2-2	MAPRE2	ENSG00000166974
ZIC3-2	ZIC3	ENSG00000156925
ARHGAP33-2	ARHGAP33	ENSG00000004777
SOX13-2	SOX13	ENSG00000143842
GSDME-2	GSDME	ENSG00000105928
LIPE-2	LIPE	ENSG00000079435
LRP2-2	LRP2	ENSG00000081479
DNAH1-2	DNAH1	ENSG00000114841
UBXN4-2	UBXN4	ENSG00000144224
ZNF701-2	ZNF701	ENSG00000167562
RBCK1-2	RBCK1	ENSG00000125826
TSGA10-2	TSGA10	ENSG00000135951
SMAP1-2	SMAP1	ENSG00000112305
SMIM7-2	SMIM7	ENSG00000214046
TNFRSF10B-2	TNFRSF10B	ENSG00000120889
TXN2-2	TXN2	ENSG00000100348
FAM102B-2	EEIG2	ENSG00000162636
LZTR1-2	LZTR1	ENSG00000099949
HMGXB3-2	HMGXB3	ENSG00000113716
ZNF461-2	ZNF461	ENSG00000197808
LATS1-2	LATS1	ENSG00000131023
PHB2-2	PHB2	ENSG00000215021
LIF-2	LIF	ENSG00000128342
COPG1-2	COPG1	ENSG00000181789
MAGEH1-2	MAGEH1	ENSG00000187601
RAP1GDS1-2	RAP1GDS1	ENSG00000138698
TIMM21-2	TIMM21	ENSG00000075336
RIBC2-2	RIBC2	ENSG00000128408
TMEM63B-2	TMEM63B	ENSG00000137216
IZUMO4-2	IZUMO4	ENSG00000099840
FAM168B-2	FAM168B	ENSG00000152102
C4orf47-2	CFAP96	ENSG00000205129
SLC31A2-2	SLC31A2	ENSG00000136867
NEDD8-2	NEDD8	ENSG00000129559
IMPG2-2	IMPG2	ENSG00000081148
PPWD1-2	PPWD1	ENSG00000113593
PAQR6-2	PAQR6	ENSG00000160781
SIRT2-2	SIRT2	ENSG00000068903
SPAG9-2	SPAG9	ENSG00000008294
DBX1-2	DBX1	ENSG00000109851
DIAPH3-2	DIAPH3	ENSG00000139734
ZNF567-2	ZNF567	ENSG00000189042
STK38L-2	STK38L	ENSG00000211455
RGMB-2	RGMB	ENSG00000174136
PRKD3-2	PRKD3	ENSG00000115825
RNF121-2	RNF121	ENSG00000137522
ZNF711-2	ZNF711	ENSG00000147180
PIP5K1B-2	PIP5K1B	ENSG00000107242
MAPK13-2	MAPK13	ENSG00000156711
LIG4-2	LIG4	ENSG00000174405
GPHN-2	GPHN	ENSG00000171723
ARHGAP25-2	ARHGAP25	ENSG00000163219
FABP4-2	FABP4	ENSG00000170323
ITSN2-2	ITSN2	ENSG00000198399
C8orf76-2	C8orf76	ENSG00000189376
SMG7-2	SMG7	ENSG00000116698
ZNRF2-2	ZNRF2	ENSG00000180233
PLEKHA8-2	PLEKHA8	ENSG00000106086
GTF2H1-2	GTF2H1	ENSG00000110768
FDPS-2	FDPS	ENSG00000160752
SPDYA-2	SPDYA	ENSG00000163806
PLEKHF2-2	PLEKHF2	ENSG00000175895
RCAN1-2	RCAN1	ENSG00000159200
FYN-2	FYN	ENSG00000010810
CAMLG-2	CAMLG	ENSG00000164615
MRPL49-2	MRPL49	ENSG00000149792
NKX6-2-2	NKX6-2	ENSG00000148826
RUFY3-2	RUFY3	ENSG00000018189
CROCC-2	CROCC	ENSG00000058453
DDX60-2	DDX60	ENSG00000137628
PPP4R1-2	PPP4R1	ENSG00000154845
RAB2B-2	RAB2B	ENSG00000129472
SUMO3-2	SUMO3	ENSG00000184900
UNC45A-2	UNC45A	ENSG00000140553
POLD2-2	POLD2	ENSG00000106628
ST3GAL1-2	ST3GAL1	ENSG00000008513
TRA2A-2	TRA2A	ENSG00000164548
NOP56-2	NOP56	ENSG00000101361
PTRH1-2	PTRH1	ENSG00000187024
ARNTL-2	BMAL1	ENSG00000133794
PSMA5-2	PSMA5	ENSG00000143106
SH3BP1-2	SH3BP1	ENSG00000100092
MTMR7-2	MTMR7	ENSG00000003987
KIAA0100-2	BLTP2	ENSG00000007202
QSER1-2	QSER1	ENSG00000060749
HEATR5A-2	HEATR5A	ENSG00000129493
DTX2-2	DTX2	ENSG00000091073
PLPP1-2	PLPP1	ENSG00000067113
CLASP1-2	CLASP1	ENSG00000074054
NICN1-2	NICN1	ENSG00000145029
GET4-2	GET4	ENSG00000239857
MYC-2	MYC	ENSG00000136997
NKD1-2	NKD1	ENSG00000140807
CLCC1-2	CLCC1	ENSG00000121940
TVP23B-2	TVP23B	ENSG00000171928
ZFYVE9-2	ZFYVE9	ENSG00000157077
BCS1L-2	BCS1L	ENSG00000074582
AUTS2-2	AUTS2	ENSG00000158321
USP25-2	USP25	ENSG00000155313
CACNA1D-2	CACNA1D	ENSG00000157388
RAB11FIP5-2	RAB11FIP5	ENSG00000135631
ELOVL5-2	ELOVL5	ENSG00000012660
ARHGAP10-2	ARHGAP10	ENSG00000071205
CKS2-2	CKS2	ENSG00000123975
IMPAD1-2	BPNT2	ENSG00000104331
CRNKL1-2	CRNKL1	ENSG00000101343
TMED8-2	TMED8	ENSG00000100580
SDCBP-2	SDCBP	ENSG00000137575
GPR157-2	GPR157	ENSG00000180758
GTF2H3-2	GTF2H3	ENSG00000111358
CENPK-2	CENPK	ENSG00000123219
YIPF4-2	YIPF4	ENSG00000119820
BOP1-2	BOP1	ENSG00000261236
HELQ-2	HELQ	ENSG00000163312
APOBEC3H-2	APOBEC3H	ENSG00000100298
CCM2-2	CCM2	ENSG00000136280
PURB-2	PURB	ENSG00000146676
VCPIP1-2	VCPIP1	ENSG00000175073
PLEKHB1-2	PLEKHB1	ENSG00000021300
NUDT7-2	NUDT7	ENSG00000140876
PTCD2-2	PTCD2	ENSG00000049883
SPZ1-2	SPZ1	ENSG00000164299
CCDC92-2	CCDC92	ENSG00000119242
NABP1-2	NABP1	ENSG00000173559
SCAF4-2	SCAF4	ENSG00000156304
RTN3-2	RTN3	ENSG00000133318
GPRIN3-2	GPRIN3	ENSG00000185477
CTDNEP1-2	CTDNEP1	ENSG00000175826
PIP4P2-2	PIP4P2	ENSG00000155099
DEDD-2	DEDD	ENSG00000158796
TPM2-2	TPM2	ENSG00000198467
SLC7A7-2	SLC7A7	ENSG00000155465
ALG13-2	ALG13	ENSG00000101901
SKIL-2	SKIL	ENSG00000136603
FLT3LG-2	FLT3LG	ENSG00000090554
UBE2Z-2	UBE2Z	ENSG00000159202
UQCR10-2	UQCR10	ENSG00000184076
ADGRE2-2	ADGRE2	ENSG00000127507
TCEAL9-2	TCEAL9	ENSG00000185222
RMDN3-2	RMDN3	ENSG00000137824
SIRT3-2	SIRT3	ENSG00000142082
PIGH-2	PIGH	ENSG00000100564
PATJ-2	PATJ	ENSG00000132849
DYM-2	DYM	ENSG00000141627
C3AR1-2	C3AR1	ENSG00000171860
FOXG1-2	FOXG1	ENSG00000176165
MARCH9-2	MARCHF9	ENSG00000139266
TRMT5-2	TRMT5	ENSG00000126814
VIM-2	VIM	ENSG00000026025
PISD-2	PISD	ENSG00000241878
SMIM19-2	SMIM19	ENSG00000176209
ANAPC1-2	ANAPC1	ENSG00000153107
CCNYL1-2	CCNYL1	ENSG00000163249
MCM9-2	MCM9	ENSG00000111877
SMUG1-2	SMUG1	ENSG00000123415
C2orf68-2	C2orf68	ENSG00000168887
TIMM29-2	TIMM29	ENSG00000142444
TP53BP2-2	TP53BP2	ENSG00000143514
PTGES2-2	PTGES2	ENSG00000148334
FOXB1-2	FOXB1	ENSG00000171956
GIPR-2	GIPR	ENSG00000010310
STRADB-2	STRADB	ENSG00000082146
STAU2-2	STAU2	ENSG00000040341
FAM206A-2	ABITRAM	ENSG00000119328
ATP5S-2	DMAC2L	ENSG00000125375
RASL11A-2	RASL11A	ENSG00000122035
TMEM206-2	PACC1	ENSG00000065600
NRIP2-2	NRIP2	ENSG00000053702
HMGN3-2	HMGN3	ENSG00000118418
KRT1-2	KRT1	ENSG00000167768
AP3B1-2	AP3B1	ENSG00000132842
FMC1-2	FMC1	ENSG00000164898
KLHL17-2	KLHL17	ENSG00000187961
RELA-2	RELA	ENSG00000173039
RNF126-2	RNF126	ENSG00000070423
DUSP11-2	DUSP11	ENSG00000144048
CHAC1-2	CHAC1	ENSG00000128965
MAPK7-2	MAPK7	ENSG00000166484
SLC26A2-2	SLC26A2	ENSG00000155850
PLK4-2	PLK4	ENSG00000142731
FEZF2-2	FEZF2	ENSG00000153266
ALCAM-2	ALCAM	ENSG00000170017
TPRA1-2	TPRA1	ENSG00000163870
RPAP2-2	RPAP2	ENSG00000122484
MTMR9-2	MTMR9	ENSG00000104643
PRTFDC1-2	PRTFDC1	ENSG00000099256
SH3BGRL-2	SH3BGRL	ENSG00000131171
RIN3-2	RIN3	ENSG00000100599
MRPL44-2	MRPL44	ENSG00000135900
NAA20-2	NAA20	ENSG00000173418
TRIM22-2	TRIM22	ENSG00000132274
DDIT4-2	DDIT4	ENSG00000168209
RPL7L1-2	RPL7L1	ENSG00000146223
RBPJL-2	RBPJL	ENSG00000124232
RTCB-2	RTCB	ENSG00000100220
SCLY-2	SCLY	ENSG00000132330
BCKDHA-2	BCKDHA	ENSG00000248098
ARHGAP31-2	ARHGAP31	ENSG00000031081
RAF1-2	RAF1	ENSG00000132155
BARD1-2	BARD1	ENSG00000138376
DDX17-2	DDX17	ENSG00000100201
HOXA3-2	HOXA3	ENSG00000105997
VEGFB-2	VEGFB	ENSG00000173511
MPC2-2	MPC2	ENSG00000143158
VAMP1-2	VAMP1	ENSG00000139190
SLC29A2-2	SLC29A2	ENSG00000174669
USB1-2	USB1	ENSG00000103005
MEAF6-2	MEAF6	ENSG00000163875
HSPE1-2	HSPE1	ENSG00000115541
TNFRSF13C-2	TNFRSF13C	ENSG00000159958
ECHDC1-2	ECHDC1	ENSG00000093144
DOK2-2	DOK2	ENSG00000147443
NFX1-2	NFX1	ENSG00000086102
DHRS7-2	DHRS7	ENSG00000100612
VRK1-2	VRK1	ENSG00000100749
CHN2-2	CHN2	ENSG00000106069
AKAP8-2	AKAP8	ENSG00000105127
ZNF112-2	ZNF112	ENSG00000062370
MDH1-2	MDH1	ENSG00000014641
PTAR1-2	PTAR1	ENSG00000188647
MYF5-2	MYF5	ENSG00000111049
SDK2-2	SDK2	ENSG00000069188
PGLS-2	PGLS	ENSG00000130313
B3GNT9-2	B3GNT9	ENSG00000237172
TAF1B-2	TAF1B	ENSG00000115750
GID4-2	GID4	ENSG00000141034
IMPA1-2	IMPA1	ENSG00000133731
FXR1-2	FXR1	ENSG00000114416
COPB1-2	COPB1	ENSG00000129083
DTNB-2	DTNB	ENSG00000138101
RABAC1-2	RABAC1	ENSG00000105404
FRAS1-2	FRAS1	ENSG00000138759
ARF3-2	ARF3	ENSG00000134287
SOWAHC-2	SOWAHC	ENSG00000198142
WDR6-2	WDR6	ENSG00000178252
CDH19-2	CDH19	ENSG00000071991
FRMD3-2	FRMD3	ENSG00000172159
RNF19B-2	RNF19B	ENSG00000116514
FUCA2-2	FUCA2	ENSG00000001036
IFT122-2	IFT122	ENSG00000163913
DNAH10-2	DNAH10	ENSG00000197653
LCP1-2	LCP1	ENSG00000136167
TAF10-2	TAF10	ENSG00000166337
PPP1R13L-2	PPP1R13L	ENSG00000104881
SIPA1L3-2	SIPA1L3	ENSG00000105738
TUBG2-2	TUBG2	ENSG00000037042
FBLN7-2	FBLN7	ENSG00000144152
D2HGDH-2	D2HGDH	ENSG00000180902
IP6K2-2	IP6K2	ENSG00000068745
ATP6V1E2-2	ATP6V1E2	ENSG00000250565
TCEAL2-2	TCEAL2	ENSG00000184905
MFSD10-2	MFSD10	ENSG00000109736
C5AR1-2	C5AR1	ENSG00000197405
NRROS-2	NRROS	ENSG00000174004
MKLN1-2	MKLN1	ENSG00000128585
RSPH4A-2	RSPH4A	ENSG00000111834
TCEA3-2	TCEA3	ENSG00000204219
PHLDA1-2	PHLDA1	ENSG00000139289
SLC25A19-2	SLC25A19	ENSG00000125454
ZNF32-2	ZNF32	ENSG00000169740
SLC25A45-2	SLC25A45	ENSG00000162241
ZCCHC18-2	ZCCHC18	ENSG00000166707
UGCG-2	UGCG	ENSG00000148154
RAMP1-2	RAMP1	ENSG00000132329
RGS17-2	RGS17	ENSG00000091844
PITX2-2	PITX2	ENSG00000164093
LSP1-2	LSP1	ENSG00000130592
LPL-2	LPL	ENSG00000175445
CARD17-2	CARD17P	ENSG00000255221
PURA-2	PURA	ENSG00000185129
CEP120-2	CEP120	ENSG00000168944
PTPN12-2	PTPN12	ENSG00000127947
EEF1A1-2	EEF1A1	ENSG00000156508
FAM118B-2	FAM118B	ENSG00000197798
PTPRA-2	PTPRA	ENSG00000132670
BANP-2	BANP	ENSG00000172530
DEGS1-2	DEGS1	ENSG00000143753
IGLL5-2	IGLL5	ENSG00000254709
EXOSC5-2	EXOSC5	ENSG00000077348
TCEA1-2	TCEA1	ENSG00000187735
TMEM229B-2	TMEM229B	ENSG00000198133
IKBKG-2	IKBKG	ENSG00000269335
DCST2-2	DCST2	ENSG00000163354
MTRF1L-2	MTRF1L	ENSG00000112031
LEF1-2	LEF1	ENSG00000138795
USP11-2	USP11	ENSG00000102226
MARK4-2	MARK4	ENSG00000007047
CRYBG2-2	CRYBG2	ENSG00000176092
POU4F3-2	POU4F3	ENSG00000091010
IL2RA-2	IL2RA	ENSG00000134460
OCEL1-2	OCEL1	ENSG00000099330
TRNAU1AP-2	TRNAU1AP	ENSG00000180098
UBE2V2-2	UBE2V2	ENSG00000169139
KLHDC1-2	KLHDC1	ENSG00000197776
WDR44-2	WDR44	ENSG00000131725
CARMIL2-2	CARMIL2	ENSG00000159753
SOX9-2	SOX9	ENSG00000125398
FUCA1-2	FUCA1	ENSG00000179163
HDC-2	HDC	ENSG00000140287
ADGRB2-2	ADGRB2	ENSG00000121753
ABCA2-2	ABCA2	ENSG00000107331
SLC16A10-2	SLC16A10	ENSG00000112394
GBGT1-2	GBGT1	ENSG00000148288
SNTA1-2	SNTA1	ENSG00000101400
STX5-2	STX5	ENSG00000162236
CLIP4-2	CLIP4	ENSG00000115295
SEMA4B-2	SEMA4B	ENSG00000185033
GLB1-2	GLB1	ENSG00000170266
RICTOR-2	RICTOR	ENSG00000164327
CWC15-2	CWC15	ENSG00000150316
HCFC1R1-2	HCFC1R1	ENSG00000103145
RBAK-2	RBAK	ENSG00000146587
ZNF683-2	ZNF683	ENSG00000176083
RNF169-2	RNF169	ENSG00000166439
CHMP7-2	CHMP7	ENSG00000147457
F3-2	F3	ENSG00000117525
UBE2W-2	UBE2W	ENSG00000104343
ELOVL7-2	ELOVL7	ENSG00000164181
SARS-2	SARS1	ENSG00000031698
NBAS-2	NBAS	ENSG00000151779
GART-2	GART	ENSG00000159131
BEGAIN-2	BEGAIN	ENSG00000183092
GPAT3-2	GPAT3	ENSG00000138678
CST7-2	CST7	ENSG00000077984
FERD3L-2	FERD3L	ENSG00000146618
PCBD2-2	PCBD2	ENSG00000132570
ZNF490-2	ZNF490	ENSG00000188033
MGAT2-2	MGAT2	ENSG00000168282
ABCD4-2	ABCD4	ENSG00000119688
M6PR-2	M6PR	ENSG00000003056
NME2-2	NME2	ENSG00000243678
ZC3H14-2	ZC3H14	ENSG00000100722
PTPDC1-2	PTPDC1	ENSG00000158079
DLG3-2	DLG3	ENSG00000082458
OTUD1-2	OTUD1	ENSG00000165312
ABI2-2	ABI2	ENSG00000138443
EFCAB2-2	EFCAB2	ENSG00000203666
POU1F1-2	POU1F1	ENSG00000064835
IP6K1-2	IP6K1	ENSG00000176095
GTF2A1-2	GTF2A1	ENSG00000165417
RANBP9-2	RANBP9	ENSG00000010017
LPIN1-2	LPIN1	ENSG00000134324
UBE2H-2	UBE2H	ENSG00000186591
TANGO6-2	TANGO6	ENSG00000103047
MYOF-2	MYOF	ENSG00000138119
MANBA-2	MANBA	ENSG00000109323
CR1-2	CR1	ENSG00000203710
DNTTIP2-2	DNTTIP2	ENSG00000067334
SEC61B-2	SEC61B	ENSG00000106803
RHBDL1-2	RHBDL1	ENSG00000103269
FAM76B-2	FAM76B	ENSG00000077458
SP3-2	SP3	ENSG00000172845
SLC48A1-2	SLC48A1	ENSG00000211584
BAIAP3-2	BAIAP3	ENSG00000007516
SNX6-2	SNX6	ENSG00000129515
SYTL2-2	SYTL2	ENSG00000137501
GLUD1-2	GLUD1	ENSG00000148672
DEF8-2	DEF8	ENSG00000140995
MTG2-2	MTG2	ENSG00000101181
ISG20L2-2	ISG20L2	ENSG00000143319
ULBP1-2	ULBP1	ENSG00000111981
PIK3R6-2	PIK3R6	ENSG00000276231
GSAP-2	GSAP	ENSG00000186088
ANXA7-2	ANXA7	ENSG00000138279
PANK1-2	PANK1	ENSG00000152782
VSIG10-2	VSIG10	ENSG00000176834
NRBF2-2	NRBF2	ENSG00000148572
FBXL5-2	FBXL5	ENSG00000118564
PGAP3-2	PGAP3	ENSG00000161395
SULT1B1-2	SULT1B1	ENSG00000173597
SAMD9L-2	SAMD9L	ENSG00000177409
ZNF607-2	ZNF607	ENSG00000198182
SURF6-2	SURF6	ENSG00000148296
RASSF4-2	RASSF4	ENSG00000107551
SLC9A8-2	SLC9A8	ENSG00000197818
TARSL2-2	TARS3	ENSG00000185418
ADAMTS17-2	ADAMTS17	ENSG00000140470
MAP3K4-2	MAP3K4	ENSG00000085511
WDR47-2	WDR47	ENSG00000085433
ZNF316-2	ZNF316	ENSG00000205903
SFMBT2-2	SFMBT2	ENSG00000198879
SYTL1-2	SYTL1	ENSG00000142765
PIGV-2	PIGV	ENSG00000060642
ZNF81-2	ZNF81	ENSG00000197779
PSMD5-2	PSMD5	ENSG00000095261
SELENOI-2	SELENOI	ENSG00000138018
RFX3-2	RFX3	ENSG00000080298
ADIPOR1-2	ADIPOR1	ENSG00000159346
TMEM45B-2	TMEM45B	ENSG00000151715
GPR135-2	GPR135	ENSG00000181619
AP4E1-2	AP4E1	ENSG00000081014
FPGS-2	FPGS	ENSG00000136877
NNAT-2	NNAT	ENSG00000053438
NT5C3A-2	NT5C3A	ENSG00000122643
TBXAS1-2	TBXAS1	ENSG00000059377
B3GALNT2-2	B3GALNT2	ENSG00000162885
DDX60L-2	DDX60L	ENSG00000181381
C3orf62-2	C3orf62	ENSG00000188315
ZYX-2	ZYX	ENSG00000159840
TRIM14-2	TRIM14	ENSG00000106785
PRRC2B-2	PRRC2B	ENSG00000288701
ELP4-2	ELP4	ENSG00000109911
GDF15-2	GDF15	ENSG00000130513
CLCF1-2	CLCF1	ENSG00000175505
PPM1D-2	PPM1D	ENSG00000170836
HENMT1-2	HENMT1	ENSG00000162639
HLA-DRB1-2	HLA-DRB1	ENSG00000196126
SNRNP200-2	SNRNP200	ENSG00000144028
CRYL1-2	CRYL1	ENSG00000165475
SSBP4-2	SSBP4	ENSG00000130511
MAP4K1-2	MAP4K1	ENSG00000104814
ZNF630-2	ZNF630	ENSG00000221994
SH2D1A-2	SH2D1A	ENSG00000183918
TMEM234-2	TMEM234	ENSG00000160055
TSN-2	TSN	ENSG00000211460
ZNF473-2	ZNF473	ENSG00000142528
TRAPPC11-2	TRAPPC11	ENSG00000168538
PMM1-2	PMM1	ENSG00000100417
CLPX-2	CLPX	ENSG00000166855
MAPRE3-2	MAPRE3	ENSG00000084764
TNFSF13-2	TNFSF13	ENSG00000161955
NAA40-2	NAA40	ENSG00000110583
ALMS1-2	ALMS1	ENSG00000116127
ZNF764-2	ZNF764	ENSG00000169951
GYS1-2	GYS1	ENSG00000104812
ZNF217-2	ZNF217	ENSG00000171940
PLAGL1-2	PLAGL1	ENSG00000118495
RNF216-2	RNF216	ENSG00000011275
ZRANB1-2	ZRANB1	ENSG00000019995
PIK3CA-2	PIK3CA	ENSG00000121879
ZNF44-2	ZNF44	ENSG00000197857
ATP8B3-2	ATP8B3	ENSG00000130270
AMMECR1-2	AMMECR1	ENSG00000101935
SNRPB-2	SNRPB	ENSG00000125835
SMAD3-2	SMAD3	ENSG00000166949
TBPL1-2	TBPL1	ENSG00000028839
NUP54-2	NUP54	ENSG00000138750
CAPN10-2	CAPN10	ENSG00000142330
TCF12-2	TCF12	ENSG00000140262
PPP4R3A-2	PPP4R3A	ENSG00000100796
FAM83D-2	FAM83D	ENSG00000101447
CCT7-2	CCT7	ENSG00000135624
RAB5A-2	RAB5A	ENSG00000144566
MXRA8-2	MXRA8	ENSG00000162576
ATIC-2	ATIC	ENSG00000138363
CNOT8-2	CNOT8	ENSG00000155508
TMEM141-2	TMEM141	ENSG00000244187
RWDD4-2	RWDD4	ENSG00000182552
TXNRD2-2	TXNRD2	ENSG00000184470
ABCG1-2	ABCG1	ENSG00000160179
ITPRID2-2	ITPRID2	ENSG00000138434
LACTB2-2	LACTB2	ENSG00000147592
C1GALT1-2	C1GALT1	ENSG00000106392
TBC1D25-2	TBC1D25	ENSG00000068354
IFI35-2	IFI35	ENSG00000068079
MAL-2	MAL	ENSG00000172005
S100PBP-2	S100PBP	ENSG00000116497
S100A12-2	S100A12	ENSG00000163221
MACF1-2	MACF1	ENSG00000127603
ARL16-2	ARL16	ENSG00000214087
PAGE5-2	PAGE5	ENSG00000158639
AKIP1-2	AKIP1	ENSG00000166452
HPS5-2	HPS5	ENSG00000110756
RPL13-2	RPL13	ENSG00000167526
ULK4-2	ULK4	ENSG00000168038
LAPTM5-2	LAPTM5	ENSG00000162511
KNOP1-2	KNOP1	ENSG00000103550
RPN1-2	RPN1	ENSG00000163902
AAK1-2	AAK1	ENSG00000115977
RLIM-2	RLIM	ENSG00000131263
OCLM-2	OCLM	OCLM
NCAPD2-2	NCAPD2	ENSG00000010292
PHLPP1-2	PHLPP1	ENSG00000081913
TMUB2-2	TMUB2	ENSG00000168591
RHOB-2	RHOB	ENSG00000143878
DOCK8-2	DOCK8	ENSG00000107099
OPA3-2	OPA3	ENSG00000125741
RAB8A-2	RAB8A	ENSG00000167461
NIPSNAP1-2	NIPSNAP1	ENSG00000184117
FOXK1-2	FOXK1	ENSG00000164916
ENGASE-2	ENGASE	ENSG00000167280
GTPBP1-2	GTPBP1	ENSG00000100226
IFT88-2	IFT88	ENSG00000032742
HDAC8-2	HDAC8	ENSG00000147099
KATNAL2-2	KATNAL2	ENSG00000167216
ZNF580-2	ZNF580	ENSG00000213015
PEG3-2	PEG3	ENSG00000198300
LEPR-2	LEPR	ENSG00000116678
ARL4D-2	ARL4D	ENSG00000175906
R3HCC1L-2	R3HCC1L	ENSG00000166024
EPB42-2	EPB42	ENSG00000166947
CBLL1-2	CBLL1	ENSG00000105879
KIF1BP-2	KIFBP	ENSG00000198954
CCL1-2	CCL1	ENSG00000108702
MALT1-2	MALT1	ENSG00000172175
AP3M2-2	AP3M2	ENSG00000070718
CCS-2	CCS	ENSG00000173992
ZBTB3-2	ZBTB3	ENSG00000185670
MRPL48-2	MRPL48	ENSG00000175581
MAF1-2	MAF1	ENSG00000179632
MAP3K7CL-2	MAP3K7CL	ENSG00000156265
NELFB-2	NELFB	ENSG00000188986
CD70-2	CD70	ENSG00000125726
PAX9-2	PAX9	ENSG00000198807
BEX2-2	BEX2	ENSG00000133134
KIF1B-2	KIF1B	ENSG00000054523
VIL1-2	VIL1	ENSG00000127831
FRMD8-2	FRMD8	ENSG00000126391
NCOR2-2	NCOR2	ENSG00000196498
NUFIP1-2	NUFIP1	ENSG00000083635
HOXB9-2	HOXB9	ENSG00000170689
DAAM1-2	DAAM1	ENSG00000100592
ADAMTS1-2	ADAMTS1	ENSG00000154734
TEC-2	TEC	ENSG00000135605
MCMBP-2	MCMBP	ENSG00000197771
VAV3-2	VAV3	ENSG00000134215
RBM14-2	RBM14	ENSG00000239306
C19orf24-2	FAM174C	ENSG00000228300
FBXO36-2	FBXO36	ENSG00000153832
PRIMPOL-2	PRIMPOL	ENSG00000164306
RUNDC1-2	RUNDC1	ENSG00000198863
SGK2-2	SGK2	ENSG00000101049
WDR92-2	DNAAF10	ENSG00000243667
CCND1-2	CCND1	ENSG00000110092
LLPH-2	LLPH	ENSG00000139233
SMTN-2	SMTN	ENSG00000183963
ARAP1-2	ARAP1	ENSG00000186635
C20orf96-2	C20orf96	ENSG00000196476
ZNF627-2	ZNF627	ENSG00000198551
RYBP-2	RYBP	ENSG00000163602
GATAD2B-2	GATAD2B	ENSG00000143614
ZNF783-2	ZNF783	ENSG00000204946
TECPR1-2	TECPR1	ENSG00000205356
P4HA2-2	P4HA2	ENSG00000072682
POLA1-2	POLA1	ENSG00000101868
GNG7-2	GNG7	ENSG00000176533
C2orf69-2	C2orf69	ENSG00000178074
C1orf131-2	C1orf131	ENSG00000143633
PNMA1-2	PNMA1	ENSG00000176903
JAK3-2	JAK3	ENSG00000105639
GINM1-2	GINM1	ENSG00000055211
NKX6-3-2	NKX6-3	ENSG00000165066
GOLM1-2	GOLM1	ENSG00000135052
EDC3-2	EDC3	ENSG00000179151
ARHGEF6-2	ARHGEF6	ENSG00000129675
ENDOG-2	ENDOG	ENSG00000167136
TIMM17B-2	TIMM17B	ENSG00000126768
SELPLG-2	SELPLG	ENSG00000110876
SERPINB9-2	SERPINB9	ENSG00000170542
ACBD6-2	ACBD6	ENSG00000230124
GNL2-2	GNL2	ENSG00000134697
GOLGA4-2	GOLGA4	ENSG00000144674
FUNDC2-2	FUNDC2	ENSG00000165775
MAEA-2	MAEA	ENSG00000090316
MECR-2	MECR	ENSG00000116353
KBTBD6-2	KBTBD6	ENSG00000165572
HOXB2-2	HOXB2	ENSG00000173917
CHKA-2	CHKA	ENSG00000110721
FOXI2-2	FOXI2	ENSG00000186766
SHLD2-2	SHLD2	ENSG00000122376
ZWINT-2	ZWINT	ENSG00000122952
DYNC1H1-2	DYNC1H1	ENSG00000197102
RHOT2-2	RHOT2	ENSG00000140983
DRAM1-2	DRAM1	ENSG00000136048
CENPF-2	CENPF	ENSG00000117724
GLIS1-2	GLIS1	ENSG00000174332
WDR24-2	WDR24	ENSG00000127580
MVB12B-2	MVB12B	ENSG00000196814
POU3F2-2	POU3F2	ENSG00000184486
MPRIP-2	MPRIP	ENSG00000133030
UBLCP1-2	UBLCP1	ENSG00000164332
NR5A2-2	NR5A2	ENSG00000116833
RHOXF1-2	RHOXF1	ENSG00000101883
CACNB2-2	CACNB2	ENSG00000165995
LY9-2	LY9	ENSG00000122224
ORMDL3-2	ORMDL3	ENSG00000172057
GPR89B-2	GPR89B	ENSG00000188092
L2HGDH-2	L2HGDH	ENSG00000087299
ASTE1-2	ASTE1	ENSG00000034533
CC2D1A-2	CC2D1A	ENSG00000132024
DNA2-2	DNA2	ENSG00000138346
ZNF23-2	ZNF23	ENSG00000167377
FAM49A-2	CYRIA	ENSG00000197872
FOXJ1-2	FOXJ1	ENSG00000129654
GPATCH3-2	GPATCH3	ENSG00000198746
RALGAPA2-2	RALGAPA2	ENSG00000188559
ECHDC2-2	ECHDC2	ENSG00000121310
MRPL37-2	MRPL37	ENSG00000116221
CD247-2	CD247	ENSG00000198821
MSX1-2	MSX1	ENSG00000163132
TUBE1-2	TUBE1	ENSG00000074935
SLC50A1-2	SLC50A1	ENSG00000169241
XPO1-2	XPO1	ENSG00000082898
LTB4R-2	LTB4R	ENSG00000213903
UTP3-2	UTP3	ENSG00000132467
NRBP1-2	NRBP1	ENSG00000115216
VSIR-2	VSIR	ENSG00000107738
MUT-2	MMUT	ENSG00000146085
AKIRIN1-2	AKIRIN1	ENSG00000174574
GOLGA1-2	GOLGA1	ENSG00000136935
LPP-2	LPP	ENSG00000145012
C18orf25-2	ARK2N	ENSG00000152242
OSR2-2	OSR2	ENSG00000164920
TMEM86B-2	TMEM86B	ENSG00000180089
HLA-DQB1-2	HLA-DQB1	ENSG00000179344
CASTOR1-2	CASTOR1	ENSG00000239282
PCID2-2	PCID2	ENSG00000126226
LHX5-2	LHX5	ENSG00000089116
OXSR1-2	OXSR1	ENSG00000172939
MXI1-2	MXI1	ENSG00000119950
POLQ-2	POLQ	ENSG00000051341
PPCDC-2	PPCDC	ENSG00000138621
CLSTN3-2	CLSTN3	ENSG00000139182
LTBP4-2	LTBP4	ENSG00000090006
TMEM107-2	TMEM107	ENSG00000179029
ARL6IP5-2	ARL6IP5	ENSG00000144746
HOXA4-2	HOXA4	ENSG00000197576
ENSA-2	ENSA	ENSG00000143420
C6orf120-2	C6orf120	ENSG00000185127
DHRS4L2-2	DHRS4L2	ENSG00000187630
PET100-2	PET100	ENSG00000229833
G0S2-2	G0S2	ENSG00000123689
KIF3B-2	KIF3B	ENSG00000101350
KIAA0586-2	KIAA0586	ENSG00000100578
DNAI2-2	DNAI2	ENSG00000171595
SARS2-2	SARS2	ENSG00000104835
ZGPAT-2	ZGPAT	ENSG00000197114
RNF170-2	RNF170	ENSG00000120925
RBM15-2	RBM15	ENSG00000162775
TRAF6-2	TRAF6	ENSG00000175104
AACS-2	AACS	ENSG00000081760
HIST1H2BO-2	H2BC17	ENSG00000274641
ZNF787-2	ZNF787	ENSG00000142409
CCNF-2	CCNF	ENSG00000162063
KATNA1-2	KATNA1	ENSG00000186625
FAM200A-2	FAM200A	ENSG00000221909
C15orf40-2	C15orf40	ENSG00000169609
TIGIT-2	TIGIT	ENSG00000181847
PTCH1-2	PTCH1	ENSG00000185920
JAKMIP2-2	JAKMIP2	ENSG00000176049
MED23-2	MED23	ENSG00000112282
ZNF540-2	ZNF540	ENSG00000171817
CTSK-2	CTSK	ENSG00000143387
POGK-2	POGK	ENSG00000143157
GFM1-2	GFM1	ENSG00000168827
PROX2-2	PROX2	ENSG00000119608
TRIM58-2	TRIM58	ENSG00000162722
RPL36AL-2	RPL36AL	ENSG00000165502
TRAPPC6B-2	TRAPPC6B	ENSG00000182400
SLC39A11-2	SLC39A11	ENSG00000133195
MED26-2	MED26	ENSG00000105085
TTC22-2	TTC22	ENSG00000006555
SAAL1-2	SAAL1	ENSG00000166788
MKNK2-2	MKNK2	ENSG00000099875
MGMT-2	MGMT	ENSG00000170430
RNF181-2	RNF181	ENSG00000168894
GPR19-2	GPR19	ENSG00000183150
HIST1H1B-2	H1-5	ENSG00000184357
CHD1L-2	CHD1L	ENSG00000131778
NFKBIA-2	NFKBIA	ENSG00000100906
JAGN1-2	JAGN1	ENSG00000171135
MPL-2	MPL	ENSG00000117400
MAFF-2	MAFF	ENSG00000185022
PRPF38B-2	PRPF38B	ENSG00000134186
DRAP1-2	DRAP1	ENSG00000175550
ZNF771-2	ZNF771	ENSG00000179965
GIGYF2-2	GIGYF2	ENSG00000204120
PCSK7-2	PCSK7	ENSG00000160613
SCAMP1-2	SCAMP1	ENSG00000085365
WASHC4-2	WASHC4	ENSG00000136051
RIF1-2	RIF1	ENSG00000080345
CNTROB-2	CNTROB	ENSG00000170037
MAP3K20-2	MAP3K20	ENSG00000091436
FGFBP3-2	FGFBP3	ENSG00000174721
PGM2-2	PGM2	ENSG00000169299
ALG9-2	ALG9	ENSG00000086848
TIMM8A-2	TIMM8A	ENSG00000126953
TPRX1-2	TPRX1	ENSG00000178928
USP22-2	USP22	ENSG00000124422
GALC-2	GALC	ENSG00000054983
KATNBL1-2	KATNBL1	ENSG00000134152
PIEZO1-2	PIEZO1	ENSG00000103335
NUPR1-2	NUPR1	ENSG00000176046
TYMP-2	TYMP	ENSG00000025708
ZNF324B-2	ZNF324B	ENSG00000249471
TCEANC-2	TCEANC	ENSG00000176896
INPP5F-2	INPP5F	ENSG00000198825
APAF1-2	APAF1	ENSG00000120868
NUDT15-2	NUDT15	ENSG00000136159
GTF2F2-2	GTF2F2	ENSG00000188342
EMG1-2	EMG1	ENSG00000126749
SPRY2-2	SPRY2	ENSG00000136158
HK2-2	HK2	ENSG00000159399
SUFU-2	SUFU	ENSG00000107882
UBE2I-2	UBE2I	ENSG00000103275
CASP8-2	CASP8	ENSG00000064012
ISX-2	ISX	ENSG00000175329
KCTD20-2	KCTD20	ENSG00000112078
TMEM219-2	TMEM219	ENSG00000149932
NUP43-2	NUP43	ENSG00000120253
MRPS2-2	MRPS2	ENSG00000122140
TAF5L-2	TAF5L	ENSG00000135801
PER2-2	PER2	ENSG00000132326
LETM2-2	LETM2	ENSG00000165046
LEMD3-2	LEMD3	ENSG00000174106
TP53I13-2	TP53I13	ENSG00000167543
CHUK-2	CHUK	ENSG00000213341
NDUFB2-2	NDUFB2	ENSG00000090266
FCRLA-2	FCRLA	ENSG00000132185
MLH1-2	MLH1	ENSG00000076242
SSTR3-2	SSTR3	ENSG00000278195
LIMA1-2	LIMA1	ENSG00000050405
P2RY14-2	P2RY14	ENSG00000174944
DCAF13-2	DCAF13	ENSG00000164934
PIK3R5-2	PIK3R5	ENSG00000141506
WDR88-2	WDR88	ENSG00000166359
NKIRAS1-2	NKIRAS1	ENSG00000197885
SERPINH1-2	SERPINH1	ENSG00000149257
HOXC8-2	HOXC8	ENSG00000037965
RHBDD3-2	RHBDD3	ENSG00000100263
EPC1-2	EPC1	ENSG00000120616
ASB1-2	ASB1	ENSG00000065802
TCAIM-2	TCAIM	ENSG00000179152
EPPK1-2	EPPK1	ENSG00000261150
CLCN6-2	CLCN6	ENSG00000011021
ST13-2	ST13	ENSG00000100380
RELL1-2	RELL1	ENSG00000181826
PKD2-2	PKD2	ENSG00000118762
MPPE1-2	MPPE1	ENSG00000154889
SSR3-2	SSR3	ENSG00000114850
OSM-2	OSM	ENSG00000099985
NBPF3-2	NBPF3	ENSG00000142794
TFAP2D-2	TFAP2D	ENSG00000008197
PSMC4-2	PSMC4	ENSG00000013275
AAR2-2	AAR2	ENSG00000131043
RCC1-2	RCC1	ENSG00000180198
HOXD1-2	HOXD1	ENSG00000128645
EIF3A-2	EIF3A	ENSG00000107581
HNRNPUL2-2	HNRNPUL2	ENSG00000214753
GJB6-2	GJB6	ENSG00000121742
RPL29-2	RPL29	ENSG00000162244
FAM160A2-2	FHIP1B	ENSG00000051009
NR2C1-2	NR2C1	ENSG00000120798
TOR1B-2	TOR1B	ENSG00000136816
ENO1-2	ENO1	ENSG00000074800
EPM2AIP1-2	EPM2AIP1	ENSG00000178567
ATG12-2	ATG12	ENSG00000145782
FBXW4-2	FBXW4	ENSG00000107829
ARC-2	ARC	ENSG00000198576
TAS2R4-2	TAS2R4	ENSG00000127364
RMDN1-2	RMDN1	ENSG00000176623
SLC35E3-2	SLC35E3	ENSG00000175782
GTPBP4-2	GTPBP4	ENSG00000107937
KIZ-2	KIZ	ENSG00000088970
VPS29-2	VPS29	ENSG00000111237
NEXN-2	NEXN	ENSG00000162614
GEMIN6-2	GEMIN6	ENSG00000152147
RTL8C-2	RTL8C	ENSG00000134590
HSD17B1-2	HSD17B1	ENSG00000108786
SH3D19-2	SH3D19	ENSG00000109686
TMEM33-2	TMEM33	ENSG00000109133
NDUFB6-2	NDUFB6	ENSG00000165264
HTN3-2	HTN3	ENSG00000205649
IRF5-2	IRF5	ENSG00000128604
ZNF680-2	ZNF680	ENSG00000173041
NARS-2	NARS1	ENSG00000134440
EZR-2	EZR	ENSG00000092820
DIRC2-2	SLC49A4	ENSG00000138463
FCHSD1-2	FCHSD1	ENSG00000197948
SORBS2-2	SORBS2	ENSG00000154556
PLEKHG5-2	PLEKHG5	ENSG00000171680
GMPR-2	GMPR	ENSG00000137198
RPS25-2	RPS25	ENSG00000118181
FBXL19-2	FBXL19	ENSG00000099364
AMZ2-2	AMZ2	ENSG00000196704
NFKBIE-2	NFKBIE	ENSG00000146232
MAN2C1-2	MAN2C1	ENSG00000140400
WIPI1-2	WIPI1	ENSG00000070540
VPS37B-2	VPS37B	ENSG00000139722
GALR2-2	GALR2	ENSG00000182687
REV1-2	REV1	ENSG00000135945
CDKN2AIP-2	CDKN2AIP	ENSG00000168564
SSH3-2	SSH3	ENSG00000172830
CDO1-2	CDO1	ENSG00000129596
MTERF2-2	MTERF2	ENSG00000120832
DMAP1-2	DMAP1	ENSG00000178028
COPG2-2	COPG2	ENSG00000158623
COPS7A-2	COPS7A	ENSG00000111652
YTHDF1-2	YTHDF1	ENSG00000149658
B3GNT2-2	B3GNT2	ENSG00000170340
DOCK3-2	DOCK3	ENSG00000088538
TPI1-2	TPI1	ENSG00000111669
SGPP1-2	SGPP1	ENSG00000126821
RCC1L-2	RCC1L	ENSG00000274523
IL21-2	IL21	ENSG00000138684
CDC25B-2	CDC25B	ENSG00000101224
LYZ-2	LYZ	ENSG00000090382
PPIL2-2	PPIL2	ENSG00000100023
C3orf38-2	C3orf38	ENSG00000179021
TADA1-2	TADA1	ENSG00000152382
NFAT5-2	NFAT5	ENSG00000102908
GFI1B-2	GFI1B	ENSG00000165702
CLTB-2	CLTB	ENSG00000175416
COX5B-2	COX5B	ENSG00000135940
EIF5-2	EIF5	ENSG00000100664
TRMT10A-2	TRMT10A	ENSG00000145331
CNBP-2	CNBP	ENSG00000169714
CSNK1G2-2	CSNK1G2	ENSG00000133275
ZNF74-2	ZNF74	ENSG00000185252
POLDIP3-2	POLDIP3	ENSG00000100227
CYB5RL-2	CYB5RL	ENSG00000215883
HSPA13-2	HSPA13	ENSG00000155304
HMBS-2	HMBS	ENSG00000256269
SLC26A3-2	SLC26A3	ENSG00000091138
MEGF9-2	MEGF9	ENSG00000106780
ELF5-2	ELF5	ENSG00000135374
GNPDA1-2	GNPDA1	ENSG00000113552
XPNPEP3-2	XPNPEP3	ENSG00000196236
CCDC78-2	CCDC78	ENSG00000162004
NCOA3-2	NCOA3	ENSG00000124151
LRP5-2	LRP5	ENSG00000162337
RPS6KL1-2	RPS6KL1	ENSG00000198208
SURF1-2	SURF1	ENSG00000148290
HMBOX1-2	HMBOX1	ENSG00000147421
TIAL1-2	TIAL1	ENSG00000151923
HSPG2-2	HSPG2	ENSG00000142798
ZNF696-2	ZNF696	ENSG00000185730
HEXIM2-2	HEXIM2	ENSG00000168517
STRADA-2	STRADA	ENSG00000266173
ATP8A1-2	ATP8A1	ENSG00000124406
MAMLD1-2	MAMLD1	ENSG00000013619
PRKAB1-2	PRKAB1	ENSG00000111725
FBXO46-2	FBXO46	ENSG00000177051
CEP290-2	CEP290	ENSG00000198707
ZSWIM4-2	ZSWIM4	ENSG00000132003
FRMD4B-2	FRMD4B	ENSG00000114541
ATXN7L3B-2	ATXN7L3B	ENSG00000253719
STT3A-2	STT3A	ENSG00000134910
KNL1-2	KNL1	ENSG00000137812
MRPL43-2	MRPL43	ENSG00000055950
WDR27-2	WDR27	ENSG00000184465
TMEM126A-2	TMEM126A	ENSG00000171202
CH25H-2	CH25H	ENSG00000138135
PWWP2B-2	PWWP2B	ENSG00000171813
KDM8-2	KDM8	ENSG00000155666
CAT-2	CAT	ENSG00000121691
UQCC2-2	UQCC2	ENSG00000137288
EEPD1-2	EEPD1	ENSG00000122547
IGHMBP2-2	IGHMBP2	ENSG00000132740
ATXN1L-2	ATXN1L	ENSG00000224470
AP2M1-2	AP2M1	ENSG00000161203
BRD1-2	BRD1	ENSG00000100425
RPL14-2	RPL14	ENSG00000188846
ATP13A2-2	ATP13A2	ENSG00000159363
TMEM177-2	TMEM177	ENSG00000144120
EEF1G-2	EEF1G	ENSG00000254772
ZBTB26-2	ZBTB26	ENSG00000171448
RFX2-2	RFX2	ENSG00000087903
ITCH-2	ITCH	ENSG00000078747
SLC9A1-2	SLC9A1	ENSG00000090020
POLR2D-2	POLR2D	ENSG00000144231
HMGCR-2	HMGCR	ENSG00000113161
ZBTB41-2	ZBTB41	ENSG00000177888
STXBP2-2	STXBP2	ENSG00000076944
PDS5A-2	PDS5A	ENSG00000121892
MMAA-2	MMAA	ENSG00000151611
EAF2-2	EAF2	ENSG00000145088
ARFGEF1-2	ARFGEF1	ENSG00000066777
DCTD-2	DCTD	ENSG00000129187
SOD1-2	SOD1	ENSG00000142168
RALBP1-2	RALBP1	ENSG00000017797
OSMR-2	OSMR	ENSG00000145623
COTL1-2	COTL1	ENSG00000103187
PEX1-2	PEX1	ENSG00000127980
PHKA1-2	PHKA1	ENSG00000067177
PLIN4-2	PLIN4	ENSG00000167676
SCML1-2	SCML1	ENSG00000047634
CYP20A1-2	CYP20A1	ENSG00000119004
PLEKHA5-2	PLEKHA5	ENSG00000052126
GLA-2	GLA	ENSG00000102393
FDXACB1-2	FDXACB1	ENSG00000255561
LDB1-2	LDB1	ENSG00000198728
WIPF2-2	WIPF2	ENSG00000171475
FBXO28-2	FBXO28	ENSG00000143756
RDH5-2	RDH5	ENSG00000135437
ASPM-2	ASPM	ENSG00000066279
RNASEL-2	RNASEL	ENSG00000135828
ZNF483-2	ZNF483	ENSG00000173258
EEF2-2	EEF2	ENSG00000167658
SFXN4-2	SFXN4	ENSG00000183605
COPRS-2	COPRS	ENSG00000172301
TNFSF11-2	TNFSF11	ENSG00000120659
LCMT2-2	LCMT2	ENSG00000168806
MFSD14A-2	MFSD14A	ENSG00000156875
CPVL-2	CPVL	ENSG00000106066
IL12A-2	IL12A	ENSG00000168811
ORC5-2	ORC5	ENSG00000164815
SKAP1-2	SKAP1	ENSG00000141293
DYNLT1-2	DYNLT1	ENSG00000146425
HERPUD2-2	HERPUD2	ENSG00000122557
RABL2A-2	RABL2A	ENSG00000144134
HAT1-2	HAT1	ENSG00000128708
TTK-2	TTK	ENSG00000112742
IRX1-2	IRX1	ENSG00000170549
CTNS-2	CTNS	ENSG00000040531
CHD3-2	CHD3	ENSG00000170004
PPA2-2	PPA2	ENSG00000138777
RAVER1-2	RAVER1	ENSG00000161847
FRAT2-2	FRAT2	ENSG00000181274
CDIPT-2	CDIPT	ENSG00000103502
ARHGAP30-2	ARHGAP30	ENSG00000186517
EIF1AY-2	EIF1AY	ENSG00000198692
FYB1-2	FYB1	ENSG00000082074
DOCK7-2	DOCK7	ENSG00000116641
CCR2-2	CCR2	ENSG00000121807
PABPN1-2	PABPN1	ENSG00000100836
MORC3-2	MORC3	ENSG00000159256
HGSNAT-2	HGSNAT	ENSG00000165102
SUMO2-2	SUMO2	ENSG00000188612
ITM2A-2	ITM2A	ENSG00000078596
DNM1L-2	DNM1L	ENSG00000087470
SLC35A2-2	SLC35A2	ENSG00000102100
CIB2-2	CIB2	ENSG00000136425
ITGA2B-2	ITGA2B	ENSG00000005961
MAFB-2	MAFB	ENSG00000204103
TMEM147-2	TMEM147	ENSG00000105677
RDH10-2	RDH10	ENSG00000121039
ULBP2-2	ULBP2	ENSG00000131015
GUCY1B1-2	GUCY1B1	ENSG00000061918
GNB1-2	GNB1	ENSG00000078369
ZNF233-2	ZNF233	ENSG00000159915
LMOD3-2	LMOD3	ENSG00000163380
SAFB2-2	SAFB2	ENSG00000130254
NR2E3-2	NR2E3	ENSG00000278570
IPO11-2	IPO11	ENSG00000086200
FKTN-2	FKTN	ENSG00000106692
PLA2G6-2	PLA2G6	ENSG00000184381
SNRPE-2	SNRPE	ENSG00000182004
CPSF7-2	CPSF7	ENSG00000149532
ZNF226-2	ZNF226	ENSG00000167380
EPB41L3-2	EPB41L3	ENSG00000082397
CYLD-2	CYLD	ENSG00000083799
JMJD1C-2	JMJD1C	ENSG00000171988
PHOSPHO1-2	PHOSPHO1	ENSG00000173868
ZNF70-2	ZNF70	ENSG00000187792
RCAN3-2	RCAN3	ENSG00000117602
ZNF345-2	ZNF345	ENSG00000251247
FOXA1-2	FOXA1	ENSG00000129514
SPOUT1-2	SPOUT1	ENSG00000198917
SCFD2-2	SCFD2	ENSG00000184178
FIS1-2	FIS1	ENSG00000214253
KPNA3-2	KPNA3	ENSG00000102753
GRIP1-2	GRIP1	ENSG00000155974
HIST1H2BD-2	H2BC5	ENSG00000158373
PAPSS1-2	PAPSS1	ENSG00000138801
PDE9A-2	PDE9A	ENSG00000160191
RNF167-2	RNF167	ENSG00000108523
SON-2	SON	ENSG00000159140
CCNL1-2	CCNL1	ENSG00000163660
ATP2B4-2	ATP2B4	ENSG00000058668
PAQR3-2	PAQR3	ENSG00000163291
HNF4G-2	HNF4G	ENSG00000164749
GADD45G-2	GADD45G	ENSG00000130222
TSKU-2	TSKU	ENSG00000182704
HDLBP-2	HDLBP	ENSG00000115677
ANKRD54-2	ANKRD54	ENSG00000100124
MIA2-2	MIA2	ENSG00000150527
ZNF343-2	ZNF343	ENSG00000088876
ZNF444-2	ZNF444	ENSG00000167685
ANKRD16-2	ANKRD16	ENSG00000134461
GATA5-2	GATA5	ENSG00000130700
TMEM25-2	TMEM25	ENSG00000149582
MAP2K2-2	MAP2K2	ENSG00000126934
YEATS2-2	YEATS2	ENSG00000163872
LDLRAP1-2	LDLRAP1	ENSG00000157978
DEAF1-2	DEAF1	ENSG00000177030
ZNF440-2	ZNF440	ENSG00000171295
TINF2-2	TINF2	ENSG00000092330
GPX3-2	GPX3	ENSG00000211445
CA7-2	CA7	ENSG00000168748
GPS1-2	GPS1	ENSG00000169727
NUDT4-2	NUDT4	ENSG00000173598
TRIM33-2	TRIM33	ENSG00000197323
SGTA-2	SGTA	ENSG00000104969
LY96-2	LY96	ENSG00000154589
AIFM1-2	AIFM1	ENSG00000156709
ATM-2	ATM	ENSG00000149311
RAX2-2	RAX2	ENSG00000173976
SLC52A2-2	SLC52A2	ENSG00000185803
ATRN-2	ATRN	ENSG00000088812
ZBTB7B-2	ZBTB7B	ENSG00000160685
WARS2-2	WARS2	ENSG00000116874
TMEM129-2	TMEM129	ENSG00000168936
ZRANB2-2	ZRANB2	ENSG00000132485
ZFP69B-2	ZFP69B	ENSG00000187801
ARL8B-2	ARL8B	ENSG00000134108
LYST-2	LYST	ENSG00000143669
ENTPD6-2	ENTPD6	ENSG00000197586
SEPT6-2	SEPTIN6	ENSG00000125354
KLK14-2	KLK14	ENSG00000129437
RHOBTB1-2	RHOBTB1	ENSG00000072422
GPM6B-2	GPM6B	ENSG00000046653
RPL3-2	RPL3	ENSG00000100316
PEX2-2	PEX2	ENSG00000164751
DNAJC25-GNG10-2	DNAJC25-GNG10	ENSG00000244115
RASGRF2-2	RASGRF2	ENSG00000113319
SFXN2-2	SFXN2	ENSG00000156398
MAST3-2	MAST3	ENSG00000099308
BTBD8-2	BTBD8	ENSG00000189195
DUSP14-2	DUSP14	ENSG00000276023
CDH26-2	CDH26	ENSG00000124215
STK25-2	STK25	ENSG00000115694
HOMER3-2	HOMER3	ENSG00000051128
DNAH3-2	DNAH3	ENSG00000158486
DHX34-2	DHX34	ENSG00000134815
PYROXD1-2	PYROXD1	ENSG00000121350
DCAF1-2	DCAF1	ENSG00000145041
TMEM222-2	TMEM222	ENSG00000186501
CCDC120-2	CCDC120	ENSG00000147144
PPP1R16B-2	PPP1R16B	ENSG00000101445
CSTF2-2	CSTF2	ENSG00000101811
ZNF772-2	ZNF772	ENSG00000197128
NOP14-2	NOP14	ENSG00000087269
NDUFA8-2	NDUFA8	ENSG00000119421
ALS2-2	ALS2	ENSG00000003393
RARG-2	RARG	ENSG00000172819
HIST1H3E-2	H3C6	ENSG00000274750
MCF2L2-2	MCF2L2	ENSG00000053524
PSMD9-2	PSMD9	ENSG00000110801
PEMT-2	PEMT	ENSG00000133027
SARAF-2	SARAF	ENSG00000133872
ZMYND8-2	ZMYND8	ENSG00000101040
KEAP1-2	KEAP1	ENSG00000079999
PBDC1-2	PBDC1	ENSG00000102390
MYBL1-2	MYBL1	ENSG00000185697
CD63-2	CD63	ENSG00000135404
GPR132-2	GPR132	ENSG00000183484
TNRC6B-2	TNRC6B	ENSG00000100354
UFSP2-2	UFSP2	ENSG00000109775
CCDC88A-2	CCDC88A	ENSG00000115355
PAX5-2	PAX5	ENSG00000196092
RHOG-2	RHOG	ENSG00000177105
GRAMD4-2	GRAMD4	ENSG00000075240
ZNF512B-2	ZNF512B	ENSG00000196700
ATP8B2-2	ATP8B2	ENSG00000143515
VAV1-2	VAV1	ENSG00000141968
CRYZ-2	CRYZ	ENSG00000116791
NXT2-2	NXT2	ENSG00000101888
PRXL2C-2	PRXL2C	ENSG00000158122
ZNF791-2	ZNF791	ENSG00000173875
SRSF11-2	SRSF11	ENSG00000116754
HOXA5-2	HOXA5	ENSG00000106004
DLX3-2	DLX3	ENSG00000064195
ZNF708-2	ZNF708	ENSG00000182141
CRIPT-2	CRIPT	ENSG00000119878
AIMP1-2	AIMP1	ENSG00000164022
MUS81-2	MUS81	ENSG00000172732
FAM204A-2	FAM204A	ENSG00000165669
SOX11-2	SOX11	ENSG00000176887
AKAP9-2	AKAP9	ENSG00000127914
ZNF557-2	ZNF557	ENSG00000130544
BTBD2-2	BTBD2	ENSG00000133243
NDRG2-2	NDRG2	ENSG00000165795
NEUROG3-2	NEUROG3	ENSG00000122859
ANKRD27-2	ANKRD27	ENSG00000105186
USE1-2	USE1	ENSG00000053501
EI24-2	EI24	ENSG00000149547
RPL36A-HNRNPH2-2	RPL36A-HNRNPH2	ENSG00000257529
C19orf38-2	C19orf38	ENSG00000214212
PAWR-2	PAWR	ENSG00000177425
MANF-2	MANF	ENSG00000145050
MCTP1-2	MCTP1	ENSG00000175471
MTSS1-2	MTSS1	ENSG00000170873
SSR2-2	SSR2	ENSG00000163479
DUSP18-2	DUSP18	ENSG00000167065
DDX41-2	DDX41	ENSG00000183258
ZKSCAN5-2	ZKSCAN5	ENSG00000196652
SNX20-2	SNX20	ENSG00000167208
GATA3-2	GATA3	ENSG00000107485
PARP16-2	PARP16	ENSG00000138617
RPS19-2	RPS19	ENSG00000105372
ZMAT4-2	ZMAT4	ENSG00000165061
HSD17B13-2	HSD17B13	ENSG00000170509
CD101-2	CD101	ENSG00000134256
MGST2-2	MGST2	ENSG00000085871
CDKN1A-2	CDKN1A	ENSG00000124762
SLC19A1-2	SLC19A1	ENSG00000173638
UCHL3-2	UCHL3	ENSG00000118939
SLC25A33-2	SLC25A33	ENSG00000171612
CD28-2	CD28	ENSG00000178562
OAS1-2	OAS1	ENSG00000089127
DUSP4-2	DUSP4	ENSG00000120875
BAIAP2L2-2	BAIAP2L2	ENSG00000128298
NFIA-2	NFIA	ENSG00000162599
FAM220A-2	FAM220A	ENSG00000178397
EEF1B2-2	EEF1B2	ENSG00000114942
SH3KBP1-2	SH3KBP1	ENSG00000147010
HYLS1-2	HYLS1	ENSG00000198331
SLC36A1-2	SLC36A1	ENSG00000123643
RNASEH2B-2	RNASEH2B	ENSG00000136104
SEC11A-2	SEC11A	ENSG00000140612
RXRG-2	RXRG	ENSG00000143171
SFI1-2	SFI1	ENSG00000198089
MIGA1-2	MIGA1	ENSG00000180488
ADCK1-2	ADCK1	ENSG00000063761
ETF1-2	ETF1	ENSG00000120705
TUFM-2	TUFM	ENSG00000178952
MIS18BP1-2	MIS18BP1	ENSG00000129534
HBP1-2	HBP1	ENSG00000105856
IGFBP6-2	IGFBP6	ENSG00000167779
NIPAL2-2	NIPAL2	ENSG00000104361
ZBED3-2	ZBED3	ENSG00000132846
SBF1-2	SBF1	ENSG00000100241
ZNF260-2	ZNF260	ENSG00000254004
FBXW9-2	FBXW9	ENSG00000132004
HES6-2	HES6	ENSG00000144485
PIK3R4-2	PIK3R4	ENSG00000196455
ZRANB3-2	ZRANB3	ENSG00000121988
NAT10-2	NAT10	ENSG00000135372
ZNF761-2	ZNF761	ENSG00000160336
SIDT2-2	SIDT2	ENSG00000149577
MAP1LC3B2-2	MAP1LC3B2	ENSG00000258102
KIAA1191-2	KIAA1191	ENSG00000122203
TMEM273-2	TMEM273	ENSG00000204161
DIP2B-2	DIP2B	ENSG00000066084
CHMP5-2	CHMP5	ENSG00000086065
ISCU-2	ISCU	ENSG00000136003
MED13L-2	MED13L	ENSG00000123066
MAK16-2	MAK16	ENSG00000198042
PLIN3-2	PLIN3	ENSG00000105355
MYH10-2	MYH10	ENSG00000133026
TMEM216-2	TMEM216	ENSG00000187049
ECT2-2	ECT2	ENSG00000114346
NR2C2-2	NR2C2	ENSG00000177463
ACADVL-2	ACADVL	ENSG00000072778
TLK1-2	TLK1	ENSG00000198586
SOX30-2	SOX30	ENSG00000039600
YDJC-2	YDJC	ENSG00000161179
RGS12-2	RGS12	ENSG00000159788
ZNF732-2	ZNF732	ENSG00000186777
PLCG1-2	PLCG1	ENSG00000124181
UQCC1-2	UQCC1	ENSG00000101019
RSL24D1-2	RSL24D1	ENSG00000137876
KDM5B-2	KDM5B	ENSG00000117139
NINJ2-2	NINJ2	ENSG00000171840
ELMO2-2	ELMO2	ENSG00000062598
PLEKHA1-2	PLEKHA1	ENSG00000107679
HABP4-2	HABP4	ENSG00000130956
INSM2-2	INSM2	ENSG00000168348
CASP10-2	CASP10	ENSG00000003400
YLPM1-2	YLPM1	ENSG00000119596
RNF8-2	RNF8	ENSG00000112130
ATP5MC3-2	ATP5MC3	ENSG00000154518
MED25-2	MED25	ENSG00000104973
KANSL1L-2	KANSL1L	ENSG00000144445
LMBRD2-2	LMBRD2	ENSG00000164187
ZNF550-2	ZNF550	ENSG00000251369
ATF7IP2-2	ATF7IP2	ENSG00000166669
WTAP-2	WTAP	ENSG00000146457
MTA1-2	MTA1	ENSG00000182979
HEBP2-2	HEBP2	ENSG00000051620
ATG13-2	ATG13	ENSG00000175224
DBN1-2	DBN1	ENSG00000113758
ZNF600-2	ZNF600	ENSG00000189190
ZNF781-2	ZNF781	ENSG00000196381
PAFAH1B2-2	PAFAH1B2	ENSG00000168092
ANAPC16-2	ANAPC16	ENSG00000166295
BRSK1-2	BRSK1	ENSG00000160469
SQOR-2	SQOR	ENSG00000137767
BCR-2	BCR	ENSG00000186716
ANKRD11-2	ANKRD11	ENSG00000167522
PRAG1-2	PRAG1	ENSG00000275342
PITPNM2-2	PITPNM2	ENSG00000090975
GHDC-2	GHDC	ENSG00000167925
BIN1-2	BIN1	ENSG00000136717
HELZ-2	HELZ	ENSG00000198265
APBB2-2	APBB2	ENSG00000163697
ZSCAN30-2	ZSCAN30	ENSG00000186814
ZFP36L1-2	ZFP36L1	ENSG00000185650
AAAS-2	AAAS	ENSG00000094914
NLRC5-2	NLRC5	ENSG00000140853
TNPO3-2	TNPO3	ENSG00000064419
PTCRA-2	PTCRA	ENSG00000171611
PA2G4-2	PA2G4	ENSG00000170515
ZNF583-2	ZNF583	ENSG00000198440
PECAM1-2	PECAM1	ENSG00000261371
ACTR8-2	ACTR8	ENSG00000113812
TEPSIN-2	TEPSIN	ENSG00000167302
GJB2-2	GJB2	ENSG00000165474
WDR11-2	WDR11	ENSG00000120008
ERGIC2-2	ERGIC2	ENSG00000087502
MSS51-2	MSS51	ENSG00000166343
BIRC6-2	BIRC6	ENSG00000115760
RTL5-2	RTL5	ENSG00000242732
SOX21-2	SOX21	ENSG00000125285
RPS19BP1-2	RPS19BP1	ENSG00000187051
WNT2B-2	WNT2B	ENSG00000134245
ZNF581-2	ZNF581	ENSG00000171425
CHPF2-2	CHPF2	ENSG00000033100
NAP1L3-2	NAP1L3	ENSG00000186310
AKAP12-2	AKAP12	ENSG00000131016
LPCAT2-2	LPCAT2	ENSG00000087253
TARDBP-2	TARDBP	ENSG00000120948
RNPEP-2	RNPEP	ENSG00000176393
IL1B-2	IL1B	ENSG00000125538
CRB3-2	CRB3	ENSG00000130545
KIF27-2	KIF27	ENSG00000165115
RPRD1A-2	RPRD1A	ENSG00000141425
RFESD-2	RFESD	ENSG00000175449
REG4-2	REG4	ENSG00000134193
FGR-2	FGR	ENSG00000000938
TEAD2-2	TEAD2	ENSG00000074219
VPS45-2	VPS45	ENSG00000136631
NREP-2	NREP	ENSG00000134986
SF3B1-2	SF3B1	ENSG00000115524
CX3CR1-2	CX3CR1	ENSG00000168329
POLR2G-2	POLR2G	ENSG00000168002
GALNT4-2	GALNT4	ENSG00000257594
ZNF133-2	ZNF133	ENSG00000125846
MTBP-2	MTBP	ENSG00000172167
LAMP2-2	LAMP2	ENSG00000005893
ETV3L-2	ETV3L	ENSG00000253831
HIST1H2AC-2	H2AC6	ENSG00000180573
HSD17B10-2	HSD17B10	ENSG00000072506
ZNF589-2	ZNF589	ENSG00000164048
CLN6-2	CLN6	ENSG00000128973
CPNE5-2	CPNE5	ENSG00000124772
SREK1IP1-2	SREK1IP1	ENSG00000153006
ATP5MC1-2	ATP5MC1	ENSG00000159199
ZC3HAV1L-2	ZC3HAV1L	ENSG00000146858
OBSCN-2	OBSCN	ENSG00000154358
WWC1-2	WWC1	ENSG00000113645
MPZL1-2	MPZL1	ENSG00000197965
RALGAPA1-2	RALGAPA1	ENSG00000174373
EHBP1L1-2	EHBP1L1	ENSG00000173442
TMCC3-2	TMCC3	ENSG00000057704
PLEKHG1-2	PLEKHG1	ENSG00000120278
LONP1-2	LONP1	ENSG00000196365
ZNF185-2	ZNF185	ENSG00000147394
MAP3K11-2	MAP3K11	ENSG00000173327
CEP63-2	CEP63	ENSG00000182923
WDR54-2	WDR54	ENSG00000005448
EXTL3-2	EXTL3	ENSG00000012232
RITA1-2	RITA1	ENSG00000139405
CXCL16-2	CXCL16	ENSG00000161921
KCNJ1-2	KCNJ1	ENSG00000151704
AKR1E2-2	AKR1E2	ENSG00000165568
FAAP100-2	FAAP100	ENSG00000185504
ATP2C1-2	ATP2C1	ENSG00000017260
CACNB3-2	CACNB3	ENSG00000167535
ORC1-2	ORC1	ENSG00000085840
PRDM8-2	PRDM8	ENSG00000152784
CINP-2	CINP	ENSG00000100865
CD160-2	CD160	ENSG00000117281
KNTC1-2	KNTC1	ENSG00000184445
AGPAT2-2	AGPAT2	ENSG00000169692
RP2-2	RP2	ENSG00000102218
LRRFIP2-2	LRRFIP2	ENSG00000093167
KDM6A-2	KDM6A	ENSG00000147050
PCBP2-2	PCBP2	ENSG00000197111
HMMR-2	HMMR	ENSG00000072571
XPO7-2	XPO7	ENSG00000130227
SFT2D1-2	SFT2D1	ENSG00000198818
ZNF785-2	ZNF785	ENSG00000197162
PCIF1-2	PCIF1	ENSG00000100982
MRPS31-2	MRPS31	ENSG00000102738
NCEH1-2	NCEH1	ENSG00000144959
DCTN4-2	DCTN4	ENSG00000132912
FAS-2	FAS	ENSG00000026103
CCDC141-2	CCDC141	ENSG00000163492
CENPO-2	CENPO	ENSG00000138092
WASF2-2	WASF2	ENSG00000158195
TBC1D13-2	TBC1D13	ENSG00000107021
NKX2-6-2	NKX2-6	ENSG00000180053
FAM13A-2	FAM13A	ENSG00000138640
PRRX2-2	PRRX2	ENSG00000167157
ATP6V1D-2	ATP6V1D	ENSG00000100554
GGCT-2	GGCT	ENSG00000006625
ZNF521-2	ZNF521	ENSG00000198795
ANO10-2	ANO10	ENSG00000160746
STON1-2	STON1	ENSG00000243244
HIST1H4E-2	H4C5	ENSG00000276966
FOXE1-2	FOXE1	ENSG00000178919
TBC1D1-2	TBC1D1	ENSG00000065882
MGAT5-2	MGAT5	ENSG00000152127
UCK2-2	UCK2	ENSG00000143179
INPP4A-2	INPP4A	ENSG00000040933
CD46-2	CD46	ENSG00000117335
ZNF626-2	ZNF626	ENSG00000188171
ZNF2-2	ZNF2	ENSG00000275111
NEFM-2	NEFM	ENSG00000104722
POLM-2	POLM	ENSG00000122678
ZFYVE27-2	ZFYVE27	ENSG00000155256
COPS5-2	COPS5	ENSG00000121022
SP140L-2	SP140L	ENSG00000185404
ALG10B-2	ALG10B	ENSG00000175548
COX7A2-2	COX7A2	ENSG00000112695
LRIG2-2	LRIG2	ENSG00000198799
PHLDA3-2	PHLDA3	ENSG00000174307
KCNN4-2	KCNN4	ENSG00000104783
TMX3-2	TMX3	ENSG00000166479
HPDL-2	HPDL	ENSG00000186603
GM2A-2	GM2A	ENSG00000196743
CCDC171-2	CCDC171	ENSG00000164989
SMURF1-2	SMURF1	ENSG00000198742
TPRG1-2	TPRG1	ENSG00000188001
TSPYL2-2	TSPYL2	ENSG00000184205
CD276-2	CD276	ENSG00000103855
AGTRAP-2	AGTRAP	ENSG00000177674
TTF2-2	TTF2	ENSG00000116830
AZIN1-2	AZIN1	ENSG00000155096
ADARB2-2	ADARB2	ENSG00000185736
GPSM2-2	GPSM2	ENSG00000121957
RNF139-2	RNF139	ENSG00000170881
PRSS21-2	PRSS21	ENSG00000007038
GAA-2	GAA	ENSG00000171298
NPC2-2	NPC2	ENSG00000119655
MMS22L-2	MMS22L	ENSG00000146263
ZSWIM3-2	ZSWIM3	ENSG00000132801
ESYT2-2	ESYT2	ENSG00000117868
C5orf24-2	C5orf24	ENSG00000181904
B9D2-2	B9D2	ENSG00000123810
CTR9-2	CTR9	ENSG00000198730
ZNF19-2	ZNF19	ENSG00000157429
BYSL-2	BYSL	ENSG00000112578
CD4-2	CD4	ENSG00000010610
TIMM8B-2	TIMM8B	ENSG00000150779
BRAT1-2	BRAT1	ENSG00000106009
EOMES-2	EOMES	ENSG00000163508
CSF2-2	CSF2	ENSG00000164400
TOP3A-2	TOP3A	ENSG00000177302
GNRH1-2	GNRH1	ENSG00000147437
SLC27A5-2	SLC27A5	ENSG00000083807
SNED1-2	SNED1	ENSG00000162804
TTC24-2	TTC24	ENSG00000187862
ERCC4-2	ERCC4	ENSG00000175595
ZNF285-2	ZNF285	ENSG00000267508
ANGEL2-2	ANGEL2	ENSG00000174606
ADCY7-2	ADCY7	ENSG00000121281
ZNF710-2	ZNF710	ENSG00000140548
MTR-2	MTR	ENSG00000116984
RPS6-2	RPS6	ENSG00000137154
RCE1-2	RCE1	ENSG00000173653
PRKAA1-2	PRKAA1	ENSG00000132356
KPNA5-2	KPNA5	ENSG00000196911
SBF2-2	SBF2	ENSG00000133812
RPL39L-2	RPL39L	ENSG00000163923
ATP5F1B-2	ATP5F1B	ENSG00000110955
CALHM6-2	CALHM6	ENSG00000188820
SLC5A6-2	SLC5A6	ENSG00000138074
FXYD7-2	FXYD7	ENSG00000221946
TLCD1-2	TLCD1	ENSG00000160606
FAM170A-2	FAM170A	ENSG00000164334
RAB9B-2	RAB9B	ENSG00000123570
FOXC2-2	FOXC2	ENSG00000176692
RAX-2	RAX	ENSG00000134438
ZFYVE21-2	ZFYVE21	ENSG00000100711
PRR5L-2	PRR5L	ENSG00000135362
HOXD4-2	HOXD4	ENSG00000170166
HOXC11-2	HOXC11	ENSG00000123388
TCAP-2	TCAP	ENSG00000173991
PSPC1-2	PSPC1	ENSG00000121390
USP34-2	USP34	ENSG00000115464
SYNGR2-2	SYNGR2	ENSG00000108639
MUC13-2	MUC13	ENSG00000173702
H1F0-2	H1-0	ENSG00000189060
TMED5-2	TMED5	ENSG00000117500
PRR27-2	PRR27	ENSG00000187533
FAM227B-2	FAM227B	ENSG00000166262
DUSP22-2	DUSP22	ENSG00000112679
SSH2-2	SSH2	ENSG00000141298
MON1B-2	MON1B	ENSG00000103111
CLIC3-2	CLIC3	ENSG00000169583
COMMD3-BMI1-2	COMMD3-BMI1	ENSG00000269897
ZNF880-2	ZNF880	ENSG00000221923
SNRNP35-2	SNRNP35	ENSG00000184209
TBPL2-2	TBPL2	ENSG00000182521
SOGA3-2	MTCL3	ENSG00000214338
CCDC150-2	CCDC150	ENSG00000144395
TBC1D15-2	TBC1D15	ENSG00000121749
REEP4-2	REEP4	ENSG00000168476
ZNF200-2	ZNF200	ENSG00000010539
BCLAF1-2	BCLAF1	ENSG00000029363
ALKBH1-2	ALKBH1	ENSG00000100601
WDR82-2	WDR82	ENSG00000164091
RXYLT1-2	RXYLT1	ENSG00000118600
TKT-2	TKT	ENSG00000163931
EFR3A-2	EFR3A	ENSG00000132294
TPMT-2	TPMT	ENSG00000137364
SEMA6A-2	SEMA6A	ENSG00000092421
UAP1-2	UAP1	ENSG00000117143
TF-2	TF	ENSG00000091513
SLC9A3R2-2	NHERF2	ENSG00000065054
TRIM2-2	TRIM2	ENSG00000109654
NAA60-2	NAA60	ENSG00000122390
RASSF1-2	RASSF1	ENSG00000068028
OSGEPL1-2	OSGEPL1	ENSG00000128694
MRPS34-2	MRPS34	ENSG00000074071
SH3BGRL2-2	SH3BGRL2	ENSG00000198478
IPO13-2	IPO13	ENSG00000117408
HIST1H2BI-2	H2BC10	ENSG00000278588
MECOM-2	MECOM	ENSG00000085276
RBBP8-2	RBBP8	ENSG00000101773
MARCKS-2	MARCKS	ENSG00000277443
CFAP410-2	CFAP410	ENSG00000160226
NDST1-2	NDST1	ENSG00000070614
STX12-2	STX12	ENSG00000117758
FAAP20-2	FAAP20	ENSG00000162585
TULP4-2	TULP4	ENSG00000130338
ABCC10-2	ABCC10	ENSG00000124574
ZNF493-2	ZNF493	ENSG00000196268
RB1-2	RB1	ENSG00000139687
ZNF354A-2	ZNF354A	ENSG00000169131
ELF3-2	ELF3	ENSG00000163435
KLC4-2	KLC4	ENSG00000137171
TAF6-2	TAF6	ENSG00000106290
EBF4-2	EBF4	ENSG00000088881
TBCC-2	TBCC	ENSG00000124659
TPK1-2	TPK1	ENSG00000196511
FAM111B-2	FAM111B	ENSG00000189057
LAG3-2	LAG3	ENSG00000089692
ZNF304-2	ZNF304	ENSG00000131845
STIM1-2	STIM1	ENSG00000167323
NME6-2	NME6	ENSG00000172113
TBX4-2	TBX4	ENSG00000121075
SLC26A1-2	SLC26A1	ENSG00000145217
CSMD2-2	CSMD2	ENSG00000121904
TRIB2-2	TRIB2	ENSG00000071575
C2orf49-2	C2orf49	ENSG00000135974
ACTR10-2	ACTR10	ENSG00000131966
VSX1-2	VSX1	ENSG00000100987
ZNF236-2	ZNF236	ENSG00000130856
NOTCH2-2	NOTCH2	ENSG00000134250
NDUFB11-2	NDUFB11	ENSG00000147123
STARD3-2	STARD3	ENSG00000131748
ZNF614-2	ZNF614	ENSG00000142556
MARS-2	MARS1	ENSG00000166986
DTD1-2	DTD1	ENSG00000125821
CRY1-2	CRY1	ENSG00000008405
ARFRP1-2	ARFRP1	ENSG00000101246
AHCY-2	AHCY	ENSG00000101444
EIF3D-2	EIF3D	ENSG00000100353
CST3-2	CST3	ENSG00000101439
PLEKHO1-2	PLEKHO1	ENSG00000023902
ZNF282-2	ZNF282	ENSG00000170265
NPR2-2	NPR2	ENSG00000159899
LAPTM4B-2	LAPTM4B	ENSG00000104341
CHCHD2-2	CHCHD2	ENSG00000106153
CORO2A-2	CORO2A	ENSG00000106789
KIF2A-2	KIF2A	ENSG00000068796
PLD4-2	PLD4	ENSG00000166428
HMCN1-2	HMCN1	ENSG00000143341
AMBRA1-2	AMBRA1	ENSG00000110497
TCEAL1-2	TCEAL1	ENSG00000172465
PTPN18-2	PTPN18	ENSG00000072135
SRP9-2	SRP9	ENSG00000143742
RAB19-2	RAB19	ENSG00000146955
BUD31-2	BUD31	ENSG00000106245
TPM4-2	TPM4	ENSG00000167460
FAM24B-2	FAM24B	ENSG00000213185
FOXP3-2	FOXP3	ENSG00000049768
CDRT4-2	CDRT4	ENSG00000239704
ALG1-2	ALG1	ENSG00000033011
NPTX1-2	NPTX1	ENSG00000171246
NENF-2	NENF	ENSG00000117691
C4orf3-2	C4orf3	ENSG00000164096
ZBED4-2	ZBED4	ENSG00000100426
TTLL2-2	TTLL2	ENSG00000120440
ZSWIM9-2	ZSWIM9	ENSG00000185453
CLDN7-2	CLDN7	ENSG00000181885
BCL2L1-2	BCL2L1	ENSG00000171552
BAG2-2	BAG2	ENSG00000112208
SOX15-2	SOX15	ENSG00000129194
FTH1-2	FTH1	ENSG00000167996
FOXN3-2	FOXN3	ENSG00000053254
ST8SIA4-2	ST8SIA4	ENSG00000113532
RBM38-2	RBM38	ENSG00000132819
FAM84B-2	LRATD2	ENSG00000168672
KANSL3-2	KANSL3	ENSG00000114982
SRD5A3-2	SRD5A3	ENSG00000128039
ACSS1-2	ACSS1	ENSG00000154930
SPTY2D1-2	SPTY2D1	ENSG00000179119
MAP1LC3A-2	MAP1LC3A	ENSG00000101460
TMEM200A-2	TMEM200A	ENSG00000164484
KCNIP3-2	KCNIP3	ENSG00000115041
RUFY2-2	RUFY2	ENSG00000204130
ARHGDIA-2	ARHGDIA	ENSG00000141522
REEP5-2	REEP5	ENSG00000129625
COG2-2	COG2	ENSG00000135775
ANO9-2	ANO9	ENSG00000185101
UTRN-2	UTRN	ENSG00000152818
KDELC2-2	POGLUT3	ENSG00000178202
RPN2-2	RPN2	ENSG00000118705
ELMOD2-2	ELMOD2	ENSG00000179387
SHLD1-2	SHLD1	ENSG00000171984
ALS2CL-2	ALS2CL	ENSG00000178038
GRHL2-2	GRHL2	ENSG00000083307
ADPRHL2-2	ADPRS	ENSG00000116863
TTLL11-2	TTLL11	ENSG00000175764
TMEM45A-2	TMEM45A	ENSG00000181458
FRY-2	FRY	ENSG00000073910
EHD4-2	EHD4	ENSG00000103966
TOMM22-2	TOMM22	ENSG00000100216
SH3BGR-2	SH3BGR	ENSG00000185437
USP16-2	USP16	ENSG00000156256
SWAP70-2	SWAP70	ENSG00000133789
RAB3IP-2	RAB3IP	ENSG00000127328
UBQLNL-2	UBQLNL	ENSG00000175518
SYNGR1-2	SYNGR1	ENSG00000100321
CCR10-2	CCR10	ENSG00000184451
TMEM231-2	TMEM231	ENSG00000205084
KIAA1143-2	KIAA1143	ENSG00000163807
PSAT1-2	PSAT1	ENSG00000135069
RRP12-2	RRP12	ENSG00000052749
COA7-2	COA7	ENSG00000162377
NDUFAF2-2	NDUFAF2	ENSG00000164182
HOXC5-2	HOXC5	ENSG00000172789
ENTPD5-2	ENTPD5	ENSG00000187097
RBM5-2	RBM5	ENSG00000003756
RAG1-2	RAG1	ENSG00000166349
TM7SF3-2	TM7SF3	ENSG00000064115
GORAB-2	GORAB	ENSG00000120370
GNB1L-2	GNB1L	ENSG00000185838
PEBP1-2	PEBP1	ENSG00000089220
NXT1-2	NXT1	ENSG00000132661
HEBP1-2	HEBP1	ENSG00000013583
CREG1-2	CREG1	ENSG00000143162
NUDT12-2	NUDT12	ENSG00000112874
TKFC-2	TKFC	ENSG00000149476
XAB2-2	XAB2	ENSG00000076924
SLC38A9-2	SLC38A9	ENSG00000177058
PRKDC-2	PRKDC	ENSG00000253729
ARHGEF19-2	ARHGEF19	ENSG00000142632
ZSCAN32-2	ZSCAN32	ENSG00000140987
SCRN3-2	SCRN3	ENSG00000144306
ZNF131-2	ZNF131	ENSG00000172262
AMER1-2	AMER1	ENSG00000184675
ZNF138-2	ZNF138	ENSG00000197008
SMARCD2-2	SMARCD2	ENSG00000108604
CEACAM1-2	CEACAM1	ENSG00000079385
CREBBP-2	CREBBP	ENSG00000005339
PANK2-2	PANK2	ENSG00000125779
HPGD-2	HPGD	ENSG00000164120
TCEANC2-2	TCEANC2	ENSG00000116205
EVC-2	EVC	ENSG00000072840
PROP1-2	PROP1	ENSG00000175325
GPATCH1-2	GPATCH1	ENSG00000076650
MME-2	MME	ENSG00000196549
PRKCH-2	PRKCH	ENSG00000027075
TRIR-2	TRIR	ENSG00000123144
GLO1-2	GLO1	ENSG00000124767
CFAP97-2	CFAP97	ENSG00000164323
ZNF10-2	ZNF10	ENSG00000256223
L3HYPDH-2	L3HYPDH	ENSG00000126790
UQCRFS1-2	UQCRFS1	ENSG00000169021
NFE2-2	NFE2	ENSG00000123405
PRDM13-2	PRDM13	ENSG00000112238
PHKA2-2	PHKA2	ENSG00000044446
ZEB2-2	ZEB2	ENSG00000169554
TMEM173-2	STING1	ENSG00000184584
ELMO3-2	ELMO3	ENSG00000102890
TRAK1-2	TRAK1	ENSG00000182606
TET3-2	TET3	ENSG00000187605
SPG21-2	SPG21	ENSG00000090487
PITX3-2	PITX3	ENSG00000107859
SLC41A1-2	SLC41A1	ENSG00000133065
PIAS4-2	PIAS4	ENSG00000105229
SPARCL1-2	SPARCL1	ENSG00000152583
ENPP1-2	ENPP1	ENSG00000197594
IKZF1-2	IKZF1	ENSG00000185811
CHST7-2	CHST7	ENSG00000147119
WRB-2	GET1	ENSG00000182093
C19orf57-2	BRME1	ENSG00000132016
MPP2-2	MPP2	ENSG00000108852
CARF-2	CARF	ENSG00000138380
SPINK1-2	SPINK1	ENSG00000164266
STK36-2	STK36	ENSG00000163482
ZBP1-2	ZBP1	ENSG00000124256
SUGP2-2	SUGP2	ENSG00000064607
DGAT1-2	DGAT1	ENSG00000185000
VPS33B-2	VPS33B	ENSG00000184056
RIC3-2	RIC3	ENSG00000166405
PTBP2-2	PTBP2	ENSG00000117569
HAUS7-2	HAUS7	ENSG00000213397
ARHGAP32-2	ARHGAP32	ENSG00000134909
ABHD5-2	ABHD5	ENSG00000011198
BMP2K-2	BMP2K	ENSG00000138756
ATG4D-2	ATG4D	ENSG00000130734
METTL22-2	METTL22	ENSG00000067365
RBM33-2	RBM33	ENSG00000184863
HARS-2	HARS1	ENSG00000170445
SGK1-2	SGK1	ENSG00000118515
MRPS24-2	MRPS24	ENSG00000062582
ANKK1-2	ANKK1	ENSG00000170209
STIM2-2	STIM2	ENSG00000109689
NT5C3B-2	NT5C3B	ENSG00000141698
C4orf46-2	C4orf46	ENSG00000205208
SPIDR-2	SPIDR	ENSG00000164808
CEP170B-2	CEP170B	ENSG00000099814
DDX27-2	DDX27	ENSG00000124228
HOOK2-2	HOOK2	ENSG00000095066
ZNF547-2	ZNF547	ENSG00000152433
RNFT2-2	RNFT2	ENSG00000135119
ZNF491-2	ZNF491	ENSG00000177599
MSANTD3-2	MSANTD3	ENSG00000066697
GSPT2-2	GSPT2	ENSG00000189369
CRX-2	CRX	ENSG00000105392
NNT-2	NNT	ENSG00000112992
RNF135-2	RNF135	ENSG00000181481
DNMT3A-2	DNMT3A	ENSG00000119772
FBXL18-2	FBXL18	ENSG00000155034
CAMTA2-2	CAMTA2	ENSG00000108509
GRK3-2	GRK3	ENSG00000100077
F5-2	F5	ENSG00000198734
CADM1-2	CADM1	ENSG00000182985
SOCS2-2	SOCS2	ENSG00000120833
PKP2-2	PKP2	ENSG00000057294
PLPBP-2	PLPBP	ENSG00000147471
RASGRP2-2	RASGRP2	ENSG00000068831
HNRNPF-2	HNRNPF	ENSG00000169813
S100A16-2	S100A16	ENSG00000188643
ZBTB25-2	ZBTB25	ENSG00000089775
SAT2-2	SAT2	ENSG00000141504
CXCL9-2	CXCL9	ENSG00000138755
NAA10-2	NAA10	ENSG00000102030
MBLAC2-2	MBLAC2	ENSG00000176055
S100B-2	S100B	ENSG00000160307
OGFOD2-2	OGFOD2	ENSG00000111325
MID1IP1-2	MID1IP1	ENSG00000165175
SGK494-2	RSKR	ENSG00000167524
SP140-2	SP140	ENSG00000079263
POP5-2	POP5	ENSG00000167272
HIST1H3I-2	H3C11	ENSG00000275379
RAE1-2	RAE1	ENSG00000101146
EIF4A3-2	EIF4A3	ENSG00000141543
MTF1-2	MTF1	ENSG00000188786
ELAC1-2	ELAC1	ENSG00000141642
CYP27B1-2	CYP27B1	ENSG00000111012
LRRC23-2	LRRC23	ENSG00000010626
LAX1-2	LAX1	ENSG00000122188
MCM6-2	MCM6	ENSG00000076003
INTS11-2	INTS11	ENSG00000127054
ZCCHC10-2	ZCCHC10	ENSG00000155329
PTOV1-2	PTOV1	ENSG00000104960
VPS13B-2	VPS13B	ENSG00000132549
SAMD4A-2	SAMD4A	ENSG00000020577
TERF2IP-2	TERF2IP	ENSG00000166848
KLC1-2	KLC1	ENSG00000126214
PPP2R5D-2	PPP2R5D	ENSG00000112640
TAOK1-2	TAOK1	ENSG00000160551
CD3G-2	CD3G	ENSG00000160654
SVIP-2	SVIP	ENSG00000198168
TMEM119-2	TMEM119	ENSG00000183160
CXCL3-2	CXCL3	ENSG00000163734
ZNF446-2	ZNF446	ENSG00000083838
RTP4-2	RTP4	ENSG00000136514
NEK7-2	NEK7	ENSG00000151414
TMEM65-2	TMEM65	ENSG00000164983
GPR15-2	GPR15	ENSG00000154165
CCDC146-2	CCDC146	ENSG00000135205
RPL26L1-2	RPL26L1	ENSG00000037241
METTL8-2	METTL8	ENSG00000123600
LRRC2-2	LRRC2	ENSG00000163827
ING5-2	ING5	ENSG00000168395
HEXA-2	HEXA	ENSG00000213614
PCYOX1L-2	PCYOX1L	ENSG00000145882
LMO2-2	LMO2	ENSG00000135363
PTRH2-2	PTRH2	ENSG00000141378
APOL1-2	APOL1	ENSG00000100342
INVS-2	INVS	ENSG00000119509
PTGR1-2	PTGR1	ENSG00000106853
MEF2A-2	MEF2A	ENSG00000068305
KLF11-2	KLF11	ENSG00000172059
EFTUD2-2	EFTUD2	ENSG00000108883
DACH1-2	DACH1	ENSG00000276644
PRDX3-2	PRDX3	ENSG00000165672
ZNF165-2	ZNF165	ENSG00000197279
CDC42EP4-2	CDC42EP4	ENSG00000179604
FAM193A-2	FAM193A	ENSG00000125386
ZC2HC1A-2	ZC2HC1A	ENSG00000104427
TICRR-2	TICRR	ENSG00000140534
BARX1-2	BARX1	ENSG00000131668
PCTP-2	PCTP	ENSG00000141179
CSDE1-2	CSDE1	ENSG00000009307
ACSL5-2	ACSL5	ENSG00000197142
ZDHHC6-2	ZDHHC6	ENSG00000023041
SGK3-2	SGK3	ENSG00000104205
NAE1-2	NAE1	ENSG00000159593
ARG1-2	ARG1	ENSG00000118520
TMC5-2	TMC5	ENSG00000103534
TMPO-2	TMPO	ENSG00000120802
MFSD4A-2	MFSD4A	ENSG00000174514
CACHD1-2	CACHD1	ENSG00000158966
TTC33-2	TTC33	ENSG00000113638
NDUFAF3-2	NDUFAF3	ENSG00000178057
EXD2-2	EXD2	ENSG00000081177
ZNF586-2	ZNF586	ENSG00000083828
LUC7L3-2	LUC7L3	ENSG00000108848
CFLAR-2	CFLAR	ENSG00000003402
UFC1-2	UFC1	ENSG00000143222
DPAGT1-2	DPAGT1	ENSG00000172269
NR1H2-2	NR1H2	ENSG00000131408
TIMELESS-2	TIMELESS	ENSG00000111602
COG1-2	COG1	ENSG00000166685
TIMP1-2	TIMP1	ENSG00000102265
ADAM15-2	ADAM15	ENSG00000143537
ALAS1-2	ALAS1	ENSG00000023330
ZNF431-2	ZNF431	ENSG00000196705
DYRK1B-2	DYRK1B	ENSG00000105204
FHL3-2	FHL3	ENSG00000183386
TNPO2-2	TNPO2	ENSG00000105576
CNNM4-2	CNNM4	ENSG00000158158
MAP2K6-2	MAP2K6	ENSG00000108984
MCM8-2	MCM8	ENSG00000125885
SUN2-2	SUN2	ENSG00000100242
DTWD1-2	DTWD1	ENSG00000104047
HPS4-2	HPS4	ENSG00000100099
CTSW-2	CTSW	ENSG00000172543
HNRNPM-2	HNRNPM	ENSG00000099783
CACNA1E-2	CACNA1E	ENSG00000198216
PPIP5K2-2	PPIP5K2	ENSG00000145725
KRBA1-2	KRBA1	ENSG00000133619
ZBTB5-2	ZBTB5	ENSG00000168795
ASAH1-2	ASAH1	ENSG00000104763
LTBP3-2	LTBP3	ENSG00000168056
CRYBG1-2	CRYBG1	ENSG00000112297
HJURP-2	HJURP	ENSG00000123485
UBA3-2	UBA3	ENSG00000144744
RELB-2	RELB	ENSG00000104856
GSK3A-2	GSK3A	ENSG00000105723
CERKL-2	CERKL	ENSG00000188452
ITM2C-2	ITM2C	ENSG00000135916
MAGI1-2	MAGI1	ENSG00000151276
WNT7A-2	WNT7A	ENSG00000154764
LINS1-2	LINS1	ENSG00000140471
TJP3-2	TJP3	ENSG00000105289
TRAF3IP2-2	TRAF3IP2	ENSG00000056972
ZNF721-2	ZNF721	ENSG00000182903
NUP153-2	NUP153	ENSG00000124789
XRCC3-2	XRCC3	ENSG00000126215
DVL3-2	DVL3	ENSG00000161202
PRELID3B-2	PRELID3B	ENSG00000101166
MCOLN3-2	MCOLN3	ENSG00000055732
TTPAL-2	TTPAL	ENSG00000124120
SIGLEC9-2	SIGLEC9	ENSG00000129450
SOX3-2	SOX3	ENSG00000134595
PEX13-2	PEX13	ENSG00000162928
CETN2-2	CETN2	ENSG00000147400
TTC28-2	TTC28	ENSG00000100154
SIRT1-2	SIRT1	ENSG00000096717
ZNF300-2	ZNF300	ENSG00000145908
CXCR4-2	CXCR4	ENSG00000121966
DONSON-2	DONSON	ENSG00000159147
TLR1-2	TLR1	ENSG00000174125
EIF2A-2	EIF2A	ENSG00000144895
PPM1N-2	PPM1N	ENSG00000213889
CEP135-2	CEP135	ENSG00000174799
DMWD-2	DMWD	ENSG00000185800
HMGCS1-2	HMGCS1	ENSG00000112972
VDAC2-2	VDAC2	ENSG00000165637
MAZ-2	MAZ	ENSG00000103495
TCP11L1-2	TCP11L1	ENSG00000176148
ZC3H6-2	ZC3H6	ENSG00000188177
AKR7A3-2	AKR7A3	ENSG00000162482
TRIP10-2	TRIP10	ENSG00000125733
BRIP1-2	BRIP1	ENSG00000136492
PIF1-2	PIF1	ENSG00000140451
INTS2-2	INTS2	ENSG00000108506
PSMC6-2	PSMC6	ENSG00000100519
HOMER1-2	HOMER1	ENSG00000152413
TSACC-2	TSACC	ENSG00000163467
PLCD1-2	PLCD1	ENSG00000187091
RNF25-2	RNF25	ENSG00000163481
DCTN6-2	DCTN6	ENSG00000104671
GTF3C1-2	GTF3C1	ENSG00000077235
PIGG-2	PIGG	ENSG00000174227
MCHR1-2	MCHR1	ENSG00000128285
VPS36-2	VPS36	ENSG00000136100
CAPS-2	CAPS	ENSG00000105519
HIST1H4D-2	H4C4	ENSG00000277157
DDB2-2	DDB2	ENSG00000134574
ABCB8-2	ABCB8	ENSG00000197150
TOMM40-2	TOMM40	ENSG00000130204
FCF1-2	FCF1	ENSG00000119616
PSMD8-2	PSMD8	ENSG00000099341
NDUFA13-2	NDUFA13	ENSG00000186010
TMEM88-2	TMEM88	ENSG00000167874
BCL3-2	BCL3	ENSG00000069399
ARMC2-2	ARMC2	ENSG00000118690
PRR7-2	PRR7	ENSG00000131188
SYS1-2	SYS1	ENSG00000204070
ABCC3-2	ABCC3	ENSG00000108846
CD151-2	CD151	ENSG00000177697
CARS2-2	CARS2	ENSG00000134905
ABHD11-2	ABHD11	ENSG00000106077
TSFM-2	TSFM	ENSG00000123297
MICAL1-2	MICAL1	ENSG00000135596
P3H4-2	P3H4	ENSG00000141696
RPL17-C18orf32-2	RPL17-C18orf32	ENSG00000215472
TSR3-2	TSR3	ENSG00000007520
FXYD2-2	FXYD2	ENSG00000137731
WDR33-2	WDR33	ENSG00000136709
MED24-2	MED24	ENSG00000008838
TCIM-2	TCIM	ENSG00000176907
FAM192A-2	PSME3IP1	ENSG00000172775
STN1-2	STN1	ENSG00000107960
SPATA13-2	SPATA13	ENSG00000182957
YARS2-2	YARS2	ENSG00000139131
ZNF695-2	ZNF695	ENSG00000197472
TMEM39A-2	TMEM39A	ENSG00000176142
TK1-2	TK1	ENSG00000167900
HNRNPD-2	HNRNPD	ENSG00000138668
PPP6R3-2	PPP6R3	ENSG00000110075
IL10RA-2	IL10RA	ENSG00000110324
RPRD2-2	RPRD2	ENSG00000163125
C6orf62-2	C6orf62	ENSG00000112308
TSEN2-2	TSEN2	ENSG00000154743
UBXN2B-2	UBXN2B	ENSG00000215114
MEMO1-2	MEMO1	ENSG00000162959
TMEM14A-2	TMEM14A	ENSG00000096092
PROK2-2	PROK2	ENSG00000163421
GSPT1-2	GSPT1	ENSG00000103342
CELF2-2	CELF2	ENSG00000048740
KIAA0232-2	KIAA0232	ENSG00000170871
GADD45B-2	GADD45B	ENSG00000099860
ATE1-2	ATE1	ENSG00000107669
FOSL1-2	FOSL1	ENSG00000175592
TENT5C-2	TENT5C	ENSG00000183508
GVQW3-2	GVQW3	ENSG00000179240
CLEC12A-2	CLEC12A	ENSG00000172322
INPP5K-2	INPP5K	ENSG00000132376
BRI3-2	BRI3	ENSG00000164713
TGIF2-RAB5IF-2	TGIF2-RAB5IF	ENSG00000259399
TRAF4-2	TRAF4	ENSG00000076604
KIAA0930-2	KIAA0930	ENSG00000100364
HMGA1-2	HMGA1	ENSG00000137309
PDCD6-2	PDCD6	ENSG00000249915
BBS10-2	BBS10	ENSG00000179941
SAMD8-2	SAMD8	ENSG00000156671
SPG11-2	SPG11	ENSG00000104133
AHRR-2	AHRR	ENSG00000063438
GALE-2	GALE	ENSG00000117308
RIPOR1-2	RIPOR1	ENSG00000039523
RBM48-2	RBM48	ENSG00000127993
ZNF740-2	ZNF740	ENSG00000139651
FYCO1-2	FYCO1	ENSG00000163820
C12orf42-2	C12orf42	ENSG00000179088
MFSD14B-2	MFSD14B	ENSG00000148110
FN3K-2	FN3K	ENSG00000167363
CSNK1E-2	CSNK1E	ENSG00000213923
PNPLA6-2	PNPLA6	ENSG00000032444
NIPAL4-2	NIPAL4	ENSG00000172548
ETHE1-2	ETHE1	ENSG00000105755
IGSF8-2	IGSF8	ENSG00000162729
ARSK-2	ARSK	ENSG00000164291
NISCH-2	NISCH	ENSG00000010322
SH2B3-2	SH2B3	ENSG00000111252
SLU7-2	SLU7	ENSG00000164609
CYB5R4-2	CYB5R4	ENSG00000065615
C3orf58-2	DIPK2A	ENSG00000181744
ALYREF-2	ALYREF	ENSG00000183684
ARHGAP9-2	ARHGAP9	ENSG00000123329
CRYBG3-2	CRYBG3	ENSG00000080200
ACVR1C-2	ACVR1C	ENSG00000123612
POP7-2	POP7	ENSG00000172336
SRPK2-2	SRPK2	ENSG00000135250
KDM3B-2	KDM3B	ENSG00000120733
PPM1M-2	PPM1M	ENSG00000164088
RNF31-2	RNF31	ENSG00000092098
PHF11-2	PHF11	ENSG00000136147
PSMD6-2	PSMD6	ENSG00000163636
SOX1-2	SOX1	ENSG00000182968
P2RY12-2	P2RY12	ENSG00000169313
PPP2R5A-2	PPP2R5A	ENSG00000066027
TPX2-2	TPX2	ENSG00000088325
LRRC25-2	LRRC25	ENSG00000175489
DST-2	DST	ENSG00000151914
APBA3-2	APBA3	ENSG00000011132
ARNT2-2	ARNT2	ENSG00000172379
ACAD10-2	ACAD10	ENSG00000111271
TMEM185B-2	TMEM185B	ENSG00000226479
IARS2-2	IARS2	ENSG00000067704
MRRF-2	MRRF	ENSG00000148187
RNPEPL1-2	RNPEPL1	ENSG00000142327
SEMA3E-2	SEMA3E	ENSG00000170381
TACR2-2	TACR2	ENSG00000075073
LRRC40-2	LRRC40	ENSG00000066557
RPS11-2	RPS11	ENSG00000142534
ZNF613-2	ZNF613	ENSG00000176024
CATSPER2-2	CATSPER2	ENSG00000166762
PHTF2-2	PHTF2	ENSG00000006576
ENPP4-2	ENPP4	ENSG00000001561
ZNF174-2	ZNF174	ENSG00000103343
METTL5-2	METTL5	ENSG00000138382
SMAD9-2	SMAD9	ENSG00000120693
METTL7A-2	TMT1A	ENSG00000185432
PRKCQ-2	PRKCQ	ENSG00000065675
TMEM263-2	TMEM263	ENSG00000151135
C14orf132-2	C14orf132	ENSG00000227051
CHN1-2	CHN1	ENSG00000128656
CBX6-2	CBX6	ENSG00000183741
HPRT1-2	HPRT1	ENSG00000165704
MT1H-2	MT1H	ENSG00000205358
SLC35C2-2	SLC35C2	ENSG00000080189
IER5L-2	IER5L	ENSG00000188483
ACER1-2	ACER1	ENSG00000167769
CDR2-2	CDR2	ENSG00000140743
RPL34-2	RPL34	ENSG00000109475
CHD9-2	CHD9	ENSG00000177200
FH-2	FH	ENSG00000091483
SELENOM-2	SELENOM	ENSG00000198832
RHBDD2-2	RHBDD2	ENSG00000005486
MGME1-2	MGME1	ENSG00000125871
PUS3-2	PUS3	ENSG00000110060
IDH3B-2	IDH3B	ENSG00000101365
TTC39C-2	TTC39C	ENSG00000168234
GOLGA2-2	GOLGA2	ENSG00000167110
KPNB1-2	KPNB1	ENSG00000108424
ABHD15-2	ABHD15	ENSG00000168792
GMDS-2	GMDS	ENSG00000112699
EPRS-2	EPRS1	ENSG00000136628
TP53INP1-2	TP53INP1	ENSG00000164938
DHRS7B-2	DHRS7B	ENSG00000109016
TMEM185A-2	TMEM185A	ENSG00000269556
IRGM-2	IRGM	ENSG00000237693
ZGRF1-2	ZGRF1	ENSG00000138658
DCTN2-2	DCTN2	ENSG00000175203
BICRAL-2	BICRAL	ENSG00000112624
NSMCE2-2	NSMCE2	ENSG00000156831
ACSF3-2	ACSF3	ENSG00000176715
MOV10-2	MOV10	ENSG00000155363
SHMT1-2	SHMT1	ENSG00000176974
PRMT1-2	PRMT1	ENSG00000126457
C8orf58-2	C8orf58	ENSG00000241852
ZBTB18-2	ZBTB18	ENSG00000179456
MFAP1-2	MFAP1	ENSG00000140259
ZNF623-2	ZNF623	ENSG00000183309
DMBT1-2	DMBT1	ENSG00000187908
FLNA-2	FLNA	ENSG00000196924
CCDC157-2	CCDC157	ENSG00000187860
KCTD3-2	KCTD3	ENSG00000136636
LRFN3-2	LRFN3	ENSG00000126243
RPF2-2	RPF2	ENSG00000197498
CCNE2-2	CCNE2	ENSG00000175305
HRH2-2	HRH2	ENSG00000113749
XYLT2-2	XYLT2	ENSG00000015532
EMC3-2	EMC3	ENSG00000125037
TRAPPC3-2	TRAPPC3	ENSG00000054116
WEE1-2	WEE1	ENSG00000166483
CAVIN3-2	CAVIN3	ENSG00000170955
PYM1-2	PYM1	ENSG00000170473
TMEM127-2	TMEM127	ENSG00000135956
SYNJ2BP-COX16-2	SYNJ2BP-COX16	ENSG00000258644
TTYH3-2	TTYH3	ENSG00000136295
RAB41-2	RAB41	ENSG00000147127
PRF1-2	PRF1	ENSG00000180644
TXNL1-2	TXNL1	ENSG00000091164
GPR18-2	GPR18	ENSG00000125245
NOTCH1-2	NOTCH1	ENSG00000148400
SIX1-2	SIX1	ENSG00000126778
CENPBD1-2	CENPBD1P	ENSG00000177946
CALCOCO1-2	CALCOCO1	ENSG00000012822
HACE1-2	HACE1	ENSG00000085382
SPINK2-2	SPINK2	ENSG00000128040
RPS3A-2	RPS3A	ENSG00000145425
CHSY1-2	CHSY1	ENSG00000131873
TCTN2-2	TCTN2	ENSG00000168778
GAB2-2	GAB2	ENSG00000033327
SPPL2A-2	SPPL2A	ENSG00000138600
ERGIC1-2	ERGIC1	ENSG00000113719
CHD8-2	CHD8	ENSG00000100888
MTREX-2	MTREX	ENSG00000039123
ANKIB1-2	ANKIB1	ENSG00000001629
OARD1-2	OARD1	ENSG00000124596
RGL4-2	RGL4	ENSG00000159496
IQCE-2	IQCE	ENSG00000106012
RBL1-2	RBL1	ENSG00000080839
ZNF180-2	ZNF180	ENSG00000167384
APPL1-2	APPL1	ENSG00000157500
HS1BP3-2	HS1BP3	ENSG00000118960
LCLAT1-2	LCLAT1	ENSG00000172954
HUS1B-2	HUS1B	ENSG00000188996
TIMM17A-2	TIMM17A	ENSG00000134375
TSEN15-2	TSEN15	ENSG00000198860
TXN-2	TXN	ENSG00000136810
DAPK3-2	DAPK3	ENSG00000167657
INIP-2	INIP	ENSG00000148153
STXBP3-2	STXBP3	ENSG00000116266
SPI1-2	SPI1	ENSG00000066336
ZNF624-2	ZNF624	ENSG00000197566
MEPCE-2	MEPCE	ENSG00000146834
CREM-2	CREM	ENSG00000095794
TFAP2A-2	TFAP2A	ENSG00000137203
MEX3C-2	MEX3C	ENSG00000176624
EN2-2	EN2	ENSG00000164778
TFAP2E-2	TFAP2E	ENSG00000116819
E2F8-2	E2F8	ENSG00000129173
ATG2A-2	ATG2A	ENSG00000110046
SLC24A1-2	SLC24A1	ENSG00000074621
CCDC18-2	CCDC18	ENSG00000122483
TNFRSF12A-2	TNFRSF12A	ENSG00000006327
NR0B1-2	NR0B1	ENSG00000169297
POLR2E-2	POLR2E	ENSG00000099817
AKR7A2-2	AKR7A2	ENSG00000053371
MGAT1-2	MGAT1	ENSG00000131446
AGPS-2	AGPS	ENSG00000018510
AP1S2-2	AP1S2	ENSG00000182287
CAMK1-2	CAMK1	ENSG00000134072
SYDE2-2	SYDE2	ENSG00000097096
MRPL33-2	MRPL33	ENSG00000243147
EXOC8-2	EXOC8	ENSG00000116903
MAPK9-2	MAPK9	ENSG00000050748
CD37-2	CD37	ENSG00000104894
PEX19-2	PEX19	ENSG00000162735
DICER1-2	DICER1	ENSG00000100697
DUSP6-2	DUSP6	ENSG00000139318
ATG14-2	ATG14	ENSG00000126775
MSRB1-2	MSRB1	ENSG00000198736
SIRPG-2	SIRPG	ENSG00000089012
SOX14-2	SOX14	ENSG00000168875
GINS1-2	GINS1	ENSG00000101003
OSGIN2-2	OSGIN2	ENSG00000164823
MAP3K13-2	MAP3K13	ENSG00000073803
GPM6A-2	GPM6A	ENSG00000150625
P4HB-2	P4HB	ENSG00000185624
UPF1-2	UPF1	ENSG00000005007
ZACN-2	ZACN	ENSG00000186919
SNX25-2	SNX25	ENSG00000109762
LPGAT1-2	LPGAT1	ENSG00000123684
ZNF169-2	ZNF169	ENSG00000175787
ACOT8-2	ACOT8	ENSG00000101473
ARHGAP18-2	ARHGAP18	ENSG00000146376
RAMP3-2	RAMP3	ENSG00000122679
BATF2-2	BATF2	ENSG00000168062
IFIT1-2	IFIT1	ENSG00000185745
PDXP-2	PDXP	ENSG00000241360
ZNF568-2	ZNF568	ENSG00000198453
TMED1-2	TMED1	ENSG00000099203
BBS4-2	BBS4	ENSG00000140463
CYB561D2-2	CYB561D2	ENSG00000114395
SPRYD4-2	SPRYD4	ENSG00000176422
FAXDC2-2	FAXDC2	ENSG00000170271
PGRMC2-2	PGRMC2	ENSG00000164040
TNFRSF18-2	TNFRSF18	ENSG00000186891
KLHL5-2	KLHL5	ENSG00000109790
SPEG-2	SPEG	ENSG00000072195
FOXH1-2	FOXH1	ENSG00000160973
HIST1H1C-2	H1-2	ENSG00000187837
PTPRO-2	PTPRO	ENSG00000151490
NTRK1-2	NTRK1	ENSG00000198400
HYAL2-2	HYAL2	ENSG00000068001
TRMT2A-2	TRMT2A	ENSG00000099899
MUM1-2	IRF4	ENSG00000137265
RBM39-2	RBM39	ENSG00000131051
STMN1-2	STMN1	ENSG00000117632
LRWD1-2	LRWD1	ENSG00000161036
MRPS28-2	MRPS28	ENSG00000147586
CHST10-2	CHST10	ENSG00000115526
TAZ-2	TAFAZZIN	ENSG00000102125
ACYP2-2	ACYP2	ENSG00000170634
THAP8-2	THAP8	ENSG00000161277
NR5A1-2	NR5A1	ENSG00000136931
CIRBP-2	CIRBP	ENSG00000099622
KPNA1-2	KPNA1	ENSG00000114030
TANGO2-2	TANGO2	ENSG00000183597
RBP5-2	RBP5	ENSG00000139194
DERL2-2	DERL2	ENSG00000072849
ZNF496-2	ZNF496	ENSG00000162714
ZDHHC11-2	ZDHHC11	ENSG00000188818
FAM69A-2	DIPK1A	ENSG00000154511
PCGF5-2	PCGF5	ENSG00000180628
CLDN5-2	CLDN5	ENSG00000184113
NAMPT-2	NAMPT	ENSG00000105835
NDUFS1-2	NDUFS1	ENSG00000023228
ALOX5AP-2	ALOX5AP	ENSG00000132965
GPC2-2	GPC2	ENSG00000213420
HOXA10-2	HOXA10	ENSG00000253293
RBFA-2	RBFA	ENSG00000101546
VLDLR-2	VLDLR	ENSG00000147852
ZSCAN23-2	ZSCAN23	ENSG00000187987
NECAP2-2	NECAP2	ENSG00000157191
SFN-2	SFN	ENSG00000175793
BCL6B-2	BCL6B	ENSG00000161940
XBP1-2	XBP1	ENSG00000100219
NCS1-2	NCS1	ENSG00000107130
FRA10AC1-2	FRA10AC1	ENSG00000148690
CCL22-2	CCL22	ENSG00000102962
ZKSCAN3-2	ZKSCAN3	ENSG00000189298
PDZK1IP1-2	PDZK1IP1	ENSG00000162366
YWHAZ-2	YWHAZ	ENSG00000164924
CDCA7L-2	CDCA7L	ENSG00000164649
SRPRA-2	SRPRA	ENSG00000182934
IL36A-2	IL36A	ENSG00000136694
NRBP2-2	NRBP2	ENSG00000185189
HMOX1-2	HMOX1	ENSG00000100292
FBH1-2	FBH1	ENSG00000134452
HHAT-2	HHAT	ENSG00000054392
LRIG1-2	LRIG1	ENSG00000144749
ACYP1-2	ACYP1	ENSG00000119640
NDC80-2	NDC80	ENSG00000080986
TTC21B-2	TTC21B	ENSG00000123607
TUBA1A-2	TUBA1A	ENSG00000167552
ZNF706-2	ZNF706	ENSG00000120963
MAGOHB-2	MAGOHB	ENSG00000111196
HIST1H2AH-2	H2AC12	ENSG00000274997
DNAJB5-2	DNAJB5	ENSG00000137094
API5-2	API5	ENSG00000166181
CUL3-2	CUL3	ENSG00000036257
C8orf82-2	C8orf82	ENSG00000213563
SURF2-2	SURF2	ENSG00000148291
PPP4R2-2	PPP4R2	ENSG00000163605
MEGF8-2	MEGF8	ENSG00000105429
EMC9-2	EMC9	ENSG00000100908
MAPK3-2	MAPK3	ENSG00000102882
VPS4B-2	VPS4B	ENSG00000119541
TMEM161B-2	TMEM161B	ENSG00000164180
CPSF4-2	CPSF4	ENSG00000160917
TTC9-2	TTC9	ENSG00000133985
TMEM81-2	TMEM81	ENSG00000174529
LEMD2-2	LEMD2	ENSG00000161904
ERF-2	ERF	ENSG00000105722
CNDP2-2	CNDP2	ENSG00000133313
WDR37-2	WDR37	ENSG00000047056
ZNF566-2	ZNF566	ENSG00000186017
HNRNPK-2	HNRNPK	ENSG00000165119
PRPF4B-2	PRP4K	ENSG00000112739
KIAA0391-2	PRORP	ENSG00000100890
ELP5-2	ELP5	ENSG00000170291
C5orf15-2	C5orf15	ENSG00000113583
WDYHV1-2	NTAQ1	ENSG00000156795
SEMA6C-2	SEMA6C	ENSG00000143434
SBDS-2	SBDS	ENSG00000126524
BHLHA15-2	BHLHA15	ENSG00000180535
PARL-2	PARL	ENSG00000175193
NAF1-2	NAF1	ENSG00000145414
RNASEH2C-2	RNASEH2C	ENSG00000172922
TSSK6-2	TSSK6	ENSG00000178093
KIF20B-2	KIF20B	ENSG00000138182
CRLF3-2	CRLF3	ENSG00000176390
AFF4-2	AFF4	ENSG00000072364
PKN2-2	PKN2	ENSG00000065243
IFITM5-2	IFITM5	ENSG00000206013
MSGN1-2	MSGN1	ENSG00000151379
ZNF215-2	ZNF215	ENSG00000149054
CREBL2-2	CREBL2	ENSG00000111269
BAG5-2	BAG5	ENSG00000166170
SCAF1-2	SCAF1	ENSG00000126461
SETD5-2	SETD5	ENSG00000168137
PRDX1-2	PRDX1	ENSG00000117450
PDCD4-2	PDCD4	ENSG00000150593
HSPA2-2	HSPA2	ENSG00000126803
MSANTD1-2	MSANTD1	ENSG00000188981
NIT1-2	NIT1	ENSG00000158793
NPEPPS-2	NPEPPS	ENSG00000141279
GHITM-2	GHITM	ENSG00000165678
LHX3-2	LHX3	ENSG00000107187
WDR83OS-2	WDR83OS	ENSG00000105583
SALL1-2	SALL1	ENSG00000103449
GNMT-2	GNMT	ENSG00000124713
SLFN12-2	SLFN12	ENSG00000172123
PRPS2-2	PRPS2	ENSG00000101911
RMND5B-2	RMND5B	ENSG00000145916
SCAPER-2	SCAPER	ENSG00000140386
ACSF2-2	ACSF2	ENSG00000167107
UBE2D2-2	UBE2D2	ENSG00000131508
NDUFAF6-2	NDUFAF6	ENSG00000156170
SF3A2-2	SF3A2	ENSG00000104897
MAU2-2	MAU2	ENSG00000129933
HOXD12-2	HOXD12	ENSG00000170178
TSTD3-2	TSTD3	ENSG00000279170
TUBB6-2	TUBB6	ENSG00000176014
CCDC102A-2	CCDC102A	ENSG00000135736
CALML5-2	CALML5	ENSG00000178372
C2CD4D-2	C2CD4D	ENSG00000225556
FOXF2-2	FOXF2	ENSG00000137273
HIST1H3B-2	H3C2	ENSG00000286522
IL17RE-2	IL17RE	ENSG00000163701
SEPT10-2	SEPTIN10	ENSG00000186522
SPATA20-2	SPATA20	ENSG00000006282
BPHL-2	BPHL	ENSG00000137274
ZBTB34-2	ZBTB34	ENSG00000177125
WDR76-2	WDR76	ENSG00000092470
TRIOBP-2	TRIOBP	ENSG00000100106
S100Z-2	S100Z	ENSG00000171643
FOXA3-2	FOXA3	ENSG00000170608
RECQL5-2	RECQL5	ENSG00000108469
LMX1A-2	LMX1A	ENSG00000162761
LMAN2-2	LMAN2	ENSG00000169223
MTCH1-2	MTCH1	ENSG00000137409
HNRNPUL1-2	HNRNPUL1	ENSG00000105323
YWHAG-2	YWHAG	ENSG00000170027
HIST1H4A-2	H4C1	ENSG00000278637
UROS-2	UROS	ENSG00000188690
TMEM11-2	TMEM11	ENSG00000178307
EBAG9-2	EBAG9	ENSG00000147654
ZKSCAN1-2	ZKSCAN1	ENSG00000106261
MORF4L2-2	MORF4L2	ENSG00000123562
CFAP44-2	CFAP44	ENSG00000206530
GLYR1-2	GLYR1	ENSG00000140632
ZNF728-2	ZNF728	ENSG00000269067
ZNF140-2	ZNF140	ENSG00000196387
ZNF25-2	ZNF25	ENSG00000175395
FLRT2-2	FLRT2	ENSG00000185070
PRSS23-2	PRSS23	ENSG00000150687
PLAT-2	PLAT	ENSG00000104368
FIZ1-2	FIZ1	ENSG00000179943
XPO5-2	XPO5	ENSG00000124571
MRPL52-2	MRPL52	ENSG00000172590
CENPX-2	CENPX	ENSG00000169689
NDUFB1-2	NDUFB1	ENSG00000183648
C3orf18-2	C3orf18	ENSG00000088543
TRMT61B-2	TRMT61B	ENSG00000171103
SOS1-2	SOS1	ENSG00000115904
TADA2B-2	TADA2B	ENSG00000173011
TNS1-2	TNS1	ENSG00000079308
STX17-2	STX17	ENSG00000136874
PSAP-2	PSAP	ENSG00000197746
REPIN1-2	REPIN1	ENSG00000214022
ZNF484-2	ZNF484	ENSG00000127081
PHACTR4-2	PHACTR4	ENSG00000204138
HMSD-2	HMSD	ENSG00000221887
TNFRSF13B-2	TNFRSF13B	ENSG00000240505
RFC3-2	RFC3	ENSG00000133119
ZFP82-2	ZFP82	ENSG00000181007
ZNF416-2	ZNF416	ENSG00000083817
CALHM2-2	CALHM2	ENSG00000138172
HSPH1-2	HSPH1	ENSG00000120694
ACLY-2	ACLY	ENSG00000131473
CAPZA2-2	CAPZA2	ENSG00000198898
JMJD8-2	JMJD8	ENSG00000161999
TMED6-2	TMED6	ENSG00000157315
COQ6-2	COQ6	ENSG00000119723
LMBR1-2	LMBR1	ENSG00000105983
DRG2-2	DRG2	ENSG00000108591
SLC9A6-2	SLC9A6	ENSG00000198689
ZNF705E-2	ZNF705EP	ENSG00000214534
SLF2-2	SLF2	ENSG00000119906
AHDC1-2	AHDC1	ENSG00000126705
TYW5-2	TYW5	ENSG00000162971
MICU1-2	MICU1	ENSG00000107745
ST5-2	DENND2B	ENSG00000166444
TLN1-2	TLN1	ENSG00000137076
MAGED1-2	MAGED1	ENSG00000179222
CD72-2	CD72	ENSG00000137101
PCOLCE-2	PCOLCE	ENSG00000106333
NPRL3-2	NPRL3	ENSG00000103148
SLC40A1-2	SLC40A1	ENSG00000138449
SASS6-2	SASS6	ENSG00000156876
RPL5-2	RPL5	ENSG00000122406
EPM2A-2	EPM2A	ENSG00000112425
SNX9-2	SNX9	ENSG00000130340
NUP93-2	NUP93	ENSG00000102900
STX8-2	STX8	ENSG00000170310
KRT7-2	KRT7	ENSG00000135480
KCTD2-2	KCTD2	ENSG00000180901
TNFRSF25-2	TNFRSF25	ENSG00000215788
JARID2-2	JARID2	ENSG00000008083
STAT5B-2	STAT5B	ENSG00000173757
ZNF518A-2	ZNF518A	ENSG00000177853
LRP1-2	LRP1	ENSG00000123384
CUL2-2	CUL2	ENSG00000108094
ZSWIM1-2	ZSWIM1	ENSG00000168612
ZC3H10-2	ZC3H10	ENSG00000135482
CCDC134-2	CCDC134	ENSG00000100147
TAC4-2	TAC4	ENSG00000176358
CACUL1-2	CACUL1	ENSG00000151893
CXCR3-2	CXCR3	ENSG00000186810
CKAP5-2	CKAP5	ENSG00000175216
RNF11-2	RNF11	ENSG00000123091
RCBTB1-2	RCBTB1	ENSG00000136144
PTP4A2-2	PTP4A2	ENSG00000184007
SIRPB1-2	SIRPB1	ENSG00000101307
PASK-2	PASK	ENSG00000115687
CLN3-2	CLN3	ENSG00000188603
MFSD13A-2	MFSD13A	ENSG00000138111
PNKD-2	PNKD	ENSG00000127838
KMT5C-2	KMT5C	ENSG00000133247
TMEM98-2	TMEM98	ENSG00000006042
ARID4B-2	ARID4B	ENSG00000054267
LIMS1-2	LIMS1	ENSG00000169756
TRPT1-2	TRPT1	ENSG00000149743
SELENOH-2	SELENOH	ENSG00000211450
DNAJC4-2	DNAJC4	ENSG00000110011
ASCL5-2	ASCL5	ENSG00000232237
HSD11B1-2	HSD11B1	ENSG00000117594
SFTPC-2	SFTPC	ENSG00000168484
ZNF543-2	ZNF543	ENSG00000178229
PARP14-2	PARP14	ENSG00000173193
DLX5-2	DLX5	ENSG00000105880
SNPH-2	SNPH	ENSG00000101298
KDELR3-2	KDELR3	ENSG00000100196
MAD2L1BP-2	MAD2L1BP	ENSG00000124688
ENPP2-2	ENPP2	ENSG00000136960
CCDC9-2	CCDC9	ENSG00000105321
DCAKD-2	DCAKD	ENSG00000172992
NUP98-2	NUP98	ENSG00000110713
PTPN23-2	PTPN23	ENSG00000076201
MGAT4A-2	MGAT4A	ENSG00000071073
ZNF611-2	ZNF611	ENSG00000213020
KLF3-2	KLF3	ENSG00000109787
C12orf49-2	SPRING1	ENSG00000111412
NAALAD2-2	NAALAD2	ENSG00000077616
RTN4IP1-2	RTN4IP1	ENSG00000130347
ISYNA1-2	ISYNA1	ENSG00000105655
TUBD1-2	TUBD1	ENSG00000108423
N4BP3-2	N4BP3	ENSG00000145911
TMEM91-2	TMEM91	ENSG00000142046
MAN2A2-2	MAN2A2	ENSG00000196547
BRMS1L-2	BRMS1L	ENSG00000100916
APP-2	APP	ENSG00000142192
MRPL20-2	MRPL20	ENSG00000242485
ISCA2-2	ISCA2	ENSG00000165898
CERS4-2	CERS4	ENSG00000090661
ETFA-2	ETFA	ENSG00000140374
NUCB2-2	NUCB2	ENSG00000070081
NCAPH2-2	NCAPH2	ENSG00000025770
FOXE3-2	FOXE3	ENSG00000186790
CSK-2	CSK	ENSG00000103653
SYCP2-2	SYCP2	ENSG00000196074
RABGGTA-2	RABGGTA	ENSG00000100949
PTGDR2-2	PTGDR2	ENSG00000183134
TAB3-2	TAB3	ENSG00000157625
ATP5F1C-2	ATP5F1C	ENSG00000165629
PRR5-2	PRR5	ENSG00000186654
IFI44L-2	IFI44L	ENSG00000137959
RIMS3-2	RIMS3	ENSG00000117016
MYO1F-2	MYO1F	ENSG00000142347
N4BP2L1-2	N4BP2L1	ENSG00000139597
FBN3-2	FBN3	ENSG00000142449
ZNF331-2	ZNF331	ENSG00000130844
HHLA2-2	HHLA2	ENSG00000114455
EDF1-2	EDF1	ENSG00000107223
PCF11-2	PCF11	ENSG00000165494
YPEL2-2	YPEL2	ENSG00000175155
ATG5-2	ATG5	ENSG00000057663
ANKS6-2	ANKS6	ENSG00000165138
ARL2BP-2	ARL2BP	ENSG00000102931
SMG8-2	SMG8	ENSG00000167447
GK5-2	GK5	ENSG00000175066
ZCCHC7-2	ZCCHC7	ENSG00000147905
CDC20-2	CDC20	ENSG00000117399
LRRC59-2	LRRC59	ENSG00000108829
HYAL3-2	HYAL3	ENSG00000186792
REXO2-2	REXO2	ENSG00000076043
ESCO1-2	ESCO1	ENSG00000141446
QSOX1-2	QSOX1	ENSG00000116260
BID-2	BID	ENSG00000015475
GPCPD1-2	GPCPD1	ENSG00000125772
STAT4-2	STAT4	ENSG00000138378
CLDN15-2	CLDN15	ENSG00000106404
KIAA1324-2	ELAPOR1	ENSG00000116299
CPNE2-2	CPNE2	ENSG00000140848
SMIM20-2	SMIM20	ENSG00000250317
PRPS1-2	PRPS1	ENSG00000147224
GOLGA8B-2	GOLGA8B	ENSG00000215252
TRAF3-2	TRAF3	ENSG00000131323
TLX3-2	TLX3	ENSG00000164438
RPL23A-2	RPL23A	ENSG00000198242
ECI1-2	ECI1	ENSG00000167969
TRIM25-2	TRIM25	ENSG00000121060
CTCFL-2	CTCFL	ENSG00000124092
TTLL4-2	TTLL4	ENSG00000135912
FMNL3-2	FMNL3	ENSG00000161791
RRAS2-2	RRAS2	ENSG00000133818
PDE4A-2	PDE4A	ENSG00000065989
CASZ1-2	CASZ1	ENSG00000130940
GNPNAT1-2	GNPNAT1	ENSG00000100522
COL5A2-2	COL5A2	ENSG00000204262
ELOB-2	ELOB	ENSG00000103363
G6PD-2	G6PD	ENSG00000160211
TPST1-2	TPST1	ENSG00000169902
ZHX1-C8orf76-2	ZHX1-C8orf76	ENSG00000259305
MARCH8-2	MARCHF8	ENSG00000165406
PFDN4-2	PFDN4	ENSG00000101132
NKRF-2	NKRF	ENSG00000186416
ANXA3-2	ANXA3	ENSG00000138772
TGIF2-2	TGIF2	ENSG00000118707
UNG-2	UNG	ENSG00000076248
NDUFAF5-2	NDUFAF5	ENSG00000101247
CD3D-2	CD3D	ENSG00000167286
SGPP2-2	SGPP2	ENSG00000163082
NAGLU-2	NAGLU	ENSG00000108784
TWSG1-2	TWSG1	ENSG00000128791
ANKRA2-2	ANKRA2	ENSG00000164331
ARIH2OS-2	ARIH2OS	ENSG00000221883
TMEM176B-2	TMEM176B	ENSG00000106565
SQLE-2	SQLE	ENSG00000104549
PTGFRN-2	PTGFRN	ENSG00000134247
RAB9A-2	RAB9A	ENSG00000123595
TIMM13-2	TIMM13	ENSG00000099800
THAP6-2	THAP6	ENSG00000174796
SNAPIN-2	SNAPIN	ENSG00000143553
FGD1-2	FGD1	ENSG00000102302
ATP2A2-2	ATP2A2	ENSG00000174437
BCL2L14-2	BCL2L14	ENSG00000121380
FABP5-2	FABP5	ENSG00000164687
TMCO4-2	TMCO4	ENSG00000162542
UBFD1-2	UBFD1	ENSG00000103353
NOM1-2	NOM1	ENSG00000146909
GKAP1-2	GKAP1	ENSG00000165113
UQCR11-2	UQCR11	ENSG00000127540
ASPSCR1-2	ASPSCR1	ENSG00000169696
RAD54L-2	RAD54L	ENSG00000085999
KLRG1-2	KLRG1	ENSG00000139187
PPARA-2	PPARA	ENSG00000186951
KCTD9-2	KCTD9	ENSG00000104756
ZNF124-2	ZNF124	ENSG00000196418
PPAN-2	PPAN	ENSG00000130810
OTULIN-2	OTULIN	ENSG00000154124
ZNF423-2	ZNF423	ENSG00000102935
SMAD2-2	SMAD2	ENSG00000175387
TP53BP1-2	TP53BP1	ENSG00000067369
ELP3-2	ELP3	ENSG00000134014
HSD17B14-2	HSD17B14	ENSG00000087076
CEP85L-2	CEP85L	ENSG00000111860
ZNF17-2	ZNF17	ENSG00000186272
EXTL2-2	EXTL2	ENSG00000162694
ZNF202-2	ZNF202	ENSG00000166261
SKA2-2	SKA2	ENSG00000182628
SMIM29-2	SMIM29	ENSG00000186577
DHX58-2	DHX58	ENSG00000108771
CSRNP3-2	CSRNP3	ENSG00000178662
C1orf52-2	C1orf52	ENSG00000162642
TRAPPC2L-2	TRAPPC2L	ENSG00000167515
CDK16-2	CDK16	ENSG00000102225
CIR1-2	CIR1	ENSG00000138433
APMAP-2	APMAP	ENSG00000101474
CD44-2	CD44	ENSG00000026508
KDM7A-2	KDM7A	ENSG00000006459
VAMP3-2	VAMP3	ENSG00000049245
PDCD1LG2-2	PDCD1LG2	ENSG00000197646
ARHGEF9-2	ARHGEF9	ENSG00000131089
ARMC6-2	ARMC6	ENSG00000105676
POLD1-2	POLD1	ENSG00000062822
ATP11B-2	ATP11B	ENSG00000058063
GLI1-2	GLI1	ENSG00000111087
S100P-2	S100P	ENSG00000163993
ATP5ME-2	ATP5ME	ENSG00000169020
ZNF479-2	ZNF479	ENSG00000185177
RPL19-2	RPL19	ENSG00000108298
SIRT5-2	SIRT5	ENSG00000124523
ZNF655-2	ZNF655	ENSG00000197343
LRRC8C-2	LRRC8C	ENSG00000171488
ELMO1-2	ELMO1	ENSG00000155849
MEIS3-2	MEIS3	ENSG00000105419
HS6ST1-2	HS6ST1	ENSG00000136720
PAQR4-2	PAQR4	ENSG00000162073
ZNF277-2	ZNF277	ENSG00000198839
COQ9-2	COQ9	ENSG00000088682
ACTL6A-2	ACTL6A	ENSG00000136518
CDC23-2	CDC23	ENSG00000094880
MED31-2	MED31	ENSG00000108590
NFATC4-2	NFATC4	ENSG00000100968
TXLNB-2	TXLNB	ENSG00000164440
MMD-2	MMD	ENSG00000108960
IRS2-2	IRS2	ENSG00000185950
PODXL2-2	PODXL2	ENSG00000114631
TTC21A-2	TTC21A	ENSG00000168026
ATXN2L-2	ATXN2L	ENSG00000168488
SF3B4-2	SF3B4	ENSG00000143368
BOLA3-2	BOLA3	ENSG00000163170
DUSP10-2	DUSP10	ENSG00000143507
ALG12-2	ALG12	ENSG00000182858
ZNF98-2	ZNF98	ENSG00000197360
CCDC191-2	CCDC191	ENSG00000163617
HIST1H4B-2	H4C2	ENSG00000278705
FGFRL1-2	FGFRL1	ENSG00000127418
ARMCX3-2	ARMCX3	ENSG00000102401
HAPLN3-2	HAPLN3	ENSG00000140511
ERAP2-2	ERAP2	ENSG00000164308
KIFC2-2	KIFC2	ENSG00000167702
MXD4-2	MXD4	ENSG00000123933
VIRMA-2	VIRMA	ENSG00000164944
ZDHHC21-2	ZDHHC21	ENSG00000175893
NFYA-2	NFYA	ENSG00000001167
WDR43-2	WDR43	ENSG00000163811
RTL6-2	RTL6	ENSG00000188636
LNX1-2	LNX1	ENSG00000072201
RAB24-2	RAB24	ENSG00000169228
DNPH1-2	DNPH1	ENSG00000112667
HMGB1-2	HMGB1	ENSG00000189403
TMEM86A-2	TMEM86A	ENSG00000151117
GTF2F1-2	GTF2F1	ENSG00000125651
CBL-2	CBL	ENSG00000110395
TWISTNB-2	POLR1F	ENSG00000105849
TMEM250-2	TMEM250	ENSG00000238227
FAM168A-2	FAM168A	ENSG00000054965
SMC1A-2	SMC1A	ENSG00000072501
CES3-2	CES3	ENSG00000172828
PRPF31-2	PRPF31	ENSG00000105618
GSTCD-2	GSTCD	ENSG00000138780
PORCN-2	PORCN	ENSG00000102312
GINS4-2	GINS4	ENSG00000147536
NPAS2-2	NPAS2	ENSG00000170485
BTN3A2-2	BTN3A2	ENSG00000186470
TBC1D2B-2	TBC1D2B	ENSG00000167202
DNAJC24-2	DNAJC24	ENSG00000170946
GIMAP5-2	GIMAP5	ENSG00000196329
ZFP90-2	ZFP90	ENSG00000184939
LCN1-2	LCN1	ENSG00000160349
TMEM268-2	TMEM268	ENSG00000157693
CD14-2	CD14	ENSG00000170458
DOK5-2	DOK5	ENSG00000101134
NAP1L2-2	NAP1L2	ENSG00000186462
SHANK2-2	SHANK2	ENSG00000162105
RC3H1-2	RC3H1	ENSG00000135870
SELENOO-2	SELENOO	ENSG00000073169
C11orf21-2	C11orf21	ENSG00000110665
RFLNB-2	RFLNB	ENSG00000183688
LSM5-2	LSM5	ENSG00000106355
ITGB1BP2-2	ITGB1BP2	ENSG00000147166
TNIP3-2	TNIP3	ENSG00000050730
DCAF6-2	DCAF6	ENSG00000143164
FAM83F-2	FAM83F	ENSG00000133477
SCAF8-2	SCAF8	ENSG00000213079
ZNF35-2	ZNF35	ENSG00000169981
ZNF878-2	ZNF878	ENSG00000257446
ZNF383-2	ZNF383	ENSG00000188283
CDH3-2	CDH3	ENSG00000062038
CYP4V2-2	CYP4V2	ENSG00000145476
B4GALT1-2	B4GALT1	ENSG00000086062
MORC4-2	MORC4	ENSG00000133131
INTS14-2	INTS14	ENSG00000138614
PPOX-2	PPOX	ENSG00000143224
SUPV3L1-2	SUPV3L1	ENSG00000156502
WDPCP-2	WDPCP	ENSG00000143951
MRPS11-2	MRPS11	ENSG00000181991
POLE4-2	POLE4	ENSG00000115350
SLFN13-2	SLFN13	ENSG00000154760
FXYD5-2	FXYD5	ENSG00000089327
CFP-2	CFP	ENSG00000126759
CHRNA10-2	CHRNA10	ENSG00000129749
CLK1-2	CLK1	ENSG00000013441
NOS3-2	NOS3	ENSG00000164867
ZNF419-2	ZNF419	ENSG00000105136
CLIC2-2	CLIC2	ENSG00000155962
BNIP3L-2	BNIP3L	ENSG00000104765
LIMD1-2	LIMD1	ENSG00000144791
BNIP1-2	BNIP1	ENSG00000113734
FAR1-2	FAR1	ENSG00000197601
RORA-2	RORA	ENSG00000069667
CARNS1-2	CARNS1	ENSG00000172508
SETDB1-2	SETDB1	ENSG00000143379
MCU-2	MCU	ENSG00000156026
BRAP-2	BRAP	ENSG00000089234
ZSCAN16-2	ZSCAN16	ENSG00000196812
C14orf119-2	C14orf119	ENSG00000179933
HSF1-2	HSF1	ENSG00000185122
UTP14C-2	UTP14C	ENSG00000253797
MRPS9-2	MRPS9	ENSG00000135972
DCP1B-2	DCP1B	ENSG00000151065
C18orf54-2	C18orf54	ENSG00000166845
MCRS1-2	MCRS1	ENSG00000187778
RAB13-2	RAB13	ENSG00000143545
GRAMD2B-2	GRAMD2B	ENSG00000155324
LRRC47-2	LRRC47	ENSG00000130764
FDX2-2	FDX2	ENSG00000267673
KIT-2	KIT	ENSG00000157404
RNF114-2	RNF114	ENSG00000124226
ITGAV-2	ITGAV	ENSG00000138448
CIAPIN1-2	CIAPIN1	ENSG00000005194
POLR2K-2	POLR2K	ENSG00000147669
ZBTB46-2	ZBTB46	ENSG00000130584
BET1-2	BET1	ENSG00000105829
TRAPPC12-2	TRAPPC12	ENSG00000171853
RAB5IF-2	RAB5IF	ENSG00000101084
TMEM178B-2	TMEM178B	ENSG00000261115
SYNM-2	SYNM	ENSG00000182253
ARL6IP1-2	ARL6IP1	ENSG00000170540
INSIG2-2	INSIG2	ENSG00000125629
PRKCA-2	PRKCA	ENSG00000154229
SLC25A28-2	SLC25A28	ENSG00000155287
ZNF879-2	ZNF879	ENSG00000234284
METAP1D-2	METAP1D	ENSG00000172878
UBTD2-2	UBTD2	ENSG00000168246
DLX2-2	DLX2	ENSG00000115844
PIK3AP1-2	PIK3AP1	ENSG00000155629
NDUFB5-2	NDUFB5	ENSG00000136521
NQO1-2	NQO1	ENSG00000181019
FXN-2	FXN	ENSG00000165060
TPST2-2	TPST2	ENSG00000128294
SESN2-2	SESN2	ENSG00000130766
ASF1B-2	ASF1B	ENSG00000105011
MYLK-2	MYLK	ENSG00000065534
ACAD8-2	ACAD8	ENSG00000151498
HERPUD1-2	HERPUD1	ENSG00000051108
TOM1L2-2	TOM1L2	ENSG00000175662
PRKG2-2	PRKG2	ENSG00000138669
IRF6-2	IRF6	ENSG00000117595
DCBLD1-2	DCBLD1	ENSG00000164465
USP28-2	USP28	ENSG00000048028
PPCS-2	PPCS	ENSG00000127125
RERE-2	RERE	ENSG00000142599
NKX2-2-2	NKX2-2	ENSG00000125820
SLIRP-2	SLIRP	ENSG00000119705
TRMT1-2	TRMT1	ENSG00000104907
CETP-2	CETP	ENSG00000087237
SMCR8-2	SMCR8	ENSG00000176994
THEM5-2	THEM5	ENSG00000196407
DBF4B-2	DBF4B	ENSG00000161692
CCDC59-2	CCDC59	ENSG00000133773
DDR2-2	DDR2	ENSG00000162733
TWIST2-2	TWIST2	ENSG00000233608
NCF2-2	NCF2	ENSG00000116701
CIDEB-2	CIDEB	ENSG00000136305
IPO8-2	IPO8	ENSG00000133704
ABHD16B-2	ABHD16B	ENSG00000183260
EEF1AKMT1-2	EEF1AKMT1	ENSG00000150456
SH3PXD2A-2	SH3PXD2A	ENSG00000107957
ICA1-2	ICA1	ENSG00000003147
BAP1-2	BAP1	ENSG00000163930
SP9-2	SP9	ENSG00000217236
TNNT3-2	TNNT3	ENSG00000130595
PTBP3-2	PTBP3	ENSG00000119314
HDAC11-2	HDAC11	ENSG00000163517
SPRY1-2	SPRY1	ENSG00000164056
DEFA5-2	DEFA5	ENSG00000164816
RABEP2-2	RABEP2	ENSG00000177548
C9orf3-2	AOPEP	ENSG00000148120
THRB-2	THRB	ENSG00000151090
PARD6B-2	PARD6B	ENSG00000124171
ZNF534-2	ZNF534	ENSG00000198633
SNX10-2	SNX10	ENSG00000086300
FEN1-2	FEN1	ENSG00000168496
PUF60-2	PUF60	ENSG00000179950
OSBPL9-2	OSBPL9	ENSG00000117859
CD74-2	CD74	ENSG00000019582
ZFHX2-2	ZFHX2	ENSG00000136367
RFC5-2	RFC5	ENSG00000111445
SLC25A5-2	SLC25A5	ENSG00000005022
CRTC2-2	CRTC2	ENSG00000160741
USO1-2	USO1	ENSG00000138768
IMMT-2	IMMT	ENSG00000132305
NME4-2	NME4	ENSG00000103202
SAA1-2	SAA1	ENSG00000173432
HEATR1-2	HEATR1	ENSG00000119285
ZNF502-2	ZNF502	ENSG00000196653
GNB2-2	GNB2	ENSG00000172354
MRC2-2	MRC2	ENSG00000011028
NAA35-2	NAA35	ENSG00000135040
NBPF1-2	NBPF1	ENSG00000219481
CLEC2B-2	CLEC2B	ENSG00000110852
BLCAP-2	BLCAP	ENSG00000166619
SOX18-2	SOX18	ENSG00000203883
TBXA2R-2	TBXA2R	ENSG00000006638
ATP6V0A1-2	ATP6V0A1	ENSG00000033627
TPGS2-2	TPGS2	ENSG00000134779
SQSTM1-2	SQSTM1	ENSG00000161011
FKBP1A-2	FKBP1A	ENSG00000088832
C1orf174-2	C1orf174	ENSG00000198912
MIA3-2	MIA3	ENSG00000154305
JMJD6-2	JMJD6	ENSG00000070495
EMX2-2	EMX2	ENSG00000170370
MPZL2-2	MPZL2	ENSG00000149573
COLGALT1-2	COLGALT1	ENSG00000130309
GTF2E1-2	GTF2E1	ENSG00000153767
DOP1A-2	DOP1A	ENSG00000083097
HINT3-2	HINT3	ENSG00000111911
STOM-2	STOM	ENSG00000148175
C19orf12-2	C19orf12	ENSG00000131943
RGL1-2	RGL1	ENSG00000143344
ZNF462-2	ZNF462	ENSG00000148143
ZNF649-2	ZNF649	ENSG00000198093
GNG11-2	GNG11	ENSG00000127920
EARS2-2	EARS2	ENSG00000103356
SEPHS1-2	SEPHS1	ENSG00000086475
C5orf58-2	C5orf58	ENSG00000234511
EGR1-2	EGR1	ENSG00000120738
C15orf48-2	C15orf48	ENSG00000166920
CARD16-2	CARD16	ENSG00000204397
ANKRD26-2	ANKRD26	ENSG00000107890
MARCH7-2	MARCHF7	ENSG00000136536
KNSTRN-2	KNSTRN	ENSG00000128944
SAMD12-2	SAMD12	ENSG00000177570
STARD10-2	STARD10	ENSG00000214530
SFPQ-2	SFPQ	ENSG00000116560
RNF157-2	RNF157	ENSG00000141576
IKZF5-2	IKZF5	ENSG00000095574
ZNF33A-2	ZNF33A	ENSG00000189180
ZCWPW1-2	ZCWPW1	ENSG00000078487
ASB8-2	ASB8	ENSG00000177981
ALKBH6-2	ALKBH6	ENSG00000239382
GTSF1-2	GTSF1	ENSG00000170627
TMEM134-2	TMEM134	ENSG00000172663
CLEC4E-2	CLEC4E	ENSG00000166523
ARNT-2	ARNT	ENSG00000143437
CDK5RAP3-2	CDK5RAP3	ENSG00000108465
PEX12-2	PEX12	ENSG00000108733
RBMS1-2	RBMS1	ENSG00000153250
CD226-2	CD226	ENSG00000150637
SAP30-2	SAP30	ENSG00000164105
MIXL1-2	MIXL1	ENSG00000185155
MANSC1-2	MANSC1	ENSG00000111261
RAB12-2	RAB12	ENSG00000206418
HMGN2-2	HMGN2	ENSG00000198830
VAPA-2	VAPA	ENSG00000101558
METTL25-2	METTL25	ENSG00000127720
MRPL21-2	MRPL21	ENSG00000197345
WRNIP1-2	WRNIP1	ENSG00000124535
GGA3-2	GGA3	ENSG00000125447
SSX2IP-2	SSX2IP	ENSG00000117155
ANGPTL4-2	ANGPTL4	ENSG00000167772
RWDD2B-2	RWDD2B	ENSG00000156253
FGF9-2	FGF9	ENSG00000102678
POLB-2	POLB	ENSG00000070501
TNK2-2	TNK2	ENSG00000061938
ZNF414-2	ZNF414	ENSG00000133250
SRXN1-2	SRXN1	ENSG00000271303
ATP6V1F-2	ATP6V1F	ENSG00000128524
ZC3H12A-2	ZC3H12A	ENSG00000163874
ZNF219-2	ZNF219	ENSG00000165804
TOMM70-2	TOMM70	ENSG00000154174
MISP-2	MISP	ENSG00000099812
ZNF492-2	ZNF492	ENSG00000229676
RUFY1-2	RUFY1	ENSG00000176783
KANSL2-2	KANSL2	ENSG00000139620
CIITA-2	CIITA	ENSG00000179583
PARPBP-2	PARPBP	ENSG00000185480
KLF9-2	KLF9	ENSG00000119138
ZFPM2-2	ZFPM2	ENSG00000169946
SLC6A1-2	SLC6A1	ENSG00000157103
ATP8A2-2	ATP8A2	ENSG00000132932
NET1-2	NET1	ENSG00000173848
TAF6L-2	TAF6L	ENSG00000162227
UIMC1-2	UIMC1	ENSG00000087206
HIST3H2A-2	H2AC25	ENSG00000181218
MTF2-2	MTF2	ENSG00000143033
ZNF852-2	ZNF852	ENSG00000178917
ATG101-2	ATG101	ENSG00000123395
ABHD18-2	ABHD18	ENSG00000164074
TSPO-2	TSPO	ENSG00000100300
FDCSP-2	FDCSP	ENSG00000181617
NUDT3-2	NUDT3	ENSG00000272325
VPS51-2	VPS51	ENSG00000149823
KCNK12-2	KCNK12	ENSG00000184261
KLHL36-2	KLHL36	ENSG00000135686
NEUROD4-2	NEUROD4	ENSG00000123307
OPN3-2	OPN3	ENSG00000054277
IRF1-2	IRF1	ENSG00000125347
TOMM34-2	TOMM34	ENSG00000025772
TRIT1-2	TRIT1	ENSG00000043514
DHODH-2	DHODH	ENSG00000102967
DPM2-2	DPM2	ENSG00000136908
UBQLN4-2	UBQLN4	ENSG00000160803
ANKRD36C-2	ANKRD36C	ENSG00000174501
GABPB2-2	GABPB2	ENSG00000143458
NIPAL3-2	NIPAL3	ENSG00000001461
RHEBL1-2	RHEBL1	ENSG00000167550
DARS-2	DARS1	ENSG00000115866
RAB15-2	RAB15	ENSG00000139998
ZNF610-2	ZNF610	ENSG00000167554
TPT1-2	TPT1	ENSG00000133112
PELI2-2	PELI2	ENSG00000139946
CXorf40A-2	EOLA1	ENSG00000197620
RASGRP3-2	RASGRP3	ENSG00000152689
MAPK6-2	MAPK6	ENSG00000069956
MFF-2	MFF	ENSG00000168958
CDCA3-2	CDCA3	ENSG00000111665
CHRNB1-2	CHRNB1	ENSG00000170175
ASXL1-2	ASXL1	ENSG00000171456
ANKLE2-2	ANKLE2	ENSG00000176915
TNS3-2	TNS3	ENSG00000136205
POPDC2-2	POPDC2	ENSG00000121577
CCDC43-2	CCDC43	ENSG00000180329
PTPRCAP-2	PTPRCAP	ENSG00000213402
PSMF1-2	PSMF1	ENSG00000125818
TRIO-2	TRIO	ENSG00000038382
CLNK-2	CLNK	ENSG00000109684
AIP-2	AIP	ENSG00000110711
UNC13D-2	UNC13D	ENSG00000092929
RNPS1-2	RNPS1	ENSG00000205937
ALDH3A2-2	ALDH3A2	ENSG00000072210
PPP1CB-2	PPP1CB	ENSG00000213639
GAD1-2	GAD1	ENSG00000128683
NUP133-2	NUP133	ENSG00000069248
CBX3-2	CBX3	ENSG00000122565
ZNF507-2	ZNF507	ENSG00000168813
LBX2-2	LBX2	ENSG00000179528
ANKRD6-2	ANKRD6	ENSG00000135299
PDE6D-2	PDE6D	ENSG00000156973
PTDSS1-2	PTDSS1	ENSG00000156471
MT1E-2	MT1E	ENSG00000169715
SAP18-2	SAP18	ENSG00000150459
ZNF616-2	ZNF616	ENSG00000204611
CEP152-2	CEP152	ENSG00000103995
SIX3-2	SIX3	ENSG00000138083
SLC43A3-2	SLC43A3	ENSG00000134802
PRKCSH-2	PRKCSH	ENSG00000130175
WRAP53-2	WRAP53	ENSG00000141499
DHX8-2	DHX8	ENSG00000067596
ETV6-2	ETV6	ENSG00000139083
ANKAR-2	ANKAR	ENSG00000151687
DOK1-2	DOK1	ENSG00000115325
MYL6B-2	MYL6B	ENSG00000196465
TP53TG5-2	TP53TG5	ENSG00000124251
DAG1-2	DAG1	ENSG00000173402
IL12RB1-2	IL12RB1	ENSG00000096996
APOPT1-2	COA8	ENSG00000256053
KLF10-2	KLF10	ENSG00000155090
APOD-2	APOD	ENSG00000189058
ST7L-2	ST7L	ENSG00000007341
COLGALT2-2	COLGALT2	ENSG00000198756
NCDN-2	NCDN	ENSG00000020129
RNMT-2	RNMT	ENSG00000101654
TSPAN31-2	TSPAN31	ENSG00000135452
ATP6V0E2-2	ATP6V0E2	ENSG00000171130
CHTOP-2	CHTOP	ENSG00000160679
INPP5D-2	INPP5D	ENSG00000168918
ATL1-2	ATL1	ENSG00000198513
AGMAT-2	AGMAT	ENSG00000116771
CLEC1B-2	CLEC1B	ENSG00000165682
ZNF526-2	ZNF526	ENSG00000167625
POMK-2	POMK	ENSG00000185900
EXOSC10-2	EXOSC10	ENSG00000171824
TMEM164-2	TMEM164	ENSG00000157600
LHX8-2	LHX8	ENSG00000162624
SFT2D3-2	SFT2D3	ENSG00000173349
EBF1-2	EBF1	ENSG00000164330
HIST1H2AK-2	H2AC15	ENSG00000275221
SLC3A1-2	SLC3A1	ENSG00000138079
COG3-2	COG3	ENSG00000136152
CCDC58-2	MIX23	ENSG00000160124
BTN2A1-2	BTN2A1	ENSG00000112763
SNRNP70-2	SNRNP70	ENSG00000104852
RNF7-2	RNF7	ENSG00000114125
SPC24-2	SPC24	ENSG00000161888
NFATC1-2	NFATC1	ENSG00000131196
SLC6A9-2	SLC6A9	ENSG00000196517
FUT10-2	FUT10	ENSG00000172728
HNRNPR-2	HNRNPR	ENSG00000125944
EPSTI1-2	EPSTI1	ENSG00000133106
RTN4-2	RTN4	ENSG00000115310
SHISAL2A-2	SHISAL2A	ENSG00000182183
RPS15-2	RPS15	ENSG00000115268
ZNF135-2	ZNF135	ENSG00000176293
GFOD2-2	GFOD2	ENSG00000141098
COPE-2	COPE	ENSG00000105669
ZFP14-2	ZFP14	ENSG00000142065
COMTD1-2	COMTD1	ENSG00000165644
BTF3-2	BTF3	ENSG00000145741
SMAP2-2	SMAP2	ENSG00000084070
HDAC7-2	HDAC7	ENSG00000061273
PLAUR-2	PLAUR	ENSG00000011422
GCFC2-2	GCFC2	ENSG00000005436
SLC9A5-2	SLC9A5	ENSG00000135740
RPS26-2	RPS26	ENSG00000197728
CDKN2A-2	CDKN2A	ENSG00000147889
CDC73-2	CDC73	ENSG00000134371
CAD-2	CAD	ENSG00000084774
GBP1-2	GBP1	ENSG00000117228
RSBN1L-2	RSBN1L	ENSG00000187257
EIF2AK1-2	EIF2AK1	ENSG00000086232
COQ4-2	COQ4	ENSG00000167113
TAF1C-2	TAF1C	ENSG00000103168
SLFN14-2	SLFN14	ENSG00000236320
AURKB-2	AURKB	ENSG00000178999
ARID3A-2	ARID3A	ENSG00000116017
FASTKD1-2	FASTKD1	ENSG00000138399
CCNQ-2	CCNQ	ENSG00000262919
SLC39A13-2	SLC39A13	ENSG00000165915
RNF26-2	RNF26	ENSG00000173456
TRAPPC1-2	TRAPPC1	ENSG00000170043
ATP5MF-2	ATP5MF	ENSG00000241468
SLC35D1-2	SLC35D1	ENSG00000116704
HSF4-2	HSF4	ENSG00000102878
ZNF597-2	ZNF597	ENSG00000167981
TM2D1-2	TM2D1	ENSG00000162604
CACNA2D4-2	CACNA2D4	ENSG00000151062
PDGFD-2	PDGFD	ENSG00000170962
MYOD1-2	MYOD1	ENSG00000129152
NUDT1-2	NUDT1	ENSG00000106268
CCDC30-2	CCDC30	ENSG00000186409
CLK4-2	CLK4	ENSG00000113240
TLDC2-2	TLDC2	ENSG00000101342
FCGR2A-2	FCGR2A	ENSG00000143226
RAB8B-2	RAB8B	ENSG00000166128
PDCL3-2	PDCL3	ENSG00000115539
PWP1-2	PWP1	ENSG00000136045
GTPBP8-2	GTPBP8	ENSG00000163607
ADGRG1-2	ADGRG1	ENSG00000205336
FAM53B-2	FAM53B	ENSG00000189319
SRCAP-2	SRCAP	ENSG00000080603
TVP23C-2	TVP23C	ENSG00000175106
HIST1H4L-2	H4C13	ENSG00000275126
LEPROTL1-2	LEPROTL1	ENSG00000104660
ALX1-2	ALX1	ENSG00000180318
CNTF-2	CNTF	ENSG00000242689
MAGI3-2	MAGI3	ENSG00000081026
TYW1-2	TYW1	ENSG00000198874
ZSCAN20-2	ZSCAN20	ENSG00000121903
NUDT16L1-2	NUDT16L1	ENSG00000168101
OSER1-2	OSER1	ENSG00000132823
APH1A-2	APH1A	ENSG00000117362
LYPLA2-2	LYPLA2	ENSG00000011009
MRPS10-2	MRPS10	ENSG00000048544
EVA1B-2	EVA1B	ENSG00000142694
AP2A2-2	AP2A2	ENSG00000183020
ZNF619-2	ZNF619	ENSG00000177873
YBX2-2	YBX2	ENSG00000006047
NSD3-2	NSD3	ENSG00000147548
SPOCK2-2	SPOCK2	ENSG00000107742
MYL12B-2	MYL12B	ENSG00000118680
LTA4H-2	LTA4H	ENSG00000111144
MED16-2	MED16	ENSG00000175221
CALCB-2	CALCB	ENSG00000175868
ESM1-2	ESM1	ENSG00000164283
SEC61A2-2	SEC61A2	ENSG00000065665
TMEM138-2	TMEM138	ENSG00000149483
CCDC51-2	CCDC51	ENSG00000164051
ZRSR2-2	ZRSR2	ENSG00000169249
ACSL6-2	ACSL6	ENSG00000164398
TMEM165-2	TMEM165	ENSG00000134851
AK1-2	AK1	ENSG00000106992
TMEM50A-2	TMEM50A	ENSG00000183726
CBWD1-2	ZNG1A	ENSG00000172785
NUTF2-2	NUTF2	ENSG00000102898
PUS7L-2	PUS7L	ENSG00000129317
ELOA-2	ELOA	ENSG00000011007
SUSD3-2	SUSD3	ENSG00000157303
SEC61A1-2	SEC61A1	ENSG00000058262
NPC1-2	NPC1	ENSG00000141458
MRE11-2	MRE11	ENSG00000020922
TLX1-2	TLX1	ENSG00000107807
ZNF92-2	ZNF92	ENSG00000146757
APOBEC3B-2	APOBEC3B	ENSG00000179750
ZNF727-2	ZNF727	ENSG00000214652
RGS3-2	RGS3	ENSG00000138835
H6PD-2	H6PD	ENSG00000049239
RETN-2	RETN	ENSG00000104918
GEMIN2-2	GEMIN2	ENSG00000092208
CTDSP2-2	CTDSP2	ENSG00000175215
TBC1D16-2	TBC1D16	ENSG00000167291
ZCWPW2-2	ZCWPW2	ENSG00000206559
COL22A1-2	COL22A1	ENSG00000169436
PARP3-2	PARP3	ENSG00000041880
EED-2	EED	ENSG00000074266
ANKRD46-2	ANKRD46	ENSG00000186106
NCAPH-2	NCAPH	ENSG00000121152
CNST-2	CNST	ENSG00000162852
PLEKHM3-2	PLEKHM3	ENSG00000178385
MKNK1-2	MKNK1	ENSG00000079277
TMEM41B-2	TMEM41B	ENSG00000166471
GMPR2-2	GMPR2	ENSG00000100938
EBP-2	EBP	ENSG00000147155
TSPYL1-2	TSPYL1	ENSG00000189241
ERMN-2	ERMN	ENSG00000136541
WDR53-2	WDR53	ENSG00000185798
HOOK3-2	HOOK3	ENSG00000168172
ERLEC1-2	ERLEC1	ENSG00000068912
TSSK4-2	TSSK4	ENSG00000139908
NLGN3-2	NLGN3	ENSG00000196338
ZFX-2	ZFX	ENSG00000005889
XPC-2	XPC	ENSG00000154767
FLNB-2	FLNB	ENSG00000136068
LY86-2	LY86	ENSG00000112799
TRAPPC13-2	TRAPPC13	ENSG00000113597
GOLPH3-2	GOLPH3	ENSG00000113384
DHRS3-2	DHRS3	ENSG00000162496
FAAH2-2	FAAH2	ENSG00000165591
ZMPSTE24-2	ZMPSTE24	ENSG00000084073
ARID5B-2	ARID5B	ENSG00000150347
PTPRM-2	PTPRM	ENSG00000173482
TCEA2-2	TCEA2	ENSG00000171703
HEATR4-2	HEATR4	ENSG00000187105
LGALS12-2	LGALS12	ENSG00000133317
AP1B1-2	AP1B1	ENSG00000100280
WDR73-2	WDR73	ENSG00000177082
ERH-2	ERH	ENSG00000100632
PUM3-2	PUM3	ENSG00000080608
TSC22D4-2	TSC22D4	ENSG00000166925
PARK7-2	PARK7	ENSG00000116288
TPRKB-2	TPRKB	ENSG00000144034
GAS7-2	GAS7	ENSG00000007237
RBBP4-2	RBBP4	ENSG00000162521
KLF8-2	KLF8	ENSG00000102349
VAX2-2	VAX2	ENSG00000116035
DOHH-2	DOHH	ENSG00000129932
TAF9B-2	TAF9B	ENSG00000187325
DHPS-2	DHPS	ENSG00000095059
ERLIN2-2	ERLIN2	ENSG00000147475
CDC37-2	CDC37	ENSG00000105401
DIP2C-2	DIP2C	ENSG00000151240
TMEM140-2	TMEM140	ENSG00000146859
JUN-2	JUN	ENSG00000177606
ITGAE-2	ITGAE	ENSG00000083457
PLEKHJ1-2	PLEKHJ1	ENSG00000104886
UBL7-2	UBL7	ENSG00000138629
KANK1-2	KANK1	ENSG00000107104
ZDHHC7-2	ZDHHC7	ENSG00000153786
ZNF250-2	ZNF250	ENSG00000196150
RABEP1-2	RABEP1	ENSG00000029725
BCL7A-2	BCL7A	ENSG00000110987
POU2AF1-2	POU2AF1	ENSG00000110777
NFYC-2	NFYC	ENSG00000066136
SLC25A24-2	SLC25A24	ENSG00000085491
ZNF837-2	ZNF837	ENSG00000152475
SAP130-2	SAP130	ENSG00000136715
RNASEK-2	RNASEK	ENSG00000219200
TRIM44-2	TRIM44	ENSG00000166326
RABGAP1-2	RABGAP1	ENSG00000011454
SCAMP2-2	SCAMP2	ENSG00000140497
ZNF239-2	ZNF239	ENSG00000196793
TXNDC5-2	TXNDC5	ENSG00000239264
TMEM87B-2	TMEM87B	ENSG00000153214
RWDD3-2	RWDD3	ENSG00000122481
PKIA-2	PKIA	ENSG00000171033
SLC16A7-2	SLC16A7	ENSG00000118596
IER5-2	IER5	ENSG00000162783
RBM23-2	RBM23	ENSG00000100461
SLC37A3-2	SLC37A3	ENSG00000157800
ZNF454-2	ZNF454	ENSG00000178187
CHRNA6-2	CHRNA6	ENSG00000147434
PTCD1-2	PTCD1	ENSG00000106246
CHCHD4-2	CHCHD4	ENSG00000163528
TRA2B-2	TRA2B	ENSG00000136527
MED13-2	MED13	ENSG00000108510
RPL22-2	RPL22	ENSG00000116251
DAPP1-2	DAPP1	ENSG00000070190
PAX7-2	PAX7	ENSG00000009709
KLHL22-2	KLHL22	ENSG00000099910
CLTRN-2	CLTRN	ENSG00000147003
APOOL-2	APOOL	ENSG00000155008
HDGFL3-2	HDGFL3	ENSG00000166503
RHBDF2-2	RHBDF2	ENSG00000129667
RFC2-2	RFC2	ENSG00000049541
MRPS23-2	MRPS23	ENSG00000181610
PRC1-2	PRC1	ENSG00000198901
INO80-2	INO80	ENSG00000128908
DHRS12-2	DHRS12	ENSG00000102796
NME1-2	NME1	ENSG00000239672
ZNF398-2	ZNF398	ENSG00000197024
ZNF177-2	ZNF177	ENSG00000188629
PGRMC1-2	PGRMC1	ENSG00000101856
ZNF599-2	ZNF599	ENSG00000153896
PPP1R8-2	PPP1R8	ENSG00000117751
IMPDH1-2	IMPDH1	ENSG00000106348
ADCY4-2	ADCY4	ENSG00000129467
CUEDC2-2	CUEDC2	ENSG00000107874
DAGLB-2	DAGLB	ENSG00000164535
MYO9A-2	MYO9A	ENSG00000066933
UTP14A-2	UTP14A	ENSG00000156697
FASTKD3-2	FASTKD3	ENSG00000124279
ARL1-2	ARL1	ENSG00000120805
GLRX3-2	GLRX3	ENSG00000108010
HEYL-2	HEYL	ENSG00000163909
CLIP2-2	CLIP2	ENSG00000106665
RAD51AP1-2	RAD51AP1	ENSG00000111247
PRDM10-2	PRDM10	ENSG00000170325
CXorf57-2	RADX	ENSG00000147231
SLC29A3-2	SLC29A3	ENSG00000198246
MYO1D-2	MYO1D	ENSG00000176658
CSNK1G3-2	CSNK1G3	ENSG00000151292
DGKI-2	DGKI	ENSG00000157680
PHGDH-2	PHGDH	ENSG00000092621
SNRNP48-2	SNRNP48	ENSG00000168566
NKX1-2-2	NKX1-2	ENSG00000229544
KPNA6-2	KPNA6	ENSG00000025800
GSDMB-2	GSDMB	ENSG00000073605
TCTN1-2	TCTN1	ENSG00000204852
ABRAXAS2-2	ABRAXAS2	ENSG00000165660
NDUFAF7-2	NDUFAF7	ENSG00000003509
KCNJ14-2	KCNJ14	ENSG00000182324
TRMT1L-2	TRMT1L	ENSG00000121486
MATN2-2	MATN2	ENSG00000132561
ADO-2	ADO	ENSG00000181915
TCP1-2	TCP1	ENSG00000120438
PRR14L-2	PRR14L	ENSG00000183530
SMARCA2-2	SMARCA2	ENSG00000080503
VRK3-2	VRK3	ENSG00000105053
USP27X-2	USP27X	ENSG00000273820
POMGNT1-2	POMGNT1	ENSG00000085998
ANKDD1A-2	ANKDD1A	ENSG00000166839
OTUD3-2	OTUD3	ENSG00000169914
TMBIM1-2	TMBIM1	ENSG00000135926
HIST2H2AC-2	H2AC20	ENSG00000184260
UNC119B-2	UNC119B	ENSG00000175970
HIST1H2AM-2	H2AC17	ENSG00000278677
TMEM128-2	TMEM128	ENSG00000132406
PAX8-2	PAX8	ENSG00000125618
C12orf76-2	C12orf76	ENSG00000174456
LPAR6-2	LPAR6	ENSG00000139679
ZCCHC24-2	ZCCHC24	ENSG00000165424
BCL2L2-2	BCL2L2	ENSG00000129473
ATXN7L1-2	ATXN7L1	ENSG00000146776
ZXDB-2	ZXDB	ENSG00000198455
ZNF322-2	ZNF322	ENSG00000181315
COPB2-2	COPB2	ENSG00000184432
PEPD-2	PEPD	ENSG00000124299
ST6GALNAC3-2	ST6GALNAC3	ENSG00000184005
PHF6-2	PHF6	ENSG00000156531
DHX57-2	DHX57	ENSG00000163214
PIK3CB-2	PIK3CB	ENSG00000051382
NEUROG1-2	NEUROG1	ENSG00000181965
IPO5-2	IPO5	ENSG00000065150
REST-2	REST	ENSG00000084093
SC5D-2	SC5D	ENSG00000109929
MREG-2	MREG	ENSG00000118242
CACNB1-2	CACNB1	ENSG00000067191
LMLN-2	LMLN	ENSG00000185621
ZCCHC4-2	ZCCHC4	ENSG00000168228
MFAP3L-2	MFAP3L	ENSG00000198948
TFB1M-2	TFB1M	ENSG00000029639
FAM219A-2	FAM219A	ENSG00000164970
FAF2-2	FAF2	ENSG00000113194
TBCK-2	TBCK	ENSG00000145348
IRAK1-2	IRAK1	ENSG00000184216
H3F3A-2	H3-3A	ENSG00000163041
ANXA1-2	ANXA1	ENSG00000135046
CEBPZ-2	CEBPZ	ENSG00000115816
ELMSAN1-2	MIDEAS	ENSG00000156030
PRX-2	PRX	ENSG00000105227
SLC30A9-2	SLC30A9	ENSG00000014824
MBNL2-2	MBNL2	ENSG00000139793
PTTG1-2	PTTG1	ENSG00000164611
CCL2-2	CCL2	ENSG00000108691
EEA1-2	EEA1	ENSG00000102189
NDUFAB1-2	NDUFAB1	ENSG00000004779
ADAMTS6-2	ADAMTS6	ENSG00000049192
CEMIP-2	CEMIP	ENSG00000103888
ATG7-2	ATG7	ENSG00000197548
MATK-2	MATK	ENSG00000007264
CMIP-2	CMIP	ENSG00000153815
ATP5F1E-2	ATP5F1E	ENSG00000124172
ARFGAP3-2	ARFGAP3	ENSG00000242247
KCNK6-2	KCNK6	ENSG00000099337
ASIC3-2	ASIC3	ENSG00000213199
RMC1-2	RMC1	ENSG00000141452
HGH1-2	HGH1	ENSG00000235173
SPAG4-2	SPAG4	ENSG00000061656
EXOSC8-2	EXOSC8	ENSG00000120699
LMTK2-2	LMTK2	ENSG00000164715
TTL-2	TTL	ENSG00000114999
RUNX1-2	RUNX1	ENSG00000159216
ADSS-2	ADSS2	ENSG00000035687
GMEB1-2	GMEB1	ENSG00000162419
PPIH-2	PPIH	ENSG00000171960
SRGAP3-2	SRGAP3	ENSG00000196220
COG6-2	COG6	ENSG00000133103
PMP22-2	PMP22	ENSG00000109099
MRPL32-2	MRPL32	ENSG00000106591
CDKL2-2	CDKL2	ENSG00000138769
OVOL3-2	OVOL3	ENSG00000105261
ZNF432-2	ZNF432	ENSG00000256087
NUFIP2-2	NUFIP2	ENSG00000108256
SUCLA2-2	SUCLA2	ENSG00000136143
GATA2-2	GATA2	ENSG00000179348
PTPA-2	PTPA	ENSG00000119383
HAS3-2	HAS3	ENSG00000103044
ALPK1-2	ALPK1	ENSG00000073331
CWC22-2	CWC22	ENSG00000163510
VAT1-2	VAT1	ENSG00000108828
FANCG-2	FANCG	ENSG00000221829
TBL1X-2	TBL1X	ENSG00000101849
SLC1A2-2	SLC1A2	ENSG00000110436
ANP32A-2	ANP32A	ENSG00000140350
BORCS7-2	BORCS7	ENSG00000166275
RGCC-2	RGCC	ENSG00000102760
IL17D-2	IL17D	ENSG00000172458
SLC43A1-2	SLC43A1	ENSG00000149150
AP1S3-2	AP1S3	ENSG00000152056
IDS-2	IDS	ENSG00000010404
APEX2-2	APEX2	ENSG00000169188
DHCR7-2	DHCR7	ENSG00000172893
MXD1-2	MXD1	ENSG00000059728
C1GALT1C1-2	C1GALT1C1	ENSG00000171155
DACT1-2	DACT1	ENSG00000165617
BRCA2-2	BRCA2	ENSG00000139618
ZMYM6-2	ZMYM6	ENSG00000163867
SYAP1-2	SYAP1	ENSG00000169895
FAM120C-2	FAM120C	ENSG00000184083
CMSS1-2	CMSS1	ENSG00000184220
BAG3-2	BAG3	ENSG00000151929
MRPS21-2	MRPS21	ENSG00000266472
MYO1G-2	MYO1G	ENSG00000136286
TMEM160-2	TMEM160	ENSG00000130748
CENPW-2	CENPW	ENSG00000203760
FAM167B-2	FAM167B	ENSG00000183615
MC1R-2	MC1R	ENSG00000258839
FMR1-2	FMR1	ENSG00000102081
LANCL2-2	LANCL2	ENSG00000132434
SCYL2-2	SCYL2	ENSG00000136021
JAKMIP1-2	JAKMIP1	ENSG00000152969
STX18-2	STX18	ENSG00000168818
FBXO10-2	FBXO10	ENSG00000147912
B4GAT1-2	B4GAT1	ENSG00000174684
RAPGEFL1-2	RAPGEFL1	ENSG00000108352
RFX6-2	RFX6	ENSG00000185002
ARHGEF2-2	ARHGEF2	ENSG00000116584
PRADC1-2	PRADC1	ENSG00000135617
OSTM1-2	OSTM1	ENSG00000081087
PDCD2L-2	PDCD2L	ENSG00000126249
ANKRD36-2	ANKRD36	ENSG00000135976
RASGRP1-2	RASGRP1	ENSG00000172575
SYNE1-2	SYNE1	ENSG00000131018
RHOQ-2	RHOQ	ENSG00000119729
DENND4C-2	DENND4C	ENSG00000137145
FAAP24-2	FAAP24	ENSG00000131944
DDX43-2	DDX43	ENSG00000080007
SLC39A8-2	SLC39A8	ENSG00000138821
ZNF705A-2	ZNF705A	ENSG00000196946
TXLNG-2	TXLNG	ENSG00000086712
TOP1MT-2	TOP1MT	ENSG00000184428
KATNB1-2	KATNB1	ENSG00000140854
DEFB131B-2	DEFB131B	ENSG00000225805
SNX13-2	SNX13	ENSG00000071189
THADA-2	THADA	ENSG00000115970
FAM156A-2	FAM156A	ENSG00000268350
SAR1B-2	SAR1B	ENSG00000152700
CNBD2-2	CNBD2	ENSG00000149646
LMO7-2	LMO7	ENSG00000136153
EAPP-2	EAPP	ENSG00000129518
DNAJC7-2	DNAJC7	ENSG00000168259
ACE-2	ACE	ENSG00000159640
EFNB1-2	EFNB1	ENSG00000090776
GTF3A-2	GTF3A	ENSG00000122034
RPL26-2	RPL26	ENSG00000161970
ZNF652-2	ZNF652	ENSG00000198740
CSAD-2	CSAD	ENSG00000139631
GCDH-2	GCDH	ENSG00000105607
COA3-2	COA3	ENSG00000183978
PCYT1A-2	PCYT1A	ENSG00000161217
TOGARAM1-2	TOGARAM1	ENSG00000198718
DNASE2-2	DNASE2	ENSG00000105612
SNRPD1-2	SNRPD1	ENSG00000167088
AGAP3-2	AGAP3	ENSG00000133612
RAP2B-2	RAP2B	ENSG00000181467
HEXIM1-2	HEXIM1	ENSG00000186834
ZXDC-2	ZXDC	ENSG00000070476
EIF5A-2	EIF5A	ENSG00000132507
MADD-2	MADD	ENSG00000110514
CA13-2	CA13	ENSG00000185015
SENP2-2	SENP2	ENSG00000163904
FKBP3-2	FKBP3	ENSG00000100442
SNX16-2	SNX16	ENSG00000104497
TCP11L2-2	TCP11L2	ENSG00000166046
DPRX-2	DPRX	ENSG00000204595
ANKRD61-2	ANKRD61	ENSG00000157999
SF3A1-2	SF3A1	ENSG00000099995
NAPB-2	NAPB	ENSG00000125814
MYH11-2	MYH11	ENSG00000133392
GTPBP10-2	GTPBP10	ENSG00000105793
ACSM3-2	ACSM3	ENSG00000005187
TTLL12-2	TTLL12	ENSG00000100304
HSPA8-2	HSPA8	ENSG00000109971
GLB1L2-2	GLB1L2	ENSG00000149328
COMMD1-2	COMMD1	ENSG00000173163
GEM-2	GEM	ENSG00000164949
RNF215-2	RNF215	ENSG00000099999
JMJD7-PLA2G4B-2	JMJD7-PLA2G4B	ENSG00000168970
APLF-2	APLF	ENSG00000169621
SYT11-2	SYT11	ENSG00000132718
AIRE-2	AIRE	ENSG00000160224
MPI-2	MPI	ENSG00000178802
HSDL1-2	HSDL1	ENSG00000103160
TAL1-2	TAL1	ENSG00000162367
C22orf23-2	C22orf23	ENSG00000128346
CPSF1-2	CPSF1	ENSG00000071894
RBMX-2	RBMX	ENSG00000147274
PLEKHA7-2	PLEKHA7	ENSG00000166689
TYROBP-2	TYROBP	ENSG00000011600
DRAM2-2	DRAM2	ENSG00000156171
MRM2-2	MRM2	ENSG00000122687
POLR1B-2	POLR1B	ENSG00000125630
HIBADH-2	HIBADH	ENSG00000106049
LSM3-2	LSM3	ENSG00000170860
FAM118A-2	FAM118A	ENSG00000100376
SPATA2-2	SPATA2	ENSG00000158480
LIN37-2	LIN37	ENSG00000267796
B3GALT6-2	B3GALT6	ENSG00000176022
ZBTB7C-2	ZBTB7C	ENSG00000184828
SSR1-2	SSR1	ENSG00000124783
FLYWCH1-2	FLYWCH1	ENSG00000059122
HINFP-2	HINFP	ENSG00000172273
MYSM1-2	MYSM1	ENSG00000162601
HLTF-2	HLTF	ENSG00000071794
ELL-2	ELL	ENSG00000105656
C12orf57-2	C12orf57	ENSG00000111678
ATP8B4-2	ATP8B4	ENSG00000104043
PIK3R1-2	PIK3R1	ENSG00000145675
SLC35F2-2	SLC35F2	ENSG00000110660
EPB41-2	EPB41	ENSG00000159023
TSEN54-2	TSEN54	ENSG00000182173
BRD8-2	BRD8	ENSG00000112983
TROVE2-2	RO60	ENSG00000116747
CEBPB-2	CEBPB	ENSG00000172216
MBD6-2	MBD6	ENSG00000166987
TIGD1-2	TIGD1	ENSG00000221944
DESI1-2	DESI1	ENSG00000100418
TSLP-2	TSLP	ENSG00000145777
EME1-2	EME1	ENSG00000154920
PTPRN2-2	PTPRN2	ENSG00000155093
DNASE1L1-2	DNASE1L1	ENSG00000013563
AEBP2-2	AEBP2	ENSG00000139154
DEGS2-2	DEGS2	ENSG00000168350
CLPP-2	CLPP	ENSG00000125656
PCMT1-2	PCMT1	ENSG00000120265
TRUB2-2	TRUB2	ENSG00000167112
OSBPL11-2	OSBPL11	ENSG00000144909
ZNF554-2	ZNF554	ENSG00000172006
VPS35L-2	VPS35L	ENSG00000103544
MAP7D3-2	MAP7D3	ENSG00000129680
APBB3-2	APBB3	ENSG00000113108
PLEKHF1-2	PLEKHF1	ENSG00000166289
PIM1-2	PIM1	ENSG00000137193
PDIA3-2	PDIA3	ENSG00000167004
STOML1-2	STOML1	ENSG00000067221
PARP2-2	PARP2	ENSG00000129484
MYEF2-2	MYEF2	ENSG00000104177
CYBC1-2	CYBC1	ENSG00000178927
IL24-2	IL24	ENSG00000162892
COX11-2	COX11	ENSG00000166260
FAM160B2-2	FHIP2B	ENSG00000158863
CD320-2	CD320	ENSG00000167775
PGGHG-2	PGGHG	ENSG00000142102
TRMT12-2	TRMT12	ENSG00000183665
FCRL1-2	FCRL1	ENSG00000163534
WDR61-2	SKIC8	ENSG00000140395
SLC17A1-2	SLC17A1	ENSG00000124568
ZNF593-2	ZNF593	ENSG00000142684
UPF3A-2	UPF3A	ENSG00000169062
TMTC4-2	TMTC4	ENSG00000125247
SLAMF8-2	SLAMF8	ENSG00000158714
MPHOSPH10-2	MPHOSPH10	ENSG00000124383
EXOC2-2	EXOC2	ENSG00000112685
XIRP1-2	XIRP1	ENSG00000168334
NUP205-2	NUP205	ENSG00000155561
CCDC39-2	CCDC39	ENSG00000284862
DPF1-2	DPF1	ENSG00000011332
EHD3-2	EHD3	ENSG00000013016
GBP3-2	GBP3	ENSG00000117226
NUMB-2	NUMB	ENSG00000133961
NAA16-2	NAA16	ENSG00000172766
GALNT12-2	GALNT12	ENSG00000119514
PRKAR2A-2	PRKAR2A	ENSG00000114302
RNFT1-2	RNFT1	ENSG00000189050
PBXIP1-2	PBXIP1	ENSG00000163346
TRERF1-2	TRERF1	ENSG00000124496
EHF-2	EHF	ENSG00000135373
C17orf80-2	MTNAP1	ENSG00000141219
EIF4EBP2-2	EIF4EBP2	ENSG00000148730
ZC3H12C-2	ZC3H12C	ENSG00000149289
KIF9-2	KIF9	ENSG00000088727
CHAF1B-2	CHAF1B	ENSG00000159259
ACOX1-2	ACOX1	ENSG00000161533
ODF2-2	ODF2	ENSG00000136811
FOXL1-2	FOXL1	ENSG00000176678
ZNF347-2	ZNF347	ENSG00000197937
TXNRD3-2	TXNRD3	ENSG00000197763
RSPRY1-2	RSPRY1	ENSG00000159579
LUZP6-2	MTPN	ENSG00000105887
PSME2-2	PSME2	ENSG00000100911
NECAP1-2	NECAP1	ENSG00000089818
KLHL9-2	KLHL9	ENSG00000198642
RBM43-2	RBM43	ENSG00000184898
COL16A1-2	COL16A1	ENSG00000084636
SLC35A5-2	SLC35A5	ENSG00000138459
RNF144A-2	RNF144A	ENSG00000151692
UCP3-2	UCP3	ENSG00000175564
TSPAN17-2	TSPAN17	ENSG00000048140
STAT1-2	STAT1	ENSG00000115415
BEST1-2	BEST1	ENSG00000167995
CIPC-2	CIPC	ENSG00000198894
TRAF3IP3-2	TRAF3IP3	ENSG00000009790
ARPC5L-2	ARPC5L	ENSG00000136950
PHF20-2	PHF20	ENSG00000025293
EID3-2	EID3	ENSG00000255150
MYO15A-2	MYO15A	ENSG00000091536
ZNF106-2	ZNF106	ENSG00000103994
CD24-2	CD24	ENSG00000272398
URB1-2	URB1	ENSG00000142207
TIGD3-2	TIGD3	ENSG00000173825
GDF11-2	GDF11	ENSG00000135414
ZNF662-2	ZNF662	ENSG00000182983
RAB14-2	RAB14	ENSG00000119396
CD5-2	CD5	ENSG00000110448
TUB-2	TUB	ENSG00000166402
EPAS1-2	EPAS1	ENSG00000116016
RBM12-2	RBM12	ENSG00000244462
TFG-2	TFG	ENSG00000114354
ALDH9A1-2	ALDH9A1	ENSG00000143149
GSE1-2	GSE1	ENSG00000131149
VPS72-2	VPS72	ENSG00000163159
PRKAR2B-2	PRKAR2B	ENSG00000005249
KLHL26-2	KLHL26	ENSG00000167487
IGSF3-2	IGSF3	ENSG00000143061
FAM173A-2	ANTKMT	ENSG00000103254
UBE2A-2	UBE2A	ENSG00000077721
ZC3H12B-2	ZC3H12B	ENSG00000102053
KCNIP2-2	KCNIP2	ENSG00000120049
UBXN6-2	UBXN6	ENSG00000167671
RAB33A-2	RAB33A	ENSG00000134594
TMSB10-2	TMSB10	ENSG00000034510
KIF5B-2	KIF5B	ENSG00000170759
KAT8-2	KAT8	ENSG00000103510
CDKL1-2	CDKL1	ENSG00000100490
CYP1B1-2	CYP1B1	ENSG00000138061
SYMPK-2	SYMPK	ENSG00000125755
HBM-2	HBM	ENSG00000206177
ATXN3-2	ATXN3	ENSG00000066427
ABL2-2	ABL2	ENSG00000143322
ME2-2	ME2	ENSG00000082212
ZNF697-2	ZNF697	ENSG00000143067
TRNT1-2	TRNT1	ENSG00000072756
GAMT-2	GAMT	ENSG00000130005
SESN3-2	SESN3	ENSG00000149212
RTF2-2	RTF2	ENSG00000022277
GCM1-2	GCM1	ENSG00000137270
ZNF275-2	ZNF275	ENSG00000063587
CREB3L1-2	CREB3L1	ENSG00000157613
TDRD7-2	TDRD7	ENSG00000196116
EXOC6-2	EXOC6	ENSG00000138190
ZNF516-2	ZNF516	ENSG00000101493
ARAP2-2	ARAP2	ENSG00000047365
EBLN2-2	EBLN2	ENSG00000255423
HES1-2	HES1	ENSG00000114315
DCHS1-2	DCHS1	ENSG00000166341
ABHD8-2	ABHD8	ENSG00000127220
OLFM2-2	OLFM2	ENSG00000105088
KLHL31-2	KLHL31	ENSG00000124743
ZBED5-2	ZBED5	ENSG00000236287
C16orf95-2	C16orf95	ENSG00000260456
CCR5-2	CCR5	ENSG00000160791
FGD2-2	FGD2	ENSG00000146192
UFL1-2	UFL1	ENSG00000014123
TYW3-2	TYW3	ENSG00000162623
KLF15-2	KLF15	ENSG00000163884
NEK10-2	NEK10	ENSG00000163491
KRBOX4-2	KRBOX4	ENSG00000147121
ATP13A1-2	ATP13A1	ENSG00000105726
SEC11C-2	SEC11C	ENSG00000166562
SLC25A37-2	SLC25A37	ENSG00000147454
NPAT-2	NPAT	ENSG00000149308
SOX17-2	SOX17	ENSG00000164736
SEPT9-2	SEPTIN9	ENSG00000184640
RPTOR-2	RPTOR	ENSG00000141564
ASNSD1-2	ASNSD1	ENSG00000138381
EIF4ENIF1-2	EIF4ENIF1	ENSG00000184708
PYGL-2	PYGL	ENSG00000100504
COLQ-2	COLQ	ENSG00000206561
PHTF1-2	PHTF1	ENSG00000116793
CAPN12-2	CAPN12	ENSG00000182472
RGS5-2	RGS5	ENSG00000143248
SLC25A29-2	SLC25A29	ENSG00000197119
SMIM4-2	UQCC5	ENSG00000168273
RRAGC-2	RRAGC	ENSG00000116954
MGP-2	MGP	ENSG00000111341
IRF2BP1-2	IRF2BP1	ENSG00000170604
UHRF1BP1-2	BLTP3A	ENSG00000065060
QPRT-2	QPRT	ENSG00000103485
IL15-2	IL15	ENSG00000164136
GPAA1-2	GPAA1	ENSG00000197858
TMEM70-2	TMEM70	ENSG00000175606
AGFG1-2	AGFG1	ENSG00000173744
ZFAND2A-2	ZFAND2A	ENSG00000178381
EML2-2	EML2	ENSG00000125746
C4orf33-2	C4orf33	ENSG00000151470
INF2-2	INF2	ENSG00000203485
SIAH2-2	SIAH2	ENSG00000181788
RPL15-2	RPL15	ENSG00000174748
KHSRP-2	KHSRP	ENSG00000088247
OTUD6B-2	OTUD6B	ENSG00000155100
LDLR-2	LDLR	ENSG00000130164
GLB1L-2	GLB1L	ENSG00000163521
ITFG2-2	ITFG2	ENSG00000111203
ACD-2	ACD	ENSG00000102977
SATB1-2	SATB1	ENSG00000182568
ATP10D-2	ATP10D	ENSG00000145246
NPTN-2	NPTN	ENSG00000156642
DPH3-2	DPH3	ENSG00000154813
PLXDC1-2	PLXDC1	ENSG00000161381
JTB-2	JTB	ENSG00000143543
KCNA6-2	KCNA6	ENSG00000151079
SNRPF-2	SNRPF	ENSG00000139343
FKBP5-2	FKBP5	ENSG00000096060
PFKL-2	PFKL	ENSG00000141959
KCNQ5-2	KCNQ5	ENSG00000185760
KYAT1-2	KYAT1	ENSG00000171097
PPIG-2	PPIG	ENSG00000138398
MGLL-2	MGLL	ENSG00000074416
TNFAIP6-2	TNFAIP6	ENSG00000123610
PSMG3-2	PSMG3	ENSG00000157778
HSD3B7-2	HSD3B7	ENSG00000099377
TOX-2	TOX	ENSG00000198846
MEX3D-2	MEX3D	ENSG00000181588
ZNF154-2	ZNF154	ENSG00000179909
SRP54-2	SRP54	ENSG00000100883
MAP7D1-2	MAP7D1	ENSG00000116871
P3H3-2	P3H3	ENSG00000110811
SEPT11-2	SEPTIN11	ENSG00000138758
ANP32B-2	ANP32B	ENSG00000136938
PRR29-2	PRR29	ENSG00000224383
UFM1-2	UFM1	ENSG00000120686
TMPRSS13-2	TMPRSS13	ENSG00000137747
STRIP1-2	STRIP1	ENSG00000143093
CENPL-2	CENPL	ENSG00000120334
PHETA1-2	PHETA1	ENSG00000198324
CXXC5-2	CXXC5	ENSG00000171604
RECQL4-2	RECQL4	ENSG00000160957
SPDYE3-2	SPDYE3	ENSG00000214300
CBFB-2	CBFB	ENSG00000067955
BCLAF3-2	BCLAF3	ENSG00000173681
TRMO-2	TRMO	ENSG00000136932
ZCRB1-2	ZCRB1	ENSG00000139168
SNRPB2-2	SNRPB2	ENSG00000125870
CHIT1-2	CHIT1	ENSG00000133063
KIRREL2-2	KIRREL2	ENSG00000126259
GUCY1A1-2	GUCY1A1	ENSG00000164116
PPIF-2	PPIF	ENSG00000108179
PON2-2	PON2	ENSG00000105854
UBAP1-2	UBAP1	ENSG00000165006
CDK2AP1-2	CDK2AP1	ENSG00000111328
KLC2-2	KLC2	ENSG00000174996
PDE1B-2	PDE1B	ENSG00000123360
MKX-2	MKX	ENSG00000150051
ESS2-2	ESS2	ENSG00000100056
KIF5C-2	KIF5C	ENSG00000168280
NCL-2	NCL	ENSG00000115053
SF1-2	SF1	ENSG00000168066
FBXO22-2	FBXO22	ENSG00000167196
ESRRB-2	ESRRB	ENSG00000119715
GPX2-2	GPX2	ENSG00000176153
GDPD1-2	GDPD1	ENSG00000153982
TRIP11-2	TRIP11	ENSG00000100815
SLC5A2-2	SLC5A2	ENSG00000140675
CENPC-2	CENPC	ENSG00000145241
DLAT-2	DLAT	ENSG00000150768
TTN-2	TTN	ENSG00000155657
CYP46A1-2	CYP46A1	ENSG00000036530
SLC46A3-2	SLC46A3	ENSG00000139508
NOP9-2	NOP9	ENSG00000196943
TMEM192-2	TMEM192	ENSG00000170088
NCK2-2	NCK2	ENSG00000071051
RHOC-2	RHOC	ENSG00000155366
DTX1-2	DTX1	ENSG00000135144
RIC1-2	RIC1	ENSG00000107036
ULK1-2	ULK1	ENSG00000177169
MOB3B-2	MOB3B	ENSG00000120162
NOL11-2	NOL11	ENSG00000130935
KPNA2-2	KPNA2	ENSG00000182481
SMYD5-2	SMYD5	ENSG00000135632
PIGN-2	PIGN	ENSG00000197563
MAN1A2-2	MAN1A2	ENSG00000198162
KLHL28-2	KLHL28	ENSG00000179454
SLC25A32-2	SLC25A32	ENSG00000164933
TTC19-2	TTC19	ENSG00000011295
ITGAX-2	ITGAX	ENSG00000140678
TSPO2-2	TSPO2	ENSG00000112212
APEH-2	APEH	ENSG00000164062
SENP5-2	SENP5	ENSG00000119231
CASP6-2	CASP6	ENSG00000138794
ACTN4-2	ACTN4	ENSG00000130402
GPR82-2	GPR82	ENSG00000171657
ZNF211-2	ZNF211	ENSG00000121417
ARPC3-2	ARPC3	ENSG00000111229
ZNF497-2	ZNF497	ENSG00000174586
TAF5-2	TAF5	ENSG00000148835
GLRX2-2	GLRX2	ENSG00000023572
BSG-2	BSG	ENSG00000172270
SLC4A7-2	SLC4A7	ENSG00000033867
CARHSP1-2	CARHSP1	ENSG00000153048
SLFNL1-2	SLFNL1	ENSG00000171790
TRPC1-2	TRPC1	ENSG00000144935
ATRIP-2	ATRIP	ENSG00000164053
ERCC5-2	ERCC5	ENSG00000134899
TVP23A-2	TVP23A	ENSG00000166676
SPIN4-2	SPIN4	ENSG00000186767
VPS9D1-2	VPS9D1	ENSG00000075399
DDX56-2	DDX56	ENSG00000136271
FAM120AOS-2	FAM120AOS	ENSG00000188938
NR1H3-2	NR1H3	ENSG00000025434
PLA2G16-2	PLAAT3	ENSG00000176485
ADD3-2	ADD3	ENSG00000148700
NUP155-2	NUP155	ENSG00000113569
ZMYM5-2	ZMYM5	ENSG00000132950
ACRBP-2	ACRBP	ENSG00000111644
ITGA6-2	ITGA6	ENSG00000091409
UBR5-2	UBR5	ENSG00000104517
THAP9-2	THAP9	ENSG00000168152
EEF2K-2	EEF2K	ENSG00000103319
CLDND1-2	CLDND1	ENSG00000080822
DROSHA-2	DROSHA	ENSG00000113360
DCLRE1B-2	DCLRE1B	ENSG00000118655
DMRT1-2	DMRT1	ENSG00000137090
MED20-2	MED20	ENSG00000124641
YES1-2	YES1	ENSG00000176105
FOSB-2	FOSB	ENSG00000125740
NOXA1-2	NOXA1	ENSG00000188747
MCTP2-2	MCTP2	ENSG00000140563
NAPA-2	NAPA	ENSG00000105402
PNPLA2-2	PNPLA2	ENSG00000177666
SPIRE1-2	SPIRE1	ENSG00000134278
DCAF15-2	DCAF15	ENSG00000132017
MLKL-2	MLKL	ENSG00000168404
GNL3-2	GNL3	ENSG00000163938
A1BG-2	A1BG	ENSG00000121410
CAVIN2-2	CAVIN2	ENSG00000168497
F12-2	F12	ENSG00000131187
DPP9-2	DPP9	ENSG00000142002
ZXDA-2	ZXDA	ENSG00000198205
TMEM97-2	TMEM97	ENSG00000109084
SMURF2-2	SMURF2	ENSG00000108854
EME2-2	EME2	ENSG00000197774
STARD7-2	STARD7	ENSG00000084090
NPM3-2	NPM3	ENSG00000107833
ASCL4-2	ASCL4	ENSG00000187855
CLCN2-2	CLCN2	ENSG00000114859
KISS1R-2	KISS1R	ENSG00000116014
MAIP1-2	MAIP1	ENSG00000162972
EPB41L2-2	EPB41L2	ENSG00000079819
FBXO3-2	FBXO3	ENSG00000110429
ZDHHC8-2	ZDHHC8	ENSG00000099904
FOXN1-2	FOXN1	ENSG00000109101
HK1-2	HK1	ENSG00000156515
CYTH1-2	CYTH1	ENSG00000108669
S100A13-2	S100A13	ENSG00000189171
GATAD2A-2	GATAD2A	ENSG00000167491
ILK-2	ILK	ENSG00000166333
ALS2CR12-2	FLACC1	ENSG00000155749
PLBD2-2	PLBD2	ENSG00000151176
KLHL2-2	KLHL2	ENSG00000109466
SNU13-2	SNU13	ENSG00000100138
C2orf74-2	C2orf74	ENSG00000237651
ZNF207-2	ZNF207	ENSG00000010244
ARID4A-2	ARID4A	ENSG00000032219
HOMEZ-2	HOMEZ	ENSG00000290292
NONO-2	NONO	ENSG00000147140
FKRP-2	FKRP	ENSG00000181027
CEP70-2	CEP70	ENSG00000114107
PER1-2	PER1	ENSG00000179094
SH3BP5L-2	SH3BP5L	ENSG00000175137
HYI-2	HYI	ENSG00000178922
BAIAP2-2	BAIAP2	ENSG00000175866
PTGIR-2	PTGIR	ENSG00000160013
APLP2-2	APLP2	ENSG00000084234
ZFP28-2	ZFP28	ENSG00000196867
VSTM2L-2	VSTM2L	ENSG00000132821
FAM210B-2	FAM210B	ENSG00000124098
PLAA-2	PLAA	ENSG00000137055
VPS50-2	VPS50	ENSG00000004766
SHKBP1-2	SHKBP1	ENSG00000160410
SEPSECS-2	SEPSECS	ENSG00000109618
PEAK1-2	PEAK1	ENSG00000173517
PTK6-2	PTK6	ENSG00000101213
C17orf49-2	C17orf49	ENSG00000258315
SCPEP1-2	SCPEP1	ENSG00000121064
KLHL32-2	KLHL32	ENSG00000186231
AHNAK-2	AHNAK	ENSG00000124942
IGBP1-2	IGBP1	ENSG00000089289
LAT2-2	LAT2	ENSG00000086730
ZFYVE28-2	ZFYVE28	ENSG00000159733
SELL-2	SELL	ENSG00000188404
NUBP2-2	NUBP2	ENSG00000095906
VSIG10L-2	VSIG10L	ENSG00000186806
S100A1-2	S100A1	ENSG00000160678
RSF1-2	RSF1	ENSG00000048649
SYNE4-2	SYNE4	ENSG00000181392
LCK-2	LCK	ENSG00000182866
DDX46-2	DDX46	ENSG00000145833
NADSYN1-2	NADSYN1	ENSG00000172890
GOLGA3-2	GOLGA3	ENSG00000090615
AMPD3-2	AMPD3	ENSG00000133805
PMPCA-2	PMPCA	ENSG00000165688
FGFR1OP2-2	FGFR1OP2	ENSG00000111790
FLII-2	FLII	ENSG00000177731
VPS35-2	VPS35	ENSG00000069329
PLK3-2	PLK3	ENSG00000173846
NCOA4-2	NCOA4	ENSG00000266412
KMT2A-2	KMT2A	ENSG00000118058
SAMD1-2	SAMD1	ENSG00000141858
IRF3-2	IRF3	ENSG00000126456
ST8SIA1-2	ST8SIA1	ENSG00000111728
MAP3K3-2	MAP3K3	ENSG00000198909
VAX1-2	VAX1	ENSG00000148704
ZNF835-2	ZNF835	ENSG00000127903
REEP6-2	REEP6	ENSG00000115255
RFFL-2	RFFL	ENSG00000092871
ZNF814-2	ZNF814	ENSG00000204514
GRM2-2	GRM2	ENSG00000164082
ASH2L-2	ASH2L	ENSG00000129691
DDX51-2	DDX51	ENSG00000185163
FOXR1-2	FOXR1	ENSG00000176302
GRHL3-2	GRHL3	ENSG00000158055
PGAP1-2	PGAP1	ENSG00000197121
CR2-2	CR2	ENSG00000117322
CEP128-2	CEP128	ENSG00000100629
CDC123-2	CDC123	ENSG00000151465
PGD-2	PGD	ENSG00000142657
CDK10-2	CDK10	ENSG00000185324
RAB35-2	RAB35	ENSG00000111737
GALNT1-2	GALNT1	ENSG00000141429
FBXO11-2	FBXO11	ENSG00000138081
ZNF189-2	ZNF189	ENSG00000136870
POLR2B-2	POLR2B	ENSG00000047315
FUT7-2	FUT7	ENSG00000180549
TFPI-2	TFPI	ENSG00000003436
BCL7C-2	BCL7C	ENSG00000099385
TMEM38B-2	TMEM38B	ENSG00000095209
MED9-2	MED9	ENSG00000141026
DGKZ-2	DGKZ	ENSG00000149091
SLC25A3-2	SLC25A3	ENSG00000075415
KHDRBS1-2	KHDRBS1	ENSG00000121774
IKBIP-2	IKBIP	ENSG00000166130
SEC62-2	SEC62	ENSG00000008952
ZNF654-2	ZNF654	ENSG00000175105
RIPK3-2	RIPK3	ENSG00000129465
UBA1-2	UBA1	ENSG00000130985
MT1X-2	MT1X	ENSG00000187193
SELENOK-2	SELENOK	ENSG00000113811
ZSCAN2-2	ZSCAN2	ENSG00000176371
TSHZ3-2	TSHZ3	ENSG00000121297
RAB29-2	RAB29	ENSG00000117280
CCDC180-2	CCDC180	ENSG00000197816
TOB1-2	TOB1	ENSG00000141232
ZNF672-2	ZNF672	ENSG00000171161
INAFM1-2	INAFM1	ENSG00000257704
SEPT2-2	SEPTIN2	ENSG00000168385
SLC35B1-2	SLC35B1	ENSG00000121073
BROX-2	BROX	ENSG00000162819
CERS3-2	CERS3	ENSG00000154227
EPGN-2	EPGN	ENSG00000182585
VTI1B-2	VTI1B	ENSG00000100568
TCTA-2	TCTA	ENSG00000145022
MYO9B-2	MYO9B	ENSG00000099331
FCRL6-2	FCRL6	ENSG00000181036
SLC26A11-2	SLC26A11	ENSG00000181045
TGFB1-2	TGFB1	ENSG00000105329
PHF2-2	PHF2	ENSG00000197724
KIF11-2	KIF11	ENSG00000138160
IGF2BP3-2	IGF2BP3	ENSG00000136231
WHRN-2	WHRN	ENSG00000095397
CSTA-2	CSTA	ENSG00000121552
PAK2-2	PAK2	ENSG00000180370
FLAD1-2	FLAD1	ENSG00000160688
CDS2-2	CDS2	ENSG00000101290
PGPEP1-2	PGPEP1	ENSG00000130517
COX15-2	COX15	ENSG00000014919
PHF12-2	PHF12	ENSG00000109118
ODF2L-2	ODF2L	ENSG00000122417
RIN1-2	RIN1	ENSG00000174791
NAT9-2	NAT9	ENSG00000109065
GSC-2	GSC	ENSG00000133937
CCDC115-2	CCDC115	ENSG00000136710
TFDP1-2	TFDP1	ENSG00000198176
ZSCAN5A-2	ZSCAN5A	ENSG00000131848
ARHGEF11-2	ARHGEF11	ENSG00000132694
NIPSNAP3A-2	NIPSNAP3A	ENSG00000136783
PMPCB-2	PMPCB	ENSG00000105819
GFER-2	GFER	ENSG00000127554
TOLLIP-2	TOLLIP	ENSG00000078902
MRPL54-2	MRPL54	ENSG00000183617
CAPN3-2	CAPN3	ENSG00000092529
RPL35-2	RPL35	ENSG00000136942
TCF3-2	TCF3	ENSG00000071564
SYNJ2BP-2	SYNJ2BP	ENSG00000213463
STK26-2	STK26	ENSG00000134602
MDM2-2	MDM2	ENSG00000135679
GPA33-2	GPA33	ENSG00000143167
XCL1-2	XCL1	ENSG00000143184
MBD5-2	MBD5	ENSG00000204406
RNF213-2	RNF213	ENSG00000173821
FCN1-2	FCN1	ENSG00000085265
EXOC7-2	EXOC7	ENSG00000182473
ZNF800-2	ZNF800	ENSG00000048405
PEX11G-2	PEX11G	ENSG00000104883
RNF43-2	RNF43	ENSG00000108375
SOHLH2-2	SOHLH2	ENSG00000120669
APOA4-2	APOA4	ENSG00000110244
OGFR-2	OGFR	ENSG00000060491
ZCCHC8-2	ZCCHC8	ENSG00000033030
ITK-2	ITK	ENSG00000113263
RNLS-2	RNLS	ENSG00000184719
PLEKHM2-2	PLEKHM2	ENSG00000116786
IDH3G-2	IDH3G	ENSG00000067829
ANKRD49-2	ANKRD49	ENSG00000168876
PDIK1L-2	PDIK1L	ENSG00000175087
G2E3-2	G2E3	ENSG00000092140
SCYL1-2	SCYL1	ENSG00000142186
FGD3-2	FGD3	ENSG00000127084
RETSAT-2	RETSAT	ENSG00000042445
CMAS-2	CMAS	ENSG00000111726
ETS1-2	ETS1	ENSG00000134954
BNIP2-2	BNIP2	ENSG00000140299
TFCP2L1-2	TFCP2L1	ENSG00000115112
SRP72-2	SRP72	ENSG00000174780
ZNF366-2	ZNF366	ENSG00000178175
VHL-2	VHL	ENSG00000134086
ATOH8-2	ATOH8	ENSG00000168874
IFNAR1-2	IFNAR1	ENSG00000142166
GAPDH-2	GAPDH	ENSG00000111640
CD53-2	CD53	ENSG00000143119
KYAT3-2	KYAT3	ENSG00000137944
GRIN3A-2	GRIN3A	ENSG00000198785
ANKRD18A-2	ANKRD18A	ENSG00000180071
TLE3-2	TLE3	ENSG00000140332
PRR13-2	PRR13	ENSG00000205352
ESD-2	ESD	ENSG00000139684
SDHD-2	SDHD	ENSG00000204370
SNX11-2	SNX11	ENSG00000002919
FANCB-2	FANCB	ENSG00000181544
NKX2-1-2	NKX2-1	ENSG00000136352
CCNY-2	CCNY	ENSG00000108100
SPECC1L-2	SPECC1L	ENSG00000100014
ARFGEF2-2	ARFGEF2	ENSG00000124198
ABLIM3-2	ABLIM3	ENSG00000173210
CEP41-2	CEP41	ENSG00000106477
ENO2-2	ENO2	ENSG00000111674
SCYL3-2	SCYL3	ENSG00000000457
CUL1-2	CUL1	ENSG00000055130
CACNA1I-2	CACNA1I	ENSG00000100346
OSGEP-2	OSGEP	ENSG00000092094
ZNF30-2	ZNF30	ENSG00000168661
ARAF-2	ARAF	ENSG00000078061
MIEF2-2	MIEF2	ENSG00000177427
HM13-2	HM13	ENSG00000101294
RPS6KA3-2	RPS6KA3	ENSG00000177189
MTRF1-2	MTRF1	ENSG00000120662
ZNF703-2	ZNF703	ENSG00000183779
FIBP-2	FIBP	ENSG00000172500
SEC24D-2	SEC24D	ENSG00000150961
GP1BB-2	GP1BB	ENSG00000203618
TTYH2-2	TTYH2	ENSG00000141540
PTPN9-2	PTPN9	ENSG00000169410
MYBL2-2	MYBL2	ENSG00000101057
ARL13B-2	ARL13B	ENSG00000169379
DR1-2	DR1	ENSG00000117505
KRT73-2	KRT73	ENSG00000186049
PLXND1-2	PLXND1	ENSG00000004399
FOCAD-2	FOCAD	ENSG00000188352
METTL13-2	METTL13	ENSG00000010165
UNCX-2	UNCX	ENSG00000164853
SIRT7-2	SIRT7	ENSG00000187531
PEAK3-2	PEAK3	ENSG00000188305
CXXC1-2	CXXC1	ENSG00000154832
MRPS7-2	MRPS7	ENSG00000125445
RPS3-2	RPS3	ENSG00000149273
ATP5MF-PTCD1-2	ATP5MF-PTCD1	ENSG00000248919
SDR42E2-2	SDR42E2	ENSG00000183921
CPLANE2-2	CPLANE2	ENSG00000132881
ATP6V0A2-2	ATP6V0A2	ENSG00000185344
ZNF594-2	ZNF594	ENSG00000180626
DYNLL1-2	DYNLL1	ENSG00000088986
LRRC8D-2	LRRC8D	ENSG00000171492
PRRC1-2	PRRC1	ENSG00000164244
CD2AP-2	CD2AP	ENSG00000198087
PTBP1-2	PTBP1	ENSG00000011304
ARL2-2	ARL2	ENSG00000213465
CHAMP1-2	CHAMP1	ENSG00000198824
NOP53-2	NOP53	ENSG00000105373
TMEM136-2	TLCD5	ENSG00000181264
PAOX-2	PAOX	ENSG00000148832
TMUB1-2	TMUB1	ENSG00000164897
PHYHD1-2	PHYHD1	ENSG00000175287
ACAP3-2	ACAP3	ENSG00000131584
TEX45-2	SAXO5	ENSG00000198723
ZNF292-2	ZNF292	ENSG00000188994
RAPGEF6-2	RAPGEF6	ENSG00000158987
ZNF883-2	ZNF883	ENSG00000228623
SATB2-2	SATB2	ENSG00000119042
UQCRH-2	UQCRH	ENSG00000173660
CCNA1-2	CCNA1	ENSG00000133101
MAPKAPK3-2	MAPKAPK3	ENSG00000114738
METTL3-2	METTL3	ENSG00000165819
RPS27L-2	RPS27L	ENSG00000185088
TMCC2-2	TMCC2	ENSG00000133069
CHMP1A-2	CHMP1A	ENSG00000131165
AKAP8L-2	AKAP8L	ENSG00000011243
NKX3-2-2	NKX3-2	ENSG00000109705
METTL17-2	METTL17	ENSG00000165792
NEUROD6-2	NEUROD6	ENSG00000164600
RAI14-2	RAI14	ENSG00000039560
MPND-2	MPND	ENSG00000008382
AUNIP-2	AUNIP	ENSG00000127423
FEM1A-2	FEM1A	ENSG00000141965
ATMIN-2	ATMIN	ENSG00000166454
DMTN-2	DMTN	ENSG00000158856
CRTAP-2	CRTAP	ENSG00000170275
ATP13A3-2	ATP13A3	ENSG00000133657
L3MBTL2-2	L3MBTL2	ENSG00000100395
TGM1-2	TGM1	ENSG00000092295
ZBTB38-2	ZBTB38	ENSG00000177311
TRANK1-2	TRANK1	ENSG00000168016
ARHGAP6-2	ARHGAP6	ENSG00000047648
ZNF214-2	ZNF214	ENSG00000149050
NMNAT3-2	NMNAT3	ENSG00000163864
PKN3-2	PKN3	ENSG00000160447
METTL9-2	METTL9	ENSG00000197006
SELENON-2	SELENON	ENSG00000162430
MAPK14-2	MAPK14	ENSG00000112062
UBE2J2-2	UBE2J2	ENSG00000160087
SLC9A3R1-2	NHERF1	ENSG00000109062
MTURN-2	MTURN	ENSG00000180354
SEC61G-2	SEC61G	ENSG00000132432
OXLD1-2	OXLD1	ENSG00000204237
PTER-2	PTER	ENSG00000165983
ASB14-2	ASB14	ENSG00000239388
ATXN2-2	ATXN2	ENSG00000204842
SCX-2	SCX	ENSG00000260428
TENT4A-2	TENT4A	ENSG00000112941
SUCLG1-2	SUCLG1	ENSG00000163541
CHM-2	CHM	ENSG00000188419
INTS7-2	INTS7	ENSG00000143493
DTHD1-2	DTHD1	ENSG00000197057
SPP1-2	SPP1	ENSG00000118785
DDX28-2	DDX28	ENSG00000182810
THAP11-2	THAP11	ENSG00000168286
ERCC6L2-2	ERCC6L2	ENSG00000182150
TP63-2	TP63	ENSG00000073282
PRPF40B-2	PRPF40B	ENSG00000110844
TBC1D22B-2	TBC1D22B	ENSG00000065491
WDR35-2	WDR35	ENSG00000118965
TBR1-2	TBR1	ENSG00000136535
TIPARP-2	TIPARP	ENSG00000163659
NOSIP-2	NOSIP	ENSG00000142546
RACGAP1-2	RACGAP1	ENSG00000161800
DMAC1-2	DMAC1	ENSG00000137038
BIVM-2	BIVM	ENSG00000134897
CTSH-2	CTSH	ENSG00000103811
RP9-2	RP9	ENSG00000164610
ZNF273-2	ZNF273	ENSG00000198039
TADA3-2	TADA3	ENSG00000171148
SNX33-2	SNX33	ENSG00000173548
CD68-2	CD68	ENSG00000129226
CHP1-2	CHP1	ENSG00000187446
KCNH4-2	KCNH4	ENSG00000089558
MT2A-2	MT2A	ENSG00000125148
FAM126B-2	HYCC2	ENSG00000155744
SIKE1-2	SIKE1	ENSG00000052723
DDX1-2	DDX1	ENSG00000079785
TIPRL-2	TIPRL	ENSG00000143155
TTC31-2	TTC31	ENSG00000115282
HNRNPH3-2	HNRNPH3	ENSG00000096746
ACSL4-2	ACSL4	ENSG00000068366
MIGA2-2	MIGA2	ENSG00000148343
CABLES2-2	CABLES2	ENSG00000149679
PACS2-2	PACS2	ENSG00000179364
TPP1-2	TPP1	ENSG00000166340
NKIRAS2-2	NKIRAS2	ENSG00000168256
FAM98C-2	FAM98C	ENSG00000130244
ZNF605-2	ZNF605	ENSG00000196458
LHX9-2	LHX9	ENSG00000143355
TMEM19-2	TMEM19	ENSG00000139291
NSUN4-2	NSUN4	ENSG00000117481
SPON1-2	SPON1	ENSG00000262655
IDI1-2	IDI1	ENSG00000067064
DUS1L-2	DUS1L	ENSG00000169718
NPTXR-2	NPTXR	ENSG00000221890
GIPC3-2	GIPC3	ENSG00000179855
PGGT1B-2	PGGT1B	ENSG00000164219
UQCRC2-2	UQCRC2	ENSG00000140740
DDX3Y-2	DDX3Y	ENSG00000067048
EVA1C-2	EVA1C	ENSG00000166979
MTHFD1L-2	MTHFD1L	ENSG00000120254
UBE2D1-2	UBE2D1	ENSG00000072401
NOP58-2	NOP58	ENSG00000055044
MSL2-2	MSL2	ENSG00000174579
NUDCD2-2	NUDCD2	ENSG00000170584
UBQLN1-2	UBQLN1	ENSG00000135018
ACAD11-2	ACAD11	ENSG00000240303
WDR60-2	DYNC2I1	ENSG00000126870
ELP2-2	ELP2	ENSG00000134759
COL5A1-2	COL5A1	ENSG00000130635
ZFR-2	ZFR	ENSG00000056097
HNRNPH2-2	HNRNPH2	ENSG00000126945
CD99L2-2	CD99L2	ENSG00000102181
CCDC12-2	CCDC12	ENSG00000160799
HIST2H2BF-2	H2BC18	ENSG00000203814
UBE2L6-2	UBE2L6	ENSG00000156587
NSDHL-2	NSDHL	ENSG00000147383
APOBEC3D-2	APOBEC3D	ENSG00000243811
HIF3A-2	HIF3A	ENSG00000124440
MAX-2	MAX	ENSG00000125952
IRX2-2	IRX2	ENSG00000170561
JUNB-2	JUNB	ENSG00000171223
EYS-2	EYS	ENSG00000188107
SARDH-2	SARDH	ENSG00000123453
CCAR2-2	CCAR2	ENSG00000158941
HADHA-2	HADHA	ENSG00000084754
ZNF572-2	ZNF572	ENSG00000180938
APEX1-2	APEX1	ENSG00000100823
MYCL-2	MYCL	ENSG00000116990
DYRK3-2	DYRK3	ENSG00000143479
RSAD1-2	RSAD1	ENSG00000136444
USPL1-2	USPL1	ENSG00000132952
PPA1-2	PPA1	ENSG00000180817
BMPR2-2	BMPR2	ENSG00000204217
ARHGEF12-2	ARHGEF12	ENSG00000196914
ROPN1L-2	ROPN1L	ENSG00000145491
NCKAP1L-2	NCKAP1L	ENSG00000123338
RRAGD-2	RRAGD	ENSG00000025039
TBX1-2	TBX1	ENSG00000184058
NOL10-2	NOL10	ENSG00000115761
SATL1-2	SATL1	ENSG00000184788
IPO7-2	IPO7	ENSG00000205339
RBM45-2	RBM45	ENSG00000155636
RCOR1-2	RCOR1	ENSG00000089902
SLC16A5-2	SLC16A5	ENSG00000170190
ADD1-2	ADD1	ENSG00000087274
ZNF749-2	ZNF749	ENSG00000186230
SLC25A16-2	SLC25A16	ENSG00000122912
SETD3-2	SETD3	ENSG00000183576
GAPVD1-2	GAPVD1	ENSG00000165219
RABGEF1-2	RABGEF1	ENSG00000154710
MARK2-2	MARK2	ENSG00000072518
FTO-2	FTO	ENSG00000140718
HECTD1-2	HECTD1	ENSG00000092148
PTPN4-2	PTPN4	ENSG00000088179
ZNF486-2	ZNF486	ENSG00000256229
GDPD5-2	GDPD5	ENSG00000158555
ITPRIP-2	ITPRIP	ENSG00000148841
C8orf59-2	RBIS	ENSG00000176731
KIF21A-2	KIF21A	ENSG00000139116
FBXO9-2	FBXO9	ENSG00000112146
SETDB2-2	SETDB2	ENSG00000136169
PUS10-2	PUS10	ENSG00000162927
ANKRD52-2	ANKRD52	ENSG00000139645
C1QBP-2	C1QBP	ENSG00000108561
FCHSD2-2	FCHSD2	ENSG00000137478
GTF3C4-2	GTF3C4	ENSG00000125484
CCDC169-SOHLH2-2	CCDC169-SOHLH2	ENSG00000250709
THEM4-2	THEM4	ENSG00000159445
DDX10-2	DDX10	ENSG00000178105
SLC7A6-2	SLC7A6	ENSG00000103064
CENPI-2	CENPI	ENSG00000102384
SLC25A1-2	SLC25A1	ENSG00000100075
NUP50-2	NUP50	ENSG00000093000
CD33-2	CD33	ENSG00000105383
MFN1-2	MFN1	ENSG00000171109
C1orf216-2	C1orf216	ENSG00000142686
CRYZL1-2	CRYZL1	ENSG00000205758
STXBP4-2	STXBP4	ENSG00000166263
CLPTM1-2	CLPTM1	ENSG00000104853
KLF17-2	KLF17	ENSG00000171872
CDS1-2	CDS1	ENSG00000163624
ZNF335-2	ZNF335	ENSG00000198026
FBXO34-2	FBXO34	ENSG00000178974
MED19-2	MED19	ENSG00000156603
RASAL1-2	RASAL1	ENSG00000111344
ARRDC1-2	ARRDC1	ENSG00000197070
ZNF845-2	ZNF845	ENSG00000213799
CXorf40B-2	EOLA2	ENSG00000197021
RBM19-2	RBM19	ENSG00000122965
SMIM1-2	SMIM1	ENSG00000235169
BSDC1-2	BSDC1	ENSG00000160058
NOL4L-2	NOL4L	ENSG00000197183
SLC39A1-2	SLC39A1	ENSG00000143570
MMP1-2	MMP1	ENSG00000196611
SFRP1-2	SFRP1	ENSG00000104332
ZNF665-2	ZNF665	ENSG00000197497
MRPL10-2	MRPL10	ENSG00000159111
ZNF330-2	ZNF330	ENSG00000109445
ASNA1-2	GET3	ENSG00000198356
RASA3-2	RASA3	ENSG00000185989
RDH11-2	RDH11	ENSG00000072042
GIT2-2	GIT2	ENSG00000139436
MAN1A1-2	MAN1A1	ENSG00000111885
PFKM-2	PFKM	ENSG00000152556
TMEM205-2	TMEM205	ENSG00000105518
SELENOP-2	SELENOP	ENSG00000250722
TMEM184C-2	TMEM184C	ENSG00000164168
SET-2	SET	ENSG00000119335
PRKCD-2	PRKCD	ENSG00000163932
STOX1-2	STOX1	ENSG00000165730
MSH2-2	MSH2	ENSG00000095002
ITGB3BP-2	ITGB3BP	ENSG00000142856
ENG-2	ENG	ENSG00000106991
CMTM7-2	CMTM7	ENSG00000153551
ZNF397-2	ZNF397	ENSG00000186812
TMEM169-2	TMEM169	ENSG00000163449
CEP162-2	CEP162	ENSG00000135315
GPBP1-2	GPBP1	ENSG00000062194
PPP1CC-2	PPP1CC	ENSG00000186298
ZNF205-2	ZNF205	ENSG00000122386
MRPS5-2	MRPS5	ENSG00000144029
DNM3-2	DNM3	ENSG00000197959
RNF219-2	OBI1	ENSG00000152193
EYA3-2	EYA3	ENSG00000158161
ZNF519-2	ZNF519	ENSG00000175322
MFSD6-2	MFSD6	ENSG00000151690
DIABLO-2	DIABLO	ENSG00000184047
KDELR2-2	KDELR2	ENSG00000136240
SLA2-2	SLA2	ENSG00000101082
CDK5RAP1-2	CDK5RAP1	ENSG00000101391
ASCC2-2	ASCC2	ENSG00000100325
MFSD4B-2	MFSD4B	ENSG00000173214
ZNF562-2	ZNF562	ENSG00000171466
PDGFRB-2	PDGFRB	ENSG00000113721
ITPA-2	ITPA	ENSG00000125877
HIVEP3-2	HIVEP3	ENSG00000127124
PDE6C-2	PDE6C	ENSG00000095464
UBALD1-2	UBALD1	ENSG00000153443
SEC22A-2	SEC22A	ENSG00000121542
CLEC2D-2	CLEC2D	ENSG00000069493
RPS12-2	RPS12	ENSG00000112306
GLOD4-2	GLOD4	ENSG00000167699
TOR1AIP1-2	TOR1AIP1	ENSG00000143337
PSMD1-2	PSMD1	ENSG00000173692
PARD6A-2	PARD6A	ENSG00000102981
LRRC57-2	LRRC57	ENSG00000180979
PBX1-2	PBX1	ENSG00000185630
WDFY2-2	WDFY2	ENSG00000139668
C12orf66-2	KICS2	ENSG00000174206
DGKA-2	DGKA	ENSG00000065357
FBXL14-2	FBXL14	ENSG00000171823
MS4A1-2	MS4A1	ENSG00000156738
ZKSCAN4-2	ZKSCAN4	ENSG00000187626
PCGF3-2	PCGF3	ENSG00000185619
EXOSC7-2	EXOSC7	ENSG00000075914
PSMD7-2	PSMD7	ENSG00000103035
KIAA1671-2	KIAA1671	ENSG00000197077
WDR74-2	WDR74	ENSG00000133316
GSTO2-2	GSTO2	ENSG00000065621
ERMP1-2	ERMP1	ENSG00000099219
NDUFA11-2	NDUFA11	ENSG00000174886
TRIM28-2	TRIM28	ENSG00000130726
CTPS2-2	CTPS2	ENSG00000047230
TMEM94-2	TMEM94	ENSG00000177728
ARHGAP17-2	ARHGAP17	ENSG00000140750
FBXO38-2	FBXO38	ENSG00000145868
TFDP2-2	TFDP2	ENSG00000114126
CXCR5-2	CXCR5	ENSG00000160683
POM121C-2	POM121C	ENSG00000272391
MRPS30-2	MRPS30	ENSG00000112996
DCTPP1-2	DCTPP1	ENSG00000179958
TRAF2-2	TRAF2	ENSG00000127191
SPATA5L1-2	AFG2B	ENSG00000171763
NQO2-2	NQO2	ENSG00000124588
CALM1-2	CALM1	ENSG00000198668
C15orf61-2	C15orf61	ENSG00000189227
NOCT-2	NOCT	ENSG00000151014
BANF1-2	BANF1	ENSG00000175334
DUS3L-2	DUS3L	ENSG00000141994
FNBP1L-2	FNBP1L	ENSG00000137942
OAS3-2	OAS3	ENSG00000111331
ABCD3-2	ABCD3	ENSG00000117528
GGCX-2	GGCX	ENSG00000115486
ID2-2	ID2	ENSG00000115738
LIPT2-2	LIPT2	ENSG00000175536
P2RX7-2	P2RX7	ENSG00000089041
DOK3-2	DOK3	ENSG00000146094
FABP2-2	FABP2	ENSG00000145384
NOP2-2	NOP2	ENSG00000111641
TAB1-2	TAB1	ENSG00000100324
STRN4-2	STRN4	ENSG00000090372
EIF3H-2	EIF3H	ENSG00000147677
OTOF-2	OTOF	ENSG00000115155
ANKRD13D-2	ANKRD13D	ENSG00000172932
TELO2-2	TELO2	ENSG00000100726
COL1A1-2	COL1A1	ENSG00000108821
RPS27-2	RPS27	ENSG00000177954
H2AFJ-2	H2AJ	ENSG00000246705
RLF-2	RLF	ENSG00000117000
IFI6-2	IFI6	ENSG00000126709
FKBP2-2	FKBP2	ENSG00000173486
GPR34-2	GPR34	ENSG00000171659
TM9SF3-2	TM9SF3	ENSG00000077147
FAM129A-2	NIBAN1	ENSG00000135842
MMGT1-2	MMGT1	ENSG00000169446
AIMP2-2	AIMP2	ENSG00000106305
SELENOW-2	SELENOW	ENSG00000178980
ZNF91-2	ZNF91	ENSG00000167232
CXCL11-2	CXCL11	ENSG00000169248
IST1-2	IST1	ENSG00000182149
C11orf96-2	C11orf96	ENSG00000187479
NUDT17-2	NUDT17	ENSG00000186364
FAM110A-2	FAM110A	ENSG00000125898
LRRC37B-2	LRRC37B	ENSG00000185158
CCDC144A-2	CCDC144A	ENSG00000170160
PIK3C3-2	PIK3C3	ENSG00000078142
OAS2-2	OAS2	ENSG00000111335
PXN-2	PXN	ENSG00000089159
FOXD4-2	FOXD4	ENSG00000170122
RNASEH1-2	RNASEH1	ENSG00000171865
SPDL1-2	SPDL1	ENSG00000040275
EML3-2	EML3	ENSG00000149499
SHC4-2	SHC4	ENSG00000185634
TFAP2B-2	TFAP2B	ENSG00000008196
CRYAB-2	CRYAB	ENSG00000109846
ZNF77-2	ZNF77	ENSG00000175691
IQCN-2	IQCN	ENSG00000130518
ARHGDIB-2	ARHGDIB	ENSG00000111348
FAM217B-2	FAM217B	ENSG00000196227
TMEM242-2	TMEM242	ENSG00000215712
IPMK-2	IPMK	ENSG00000151151
DAZAP1-2	DAZAP1	ENSG00000071626
TMIGD2-2	TMIGD2	ENSG00000167664
UBN2-2	UBN2	ENSG00000157741
ATP5F1A-2	ATP5F1A	ENSG00000152234
CNIH1-2	CNIH1	ENSG00000100528
PTGDR-2	PTGDR	ENSG00000168229
HES3-2	HES3	ENSG00000173673
ZWILCH-2	ZWILCH	ENSG00000174442
TXNDC9-2	TXNDC9	ENSG00000115514
DCLRE1A-2	DCLRE1A	ENSG00000198924
TAGAP-2	TAGAP	ENSG00000164691
TNFAIP2-2	TNFAIP2	ENSG00000185215
HIPK1-2	HIPK1	ENSG00000163349
LPAR3-2	LPAR3	ENSG00000171517
RAD51D-2	RAD51D	ENSG00000185379
PARVB-2	PARVB	ENSG00000188677
LIX1L-2	LIX1L	ENSG00000271601
TMEM18-2	TMEM18	ENSG00000151353
TOGARAM2-2	TOGARAM2	ENSG00000189350
PPP1R21-2	PPP1R21	ENSG00000162869
CHCHD1-2	CHCHD1	ENSG00000172586
ADIRF-2	ADIRF	ENSG00000148671
GARS-2	GARS1	ENSG00000106105
ARMH2-2	ARMH2	ENSG00000260286
UNC119-2	UNC119	ENSG00000109103
VWF-2	VWF	ENSG00000110799
SETD2-2	SETD2	ENSG00000181555
UBE2D3-2	UBE2D3	ENSG00000109332
CLECL1-2	CLECL1P	ENSG00000184293
USP21-2	USP21	ENSG00000143258
WASF1-2	WASF1	ENSG00000112290
NRF1-2	NRF1	ENSG00000106459
SOCS5-2	SOCS5	ENSG00000171150
KIAA0513-2	KIAA0513	ENSG00000135709
AFAP1L2-2	AFAP1L2	ENSG00000169129
SLCO4C1-2	SLCO4C1	ENSG00000173930
AHCYL2-2	AHCYL2	ENSG00000158467
RPL21-2	RPL21	ENSG00000122026
ZNF850-2	ZNF850	ENSG00000267041
POLR2C-2	POLR2C	ENSG00000102978
SELENOF-2	SELENOF	ENSG00000183291
UROD-2	UROD	ENSG00000126088
PM20D1-2	PM20D1	ENSG00000162877
KRR1-2	KRR1	ENSG00000111615
CCR8-2	CCR8	ENSG00000179934
AK9-2	AK9	ENSG00000155085
CYP7B1-2	CYP7B1	ENSG00000172817
DCAF16-2	DCAF16	ENSG00000163257
NDUFC2-2	NDUFC2	ENSG00000151366
FUK-2	FCSK	ENSG00000157353
RFX7-2	RFX7	ENSG00000181827
OLA1-2	OLA1	ENSG00000138430
TCEAL3-2	TCEAL3	ENSG00000196507
LMTK3-2	LMTK3	ENSG00000142235
OLIG2-2	OLIG2	ENSG00000205927
NCBP2-2	NCBP2	ENSG00000114503
BRPF1-2	BRPF1	ENSG00000156983
CA11-2	CA11	ENSG00000063180
MFSD5-2	MFSD5	ENSG00000182544
INO80D-2	INO80D	ENSG00000114933
LATS2-2	LATS2	ENSG00000150457
EIF4B-2	EIF4B	ENSG00000063046
PLK2-2	PLK2	ENSG00000145632
WDR59-2	WDR59	ENSG00000103091
HECTD3-2	HECTD3	ENSG00000126107
CRCP-2	CRCP	ENSG00000241258
ABCD2-2	ABCD2	ENSG00000173208
EIF1AX-2	EIF1AX	ENSG00000173674
ANKRD13C-2	ANKRD13C	ENSG00000118454
RYK-2	RYK	ENSG00000163785
SIPA1-2	SIPA1	ENSG00000213445
GBX1-2	GBX1	ENSG00000164900
GXYLT1-2	GXYLT1	ENSG00000151233
CCP110-2	CCP110	ENSG00000103540
PTK2B-2	PTK2B	ENSG00000120899
NSD1-2	NSD1	ENSG00000165671
SLC38A1-2	SLC38A1	ENSG00000111371
RMND1-2	RMND1	ENSG00000155906
ZNF669-2	ZNF669	ENSG00000188295
ACSL3-2	ACSL3	ENSG00000123983
NATD1-2	NATD1	ENSG00000274180
JUP-2	JUP	ENSG00000173801
SHROOM1-2	SHROOM1	ENSG00000164403
GALNT2-2	GALNT2	ENSG00000143641
SRI-2	SRI	ENSG00000075142
AP5B1-2	AP5B1	ENSG00000254470
EIF4A2-2	EIF4A2	ENSG00000156976
RALGPS1-2	RALGPS1	ENSG00000136828
CIAO2B-2	CIAO2B	ENSG00000166595
CAST-2	CAST	ENSG00000153113
PIK3CD-2	PIK3CD	ENSG00000171608
TSR1-2	TSR1	ENSG00000167721
TMEM69-2	TMEM69	ENSG00000159596
PPP2R2B-2	PPP2R2B	ENSG00000156475
ZBTB2-2	ZBTB2	ENSG00000181472
DPP4-2	DPP4	ENSG00000197635
ZNF551-2	ZNF551	ENSG00000204519
P4HA1-2	P4HA1	ENSG00000122884
ST6GALNAC1-2	ST6GALNAC1	ENSG00000070526
KAT6A-2	KAT6A	ENSG00000083168
MCAT-2	MCAT	ENSG00000100294
BSX-2	BSX	ENSG00000188909
TSPYL4-2	TSPYL4	ENSG00000187189
DNAJC2-2	DNAJC2	ENSG00000105821
TXLNA-2	TXLNA	ENSG00000084652
ZNF503-2	ZNF503	ENSG00000165655
COMMD4-2	COMMD4	ENSG00000140365
POLH-2	POLH	ENSG00000170734
ZFP91-2	ZFP91	ENSG00000186660
IMMP1L-2	IMMP1L	ENSG00000148950
ESX1-2	ESX1	ENSG00000123576
MORN1-2	MORN1	ENSG00000116151
CDC42BPB-2	CDC42BPB	ENSG00000198752
UBE2S-2	UBE2S	ENSG00000108106
MUC5AC-2	MUC5AC	ENSG00000215182
TBC1D31-2	TBC1D31	ENSG00000156787
BRWD3-2	BRWD3	ENSG00000165288
NOL3-2	NOL3	ENSG00000140939
RAD23B-2	RAD23B	ENSG00000119318
KCNAB1-2	KCNAB1	ENSG00000169282
H3F3C-2	H3-5	ENSG00000188375
CD3EAP-2	POLR1G	ENSG00000117877
LOXL1-2	LOXL1	ENSG00000129038
ZNF384-2	ZNF384	ENSG00000126746
CDK5R1-2	CDK5R1	ENSG00000176749
C11orf71-2	C11orf71	ENSG00000180425
LIPT1-2	LIPT1	ENSG00000144182
MVB12A-2	MVB12A	ENSG00000141971
KIF20A-2	KIF20A	ENSG00000112984
CDKAL1-2	CDKAL1	ENSG00000145996
SIRT6-2	SIRT6	ENSG00000077463
XRCC5-2	XRCC5	ENSG00000079246
STX3-2	STX3	ENSG00000166900
GLTP-2	GLTP	ENSG00000139433
HMG20A-2	HMG20A	ENSG00000140382
L3MBTL3-2	L3MBTL3	ENSG00000198945
GNAO1-2	GNAO1	ENSG00000087258
TJAP1-2	TJAP1	ENSG00000137221
XYLT1-2	XYLT1	ENSG00000103489
VAMP5-2	VAMP5	ENSG00000168899
MIB2-2	MIB2	ENSG00000197530
NECTIN3-2	NECTIN3	ENSG00000177707
RASGEF1B-2	RASGEF1B	ENSG00000138670
NDUFA7-2	NDUFA7	ENSG00000267855
NUDT6-2	NUDT6	ENSG00000170917
TCIRG1-2	TCIRG1	ENSG00000110719
HNRNPAB-2	HNRNPAB	ENSG00000197451
GAREM2-2	GAREM2	ENSG00000157833
COL27A1-2	COL27A1	ENSG00000196739
EFHC2-2	EFHC2	ENSG00000183690
GTF2I-2	GTF2I	ENSG00000263001
CD84-2	CD84	ENSG00000066294
PSMC3IP-2	PSMC3IP	ENSG00000131470
CYHR1-2	ZFTRAF1	ENSG00000187954
U2AF1L4-2	U2AF1L4	ENSG00000161265
MTRNR2L4-2	MTRNR2L4	MTRNR2L4
ARL14-2	ARL14	ENSG00000179674
RIMKLA-2	RIMKLA	ENSG00000177181
ZNF136-2	ZNF136	ENSG00000196646
NEB-2	NEB	ENSG00000183091
FAM114A2-2	FAM114A2	ENSG00000055147
CCNJ-2	CCNJ	ENSG00000107443
IMPACT-2	IMPACT	ENSG00000154059
SNAPC4-2	SNAPC4	ENSG00000165684
MRFAP1L1-2	MRFAP1L1	ENSG00000178988
ACTR5-2	ACTR5	ENSG00000101442
UTS2-2	UTS2	ENSG00000049247
MYO1C-2	MYO1C	ENSG00000197879
TOMM20-2	TOMM20	ENSG00000173726
LMNB2-2	LMNB2	ENSG00000176619
SERGEF-2	SERGEF	ENSG00000129158
CASP4-2	CASP4	ENSG00000196954
C11orf65-2	C11orf65	ENSG00000166323
PALLD-2	PALLD	ENSG00000129116
AMN-2	AMN	ENSG00000166126
AQP5-2	AQP5	ENSG00000161798
NELFCD-2	NELFCD	ENSG00000101158
NCAPG-2	NCAPG	ENSG00000109805
ATG9B-2	ATG9B	ENSG00000181652
HCCS-2	HCCS	ENSG00000004961
GMIP-2	GMIP	ENSG00000089639
HAUS4-2	HAUS4	ENSG00000092036
H2AFX-2	H2AX	ENSG00000188486
LAMTOR2-2	LAMTOR2	ENSG00000116586
NUDT18-2	NUDT18	ENSG00000275074
GSTZ1-2	GSTZ1	ENSG00000100577
C7orf61-2	SPACDR	ENSG00000185955
NTRK3-2	NTRK3	ENSG00000140538
RNF166-2	RNF166	ENSG00000158717
HMGB2-2	HMGB2	ENSG00000164104
RABEPK-2	RABEPK	ENSG00000136933
SYF2-2	SYF2	ENSG00000117614
NSMCE4A-2	NSMCE4A	ENSG00000107672
BRD7-2	BRD7	ENSG00000166164
C12orf4-2	FERRY3	ENSG00000047621
MGA-2	MGA	ENSG00000174197
USP51-2	USP51	ENSG00000247746
CHCHD5-2	CHCHD5	ENSG00000125611
TRIM4-2	TRIM4	ENSG00000146833
PDK2-2	PDK2	ENSG00000005882
ZDHHC15-2	ZDHHC15	ENSG00000102383
KCND1-2	KCND1	ENSG00000102057
C2orf88-2	C2orf88	ENSG00000187699
SRY-2	SRY	ENSG00000184895
DGKE-2	DGKE	ENSG00000153933
PHKB-2	PHKB	ENSG00000102893
NDUFA10-2	NDUFA10	ENSG00000130414
AAMDC-2	AAMDC	ENSG00000087884
RPL6-2	RPL6	ENSG00000089009
PCSK6-2	PCSK6	ENSG00000140479
RPS23-2	RPS23	ENSG00000186468
CYGB-2	CYGB	ENSG00000161544
MBTPS1-2	MBTPS1	ENSG00000140943
COP1-2	COP1	ENSG00000143207
HAGH-2	HAGH	ENSG00000063854
ICA1L-2	ICA1L	ENSG00000163596
UBASH3B-2	UBASH3B	ENSG00000154127
EIPR1-2	EIPR1	ENSG00000032389
WRN-2	WRN	ENSG00000165392
IFNAR2-2	IFNAR2	ENSG00000159110
TMEM245-2	TMEM245	ENSG00000106771
FAM98B-2	FAM98B	ENSG00000171262
SLC6A16-2	SLC6A16	ENSG00000063127
ARHGAP26-2	ARHGAP26	ENSG00000145819
EMC8-2	EMC8	ENSG00000131148
ATL2-2	ATL2	ENSG00000119787
CCDC50-2	CCDC50	ENSG00000152492
SRR-2	SRR	ENSG00000167720
ERP27-2	ERP27	ENSG00000139055
NCOA1-2	NCOA1	ENSG00000084676
SCGB3A2-2	SCGB3A2	ENSG00000164265
TYMS-2	TYMS	ENSG00000176890
REG1A-2	REG1A	ENSG00000115386
LHX2-2	LHX2	ENSG00000106689
DEK-2	DEK	ENSG00000124795
CMTM8-2	CMTM8	ENSG00000170293
MED4-2	MED4	ENSG00000136146
FBXO21-2	FBXO21	ENSG00000135108
POLR3E-2	POLR3E	ENSG00000058600
PLXNC1-2	PLXNC1	ENSG00000136040
MSL1-2	MSL1	ENSG00000188895
ATAD1-2	ATAD1	ENSG00000138138
INTS4-2	INTS4	ENSG00000149262
FAM161A-2	FAM161A	ENSG00000170264
ELOVL6-2	ELOVL6	ENSG00000170522
MVD-2	MVD	ENSG00000167508
MYL6-2	MYL6	ENSG00000092841
JAZF1-2	JAZF1	ENSG00000153814
TBRG1-2	TBRG1	ENSG00000154144
SGCB-2	SGCB	ENSG00000163069
RILPL2-2	RILPL2	ENSG00000150977
BHLHB9-2	GPRASP3	ENSG00000198908
RBM3-2	RBM3	ENSG00000102317
AKAP10-2	AKAP10	ENSG00000108599
CLU-2	CLU	ENSG00000120885
RFC4-2	RFC4	ENSG00000163918
SPTB-2	SPTB	ENSG00000070182
POMC-2	POMC	ENSG00000115138
RPL31-2	RPL31	ENSG00000071082
BARX2-2	BARX2	ENSG00000043039
LSM1-2	LSM1	ENSG00000175324
SMIM5-2	SMIM5	ENSG00000204323
CLEC4A-2	CLEC4A	ENSG00000111729
XK-2	XK	ENSG00000047597
DPH7-2	DPH7	ENSG00000148399
SPINT1-2	SPINT1	ENSG00000166145
PAPOLG-2	PAPOLG	ENSG00000115421
DNAJB13-2	DNAJB13	ENSG00000187726
IRF2-2	IRF2	ENSG00000168310
CYR61-2	CCN1	ENSG00000142871
KLF4-2	KLF4	ENSG00000136826
FAM122A-2	PABIR1	ENSG00000187866
LTV1-2	LTV1	ENSG00000135521
COMMD6-2	COMMD6	ENSG00000188243
ARHGAP21-2	ARHGAP21	ENSG00000107863
CLUH-2	CLUH	ENSG00000132361
ZDHHC13-2	ZDHHC13	ENSG00000177054
TSC22D2-2	TSC22D2	ENSG00000196428
RPP40-2	RPP40	ENSG00000124787
POLR3H-2	POLR3H	ENSG00000100413
LRPAP1-2	LRPAP1	ENSG00000163956
OPRM1-2	OPRM1	ENSG00000112038
TTLL5-2	TTLL5	ENSG00000119685
ORM2-2	ORM2	ENSG00000228278
CFDP1-2	CFDP1	ENSG00000153774
ZBTB7A-2	ZBTB7A	ENSG00000178951
INPP5A-2	INPP5A	ENSG00000068383
ZPR1-2	ZPR1	ENSG00000109917
C19orf66-2	SHFL	ENSG00000130813
ERLIN1-2	ERLIN1	ENSG00000107566
MAP3K12-2	MAP3K12	ENSG00000139625
TMX2-2	TMX2	ENSG00000213593
TMEM161A-2	TMEM161A	ENSG00000064545
TFCP2-2	TFCP2	ENSG00000135457
ENKUR-2	ENKUR	ENSG00000151023
EP300-2	EP300	ENSG00000100393
C8orf37-2	CFAP418	ENSG00000156172
CDC14A-2	CDC14A	ENSG00000079335
MAP6D1-2	MAP6D1	ENSG00000180834
PHF14-2	PHF14	ENSG00000106443
MAPK10-2	MAPK10	ENSG00000109339
AHSP-2	AHSP	ENSG00000169877
MLXIP-2	MLXIP	ENSG00000175727
GUCD1-2	GUCD1	ENSG00000138867
DOP1B-2	DOP1B	ENSG00000142197
FHIT-2	FHIT	ENSG00000189283
SH3D21-2	SH3D21	ENSG00000214193
TFEC-2	TFEC	ENSG00000105967
NEK4-2	NEK4	ENSG00000114904
ZNF395-2	ZNF395	ENSG00000186918
DHX35-2	DHX35	ENSG00000101452
KIF18B-2	KIF18B	ENSG00000186185
UNC50-2	UNC50	ENSG00000115446
CYB561D1-2	CYB561D1	ENSG00000174151
ZMIZ1-2	ZMIZ1	ENSG00000108175
FAU-2	FAU	ENSG00000149806
LAMTOR5-2	LAMTOR5	ENSG00000134248
ZNF829-2	ZNF829	ENSG00000185869
TMEM156-2	TMEM156	ENSG00000121895
FAM177A1-2	FAM177A1	ENSG00000151327
HCFC1-2	HCFC1	ENSG00000172534
CABP5-2	CABP5	ENSG00000105507
EFCAB13-2	EFCAB13	ENSG00000178852
MKRN1-2	MKRN1	ENSG00000133606
PIAS2-2	PIAS2	ENSG00000078043
ARSB-2	ARSB	ENSG00000113273
PRMT2-2	PRMT2	ENSG00000160310
MTIF3-2	MTIF3	ENSG00000122033
PSME1-2	PSME1	ENSG00000092010
MRPL34-2	MRPL34	ENSG00000130312
DHX15-2	DHX15	ENSG00000109606
GALT-2	GALT	ENSG00000213930
ST18-2	ST18	ENSG00000147488
CASS4-2	CASS4	ENSG00000087589
IFT20-2	IFT20	ENSG00000109083
TRPS1-2	TRPS1	ENSG00000104447
SFR1-2	SFR1	ENSG00000156384
TAGLN3-2	TAGLN3	ENSG00000144834
NPEPL1-2	NPEPL1	ENSG00000215440
SYK-2	SYK	ENSG00000165025
TTC32-2	TTC32	ENSG00000183891
KCNMB4-2	KCNMB4	ENSG00000135643
SLC12A4-2	SLC12A4	ENSG00000124067
NBPF15-2	NBPF15	ENSG00000266338
TMEM59-2	TMEM59	ENSG00000116209
RBM41-2	RBM41	ENSG00000089682
PRKRIP1-2	PRKRIP1	ENSG00000128563
TNRC18-2	TNRC18	ENSG00000182095
TCEAL8-2	TCEAL8	ENSG00000180964
DIS3L-2	DIS3L	ENSG00000166938
POLG-2	POLG	ENSG00000140521
TUBB2A-2	TUBB2A	ENSG00000137267
PPME1-2	PPME1	ENSG00000214517
SHOX2-2	SHOX2	ENSG00000168779
WDTC1-2	WDTC1	ENSG00000142784
NLE1-2	NLE1	ENSG00000073536
GLUL-2	GLUL	ENSG00000135821
LAMB3-2	LAMB3	ENSG00000196878
PPIA-2	PPIA	ENSG00000196262
IBTK-2	IBTK	ENSG00000005700
PEAR1-2	PEAR1	ENSG00000187800
UBE2Q2-2	UBE2Q2	ENSG00000140367
RPL4-2	RPL4	ENSG00000174444
ELOF1-2	ELOF1	ENSG00000130165
BRCA1-2	BRCA1	ENSG00000012048
DPM3-2	DPM3	ENSG00000179085
SLC25A36-2	SLC25A36	ENSG00000114120
FAM107B-2	FAM107B	ENSG00000065809
NUF2-2	NUF2	ENSG00000143228
TRIAP1-2	TRIAP1	ENSG00000170855
SYP-2	SYP	ENSG00000102003
BCDIN3D-2	BCDIN3D	ENSG00000186666
ZGLP1-2	ZGLP1	ENSG00000220201
NDUFA9-2	NDUFA9	ENSG00000139180
C16orf54-2	C16orf54	ENSG00000185905
EN1-2	EN1	ENSG00000163064
OSBPL1A-2	OSBPL1A	ENSG00000141447
SRP14-2	SRP14	ENSG00000140319
ACTB-2	ACTB	ENSG00000075624
MRPL18-2	MRPL18	ENSG00000112110
CFAP298-2	CFAP298	ENSG00000159079
PPM1G-2	PPM1G	ENSG00000115241
CYCS-2	CYCS	ENSG00000172115
SLC35E2B-2	SLC35E2B	ENSG00000189339
UVSSA-2	UVSSA	ENSG00000163945
POGZ-2	POGZ	ENSG00000143442
NGLY1-2	NGLY1	ENSG00000151092
CLBA1-2	CLBA1	ENSG00000140104
ZNF222-2	ZNF222	ENSG00000159885
TOE1-2	TOE1	ENSG00000132773
GLS-2	GLS	ENSG00000115419
ZNF141-2	ZNF141	ENSG00000131127
GALNT11-2	GALNT11	ENSG00000178234
ITGB5-2	ITGB5	ENSG00000082781
ACOT2-2	ACOT2	ENSG00000119673
PHB-2	PHB1	ENSG00000167085
DHX30-2	DHX30	ENSG00000132153
PECR-2	PECR	ENSG00000115425
RAD51C-2	RAD51C	ENSG00000108384
PKNOX2-2	PKNOX2	ENSG00000165495
C4BPB-2	C4BPB	ENSG00000123843
CCDC86-2	CCDC86	ENSG00000110104
DGKH-2	DGKH	ENSG00000102780
EPHX2-2	EPHX2	ENSG00000120915
NUMA1-2	NUMA1	ENSG00000137497
SUMF2-2	SUMF2	ENSG00000129103
LRRC58-2	LRRC58	ENSG00000163428
ZFP69-2	ZFP69	ENSG00000187815
DCAF4-2	DCAF4	ENSG00000119599
CDK5RAP2-2	CDK5RAP2	ENSG00000136861
RTRAF-2	RTRAF	ENSG00000087302
CRADD-2	CRADD	ENSG00000169372
ERAL1-2	ERAL1	ENSG00000132591
ZMYND19-2	ZMYND19	ENSG00000165724
CUL4A-2	CUL4A	ENSG00000139842
FAM49B-2	CYRIB	ENSG00000153310
WASHC2A-2	WASHC2A	ENSG00000099290
ZHX1-2	ZHX1	ENSG00000165156
POLR2H-2	POLR2H	ENSG00000163882
TRIM66-2	TRIM66	ENSG00000166436
GUF1-2	GUF1	ENSG00000151806
SERPINB6-2	SERPINB6	ENSG00000124570
UBL4A-2	UBL4A	ENSG00000102178
PDZD8-2	PDZD8	ENSG00000165650
NOB1-2	NOB1	ENSG00000141101
BEND2-2	BEND2	ENSG00000177324
CHRNA5-2	CHRNA5	ENSG00000169684
ZSWIM7-2	ZSWIM7	ENSG00000214941
TRMT13-2	TRMT13	ENSG00000122435
ABHD6-2	ABHD6	ENSG00000163686
PPP1R3F-2	PPP1R3F	ENSG00000049769
AKT1-2	AKT1	ENSG00000142208
SFTPA1-2	SFTPA1	ENSG00000122852
RASSF5-2	RASSF5	ENSG00000266094
TREML1-2	TREML1	ENSG00000161911
STK3-2	STK3	ENSG00000104375
MXD3-2	MXD3	ENSG00000213347
TBX3-2	TBX3	ENSG00000135111
PPP1R3E-2	PPP1R3E	ENSG00000235194
KLHL12-2	KLHL12	ENSG00000117153
LPO-2	LPO	ENSG00000167419
SPHK2-2	SPHK2	ENSG00000063176
NDUFS6-2	NDUFS6	ENSG00000145494
PBX3-2	PBX3	ENSG00000167081
LMO4-2	LMO4	ENSG00000143013
SERINC3-2	SERINC3	ENSG00000132824
C3orf33-2	C3orf33	ENSG00000174928
NDUFA1-2	NDUFA1	ENSG00000125356
ZBTB20-2	ZBTB20	ENSG00000181722
SAE1-2	SAE1	ENSG00000142230
HIST1H4H-2	H4C8	ENSG00000158406
BHLHE41-2	BHLHE41	ENSG00000123095
OAZ2-2	OAZ2	ENSG00000180304
SLC4A4-2	SLC4A4	ENSG00000080493
PSMB2-2	PSMB2	ENSG00000126067
TM7SF2-2	TM7SF2	ENSG00000149809
LMBR1L-2	LMBR1L	ENSG00000139636
AQR-2	AQR	ENSG00000021776
RPS6KA2-2	RPS6KA2	ENSG00000071242
CAMK2N1-2	CAMK2N1	ENSG00000162545
CD2-2	CD2	ENSG00000116824
DNAH6-2	DNAH6	ENSG00000115423
ECE1-2	ECE1	ENSG00000117298
TAF13-2	TAF13	ENSG00000197780
UBAC1-2	UBAC1	ENSG00000130560
COX7C-2	COX7C	ENSG00000127184
ASAP1-2	ASAP1	ENSG00000153317
RASA1-2	RASA1	ENSG00000145715
FABP1-2	FABP1	ENSG00000163586
CD274-2	CD274	ENSG00000120217
LRP5L-2	LRP5L	ENSG00000100068
BBS1-2	BBS1	ENSG00000174483
RNF103-2	RNF103	ENSG00000239305
ARPC1B-2	ARPC1B	ENSG00000130429
LGALS4-2	LGALS4	ENSG00000171747
HVCN1-2	HVCN1	ENSG00000122986
LOXL4-2	LOXL4	ENSG00000138131
LONRF2-2	LONRF2	ENSG00000170500
PSMC2-2	PSMC2	ENSG00000161057
NCR3LG1-2	NCR3LG1	ENSG00000188211
C10orf95-2	C10orf95	ENSG00000120055
NDEL1-2	NDEL1	ENSG00000166579
GBA2-2	GBA2	ENSG00000070610
IRF8-2	IRF8	ENSG00000140968
PMEL-2	PMEL	ENSG00000185664
LSM11-2	LSM11	ENSG00000155858
PPP1R7-2	PPP1R7	ENSG00000115685
SLC15A4-2	SLC15A4	ENSG00000139370
TOPBP1-2	TOPBP1	ENSG00000163781
HIST1H3A-2	H3C1	ENSG00000275714
CRABP2-2	CRABP2	ENSG00000143320
RBBP7-2	RBBP7	ENSG00000102054
RFXAP-2	RFXAP	ENSG00000133111
ZP3-2	ZP3	ENSG00000188372
WASHC5-2	WASHC5	ENSG00000164961
ZNF354C-2	ZNF354C	ENSG00000177932
ZNF704-2	ZNF704	ENSG00000164684
CNKSR1-2	CNKSR1	ENSG00000142675
CDC42BPG-2	CDC42BPG	ENSG00000171219
N4BP2-2	N4BP2	ENSG00000078177
PODXL-2	PODXL	ENSG00000128567
CAMSAP2-2	CAMSAP2	ENSG00000118200
ZNF296-2	ZNF296	ENSG00000170684
CNTRL-2	CNTRL	ENSG00000119397
GFPT2-2	GFPT2	ENSG00000131459
LFNG-2	LFNG	ENSG00000106003
ZNF671-2	ZNF671	ENSG00000083814
TPR-2	TPR	ENSG00000047410
PCYT2-2	PCYT2	ENSG00000185813
BABAM1-2	BABAM1	ENSG00000105393
MTX3-2	MTX3	ENSG00000177034
SLC6A8-2	SLC6A8	ENSG00000130821
PDCD6IP-2	PDCD6IP	ENSG00000170248
TMEM189-2	PEDS1	ENSG00000240849
PELI1-2	PELI1	ENSG00000197329
FAM209A-2	FAM209A	ENSG00000124103
RAB2A-2	RAB2A	ENSG00000104388
MYD88-2	MYD88	ENSG00000172936
P2RX4-2	P2RX4	ENSG00000135124
FAM229A-2	FAM229A	ENSG00000225828
BRAF-2	BRAF	ENSG00000157764
ABAT-2	ABAT	ENSG00000183044
TMEM42-2	TMEM42	ENSG00000169964
GTPBP3-2	GTPBP3	ENSG00000130299
EXT2-2	EXT2	ENSG00000151348
SSBP3-2	SSBP3	ENSG00000157216
BLOC1S1-2	BLOC1S1	ENSG00000135441
PUSL1-2	PUSL1	ENSG00000169972
TFAM-2	TFAM	ENSG00000108064
TBC1D7-2	TBC1D7	ENSG00000145979
SYNC-2	SYNC	ENSG00000162520
TSPAN15-2	TSPAN15	ENSG00000099282
IFITM3-2	IFITM3	ENSG00000142089
ST3GAL4-2	ST3GAL4	ENSG00000110080
SLC25A35-2	SLC25A35	ENSG00000125434
FANK1-2	FANK1	ENSG00000203780
TRMT61A-2	TRMT61A	ENSG00000166166
GSTM3-2	GSTM3	ENSG00000134202
DEDD2-2	DEDD2	ENSG00000160570
ESRRA-2	ESRRA	ENSG00000173153
ZNF175-2	ZNF175	ENSG00000105497
PSMD2-2	PSMD2	ENSG00000175166
TECR-2	TECR	ENSG00000099797
BIVM-ERCC5-2	BIVM-ERCC5	ENSG00000270181
NAT14-2	NAT14	ENSG00000090971
RRS1-2	RRS1	ENSG00000179041
CLCN3-2	CLCN3	ENSG00000109572
ZFAND3-2	ZFAND3	ENSG00000156639
ESAM-2	ESAM	ENSG00000149564
AMOT-2	AMOT	ENSG00000126016
GPN3-2	GPN3	ENSG00000111231
RAD1-2	RAD1	ENSG00000113456
ARL6-2	ARL6	ENSG00000113966
TTC1-2	TTC1	ENSG00000113312
EIF2AK3-2	EIF2AK3	ENSG00000172071
DIS3L2-2	DIS3L2	ENSG00000144535
ZNF615-2	ZNF615	ENSG00000197619
ACOT9-2	ACOT9	ENSG00000123130
ARHGAP19-2	ARHGAP19	ENSG00000213390
NCOA2-2	NCOA2	ENSG00000140396
ERI2-2	ERI2	ENSG00000196678
FOXJ2-2	FOXJ2	ENSG00000065970
H2AFY-2	MACROH2A1	ENSG00000113648
HEATR5B-2	HEATR5B	ENSG00000008869
ANGPT2-2	ANGPT2	ENSG00000091879
PSIP1-2	PSIP1	ENSG00000164985
ZBED6CL-2	ZBED10P	ENSG00000188707
PGBD4-2	PGBD4	ENSG00000182405
NDUFA2-2	NDUFA2	ENSG00000131495
MLH3-2	MLH3	ENSG00000119684
FAM185A-2	FAM185A	ENSG00000222011
ERG-2	ERG	ENSG00000157554
UBE3C-2	UBE3C	ENSG00000009335
ZNF717-2	ZNF717	ENSG00000227124
DLK2-2	DLK2	ENSG00000171462
ZNF445-2	ZNF445	ENSG00000185219
RPGRIP1L-2	RPGRIP1L	ENSG00000103494
ROMO1-2	ROMO1	ENSG00000125995
LRP12-2	LRP12	ENSG00000147650
ECSIT-2	ECSIT	ENSG00000130159
CAMKMT-2	CAMKMT	ENSG00000143919
SEM1-2	SEM1	ENSG00000127922
EHBP1-2	EHBP1	ENSG00000115504
ACTR1A-2	ACTR1A	ENSG00000138107
ZNF229-2	ZNF229	ENSG00000278318
ZNF438-2	ZNF438	ENSG00000183621
CREBZF-2	CREBZF	ENSG00000137504
ZNF774-2	ZNF774	ENSG00000196391
ZNF808-2	ZNF808	ENSG00000198482
HIST1H4C-2	H4C3	ENSG00000197061
CASP3-2	CASP3	ENSG00000164305
VPREB3-2	VPREB3	ENSG00000128218
WDR90-2	WDR90	ENSG00000161996
AVIL-2	AVIL	ENSG00000135407
SCIMP-2	SCIMP	ENSG00000161929
TIMM50-2	TIMM50	ENSG00000105197
TMEM109-2	TMEM109	ENSG00000110108
BIN2-2	BIN2	ENSG00000110934
CSRNP2-2	CSRNP2	ENSG00000110925
STK40-2	STK40	ENSG00000196182
ZNF425-2	ZNF425	ENSG00000204947
ZNF512-2	ZNF512	ENSG00000243943
SAMD9-2	SAMD9	ENSG00000205413
TCHP-2	TCHP	ENSG00000139437
RAD50-2	RAD50	ENSG00000113522
IQSEC1-2	IQSEC1	ENSG00000144711
NAP1L1-2	NAP1L1	ENSG00000187109
LRP6-2	LRP6	ENSG00000070018
CHRNE-2	CHRNE	ENSG00000108556
CENPU-2	CENPU	ENSG00000151725
C14orf93-2	C14orf93	ENSG00000100802
SOX5-2	SOX5	ENSG00000134532
UTP18-2	UTP18	ENSG00000011260
PIM2-2	PIM2	ENSG00000102096
EIF4EBP1-2	EIF4EBP1	ENSG00000187840
RPAP3-2	RPAP3	ENSG00000005175
AKAP7-2	AKAP7	ENSG00000118507
IGF2R-2	IGF2R	ENSG00000197081
NAA15-2	NAA15	ENSG00000164134
CAPRIN2-2	CAPRIN2	ENSG00000110888
HEXB-2	HEXB	ENSG00000049860
SAMD3-2	SAMD3	ENSG00000164483
CPXCR1-2	CPXCR1	ENSG00000147183
SLC41A2-2	SLC41A2	ENSG00000136052
ARL13A-2	ARL13A	ENSG00000174225
ANAPC11-2	ANAPC11	ENSG00000141552
GPT2-2	GPT2	ENSG00000166123
FHOD1-2	FHOD1	ENSG00000135723
SNN-2	SNN	ENSG00000184602
SNX19-2	SNX19	ENSG00000120451
CLIP1-2	CLIP1	ENSG00000130779
SLC23A3-2	SLC23A3	ENSG00000213901
MPP7-2	MPP7	ENSG00000150054
TIMMDC1-2	TIMMDC1	ENSG00000113845
ICAM2-2	ICAM2	ENSG00000108622
QSOX2-2	QSOX2	ENSG00000165661
ANKRD44-2	ANKRD44	ENSG00000065413
SOX10-2	SOX10	ENSG00000100146
MTHFSD-2	MTHFSD	ENSG00000103248
MRS2-2	MRS2	ENSG00000124532
SLC22A3-2	SLC22A3	ENSG00000146477
MPP6-2	PALS2	ENSG00000105926
GLB1L3-2	GLB1L3	ENSG00000166105
EID1-2	EID1	ENSG00000255302
BBIP1-2	BBIP1	ENSG00000214413
POLE-2	POLE	ENSG00000177084
LPCAT3-2	LPCAT3	ENSG00000111684
CTDSPL2-2	CTDSPL2	ENSG00000137770
BRIX1-2	BRIX1	ENSG00000113460
CXCR2-2	CXCR2	ENSG00000180871
DNMT1-2	DNMT1	ENSG00000130816
YIF1B-2	YIF1B	ENSG00000167645
POU3F3-2	POU3F3	ENSG00000198914
LGR6-2	LGR6	ENSG00000133067
MPHOSPH9-2	MPHOSPH9	ENSG00000051825
PRR11-2	PRR11	ENSG00000068489
KMT5B-2	KMT5B	ENSG00000110066
HERC5-2	HERC5	ENSG00000138646
RAB10-2	RAB10	ENSG00000084733
TWF1-2	TWF1	ENSG00000151239
CWF19L1-2	CWF19L1	ENSG00000095485
KLF2-2	KLF2	ENSG00000127528
CA10-2	CA10	ENSG00000154975
SRSF5-2	SRSF5	ENSG00000100650
FERMT3-2	FERMT3	ENSG00000149781
UEVLD-2	UEVLD	ENSG00000151116
ZMAT2-2	ZMAT2	ENSG00000146007
MLST8-2	MLST8	ENSG00000167965
ADNP2-2	ADNP2	ENSG00000101544
RNF113A-2	RNF113A	ENSG00000125352
SRPRB-2	SRPRB	ENSG00000144867
GRB2-2	GRB2	ENSG00000177885
VEGFA-2	VEGFA	ENSG00000112715
ARMH3-2	ARMH3	ENSG00000120029
MCM3-2	MCM3	ENSG00000112118
UBIAD1-2	UBIAD1	ENSG00000120942
DMGDH-2	DMGDH	ENSG00000132837
C11orf58-2	C11orf58	ENSG00000110696
RHEB-2	RHEB	ENSG00000106615
TNKS2-2	TNKS2	ENSG00000107854
ZBTB10-2	ZBTB10	ENSG00000205189
AFMID-2	AFMID	ENSG00000183077
MRPL55-2	MRPL55	ENSG00000162910
DUSP28-2	DUSP28	ENSG00000188542
ASIC1-2	ASIC1	ENSG00000110881
RBM24-2	RBM24	ENSG00000112183
MAPKAP1-2	MAPKAP1	ENSG00000119487
PSME3-2	PSME3	ENSG00000131467
GAREM1-2	GAREM1	ENSG00000141441
CDV3-2	CDV3	ENSG00000091527
PPP1R14B-2	PPP1R14B	ENSG00000173457
SPTSSA-2	SPTSSA	ENSG00000165389
UFD1-2	UFD1	ENSG00000070010
EIF1-2	EIF1	ENSG00000173812
WARS-2	WARS1	ENSG00000140105
TOPORS-2	TOPORS	ENSG00000197579
CDC42-2	CDC42	ENSG00000070831
AGPAT4-2	AGPAT4	ENSG00000026652
HEMGN-2	HEMGN	ENSG00000136929
ATRX-2	ATRX	ENSG00000085224
PPP2R3C-2	PPP2R3C	ENSG00000092020
PHC2-2	PHC2	ENSG00000134686
CERK-2	CERK	ENSG00000100422
ID3-2	ID3	ENSG00000117318
ZNF28-2	ZNF28	ENSG00000198538
C5orf34-2	C5orf34	ENSG00000172244
LAPTM4A-2	LAPTM4A	ENSG00000068697
SHF-2	SHF	ENSG00000138606
FAM98A-2	FAM98A	ENSG00000119812
SERTAD2-2	SERTAD2	ENSG00000179833
ERGIC3-2	ERGIC3	ENSG00000125991
KCNK5-2	KCNK5	ENSG00000164626
KRT2-2	KRT2	ENSG00000172867
FAM214B-2	ATOSB	ENSG00000005238
DYRK4-2	DYRK4	ENSG00000010219
PARD6G-2	PARD6G	ENSG00000178184
LANCL1-2	LANCL1	ENSG00000115365
FAF1-2	FAF1	ENSG00000185104
HOXA1-2	HOXA1	ENSG00000105991
NEURL4-2	NEURL4	ENSG00000215041
BEND5-2	BEND5	ENSG00000162373
C9orf40-2	C9orf40	ENSG00000135045
C5-2	C5	ENSG00000106804
ROCK1-2	ROCK1	ENSG00000067900
TCL1A-2	TCL1A	ENSG00000100721
PTP4A1-2	PTP4A1	ENSG00000112245
B4GALNT3-2	B4GALNT3	ENSG00000139044
ABCB10-2	ABCB10	ENSG00000135776
ASPRV1-2	ASPRV1	ENSG00000244617
GGACT-2	GGACT	ENSG00000134864
ZNF34-2	ZNF34	ENSG00000196378
SRSF7-2	SRSF7	ENSG00000115875
EIF1AD-2	EIF1AD	ENSG00000175376
PRPF18-2	PRPF18	ENSG00000165630
TNFRSF9-2	TNFRSF9	ENSG00000049249
ZNF598-2	ZNF598	ENSG00000167962
TAX1BP1-2	TAX1BP1	ENSG00000106052
NDRG1-2	NDRG1	ENSG00000104419
PRXL2A-2	PRXL2A	ENSG00000122378
ZNF433-2	ZNF433	ENSG00000197647
COL18A1-2	COL18A1	ENSG00000182871
RAB7A-2	RAB7A	ENSG00000075785
C9orf72-2	C9orf72	ENSG00000147894
TBCA-2	TBCA	ENSG00000171530
NACC1-2	NACC1	ENSG00000160877
CTSD-2	CTSD	ENSG00000117984
ARID2-2	ARID2	ENSG00000189079
TBL3-2	TBL3	ENSG00000183751
CRACR2A-2	CRACR2A	ENSG00000130038
TTLL1-2	TTLL1	ENSG00000100271
GNG5-2	GNG5	ENSG00000174021
CD82-2	CD82	ENSG00000085117
USP46-2	USP46	ENSG00000109189
CUX1-2	CUX1	ENSG00000257923
RAVER2-2	RAVER2	ENSG00000162437
ZNF548-2	ZNF548	ENSG00000188785
SPAG7-2	SPAG7	ENSG00000091640
IGFLR1-2	IGFLR1	ENSG00000126246
ADIPOR2-2	ADIPOR2	ENSG00000006831
SLFN11-2	SLFN11	ENSG00000172716
EXOG-2	EXOG	ENSG00000157036
SMYD2-2	SMYD2	ENSG00000143499
KLF1-2	KLF1	ENSG00000105610
NCOA6-2	NCOA6	ENSG00000198646
CLK3-2	CLK3	ENSG00000179335
MVK-2	MVK	ENSG00000110921
PPP2R2D-2	PPP2R2D	ENSG00000175470
DISC1-2	DISC1	ENSG00000162946
PGBD1-2	PGBD1	ENSG00000137338
IRF2BPL-2	IRF2BPL	ENSG00000119669
PLEKHA3-2	PLEKHA3	ENSG00000116095
PSMB10-2	PSMB10	ENSG00000205220
KLF12-2	KLF12	ENSG00000118922
EGFL7-2	EGFL7	ENSG00000172889
CYREN-2	CYREN	ENSG00000122783
ZNF385A-2	ZNF385A	ENSG00000161642
MRGPRD-2	MRGPRD	ENSG00000172938
SFTPB-2	SFTPB	ENSG00000168878
SCARB2-2	SCARB2	ENSG00000138760
WDR62-2	WDR62	ENSG00000075702
DNAL1-2	DNAL1	ENSG00000119661
SNIP1-2	SNIP1	ENSG00000163877
PIBF1-2	PIBF1	ENSG00000083535
VMA21-2	VMA21	ENSG00000160131
MTMR11-2	MTMR11	ENSG00000014914
MTHFD2L-2	MTHFD2L	ENSG00000163738
HMG20B-2	HMG20B	ENSG00000064961
IL23R-2	IL23R	ENSG00000162594
STOML2-2	STOML2	ENSG00000165283
REM2-2	REM2	ENSG00000139890
MELK-2	MELK	ENSG00000165304
CPSF6-2	CPSF6	ENSG00000111605
PPFIA4-2	PPFIA4	ENSG00000143847
PDK3-2	PDK3	ENSG00000067992
MTAP-2	MTAP	ENSG00000099810
NUP37-2	NUP37	ENSG00000075188
NXPE3-2	NXPE3	ENSG00000144815
PNPT1-2	PNPT1	ENSG00000138035
POU2F1-2	POU2F1	ENSG00000143190
RBL2-2	RBL2	ENSG00000103479
GOLGA7B-2	GOLGA7B	ENSG00000155265
HOXB3-2	HOXB3	ENSG00000120093
HDAC1-2	HDAC1	ENSG00000116478
FGFBP2-2	FGFBP2	ENSG00000137441
UHRF1BP1L-2	BLTP3B	ENSG00000111647
SLC37A4-2	SLC37A4	ENSG00000137700
STAT6-2	STAT6	ENSG00000166888
OAZ3-2	OAZ3	ENSG00000143450
CBY1-2	CBY1	ENSG00000100211
NEK1-2	NEK1	ENSG00000137601
TAPBPL-2	TAPBPL	ENSG00000139192
FAM234A-2	FAM234A	ENSG00000167930
GNB4-2	GNB4	ENSG00000114450
PIP4K2A-2	PIP4K2A	ENSG00000150867
SF3B6-2	SF3B6	ENSG00000115128
ORMDL2-2	ORMDL2	ENSG00000123353
TMEM183A-2	TMEM183A	ENSG00000163444
G6PC3-2	G6PC3	ENSG00000141349
TESMIN-2	TESMIN	ENSG00000132749
KLHL6-2	KLHL6	ENSG00000172578
ZNF674-2	ZNF674	ENSG00000251192
CHD1-2	CHD1	ENSG00000153922
EPHA1-2	EPHA1	ENSG00000146904
RARS2-2	RARS2	ENSG00000146282
NPHP4-2	NPHP4	ENSG00000131697
FCER1A-2	FCER1A	ENSG00000179639
WNT10B-2	WNT10B	ENSG00000169884
CMTM5-2	CMTM5	ENSG00000166091
DDX6-2	DDX6	ENSG00000110367
E2F6-2	E2F6	ENSG00000169016
MACO1-2	MACO1	ENSG00000204178
THUMPD2-2	THUMPD2	ENSG00000138050
ZFC3H1-2	ZFC3H1	ENSG00000133858
PDIA5-2	PDIA5	ENSG00000065485
ITGA10-2	ITGA10	ENSG00000143127
NDST2-2	NDST2	ENSG00000166507
ARID5A-2	ARID5A	ENSG00000196843
ITGAL-2	ITGAL	ENSG00000005844
SPACA6-2	SPACA6	ENSG00000182310
GGA2-2	GGA2	ENSG00000103365
ZNF439-2	ZNF439	ENSG00000171291
ZFPM1-2	ZFPM1	ENSG00000179588
TRIB3-2	TRIB3	ENSG00000101255
REEP3-2	REEP3	ENSG00000165476
MIIP-2	MIIP	ENSG00000116691
PRAP1-2	PRAP1	ENSG00000165828
FARSB-2	FARSB	ENSG00000116120
PPP3CB-2	PPP3CB	ENSG00000107758
IL31-2	IL31	ENSG00000204671
KLRK1-2	KLRK1	ENSG00000213809
DCAF12-2	DCAF12	ENSG00000198876
HIF1AN-2	HIF1AN	ENSG00000166135
LMBRD1-2	LMBRD1	ENSG00000168216
AUP1-2	AUP1	ENSG00000115307
ZDHHC4-2	ZDHHC4	ENSG00000136247
DMPK-2	DMPK	ENSG00000104936
OXNAD1-2	OXNAD1	ENSG00000154814
RAB31-2	RAB31	ENSG00000168461
TRIP12-2	TRIP12	ENSG00000153827
IRAK2-2	IRAK2	ENSG00000134070
SOX8-2	SOX8	ENSG00000005513
NDUFB9-2	NDUFB9	ENSG00000147684
NR2E1-2	NR2E1	ENSG00000112333
SOCS4-2	SOCS4	ENSG00000180008
SELENOS-2	SELENOS	ENSG00000131871
DNAJC21-2	DNAJC21	ENSG00000168724
SNRPD3-2	SNRPD3	ENSG00000100028
GPKOW-2	GPKOW	ENSG00000068394
DDX3X-2	DDX3X	ENSG00000215301
PHEX-2	PHEX	ENSG00000102174
FOXN4-2	FOXN4	ENSG00000139445
HIST1H4F-2	H4C6	ENSG00000274618
SCML2-2	SCML2	ENSG00000102098
ADAM9-2	ADAM9	ENSG00000168615
PEX11A-2	PEX11A	ENSG00000166821
HDHD3-2	HDHD3	ENSG00000119431
ZNF621-2	ZNF621	ENSG00000172888
NTRK2-2	NTRK2	ENSG00000148053
MAPKBP1-2	MAPKBP1	ENSG00000137802
TMEM9-2	TMEM9	ENSG00000116857
EPG5-2	EPG5	ENSG00000152223
UGP2-2	UGP2	ENSG00000169764
SFXN5-2	SFXN5	ENSG00000144040
CLIC5-2	CLIC5	ENSG00000112782
SLC22A23-2	SLC22A23	ENSG00000137266
CNTNAP1-2	CNTNAP1	ENSG00000108797
STON2-2	STON2	ENSG00000140022
PGS1-2	PGS1	ENSG00000087157
RBM4B-2	RBM4B	ENSG00000173914
RRP15-2	RRP15	ENSG00000067533
ATF7-2	ATF7	ENSG00000170653
ZMAT3-2	ZMAT3	ENSG00000172667
TIGD4-2	TIGD4	ENSG00000169989
ICE1-2	ICE1	ENSG00000164151
ADAM22-2	ADAM22	ENSG00000008277
UTP15-2	UTP15	ENSG00000164338
PPIE-2	PPIE	ENSG00000084072
REXO4-2	REXO4	ENSG00000148300
PCED1B-2	PCED1B	ENSG00000179715
AKAP13-2	AKAP13	ENSG00000170776
ACTG1-2	ACTG1	ENSG00000184009
SORL1-2	SORL1	ENSG00000137642
SPATA5-2	AFG2A	ENSG00000145375
EWSR1-2	EWSR1	ENSG00000182944
CCDC126-2	CCDC126	ENSG00000169193
CHD7-2	CHD7	ENSG00000171316
TRIB1-2	TRIB1	ENSG00000173334
NME7-2	NME7	ENSG00000143156
TRIM68-2	TRIM68	ENSG00000167333
C17orf53-2	HROB	ENSG00000125319
RAB1B-2	RAB1B	ENSG00000174903
HHLA3-2	ANKRD13C-DT	ENSG00000197568
FBXL15-2	FBXL15	ENSG00000107872
MX2-2	MX2	ENSG00000183486
GCNA-2	GCNA	ENSG00000147174
LARP7-2	LARP7	ENSG00000174720
DGCR2-2	DGCR2	ENSG00000070413
MYO1E-2	MYO1E	ENSG00000157483
GNLY-2	GNLY	ENSG00000115523
TACC3-2	TACC3	ENSG00000013810
POU4F1-2	POU4F1	ENSG00000152192
RANGAP1-2	RANGAP1	ENSG00000100401
RPS24-2	RPS24	ENSG00000138326
MED10-2	MED10	ENSG00000133398
BSPRY-2	BSPRY	ENSG00000119411
GYPE-2	GYPE	ENSG00000197465
MIOS-2	MIOS	ENSG00000164654
PLEKHA2-2	PLEKHA2	ENSG00000169499
FSD1L-2	FSD1L	ENSG00000106701
GCSAM-2	GCSAM	ENSG00000174500
PSMD3-2	PSMD3	ENSG00000108344
PRKCI-2	PRKCI	ENSG00000163558
SLC35B3-2	SLC35B3	ENSG00000124786
SUGP1-2	SUGP1	ENSG00000105705
CNIH2-2	CNIH2	ENSG00000174871
BAZ2B-2	BAZ2B	ENSG00000123636
NCK1-2	NCK1	ENSG00000158092
FAR2-2	FAR2	ENSG00000064763
RAB33B-2	RAB33B	ENSG00000172007
PRPF40A-2	PRPF40A	ENSG00000196504
NUDT2-2	NUDT2	ENSG00000164978
CHST15-2	CHST15	ENSG00000182022
NUP210-2	NUP210	ENSG00000132182
IFT43-2	IFT43	ENSG00000119650
SNX3-2	SNX3	ENSG00000112335
RPS5-2	RPS5	ENSG00000083845
COPS3-2	COPS3	ENSG00000141030
MAPK1-2	MAPK1	ENSG00000100030
MAF-2	MAF	ENSG00000178573
MED17-2	MED17	ENSG00000042429
EDN3-2	EDN3	ENSG00000124205
ZNF561-2	ZNF561	ENSG00000171469
LYPLA1-2	LYPLA1	ENSG00000120992
C1orf115-2	C1orf115	ENSG00000162817
TNFRSF10D-2	TNFRSF10D	ENSG00000173530
PVR-2	PVR	ENSG00000073008
MVP-2	MVP	ENSG00000013364
PKM-2	PKM	ENSG00000067225
WSB1-2	WSB1	ENSG00000109046
SIX6-2	SIX6	ENSG00000184302
ORAI1-2	ORAI1	ENSG00000276045
DNAJC5-2	DNAJC5	ENSG00000101152
STARD4-2	STARD4	ENSG00000164211
TGS1-2	TGS1	ENSG00000137574
PURG-2	PURG	ENSG00000172733
SHC1-2	SHC1	ENSG00000160691
RGS19-2	RGS19	ENSG00000171700
MMADHC-2	MMADHC	ENSG00000168288
ACTN1-2	ACTN1	ENSG00000072110
P2RX5-2	P2RX5	ENSG00000083454
BAZ2A-2	BAZ2A	ENSG00000076108
ERO1B-2	ERO1B	ENSG00000086619
TRMT11-2	TRMT11	ENSG00000066651
STIL-2	STIL	ENSG00000123473
POMT2-2	POMT2	ENSG00000009830
DNMT3B-2	DNMT3B	ENSG00000088305
PDPK1-2	PDPK1	ENSG00000140992
NEIL3-2	NEIL3	ENSG00000109674
SLC25A51-2	SLC25A51	ENSG00000122696
CLASRP-2	CLASRP	ENSG00000104859
FMNL1-2	FMNL1	ENSG00000184922
DUSP5-2	DUSP5	ENSG00000138166
DNAJC13-2	DNAJC13	ENSG00000138246
PAX2-2	PAX2	ENSG00000075891
TMEM237-2	TMEM237	ENSG00000155755
FASTKD2-2	FASTKD2	ENSG00000118246
PI4K2A-2	PI4K2A	ENSG00000155252
HTATIP2-2	HTATIP2	ENSG00000109854
SH2D3C-2	SH2D3C	ENSG00000095370
TRUB1-2	TRUB1	ENSG00000165832
URM1-2	URM1	ENSG00000167118
DDIAS-2	DDIAS	ENSG00000165490
SLC26A6-2	SLC26A6	ENSG00000225697
DTX3-2	DTX3	ENSG00000178498
EIF4G3-2	EIF4G3	ENSG00000075151
RUSC1-2	RUSC1	ENSG00000160753
ZNF500-2	ZNF500	ENSG00000103199
ICAM1-2	ICAM1	ENSG00000090339
MBD4-2	MBD4	ENSG00000129071
AMD1-2	AMD1	ENSG00000123505
EIF4G1-2	EIF4G1	ENSG00000114867
CTDSP1-2	CTDSP1	ENSG00000144579
PLA2G4C-2	PLA2G4C	ENSG00000105499
SSBP2-2	SSBP2	ENSG00000145687
ADRM1-2	ADRM1	ENSG00000130706
TEAD1-2	TEAD1	ENSG00000187079
RBMS3-2	RBMS3	ENSG00000144642
GDF9-2	GDF9	ENSG00000164404
QDPR-2	QDPR	ENSG00000151552
STAT3-2	STAT3	ENSG00000168610
ERP29-2	ERP29	ENSG00000089248
ZNF317-2	ZNF317	ENSG00000130803
C19orf47-2	C19orf47	ENSG00000160392
SIPA1L1-2	SIPA1L1	ENSG00000197555
PROSER3-2	PROSER3	ENSG00000167595
HPS3-2	HPS3	ENSG00000163755
BST1-2	BST1	ENSG00000109743
MAN2B2-2	MAN2B2	ENSG00000013288
CEP19-2	CEP19	ENSG00000174007
INPP5E-2	INPP5E	ENSG00000148384
IQGAP3-2	IQGAP3	ENSG00000183856
PCBP1-2	PCBP1	ENSG00000169564
LRP11-2	LRP11	ENSG00000120256
RSPH3-2	RSPH3	ENSG00000130363
ZNF274-2	ZNF274	ENSG00000171606
MEIS2-2	MEIS2	ENSG00000134138
EXPH5-2	EXPH5	ENSG00000110723
CD79A-2	CD79A	ENSG00000105369
ARHGEF39-2	ARHGEF39	ENSG00000137135
CTSF-2	CTSF	ENSG00000174080
GINS3-2	GINS3	ENSG00000181938
ATP7A-2	ATP7A	ENSG00000165240
GALK1-2	GALK1	ENSG00000108479
ARID3B-2	ARID3B	ENSG00000179361
SEL1L-2	SEL1L	ENSG00000071537
FUNDC1-2	FUNDC1	ENSG00000069509
SMARCC2-2	SMARCC2	ENSG00000139613
ZNF341-2	ZNF341	ENSG00000131061
ZNF839-2	ZNF839	ENSG00000022976
CARD9-2	CARD9	ENSG00000187796
PMS2-2	PMS2	ENSG00000122512
HOXC13-2	HOXC13	ENSG00000123364
ZMYM1-2	ZMYM1	ENSG00000197056
OTUD4-2	OTUD4	ENSG00000164164
ZNF678-2	ZNF678	ENSG00000181450
UNKL-2	UNKL	ENSG00000059145
FAM200B-2	FAM200B	ENSG00000237765
YRDC-2	YRDC	ENSG00000196449
SOX12-2	SOX12	ENSG00000177732
ACVR1-2	ACVR1	ENSG00000115170
FBXL17-2	FBXL17	ENSG00000145743
XKRX-2	XKRX	ENSG00000182489
ZFP30-2	ZFP30	ENSG00000120784
ACP5-2	ACP5	ENSG00000102575
SCO2-2	SCO2	ENSG00000284194
HCLS1-2	HCLS1	ENSG00000180353
MMP25-2	MMP25	ENSG00000008516
MTMR2-2	MTMR2	ENSG00000087053
NKX1-1-2	NKX1-1	ENSG00000235608
PRKAR1A-2	PRKAR1A	ENSG00000108946
BAHD1-2	BAHD1	ENSG00000140320
HIST1H1E-2	H1-4	ENSG00000168298
MAT2B-2	MAT2B	ENSG00000038274
ABCD1-2	ABCD1	ENSG00000101986
P2RY10-2	P2RY10	ENSG00000078589
EIF2S2-2	EIF2S2	ENSG00000125977
FBLN5-2	FBLN5	ENSG00000140092
HNRNPA3-2	HNRNPA3	ENSG00000170144
ARL5A-2	ARL5A	ENSG00000162980
TOMM40L-2	TOMM40L	ENSG00000158882
MAP3K21-2	MAP3K21	ENSG00000143674
HARS2-2	HARS2	ENSG00000112855
CARM1-2	CARM1	ENSG00000142453
CPD-2	CPD	ENSG00000108582
ACAP2-2	ACAP2	ENSG00000114331
TMEM179B-2	TMEM179B	ENSG00000185475
SYVN1-2	SYVN1	ENSG00000162298
CCNI-2	CCNI	ENSG00000118816
DDRGK1-2	DDRGK1	ENSG00000198171
NOC4L-2	NOC4L	ENSG00000184967
NKX2-4-2	NKX2-4	ENSG00000125816
TGFBR3-2	TGFBR3	ENSG00000069702
RFNG-2	RFNG	ENSG00000169733
DTX3L-2	DTX3L	ENSG00000163840
ACIN1-2	ACIN1	ENSG00000100813
TERF2-2	TERF2	ENSG00000132604
GLIS3-2	GLIS3	ENSG00000107249
TNRC6C-2	TNRC6C	ENSG00000078687
DTD2-2	DTD2	ENSG00000129480
YEATS4-2	YEATS4	ENSG00000127337
MARK3-2	MARK3	ENSG00000075413
SLC25A15-2	SLC25A15	ENSG00000102743
ZNF746-2	ZNF746	ENSG00000181220
GPSM1-2	GPSM1	ENSG00000160360
PPP1R15B-2	PPP1R15B	ENSG00000158615
TENT2-2	TENT2	ENSG00000164329
URI1-2	URI1	ENSG00000105176
TMEM8B-2	TMEM8B	ENSG00000137103
DIXDC1-2	DIXDC1	ENSG00000150764
PARP8-2	PARP8	ENSG00000151883
ZNF816-2	ZNF816	ENSG00000180257
CALU-2	CALU	ENSG00000128595
UTP23-2	UTP23	ENSG00000147679
FANCF-2	FANCF	ENSG00000183161
CASC4-2	GOLM2	ENSG00000166734
CCSAP-2	CCSAP	ENSG00000154429
NDUFS3-2	NDUFS3	ENSG00000213619
PRKCE-2	PRKCE	ENSG00000171132
BNIPL-2	BNIPL	ENSG00000163141
LYL1-2	LYL1	ENSG00000104903
SART1-2	SART1	ENSG00000175467
SEPT8-2	SEPTIN8	ENSG00000164402
KIAA2026-2	BRD10	ENSG00000183354
CHCHD7-2	CHCHD7	ENSG00000170791
ZNF584-2	ZNF584	ENSG00000171574
TEX2-2	TEX2	ENSG00000136478
EIF2B4-2	EIF2B4	ENSG00000115211
IGFBP3-2	IGFBP3	ENSG00000146674
TSHZ1-2	TSHZ1	ENSG00000179981
ANXA5-2	ANXA5	ENSG00000164111
CIART-2	CIART	ENSG00000159208
CLSTN1-2	CLSTN1	ENSG00000171603
ACADS-2	ACADS	ENSG00000122971
NAB2-2	NAB2	ENSG00000166886
MRPL50-2	MRPL50	ENSG00000136897
IL27RA-2	IL27RA	ENSG00000104998
MTX2-2	MTX2	ENSG00000128654
PRDM2-2	PRDM2	ENSG00000116731
TEN1-2	TEN1	ENSG00000257949
TBC1D9B-2	TBC1D9B	ENSG00000197226
FBXO45-2	FBXO45	ENSG00000174013
RB1CC1-2	RB1CC1	ENSG00000023287
FCER1G-2	FCER1G	ENSG00000158869
WDR36-2	WDR36	ENSG00000134987
LPCAT1-2	LPCAT1	ENSG00000153395
WDR25-2	WDR25	ENSG00000176473
FAM50A-2	FAM50A	ENSG00000071859
LAMA5-2	LAMA5	ENSG00000130702
SDAD1-2	SDAD1	ENSG00000198301
ZNF101-2	ZNF101	ENSG00000181896
PIR-2	PIR	ENSG00000087842
MAP2K5-2	MAP2K5	ENSG00000137764
ZNF329-2	ZNF329	ENSG00000181894
GPR52-2	GPR52	ENSG00000203737
KLHL21-2	KLHL21	ENSG00000162413
TBX20-2	TBX20	ENSG00000164532
ADGRV1-2	ADGRV1	ENSG00000164199
GATA1-2	GATA1	ENSG00000102145
RPL32-2	RPL32	ENSG00000144713
AHCYL1-2	AHCYL1	ENSG00000168710
DDX58-2	RIGI	ENSG00000107201
GLRX5-2	GLRX5	ENSG00000182512
FAM110C-2	FAM110C	ENSG00000184731
ATP6V1C2-2	ATP6V1C2	ENSG00000143882
IL4-2	IL4	ENSG00000113520
VKORC1L1-2	VKORC1L1	ENSG00000196715
TNFSF9-2	TNFSF9	ENSG00000125657
HBEGF-2	HBEGF	ENSG00000113070
SHCBP1-2	SHCBP1	ENSG00000171241
WWC3-2	WWC3	ENSG00000047644
NUDT19-2	NUDT19	ENSG00000213965
SP2-2	SP2	ENSG00000167182
RWDD1-2	RWDD1	ENSG00000111832
FZR1-2	FZR1	ENSG00000105325
LRG1-2	LRG1	ENSG00000171236
IFFO1-2	IFFO1	ENSG00000010295
TSSC4-2	TSSC4	ENSG00000184281
NBL1-2	NBL1	ENSG00000158747
SHMT2-2	SHMT2	ENSG00000182199
NKX3-1-2	NKX3-1	ENSG00000167034
LLGL1-2	LLGL1	ENSG00000131899
SLC16A1-2	SLC16A1	ENSG00000155380
MED6-2	MED6	ENSG00000133997
CHMP6-2	CHMP6	ENSG00000176108
TSPAN4-2	TSPAN4	ENSG00000214063
ZNF714-2	ZNF714	ENSG00000160352
NANOGNB-2	NANOGNB	ENSG00000205857
ZBTB49-2	ZBTB49	ENSG00000168826
ACTR3C-2	ACTR3C	ENSG00000106526
SS18L1-2	SS18L1	ENSG00000184402
SULT1A1-2	SULT1A1	ENSG00000196502
OVGP1-2	OVGP1	ENSG00000085465
IGFBP2-2	IGFBP2	ENSG00000115457
KIF16B-2	KIF16B	ENSG00000089177
TRAPPC8-2	TRAPPC8	ENSG00000153339
SERP1-2	SERP1	ENSG00000120742
SETMAR-2	SETMAR	ENSG00000170364
ACP6-2	ACP6	ENSG00000162836
SNTB1-2	SNTB1	ENSG00000172164
HOXB7-2	HOXB7	ENSG00000260027
MCEE-2	MCEE	ENSG00000124370
NDUFB3-2	NDUFB3	ENSG00000119013
ANKRD10-2	ANKRD10	ENSG00000088448
SASH1-2	SASH1	ENSG00000111961
ADGRL1-2	ADGRL1	ENSG00000072071
MSMO1-2	MSMO1	ENSG00000052802
ZNF747-2	ZNF747	ENSG00000169955
PRDX2-2	PRDX2	ENSG00000167815
VPS16-2	VPS16	ENSG00000215305
SHPK-2	SHPK	ENSG00000197417
TEX30-2	TEX30	ENSG00000151287
MTERF3-2	MTERF3	ENSG00000156469
DIAPH1-2	DIAPH1	ENSG00000131504
JADE1-2	JADE1	ENSG00000077684
CNKSR2-2	CNKSR2	ENSG00000149970
TMEM120B-2	TMEM120B	ENSG00000188735
ZNF442-2	ZNF442	ENSG00000198342
SRFBP1-2	SRFBP1	ENSG00000151304
PPBP-2	PPBP	ENSG00000163736
QPCT-2	QPCT	ENSG00000115828
CCDC137-2	CCDC137	ENSG00000185298
TUBA8-2	TUBA8	ENSG00000183785
RAC1-2	RAC1	ENSG00000136238
YIPF5-2	YIPF5	ENSG00000145817
PLA2G15-2	PLA2G15	ENSG00000103066
SRBD1-2	SRBD1	ENSG00000068784
KCTD10-2	KCTD10	ENSG00000110906
GPRC5B-2	GPRC5B	ENSG00000167191
ZFYVE26-2	ZFYVE26	ENSG00000072121
BCAT1-2	BCAT1	ENSG00000060982
OSBPL5-2	OSBPL5	ENSG00000021762
CCDC91-2	CCDC91	ENSG00000123106
SPATA6L-2	SPATA6L	ENSG00000106686
STX6-2	STX6	ENSG00000135823
TPGS1-2	TPGS1	ENSG00000141933
SMARCE1-2	SMARCE1	ENSG00000073584
CPXM1-2	CPXM1	ENSG00000088882
ADAP1-2	ADAP1	ENSG00000105963
TOP3B-2	TOP3B	ENSG00000100038
NOL8-2	NOL8	ENSG00000198000
WNK1-2	WNK1	ENSG00000060237
MLXIPL-2	MLXIPL	ENSG00000009950
MOCS1-2	MOCS1	ENSG00000124615
KLK1-2	KLK1	ENSG00000167748
AUH-2	AUH	ENSG00000148090
MPST-2	MPST	ENSG00000128309
CLN5-2	CLN5	ENSG00000102805
GNAI2-2	GNAI2	ENSG00000114353
SNRPC-2	SNRPC	ENSG00000124562
OVOL2-2	OVOL2	ENSG00000125850
CUBN-2	CUBN	ENSG00000107611
RAB6B-2	RAB6B	ENSG00000154917
HOXC9-2	HOXC9	ENSG00000180806
RAB23-2	RAB23	ENSG00000112210
IFNGR2-2	IFNGR2	ENSG00000159128
BEX4-2	BEX4	ENSG00000102409
ATP6V1A-2	ATP6V1A	ENSG00000114573
INPP1-2	INPP1	ENSG00000151689
CD55-2	CD55	ENSG00000196352
ST14-2	ST14	ENSG00000149418
MCF2L-2	MCF2L	ENSG00000126217
PUDP-2	PUDP	ENSG00000130021
CD48-2	CD48	ENSG00000117091
SP110-2	SP110	ENSG00000135899
TMEM44-2	TMEM44	ENSG00000145014
TBP-2	TBP	ENSG00000112592
LIN52-2	LIN52	ENSG00000205659
C6orf203-2	MTRES1	ENSG00000130349
SLAMF6-2	SLAMF6	ENSG00000162739
STPG1-2	STPG1	ENSG00000001460
HNRNPLL-2	HNRNPLL	ENSG00000143889
ILVBL-2	ILVBL	ENSG00000105135
PNRC2-2	PNRC2	ENSG00000189266
SNRNP40-2	SNRNP40	ENSG00000060688
CCDC71-2	CCDC71	ENSG00000177352
THY1-2	THY1	ENSG00000154096
RYR1-2	RYR1	ENSG00000196218
DDX20-2	DDX20	ENSG00000064703
MSRB2-2	MSRB2	ENSG00000148450
COMT-2	COMT	ENSG00000093010
GPRC5A-2	GPRC5A	ENSG00000013588
MTHFD2-2	MTHFD2	ENSG00000065911
NEMF-2	NEMF	ENSG00000165525
DYNC1I2-2	DYNC1I2	ENSG00000077380
MT1F-2	MT1F	ENSG00000198417
MRPL58-2	MRPL58	ENSG00000167862
EXD3-2	EXD3	ENSG00000187609
VRK2-2	VRK2	ENSG00000028116
RCHY1-2	RCHY1	ENSG00000163743
FAM126A-2	HYCC1	ENSG00000122591
MYO3B-2	MYO3B	ENSG00000071909
AMY2B-2	AMY2B	ENSG00000240038
PDE8A-2	PDE8A	ENSG00000073417
FAM122C-2	PABIR3	ENSG00000156500
SRSF8-2	SRSF8	ENSG00000263465
PGLYRP1-2	PGLYRP1	ENSG00000008438
TMCC1-2	TMCC1	ENSG00000172765
MAP3K6-2	MAP3K6	ENSG00000142733
AFTPH-2	AFTPH	ENSG00000119844
CPEB2-2	CPEB2	ENSG00000137449
CDKN1B-2	CDKN1B	ENSG00000111276
NFS1-2	NFS1	ENSG00000244005
MRPL27-2	MRPL27	ENSG00000108826
SETD1B-2	SETD1B	ENSG00000139718
SREK1-2	SREK1	ENSG00000153914
SCRT2-2	SCRT2	ENSG00000215397
NDUFAF4-2	NDUFAF4	ENSG00000123545
NCKAP5L-2	NCKAP5L	ENSG00000167566
BOLA1-2	BOLA1	ENSG00000178096
HESX1-2	HESX1	ENSG00000163666
HFE-2	HFE	ENSG00000010704
PPP1R14C-2	PPP1R14C	ENSG00000198729
POFUT2-2	POFUT2	ENSG00000186866
BRI3BP-2	BRI3BP	ENSG00000184992
HNRNPC-2	HNRNPC	ENSG00000092199
CGGBP1-2	CGGBP1	ENSG00000163320
MED7-2	MED7	ENSG00000155868
ZNRF1-2	ZNRF1	ENSG00000186187
CORO1B-2	CORO1B	ENSG00000172725
BTBD3-2	BTBD3	ENSG00000132640
TRIM21-2	TRIM21	ENSG00000132109
AQP1-2	AQP1	ENSG00000240583
ACAA2-2	ACAA2	ENSG00000167315
MRPL46-2	MRPL46	ENSG00000259494
RBBP6-2	RBBP6	ENSG00000122257
NAXE-2	NAXE	ENSG00000163382
SLC30A5-2	SLC30A5	ENSG00000145740
AMFR-2	AMFR	ENSG00000159461
MZT1-2	MZT1	ENSG00000204899
TRIM32-2	TRIM32	ENSG00000119401
ZBTB44-2	ZBTB44	ENSG00000196323
AGBL2-2	AGBL2	ENSG00000165923
PRMT7-2	PRMT7	ENSG00000132600
GAN-2	GAN	ENSG00000261609
PDE7A-2	PDE7A	ENSG00000205268
VASP-2	VASP	ENSG00000125753
PAFAH1B1-2	PAFAH1B1	ENSG00000007168
MS4A7-2	MS4A7	ENSG00000166927
SLC2A1-2	SLC2A1	ENSG00000117394
MTMR4-2	MTMR4	ENSG00000108389
PLGRKT-2	PLGRKT	ENSG00000107020
FAM171A1-2	FAM171A1	ENSG00000148468
STX1B-2	STX1B	ENSG00000099365
MACROD1-2	MACROD1	ENSG00000133315
KLHDC8B-2	KLHDC8B	ENSG00000185909
SLC15A3-2	SLC15A3	ENSG00000110446
NUAK1-2	NUAK1	ENSG00000074590
ILKAP-2	ILKAP	ENSG00000132323
ALPL-2	ALPL	ENSG00000162551
PATL2-2	PATL2	ENSG00000229474
DNAJC1-2	DNAJC1	ENSG00000136770
METTL6-2	METTL6	ENSG00000206562
TBC1D14-2	TBC1D14	ENSG00000132405
ZNF71-2	ZNF71	ENSG00000197951
CTBS-2	CTBS	ENSG00000117151
SELP-2	SELP	ENSG00000174175
ZNF587-2	ZNF587	ENSG00000198466
POLL-2	POLL	ENSG00000166169
RGS2-2	RGS2	ENSG00000116741
TTC5-2	TTC5	ENSG00000136319
LNP1-2	LNP1	ENSG00000206535
CARD6-2	CARD6	ENSG00000132357
IL17RA-2	IL17RA	ENSG00000177663
GMEB2-2	GMEB2	ENSG00000101216
FBXL4-2	FBXL4	ENSG00000112234
TGDS-2	TGDS	ENSG00000088451
MAN1B1-2	MAN1B1	ENSG00000177239
CSTB-2	CSTB	ENSG00000160213
UBE2C-2	UBE2C	ENSG00000175063
URGCP-2	URGCP	ENSG00000106608
SOX4-2	SOX4	ENSG00000124766
SLC27A1-2	SLC27A1	ENSG00000130304
GSX2-2	GSX2	ENSG00000180613
NOL9-2	NOL9	ENSG00000162408
CENPH-2	CENPH	ENSG00000153044
DGLUCY-2	DGLUCY	ENSG00000133943
TUBA4A-2	TUBA4A	ENSG00000127824
TEP1-2	TEP1	ENSG00000129566
CPPED1-2	CPPED1	ENSG00000103381
TCF21-2	TCF21	ENSG00000118526
MUC1-2	MUC1	ENSG00000185499
B4GALNT1-2	B4GALNT1	ENSG00000135454
SPICE1-2	SPICE1	ENSG00000163611
PLD2-2	PLD2	ENSG00000129219
ZNF24-2	ZNF24	ENSG00000172466
SNAI1-2	SNAI1	ENSG00000124216
MYB-2	MYB	ENSG00000118513
TLX2-2	TLX2	ENSG00000115297
FXR2-2	FXR2	ENSG00000129245
ANKRD40-2	ANKRD40	ENSG00000154945
WDR19-2	WDR19	ENSG00000157796
OGFRL1-2	OGFRL1	ENSG00000119900
ZNF45-2	ZNF45	ENSG00000124459
NFXL1-2	NFXL1	ENSG00000170448
ASB3-2	ASB3	ENSG00000115239
MPG-2	MPG	ENSG00000103152
LLGL2-2	LLGL2	ENSG00000073350
DNAJB1-2	DNAJB1	ENSG00000132002
ZG16-2	ZG16	ENSG00000174992
APTX-2	APTX	ENSG00000137074
TWIST1-2	TWIST1	ENSG00000122691
HEATR3-2	HEATR3	ENSG00000155393
RALY-2	RALY	ENSG00000125970
EXOSC4-2	EXOSC4	ENSG00000178896
CKAP4-2	CKAP4	ENSG00000136026
UGDH-2	UGDH	ENSG00000109814
ZC3HC1-2	ZC3HC1	ENSG00000091732
RPAIN-2	RPAIN	ENSG00000129197
SLC22A17-2	SLC22A17	ENSG00000092096
RFPL2-2	RFPL2	ENSG00000128253
RIPK2-2	RIPK2	ENSG00000104312
SLC17A5-2	SLC17A5	ENSG00000119899
ZNF7-2	ZNF7	ENSG00000147789
FHL1-2	FHL1	ENSG00000022267
ZDBF2-2	ZDBF2	ENSG00000204186
CPSF2-2	CPSF2	ENSG00000165934
PIGX-2	PIGX	ENSG00000163964
TGFB3-2	TGFB3	ENSG00000119699
NPRL2-2	NPRL2	ENSG00000114388
AVPR2-2	AVPR2	ENSG00000126895
LDLRAD4-2	LDLRAD4	ENSG00000168675
SLMAP-2	SLMAP	ENSG00000163681
IL36RN-2	IL36RN	ENSG00000136695
ATF2-2	ATF2	ENSG00000115966
FUBP1-2	FUBP1	ENSG00000162613
NXF1-2	NXF1	ENSG00000162231
EMC1-2	EMC1	ENSG00000127463
LGALS1-2	LGALS1	ENSG00000100097
SPATA25-2	SPATA25	ENSG00000149634
ITPRIPL2-2	ITPRIPL2	ENSG00000205730
MRPL40-2	MRPL40	ENSG00000185608
ARRDC3-2	ARRDC3	ENSG00000113369
EGR2-2	EGR2	ENSG00000122877
HIST2H3D-2	H3C13	ENSG00000183598
NIFK-2	NIFK	ENSG00000155438
TOB2-2	TOB2	ENSG00000183864
ASCL3-2	ASCL3	ENSG00000176009
LRRC42-2	LRRC42	ENSG00000116212
ABHD13-2	ABHD13	ENSG00000139826
ZBTB8OS-2	ZBTB8OS	ENSG00000176261
NDFIP2-2	NDFIP2	ENSG00000102471
TIA1-2	TIA1	ENSG00000116001
ZNF37A-2	ZNF37A	ENSG00000075407
RAB20-2	RAB20	ENSG00000139832
AARS2-2	AARS2	ENSG00000124608
UCP2-2	UCP2	ENSG00000175567
DCP2-2	DCP2	ENSG00000172795
TRIM37-2	TRIM37	ENSG00000108395
MAGED2-2	MAGED2	ENSG00000102316
ZC3H8-2	ZC3H8	ENSG00000144161
DKK3-2	DKK3	ENSG00000050165
ABTB1-2	ABTB1	ENSG00000114626
SESN1-2	SESN1	ENSG00000080546
ANAPC15-2	ANAPC15	ENSG00000110200
CCNT1-2	CCNT1	ENSG00000129315
IDH1-2	IDH1	ENSG00000138413
STK17B-2	STK17B	ENSG00000081320
PMAIP1-2	PMAIP1	ENSG00000141682
NPIPB15-2	NPIPB15	ENSG00000196436
ZZEF1-2	ZZEF1	ENSG00000074755
KXD1-2	KXD1	ENSG00000105700
VAC14-2	VAC14	ENSG00000103043
TMED10-2	TMED10	ENSG00000170348
NR2C2AP-2	NR2C2AP	ENSG00000184162
TRAPPC2-2	TRAPPC2	ENSG00000196459
CCNC-2	CCNC	ENSG00000112237
PIP4P1-2	PIP4P1	ENSG00000165782
YTHDF3-2	YTHDF3	ENSG00000185728
NMD3-2	NMD3	ENSG00000169251
SIT1-2	SIT1	ENSG00000137078
POLR3C-2	POLR3C	ENSG00000186141
ANKLE1-2	ANKLE1	ENSG00000160117
WAS-2	WAS	ENSG00000015285
POP1-2	POP1	ENSG00000104356
MKKS-2	MKKS	ENSG00000125863
PRDX6-2	PRDX6	ENSG00000117592
NEMP1-2	NEMP1	ENSG00000166881
IL1RAP-2	IL1RAP	ENSG00000196083
ZNF596-2	ZNF596	ENSG00000172748
CD300LF-2	CD300LF	ENSG00000186074
THBS3-2	THBS3	ENSG00000169231
ENDOD1-2	ENDOD1	ENSG00000149218
FAM222B-2	FAM222B	ENSG00000173065
MYADM-2	MYADM	ENSG00000179820
ZNF699-2	ZNF699	ENSG00000196110
ZIC1-2	ZIC1	ENSG00000152977
CTDSPL-2	CTDSPL	ENSG00000144677
MTMR3-2	MTMR3	ENSG00000100330
COMMD9-2	COMMD9	ENSG00000110442
FOXP2-2	FOXP2	ENSG00000128573
LRIF1-2	LRIF1	ENSG00000121931
ATP5PB-2	ATP5PB	ENSG00000116459
KDM1B-2	KDM1B	ENSG00000165097
RNF122-2	RNF122	ENSG00000133874
CBFA2T2-2	CBFA2T2	ENSG00000078699
GPATCH2-2	GPATCH2	ENSG00000092978
CEP95-2	CEP95	ENSG00000258890
PIGK-2	PIGK	ENSG00000142892
MSH3-2	MSH3	ENSG00000113318
CEP112-2	CEP112	ENSG00000154240
CCNH-2	CCNH	ENSG00000134480
CCDC174-2	CCDC174	ENSG00000154781
APOA1-2	APOA1	ENSG00000118137
TMEM170B-2	TMEM170B	ENSG00000205269
C19orf73-2	C19orf73	ENSG00000221916
ARL4A-2	ARL4A	ENSG00000122644
CCND3-2	CCND3	ENSG00000112576
GTF2H5-2	GTF2H5	ENSG00000272047
KIFAP3-2	KIFAP3	ENSG00000075945
PAPSS2-2	PAPSS2	ENSG00000198682
GTF3C2-2	GTF3C2	ENSG00000115207
CXCL10-2	CXCL10	ENSG00000169245
PLPP5-2	PLPP5	ENSG00000147535
PCNX3-2	PCNX3	ENSG00000197136
ABHD2-2	ABHD2	ENSG00000140526
ZNF225-2	ZNF225	ENSG00000256294
HKR1-2	ZNF875	ENSG00000181666
SNX29-2	SNX29	ENSG00000048471
SEC14L1-2	SEC14L1	ENSG00000129657
AFF2-2	AFF2	ENSG00000155966
ARMC7-2	ARMC7	ENSG00000125449
NHP2-2	NHP2	ENSG00000145912
RNF125-2	RNF125	ENSG00000101695
RARS-2	RARS1	ENSG00000113643
ATP11A-2	ATP11A	ENSG00000068650
KCTD11-2	KCTD11	ENSG00000213859
STAB1-2	STAB1	ENSG00000010327
POLE2-2	POLE2	ENSG00000100479
TBX15-2	TBX15	ENSG00000092607
LEO1-2	LEO1	ENSG00000166477
COX14-2	COX14	ENSG00000178449
DCBLD2-2	DCBLD2	ENSG00000057019
MMP24-2	MMP24	ENSG00000125966
CCDC57-2	CCDC57	ENSG00000176155
BBS2-2	BBS2	ENSG00000125124
MPP5-2	PALS1	ENSG00000072415
HMGN5-2	HMGN5	ENSG00000198157
FAM43A-2	FAM43A	ENSG00000185112
SDHAF3-2	SDHAF3	ENSG00000196636
COX17-2	COX17	ENSG00000138495
ERRFI1-2	ERRFI1	ENSG00000116285
EFHD1-2	EFHD1	ENSG00000115468
NCAPG2-2	NCAPG2	ENSG00000146918
LSM14B-2	LSM14B	ENSG00000149657
PIM3-2	PIM3	ENSG00000198355
UQCRC1-2	UQCRC1	ENSG00000010256
YY1AP1-2	YY1AP1	ENSG00000163374
WNT16-2	WNT16	ENSG00000002745
MARCH6-2	MARCHF6	ENSG00000145495
ZMAT5-2	ZMAT5	ENSG00000100319
SGSM3-2	SGSM3	ENSG00000100359
PDZD2-2	PDZD2	ENSG00000133401
PRDM5-2	PRDM5	ENSG00000138738
VWA5A-2	VWA5A	ENSG00000110002
ISG15-2	ISG15	ENSG00000187608
CAPG-2	CAPG	ENSG00000042493
RIOK3-2	RIOK3	ENSG00000101782
ZNF213-2	ZNF213	ENSG00000085644
ADAM28-2	ADAM28	ENSG00000042980
TJP2-2	TJP2	ENSG00000119139
OCIAD2-2	OCIAD2	ENSG00000145247
ZNF143-2	ZNF143	ENSG00000166478
PIGC-2	PIGC	ENSG00000135845
HSPD1-2	HSPD1	ENSG00000144381
LRFN4-2	LRFN4	ENSG00000173621
C1orf123-2	CZIB	ENSG00000162384
DENR-2	DENR	ENSG00000139726
FBXL20-2	FBXL20	ENSG00000108306
THEMIS2-2	THEMIS2	ENSG00000130775
POMT1-2	POMT1	ENSG00000130714
ARMC1-2	ARMC1	ENSG00000104442
WDR41-2	WDR41	ENSG00000164253
TP53-2	TP53	ENSG00000141510
SHQ1-2	SHQ1	ENSG00000144736
AZIN2-2	AZIN2	ENSG00000142920
ARIH1-2	ARIH1	ENSG00000166233
RAB11FIP2-2	RAB11FIP2	ENSG00000107560
PDK1-2	PDK1	ENSG00000152256
COX5A-2	COX5A	ENSG00000178741
CITED2-2	CITED2	ENSG00000164442
PDSS2-2	PDSS2	ENSG00000164494
RPA1-2	RPA1	ENSG00000132383
PIP5K1C-2	PIP5K1C	ENSG00000186111
ZNF302-2	ZNF302	ENSG00000089335
KMT2E-2	KMT2E	ENSG00000005483
MRPS18A-2	MRPS18A	ENSG00000096080
NAIF1-2	NAIF1	ENSG00000171169
FCGR3A-2	FCGR3A	ENSG00000203747
NIN-2	NIN	ENSG00000100503
ZNF830-2	ZNF830	ENSG00000198783
TCERG1-2	TCERG1	ENSG00000113649
CDC27-2	CDC27	ENSG00000004897
TTC7B-2	TTC7B	ENSG00000165914
TNFSF4-2	TNFSF4	ENSG00000117586
TP53RK-2	TP53RK	ENSG00000172315
YTHDC2-2	YTHDC2	ENSG00000047188
CCNA2-2	CCNA2	ENSG00000145386
ZNF576-2	ZNF576	ENSG00000124444
DNAH2-2	DNAH2	ENSG00000183914
ZDHHC3-2	ZDHHC3	ENSG00000163812
ZNF14-2	ZNF14	ENSG00000105708
CPOX-2	CPOX	ENSG00000080819
ARG2-2	ARG2	ENSG00000081181
PXYLP1-2	PXYLP1	ENSG00000155893
GAR1-2	GAR1	ENSG00000109534
TRIM24-2	TRIM24	ENSG00000122779
AAMP-2	AAMP	ENSG00000127837
ASPH-2	ASPH	ENSG00000198363
ZNF844-2	ZNF844	ENSG00000223547
MRPL35-2	MRPL35	ENSG00000132313
HDGFL2-2	HDGFL2	ENSG00000167674
ZFP92-2	ZFP92	ENSG00000189420
UBA7-2	UBA7	ENSG00000182179
HELLS-2	HELLS	ENSG00000119969
N4BP2L2-2	N4BP2L2	ENSG00000244754
CYB5D1-2	CYB5D1	ENSG00000182224
HECW2-2	HECW2	ENSG00000138411
YOD1-2	YOD1	ENSG00000180667
FBF1-2	FBF1	ENSG00000188878
LZTS1-2	LZTS1	ENSG00000061337
PPARGC1B-2	PPARGC1B	ENSG00000155846
CENPV-2	CENPV	ENSG00000166582
JUND-2	JUND	ENSG00000130522
ZNF334-2	ZNF334	ENSG00000198185
TBX6-2	TBX6	ENSG00000149922
NR1I2-2	NR1I2	ENSG00000144852
CPT1B-2	CPT1B	ENSG00000205560
GALK2-2	GALK2	ENSG00000156958
RELT-2	RELT	ENSG00000054967
MAGEE1-2	MAGEE1	ENSG00000198934
BBC3-2	BBC3	ENSG00000105327
DCUN1D3-2	DCUN1D3	ENSG00000188215
IMPA2-2	IMPA2	ENSG00000141401
HDAC4-2	HDAC4	ENSG00000068024
PLCB2-2	PLCB2	ENSG00000137841
PPP1CA-2	PPP1CA	ENSG00000172531
EIF2AK2-2	EIF2AK2	ENSG00000055332
TTBK2-2	TTBK2	ENSG00000128881
C7orf26-2	INTS15	ENSG00000146576
GRHPR-2	GRHPR	ENSG00000137106
ZNF184-2	ZNF184	ENSG00000096654
RAB4A-2	RAB4A	ENSG00000168118
SUCO-2	SUCO	ENSG00000094975
RSAD2-2	RSAD2	ENSG00000134321
TMEM168-2	TMEM168	ENSG00000146802
ING4-2	ING4	ENSG00000111653
C2CD3-2	C2CD3	ENSG00000168014
ATP5PO-2	ATP5PO	ENSG00000241837
DTX4-2	DTX4	ENSG00000110042
DOCK10-2	DOCK10	ENSG00000135905
ETFB-2	ETFB	ENSG00000105379
ZNF813-2	ZNF813	ENSG00000198346
MTFP1-2	MTFP1	ENSG00000242114
FCRL3-2	FCRL3	ENSG00000160856
DLEC1-2	DLEC1	ENSG00000008226
TNFRSF4-2	TNFRSF4	ENSG00000186827
ETS2-2	ETS2	ENSG00000157557
WDR34-2	DYNC2I2	ENSG00000119333
GALNS-2	GALNS	ENSG00000141012
RNASET2-2	RNASET2	ENSG00000026297
SLC20A1-2	SLC20A1	ENSG00000144136
ABTB2-2	ABTB2	ENSG00000166016
LCOR-2	LCOR	ENSG00000196233
LSR-2	LSR	ENSG00000105699
UBE3D-2	UBE3D	ENSG00000118420
PITRM1-2	PITRM1	ENSG00000107959
POFUT1-2	POFUT1	ENSG00000101346
GLMP-2	GLMP	ENSG00000198715
DUSP23-2	DUSP23	ENSG00000158716
S100A9-2	S100A9	ENSG00000163220
METAP2-2	METAP2	ENSG00000111142
ZNF287-2	ZNF287	ENSG00000141040
SUMF1-2	SUMF1	ENSG00000144455
STATH-2	STATH	ENSG00000126549
ENTPD4-2	ENTPD4	ENSG00000197217
UBA5-2	UBA5	ENSG00000081307
TXNL4B-2	TXNL4B	ENSG00000140830
MCL1-2	MCL1	ENSG00000143384
RALGPS2-2	RALGPS2	ENSG00000116191
PUM1-2	PUM1	ENSG00000134644
IFT57-2	IFT57	ENSG00000114446
DDA1-2	DDA1	ENSG00000130311
LAS1L-2	LAS1L	ENSG00000001497
C1orf21-2	C1orf21	ENSG00000116667
ATG16L1-2	ATG16L1	ENSG00000085978
KLHDC3-2	KLHDC3	ENSG00000124702
C12orf75-2	C12orf75	ENSG00000235162
TREM1-2	TREM1	ENSG00000124731
ZNF578-2	ZNF578	ENSG00000258405
FUBP3-2	FUBP3	ENSG00000107164
AKAP11-2	AKAP11	ENSG00000023516
FEZF1-2	FEZF1	ENSG00000128610
HBB-2	HBB	ENSG00000244734
COX19-2	COX19	ENSG00000240230
UBE2V1-2	UBE2V1	ENSG00000244687
STAP2-2	STAP2	ENSG00000178078
SEMA5A-2	SEMA5A	ENSG00000112902
TEX12-2	TEX12	ENSG00000150783
CHAF1A-2	CHAF1A	ENSG00000167670
C19orf54-2	ACTMAP	ENSG00000188493
PIP4K2C-2	PIP4K2C	ENSG00000166908
LRRN3-2	LRRN3	ENSG00000173114
RAPH1-2	RAPH1	ENSG00000173166
GPS2-2	GPS2	ENSG00000132522
SIGIRR-2	SIGIRR	ENSG00000185187
CCDC84-2	CENATAC	ENSG00000186166
IPPK-2	IPPK	ENSG00000127080
EFL1-2	EFL1	ENSG00000140598
ASCL1-2	ASCL1	ENSG00000139352
NSRP1-2	NSRP1	ENSG00000126653
TMF1-2	TMF1	ENSG00000144747
RPL37A-2	RPL37A	ENSG00000197756
RPS4X-2	RPS4X	ENSG00000198034
TBX21-2	TBX21	ENSG00000073861
HOXD8-2	HOXD8	ENSG00000175879
PXMP4-2	PXMP4	ENSG00000101417
C15orf62-2	C15orf62	ENSG00000188277
C1orf54-2	C1orf54	ENSG00000118292
MRPL16-2	MRPL16	ENSG00000166902
COMMD10-2	COMMD10	ENSG00000145781
STK32C-2	STK32C	ENSG00000165752
AMIGO1-2	AMIGO1	ENSG00000181754
ZIK1-2	ZIK1	ENSG00000171649
RAB34-2	RAB34	ENSG00000109113
TECPR2-2	TECPR2	ENSG00000196663
MARCH5-2	MARCHF5	ENSG00000198060
TRIM11-2	TRIM11	ENSG00000154370
C8orf33-2	C8orf33	ENSG00000182307
CCDC15-2	CCDC15	ENSG00000149548
TUFT1-2	TUFT1	ENSG00000143367
ARPC2-2	ARPC2	ENSG00000163466
RPL18-2	RPL18	ENSG00000063177
NRG2-2	NRG2	ENSG00000158458
ZBTB47-2	ZBTB47	ENSG00000114853
PPP5C-2	PPP5C	ENSG00000011485
ITGB3-2	ITGB3	ENSG00000259207
SETD7-2	SETD7	ENSG00000145391
ZIM3-2	ZIM3	ENSG00000141946
WDFY1-2	WDFY1	ENSG00000085449
CLYBL-2	CLYBL	ENSG00000125246
ZNF501-2	ZNF501	ENSG00000186446
SF3B5-2	SF3B5	ENSG00000169976
OPA1-2	OPA1	ENSG00000198836
LACTB-2	LACTB	ENSG00000103642
JMY-2	JMY	ENSG00000152409
FAM199X-2	FAM199X	ENSG00000123575
LETMD1-2	LETMD1	ENSG00000050426
RAP2C-2	RAP2C	ENSG00000123728
PRPF6-2	PRPF6	ENSG00000101161
ZNF280C-2	ZNF280C	ENSG00000056277
FCGR3B-2	FCGR3B	ENSG00000162747
USP54-2	USP54	ENSG00000166348
FOXF1-2	FOXF1	ENSG00000103241
ZNF107-2	ZNF107	ENSG00000196247
ATP8B1-2	ATP8B1	ENSG00000081923
AGAP1-2	AGAP1	ENSG00000157985
VDAC3-2	VDAC3	ENSG00000078668
U2AF2-2	U2AF2	ENSG00000063244
REXO5-2	REXO5	ENSG00000005189
TOR3A-2	TOR3A	ENSG00000186283
DEPDC5-2	DEPDC5	ENSG00000100150
RGS9-2	RGS9	ENSG00000108370
FKBP1B-2	FKBP1B	ENSG00000119782
AOAH-2	AOAH	ENSG00000136250
RASSF2-2	RASSF2	ENSG00000101265
ENTPD1-2	ENTPD1	ENSG00000138185
PIN4-2	PIN4	ENSG00000102309
SMC2-2	SMC2	ENSG00000136824
ALG2-2	ALG2	ENSG00000119523
HINT2-2	HINT2	ENSG00000137133
EIF3B-2	EIF3B	ENSG00000106263
BLVRA-2	BLVRA	ENSG00000106605
SLC25A38-2	SLC25A38	ENSG00000144659
TRMT10B-2	TRMT10B	ENSG00000165275
SEMA7A-2	SEMA7A	ENSG00000138623
PDPR-2	PDPR	ENSG00000090857
RRM1-2	RRM1	ENSG00000167325
ZIC2-2	ZIC2	ENSG00000043355
TFDP3-2	TFDP3	ENSG00000183434
TMBIM4-2	TMBIM4	ENSG00000155957
PALD1-2	PALD1	ENSG00000107719
RNF38-2	RNF38	ENSG00000137075
HSCB-2	HSCB	ENSG00000100209
PAQR8-2	PAQR8	ENSG00000170915
TMOD3-2	TMOD3	ENSG00000138594
CYP2E1-2	CYP2E1	ENSG00000130649
CXCL2-2	CXCL2	ENSG00000081041
MTSS1L-2	MTSS2	ENSG00000132613
USP39-2	USP39	ENSG00000168883
UQCC3-2	UQCC3	ENSG00000204922
PPP2R1A-2	PPP2R1A	ENSG00000105568
PPP1R14A-2	PPP1R14A	ENSG00000167641
METTL16-2	METTL16	ENSG00000127804
AIM2-2	AIM2	ENSG00000163568
SFMBT1-2	SFMBT1	ENSG00000163935
NHLRC2-2	NHLRC2	ENSG00000196865
ARPC5-2	ARPC5	ENSG00000162704
HIGD2A-2	HIGD2A	ENSG00000146066
SLC25A23-2	SLC25A23	ENSG00000125648
POLRMT-2	POLRMT	ENSG00000099821
FAM153B-2	ENSG00000289731	ENSG00000289731
KCNMB3-2	KCNMB3	ENSG00000171121
ZKSCAN7-2	ZKSCAN7	ENSG00000196345
RPL11-2	RPL11	ENSG00000142676
ADCY9-2	ADCY9	ENSG00000162104
S100A2-2	S100A2	ENSG00000196754
SLC26A4-2	SLC26A4	ENSG00000091137
TM9SF2-2	TM9SF2	ENSG00000125304
PPIL1-2	PPIL1	ENSG00000137168
APOBR-2	APOBR	ENSG00000184730
NEFL-2	NEFL	ENSG00000277586
ACBD3-2	ACBD3	ENSG00000182827
PIK3C2A-2	PIK3C2A	ENSG00000011405
RPP30-2	RPP30	ENSG00000148688
TSC22D3-2	TSC22D3	ENSG00000157514
HIST1H2BE-2	H2BC6	ENSG00000274290
AIFM2-2	AIFM2	ENSG00000042286
ZNF84-2	ZNF84	ENSG00000198040
TCFL5-2	TCFL5	ENSG00000101190
C19orf25-2	C19orf25	ENSG00000119559
SFSWAP-2	SFSWAP	ENSG00000061936
ITGA3-2	ITGA3	ENSG00000005884
MLLT11-2	MLLT11	ENSG00000213190
DELE1-2	DELE1	ENSG00000081791
ORAI3-2	ORAI3	ENSG00000175938
MBLAC1-2	MBLAC1	ENSG00000214309
CENPN-2	CENPN	ENSG00000166451
EAF1-2	EAF1	ENSG00000144597
DLX1-2	DLX1	ENSG00000144355
GAS6-2	GAS6	ENSG00000183087
TNFRSF1A-2	TNFRSF1A	ENSG00000067182
CD83-2	CD83	ENSG00000112149
TRMU-2	TRMU	ENSG00000100416
TBC1D24-2	TBC1D24	ENSG00000162065
RECK-2	RECK	ENSG00000122707
CCDC122-2	CCDC122	ENSG00000151773
SMIM12-2	SMIM12	ENSG00000163866
ADHFE1-2	ADHFE1	ENSG00000147576
SETX-2	SETX	ENSG00000107290
NEK8-2	NEK8	ENSG00000160602
PSMA4-2	PSMA4	ENSG00000041357
HOXB13-2	HOXB13	ENSG00000159184
FAM234B-2	FAM234B	ENSG00000084444
ZBTB16-2	ZBTB16	ENSG00000109906
SPRTN-2	SPRTN	ENSG00000010072
CIZ1-2	CIZ1	ENSG00000148337
USP4-2	USP4	ENSG00000114316
METTL23-2	METTL23	ENSG00000181038
HMCN2-2	HMCN2	ENSG00000148357
TIGD7-2	TIGD7	ENSG00000140993
SDE2-2	SDE2	ENSG00000143751
S100A8-2	S100A8	ENSG00000143546
ZNF836-2	ZNF836	ENSG00000196267
MAGT1-2	MAGT1	ENSG00000102158
ZSCAN31-2	ZSCAN31	ENSG00000235109
DNAJB12-2	DNAJB12	ENSG00000148719
MCFD2-2	MCFD2	ENSG00000180398
VCPKMT-2	VCPKMT	ENSG00000100483
NFIL3-2	NFIL3	ENSG00000165030
IARS-2	IARS1	ENSG00000196305
SERPINB1-2	SERPINB1	ENSG00000021355
SNAP47-2	SNAP47	ENSG00000143740
HTT-2	HTT	ENSG00000197386
NINJ1-2	NINJ1	ENSG00000131669
EIF1B-2	EIF1B	ENSG00000114784
LARS-2	LARS1	ENSG00000133706
ASH1L-2	ASH1L	ENSG00000116539
PDCD7-2	PDCD7	ENSG00000090470
TMEM123-2	TMEM123	ENSG00000152558
NDOR1-2	NDOR1	ENSG00000188566
UTP11-2	UTP11	ENSG00000183520
MYNN-2	MYNN	ENSG00000085274
ACER3-2	ACER3	ENSG00000078124
ACP1-2	ACP1	ENSG00000143727
NUGGC-2	NUGGC	ENSG00000189233
CCDC130-2	YJU2B	ENSG00000104957
PRDM15-2	PRDM15	ENSG00000141956
ZNF232-2	ZNF232	ENSG00000167840
UBL3-2	UBL3	ENSG00000122042
POC1A-2	POC1A	ENSG00000164087
PCM1-2	PCM1	ENSG00000078674
BCL2L11-2	BCL2L11	ENSG00000153094
CEP126-2	CEP126	ENSG00000110318
TREX2-2	TREX2	ENSG00000183479
PPP2R5C-2	PPP2R5C	ENSG00000078304
POC5-2	POC5	ENSG00000152359
TBC1D32-2	TBC1D32	ENSG00000146350
CCR1-2	CCR1	ENSG00000163823
ZNF134-2	ZNF134	ENSG00000213762
ADA2-2	ADA2	ENSG00000093072
OTOG-2	OTOG	ENSG00000188162
CENPP-2	CENPP	ENSG00000188312
FAM78B-2	FAM78B	ENSG00000188859
FBXO4-2	FBXO4	ENSG00000151876
ZFP36L2-2	ZFP36L2	ENSG00000152518
SEC63-2	SEC63	ENSG00000025796
SLC12A6-2	SLC12A6	ENSG00000140199
TOR4A-2	TOR4A	ENSG00000198113
HIST4H4-2	H4C16	ENSG00000197837
GOLGB1-2	GOLGB1	ENSG00000173230
CIT-2	CIT	ENSG00000122966
ACAT1-2	ACAT1	ENSG00000075239
RTEL1-2	RTEL1	ENSG00000258366
HUWE1-2	HUWE1	ENSG00000086758
NDUFS7-2	NDUFS7	ENSG00000115286
RBM12B-2	RBM12B	ENSG00000183808
EMC4-2	EMC4	ENSG00000128463
C12orf45-2	NOPCHAP1	ENSG00000151131
FBXO30-2	FBXO30	ENSG00000118496
CMTM2-2	CMTM2	ENSG00000140932
PRKAG2-2	PRKAG2	ENSG00000106617
NFYB-2	NFYB	ENSG00000120837
QPCTL-2	QPCTL	ENSG00000011478
FOXC1-2	FOXC1	ENSG00000054598
RPS28-2	RPS28	ENSG00000233927
PIGR-2	PIGR	ENSG00000162896
POLI-2	POLI	ENSG00000101751
SYNJ2-2	SYNJ2	ENSG00000078269
MYLIP-2	MYLIP	ENSG00000007944
ZNF415-2	ZNF415	ENSG00000170954
ZNF257-2	ZNF257	ENSG00000197134
ZNF76-2	ZNF76	ENSG00000065029
DENND6B-2	DENND6B	ENSG00000205593
TRIQK-2	TRIQK	ENSG00000205133
LIMS2-2	LIMS2	ENSG00000072163
CHFR-2	CHFR	ENSG00000072609
TET2-2	TET2	ENSG00000168769
ADI1-2	ADI1	ENSG00000182551
WT1-2	WT1	ENSG00000184937
TMEM209-2	TMEM209	ENSG00000146842
GCLM-2	GCLM	ENSG00000023909
CPNE7-2	CPNE7	ENSG00000178773
THOC1-2	THOC1	ENSG00000079134
UPF3B-2	UPF3B	ENSG00000125351
CNPY4-2	CNPY4	ENSG00000166997
OAF-2	OAF	ENSG00000184232
PHOX2A-2	PHOX2A	ENSG00000165462
GCAT-2	GCAT	ENSG00000100116
PSEN1-2	PSEN1	ENSG00000080815
PTPMT1-2	PTPMT1	ENSG00000110536
KLRC1-2	KLRC1	ENSG00000134545
RPS8-2	RPS8	ENSG00000142937
ALAS2-2	ALAS2	ENSG00000158578
CCDC159-2	CCDC159	ENSG00000183401
DMAC2-2	DMAC2	ENSG00000105341
SAP25-2	SAP25	ENSG00000205307
PAFAH1B3-2	PAFAH1B3	ENSG00000079462
TMEM40-2	TMEM40	ENSG00000088726
PMM2-2	PMM2	ENSG00000140650
KBTBD7-2	KBTBD7	ENSG00000120696
MDGA1-2	MDGA1	ENSG00000112139
HIST1H3H-2	H3C10	ENSG00000278828
BLVRB-2	BLVRB	ENSG00000090013
NFE4-2	NFE4	ENSG00000230257
CDYL-2	CDYL	ENSG00000153046
NUP62CL-2	NUP62CL	ENSG00000198088
IMPDH2-2	IMPDH2	ENSG00000178035
AGBL5-2	AGBL5	ENSG00000084693
PP2D1-2	PP2D1	ENSG00000183977
TERF1-2	TERF1	ENSG00000147601
PCBD1-2	PCBD1	ENSG00000166228
MICU3-2	MICU3	ENSG00000155970
PHLDB1-2	PHLDB1	ENSG00000019144
ADPRM-2	ADPRM	ENSG00000170222
MTFR1L-2	MTFR1L	ENSG00000117640
FANCD2-2	FANCD2	ENSG00000144554
NME3-2	NME3	ENSG00000103024
SAV1-2	SAV1	ENSG00000151748
BORCS6-2	BORCS6	ENSG00000196544
GBE1-2	GBE1	ENSG00000114480
CHDH-2	CHDH	ENSG00000016391
RHOT1-2	RHOT1	ENSG00000126858
ZNF552-2	ZNF552	ENSG00000178935
FLT4-2	FLT4	ENSG00000037280
SND1-2	SND1	ENSG00000197157
ZNF768-2	ZNF768	ENSG00000169957
TMEM9B-2	TMEM9B	ENSG00000175348
SETD6-2	SETD6	ENSG00000103037
MRPS22-2	MRPS22	ENSG00000175110
USP8-2	USP8	ENSG00000138592
FAM135A-2	FAM135A	ENSG00000082269
ASCC3-2	ASCC3	ENSG00000112249
AGO4-2	AGO4	ENSG00000134698
BCOR-2	BCOR	ENSG00000183337
AGO3-2	AGO3	ENSG00000126070
PILRA-2	PILRA	ENSG00000085514
GPC1-2	GPC1	ENSG00000063660
WASL-2	WASL	ENSG00000106299
METTL26-2	METTL26	ENSG00000130731
TSG101-2	TSG101	ENSG00000074319
THBS4-2	THBS4	ENSG00000113296
CTNNBIP1-2	CTNNBIP1	ENSG00000178585
ZNF823-2	ZNF823	ENSG00000197933
CHML-2	CHML	ENSG00000203668
SIN3B-2	SIN3B	ENSG00000127511
CTU1-2	CTU1	ENSG00000142544
ZNF549-2	ZNF549	ENSG00000121406
GTF2E2-2	GTF2E2	ENSG00000197265
BICRA-2	BICRA	ENSG00000063169
STARD5-2	STARD5	ENSG00000172345
ADM-2	ADM	ENSG00000148926
OXA1L-2	OXA1L	ENSG00000155463
AP5M1-2	AP5M1	ENSG00000053770
ZNF891-2	ZNF891	ENSG00000214029
GRHL1-2	GRHL1	ENSG00000134317
DDX31-2	DDX31	ENSG00000125485
C9orf16-2	BBLN	ENSG00000171159
MGRN1-2	MGRN1	ENSG00000102858
TMEM71-2	TMEM71	ENSG00000165071
C1orf50-2	C1orf50	ENSG00000164008
IQCC-2	IQCC	ENSG00000160051
CHMP4A-2	CHMP4A	ENSG00000254505
RNASE6-2	RNASE6	ENSG00000169413
CEP57-2	CEP57	ENSG00000166037
ITM2B-2	ITM2B	ENSG00000136156
ENTPD7-2	ENTPD7	ENSG00000198018
TROAP-2	TROAP	ENSG00000135451
WASHC3-2	WASHC3	ENSG00000120860
CASP2-2	CASP2	ENSG00000106144
NLGN2-2	NLGN2	ENSG00000169992
NSMCE1-2	NSMCE1	ENSG00000169189
TMEM201-2	TMEM201	ENSG00000188807
FITM2-2	FITM2	ENSG00000197296
TSTD2-2	TSTD2	ENSG00000136925
CD200-2	CD200	ENSG00000091972
NGDN-2	NGDN	ENSG00000129460
RIC8A-2	RIC8A	ENSG00000177963
FLOT2-2	FLOT2	ENSG00000132589
POMP-2	POMP	ENSG00000132963
TAOK2-2	TAOK2	ENSG00000149930
GPD2-2	GPD2	ENSG00000115159
LPAR2-2	LPAR2	ENSG00000064547
C17orf67-2	C17orf67	ENSG00000214226
PDCD10-2	PDCD10	ENSG00000114209
CCDC77-2	CCDC77	ENSG00000120647
PPP2CA-2	PPP2CA	ENSG00000113575
AGAP5-2	AGAP5	ENSG00000172650
BACH1-2	BACH1	ENSG00000156273
ECHS1-2	ECHS1	ENSG00000127884
SLC27A2-2	SLC27A2	ENSG00000140284
WDR3-2	WDR3	ENSG00000065183
CREB3-2	CREB3	ENSG00000107175
TRIM38-2	TRIM38	ENSG00000112343
SMAD7-2	SMAD7	ENSG00000101665
ST7-2	ST7	ENSG00000004866
NACA-2	NACA	ENSG00000196531
NCLN-2	NCLN	ENSG00000125912
TSPOAP1-2	TSPOAP1	ENSG00000005379
ALKBH4-2	ALKBH4	ENSG00000160993
FAM83G-2	FAM83G	ENSG00000188522
TMEM30A-2	TMEM30A	ENSG00000112697
KCTD12-2	KCTD12	ENSG00000178695
PPP1R32-2	SAXO4	ENSG00000162148
MRPS15-2	MRPS15	ENSG00000116898
CPNE1-2	CPNE1	ENSG00000214078
MRPL9-2	MRPL9	ENSG00000143436
ANAPC2-2	ANAPC2	ENSG00000176248
LYRM7-2	LYRM7	ENSG00000186687
ARHGAP15-2	ARHGAP15	ENSG00000075884
PCNX1-2	PCNX1	ENSG00000100731
ZNF396-2	ZNF396	ENSG00000186496
POLR2L-2	POLR2L	ENSG00000177700
PAK1-2	PAK1	ENSG00000149269
PLRG1-2	PLRG1	ENSG00000171566
AVPI1-2	AVPI1	ENSG00000119986
HADHB-2	HADHB	ENSG00000138029
TATDN2-2	TATDN2	ENSG00000157014
ZC3HAV1-2	ZC3HAV1	ENSG00000105939
TK2-2	TK2	ENSG00000166548
SRGAP2C-2	SRGAP2C	ENSG00000171943
A2M-2	A2M	ENSG00000175899
KIAA0040-2	KIAA0040	ENSG00000235750
GTDC1-2	GTDC1	ENSG00000121964
CD40LG-2	CD40LG	ENSG00000102245
ORC4-2	ORC4	ENSG00000115947
AGRN-2	AGRN	ENSG00000188157
NUS1-2	NUS1	ENSG00000153989
USP33-2	USP33	ENSG00000077254
MTFR1-2	MTFR1	ENSG00000066855
BCAS4-2	BCAS4	ENSG00000124243
GCNT4-2	GCNT4	ENSG00000176928
SLC25A25-2	SLC25A25	ENSG00000148339
STAT2-2	STAT2	ENSG00000170581
STAT5A-2	STAT5A	ENSG00000126561
CDCA4-2	CDCA4	ENSG00000170779
LIN28B-2	LIN28B	ENSG00000187772
CHMP1B-2	CHMP1B	ENSG00000255112
C1QA-2	C1QA	ENSG00000173372
MAN2A1-2	MAN2A1	ENSG00000112893
TBCEL-2	TBCEL	ENSG00000154114
DBI-2	DBI	ENSG00000155368
NID2-2	NID2	ENSG00000087303
APOBEC3G-2	APOBEC3G	ENSG00000239713
DRICH1-2	DRICH1	ENSG00000189269
BTBD19-2	BTBD19	ENSG00000222009
KAT6B-2	KAT6B	ENSG00000156650
PPT1-2	PPT1	ENSG00000131238
TRMT44-2	TRMT44	ENSG00000155275
WHAMM-2	WHAMM	ENSG00000156232
KDM6B-2	KDM6B	ENSG00000132510
HMX1-2	HMX1	ENSG00000215612
EMC7-2	EMC7	ENSG00000134153
RETREG3-2	RETREG3	ENSG00000141699
DPF2-2	DPF2	ENSG00000133884
TMEM14C-2	TMEM14C	ENSG00000111843
MAPK8IP3-2	MAPK8IP3	ENSG00000138834
DDX23-2	DDX23	ENSG00000174243
PLEKHG3-2	PLEKHG3	ENSG00000126822
PCP2-2	PCP2	ENSG00000174788
EMC10-2	EMC10	ENSG00000161671
PCNX4-2	PCNX4	ENSG00000126773
UBTD1-2	UBTD1	ENSG00000165886
ME1-2	ME1	ENSG00000065833
RABGAP1L-2	RABGAP1L	ENSG00000152061
HTRA2-2	HTRA2	ENSG00000115317
MARCH3-2	MARCHF3	ENSG00000173926
TMEM35B-2	TMEM35B	ENSG00000243749
TMEM54-2	TMEM54	ENSG00000121900
FAM117B-2	FAM117B	ENSG00000138439
DDOST-2	DDOST	ENSG00000244038
KBTBD2-2	KBTBD2	ENSG00000170852
FAM19A2-2	TAFA2	ENSG00000198673
OR4D1-2	OR4D1	ENSG00000141194
CDC42EP3-2	CDC42EP3	ENSG00000163171
INTS8-2	INTS8	ENSG00000164941
NLRP1-2	NLRP1	ENSG00000091592
PTPN7-2	PTPN7	ENSG00000143851
R3HDM1-2	R3HDM1	ENSG00000048991
CD19-2	CD19	ENSG00000177455
RBM22-2	RBM22	ENSG00000086589
ZDHHC17-2	ZDHHC17	ENSG00000186908
ST3GAL2-2	ST3GAL2	ENSG00000157350
ALX3-2	ALX3	ENSG00000156150
KALRN-2	KALRN	ENSG00000160145
MIPEP-2	MIPEP	ENSG00000027001
ZNF639-2	ZNF639	ENSG00000121864
SEC23B-2	SEC23B	ENSG00000101310
CDON-2	CDON	ENSG00000064309
CDKN3-2	CDKN3	ENSG00000100526
PARVG-2	PARVG	ENSG00000138964
SPHK1-2	SPHK1	ENSG00000176170
MROH1-2	MROH1	ENSG00000179832
LNPK-2	LNPK	ENSG00000144320
AARSD1-2	AARSD1	ENSG00000266967
CAMK1D-2	CAMK1D	ENSG00000183049
NOL6-2	NOL6	ENSG00000165271
ZCCHC17-2	ZCCHC17	ENSG00000121766
RAB39B-2	RAB39B	ENSG00000155961
SSB-2	SSB	ENSG00000138385
REX1BD-2	REX1BD	ENSG00000006015
ECD-2	ECD	ENSG00000122882
MBTD1-2	MBTD1	ENSG00000011258
SUV39H1-2	SUV39H1	ENSG00000101945
SMARCAL1-2	SMARCAL1	ENSG00000138375
TMEM170A-2	TMEM170A	ENSG00000166822
LGALS8-2	LGALS8	ENSG00000116977
PCNP-2	PCNP	ENSG00000081154
FOXP1-2	FOXP1	ENSG00000114861
EMD-2	EMD	ENSG00000102119
CBLB-2	CBLB	ENSG00000114423
TMEM106A-2	TMEM106A	ENSG00000184988
ETFBKMT-2	ETFBKMT	ENSG00000139160
DCUN1D5-2	DCUN1D5	ENSG00000137692
AFF1-2	AFF1	ENSG00000172493
FKBP7-2	FKBP7	ENSG00000079150
ATPAF2-2	ATPAF2	ENSG00000171953
FOXA2-2	FOXA2	ENSG00000125798
ANXA11-2	ANXA11	ENSG00000122359
CNNM3-2	CNNM3	ENSG00000168763
AFDN-2	AFDN	ENSG00000130396
PQLC3-2	SLC66A3	ENSG00000162976
TMEM30B-2	TMEM30B	ENSG00000182107
ETV2-2	ETV2	ENSG00000105672
SEC16A-2	SEC16A	ENSG00000148396
BOD1L1-2	BOD1L1	ENSG00000038219
ESRRG-2	ESRRG	ENSG00000196482
ZNF182-2	ZNF182	ENSG00000147118
MXRA7-2	MXRA7	ENSG00000182534
CAMK4-2	CAMK4	ENSG00000152495
MKRN3-2	MKRN3	ENSG00000179455
PLOD3-2	PLOD3	ENSG00000106397
PHYH-2	PHYH	ENSG00000107537
CTNND1-2	CTNND1	ENSG00000198561
PRKACA-2	PRKACA	ENSG00000072062
LAT-2	LAT	ENSG00000213658
ITPKB-2	ITPKB	ENSG00000143772
GNA12-2	GNA12	ENSG00000146535
INTS12-2	INTS12	ENSG00000138785
TMEM143-2	TMEM143	ENSG00000161558
CWC27-2	CWC27	ENSG00000153015
NDFIP1-2	NDFIP1	ENSG00000131507
LRRC32-2	LRRC32	ENSG00000137507
NUP58-2	NUP58	ENSG00000139496
MRPS18C-2	MRPS18C	ENSG00000163319
ATP1A3-2	ATP1A3	ENSG00000105409
ATF1-2	ATF1	ENSG00000123268
MYLPF-2	MYL11	ENSG00000180209
NUP107-2	NUP107	ENSG00000111581
NPM1-2	NPM1	ENSG00000181163
ROCK2-2	ROCK2	ENSG00000134318
MAP2K1-2	MAP2K1	ENSG00000169032
HS2ST1-2	HS2ST1	ENSG00000153936
TRAF5-2	TRAF5	ENSG00000082512
RAP1GAP2-2	RAP1GAP2	ENSG00000132359
NLK-2	NLK	ENSG00000087095
SNF8-2	SNF8	ENSG00000159210
RPS16-2	RPS16	ENSG00000105193
FGFR1-2	FGFR1	ENSG00000077782
PLLP-2	PLLP	ENSG00000102934
CRLS1-2	CRLS1	ENSG00000088766
DENND1A-2	DENND1A	ENSG00000119522
SPNS1-2	SPNS1	ENSG00000169682
SP1-2	SP1	ENSG00000185591
OTP-2	OTP	ENSG00000171540
TAL2-2	TAL2	ENSG00000186051
GALNT3-2	GALNT3	ENSG00000115339
DHRS4-2	DHRS4	ENSG00000157326
LSM4-2	LSM4	ENSG00000130520
NIPSNAP3B-2	NIPSNAP3B	ENSG00000165028
OSBPL10-2	OSBPL10	ENSG00000144645
E2F7-2	E2F7	ENSG00000165891
USP10-2	USP10	ENSG00000103194
CROT-2	CROT	ENSG00000005469
GALNT7-2	GALNT7	ENSG00000109586
NDRG3-2	NDRG3	ENSG00000101079
GPR183-2	GPR183	ENSG00000169508
HAUS8-2	HAUS8	ENSG00000131351
NEK3-2	NEK3	ENSG00000136098
CUTC-2	CUTC	ENSG00000119929
DKC1-2	DKC1	ENSG00000130826
TRAIP-2	TRAIP	ENSG00000183763
LTBP1-2	LTBP1	ENSG00000049323
GPR108-2	GPR108	ENSG00000125734
ERCC8-2	ERCC8	ENSG00000049167
S100A14-2	S100A14	ENSG00000189334
ZSWIM8-2	ZSWIM8	ENSG00000214655
AEBP1-2	AEBP1	ENSG00000106624
MBNL1-2	MBNL1	ENSG00000152601
AARS-2	AARS1	ENSG00000090861
MT3-2	MT3	ENSG00000087250
EID2-2	EID2	ENSG00000176396
SEH1L-2	SEH1L	ENSG00000085415
GPR146-2	GPR146	ENSG00000164849
PLA2G4A-2	PLA2G4A	ENSG00000116711
SOCS1-2	SOCS1	ENSG00000185338
ITGA2-2	ITGA2	ENSG00000164171
EIF2AK4-2	EIF2AK4	ENSG00000128829
RALA-2	RALA	ENSG00000006451
TMEM167A-2	TMEM167A	ENSG00000174695
LYPLAL1-2	LYPLAL1	ENSG00000143353
TAF1A-2	TAF1A	ENSG00000143498
SCGB3A1-2	SCGB3A1	ENSG00000161055
SPTAN1-2	SPTAN1	ENSG00000197694
FAM221A-2	FAM221A	ENSG00000188732
LYRM9-2	LYRM9	ENSG00000232859
MAP3K9-2	MAP3K9	ENSG00000006432
NT5DC3-2	NT5DC3	ENSG00000111696
VAMP4-2	VAMP4	ENSG00000117533
MAVS-2	MAVS	ENSG00000088888
RPL13A-2	RPL13A	ENSG00000142541
TTC37-2	SKIC3	ENSG00000198677
PDHX-2	PDHX	ENSG00000110435
RPL23-2	RPL23	ENSG00000125691
PDX1-2	PDX1	ENSG00000139515
RPS4Y1-2	RPS4Y1	ENSG00000129824
ITGA4-2	ITGA4	ENSG00000115232
TMEM62-2	TMEM62	ENSG00000137842
ELAC2-2	ELAC2	ENSG00000006744
HIPK2-2	HIPK2	ENSG00000064393
PYCR1-2	PYCR1	ENSG00000183010
NOS1-2	NOS1	ENSG00000089250
BTK-2	BTK	ENSG00000010671
UNC13A-2	UNC13A	ENSG00000130477
MSRA-2	MSRA	ENSG00000175806
MZB1-2	MZB1	ENSG00000170476
NOP10-2	NOP10	ENSG00000182117
ZFAND6-2	ZFAND6	ENSG00000086666
TRABD2A-2	TRABD2A	ENSG00000186854
FAM222A-2	FAM222A	ENSG00000139438
TUT7-2	TUT7	ENSG00000083223
FER-2	FER	ENSG00000151422
C7orf43-2	TRAPPC14	ENSG00000146826
ATL3-2	ATL3	ENSG00000184743
CHMP4B-2	CHMP4B	ENSG00000101421
MASTL-2	MASTL	ENSG00000120539
PDCD11-2	PDCD11	ENSG00000148843
PLP2-2	PLP2	ENSG00000102007
IL18BP-2	IL18BP	ENSG00000137496
NKTR-2	NKTR	ENSG00000114857
ZNF646-2	ZNF646	ENSG00000167395
CAP1-2	CAP1	ENSG00000131236
DIAPH2-2	DIAPH2	ENSG00000147202
THBS1-2	THBS1	ENSG00000137801
POLE3-2	POLE3	ENSG00000148229
NAA50-2	NAA50	ENSG00000121579
PITX1-2	PITX1	ENSG00000069011
SNAPC5-2	SNAPC5	ENSG00000174446
POLR2M-2	POLR2M	ENSG00000255529
SEC24C-2	SEC24C	ENSG00000176986
AVEN-2	AVEN	ENSG00000169857
BOD1-2	BOD1	ENSG00000145919
ZNF385C-2	ZNF385C	ENSG00000187595
FBP1-2	FBP1	ENSG00000165140
HIP1R-2	HIP1R	ENSG00000130787
TMEM106C-2	TMEM106C	ENSG00000134291
FAM3D-2	FAM3D	ENSG00000198643
C21orf58-2	C21orf58	ENSG00000160298
E4F1-2	E4F1	ENSG00000167967
TUBG1-2	TUBG1	ENSG00000131462
USP24-2	USP24	ENSG00000162402
DEPDC1-2	DEPDC1	ENSG00000024526
RSRP1-2	RSRP1	ENSG00000117616
MSANTD2-2	MSANTD2	ENSG00000120458
GLI4-2	GLI4	ENSG00000250571
PRPF19-2	PRPF19	ENSG00000110107
CHORDC1-2	CHORDC1	ENSG00000110172
MPO-2	MPO	ENSG00000005381
ERBIN-2	ERBIN	ENSG00000112851
TTC9C-2	TTC9C	ENSG00000162222
CSTF3-2	CSTF3	ENSG00000176102
SRSF2-2	SRSF2	ENSG00000161547
DET1-2	DET1	ENSG00000140543
SSR4-2	SSR4	ENSG00000180879
MKRN2-2	MKRN2	ENSG00000075975
CUX2-2	CUX2	ENSG00000111249
REL-2	REL	ENSG00000162924
GZF1-2	GZF1	ENSG00000125812
ARAP3-2	ARAP3	ENSG00000120318
TMEM189-UBE2V1-2	PEDS1-UBE2V1	ENSG00000124208
ORC2-2	ORC2	ENSG00000115942
DNAJC15-2	DNAJC15	ENSG00000120675
ERCC1-2	ERCC1	ENSG00000012061
ARL3-2	ARL3	ENSG00000138175
USP30-2	USP30	ENSG00000135093
FBXW5-2	FBXW5	ENSG00000159069
DHTKD1-2	DHTKD1	ENSG00000181192
RANBP1-2	RANBP1	ENSG00000099901
CCR4-2	CCR4	ENSG00000183813
GJC1-2	GJC1	ENSG00000182963
CHMP2A-2	CHMP2A	ENSG00000130724
PLEKHG4-2	PLEKHG4	ENSG00000196155
AK2-2	AK2	ENSG00000004455
ZSCAN18-2	ZSCAN18	ENSG00000121413
MAP4-2	MAP4	ENSG00000047849
CAMKK2-2	CAMKK2	ENSG00000110931
SEPT1-2	SEPTIN1	ENSG00000180096
SRSF10-2	SRSF10	ENSG00000188529
GUSB-2	GUSB	ENSG00000169919
EBF2-2	EBF2	ENSG00000221818
EIF2S1-2	EIF2S1	ENSG00000134001
CAB39L-2	CAB39L	ENSG00000102547
XRCC6-2	XRCC6	ENSG00000196419
LCORL-2	LCORL	ENSG00000178177
CHD4-2	CHD4	ENSG00000111642
BNC2-2	BNC2	ENSG00000173068
PGP-2	PGP	ENSG00000184207
FOS-2	FOS	ENSG00000170345
DNAJC12-2	DNAJC12	ENSG00000108176
SNAP29-2	SNAP29	ENSG00000099940
TRAK2-2	TRAK2	ENSG00000115993
KCNG3-2	KCNG3	ENSG00000171126
SDHAF4-2	SDHAF4	ENSG00000154079
TLDC1-2	MEAK7	ENSG00000140950
VPS37C-2	VPS37C	ENSG00000167987
ZBTB37-2	ZBTB37	ENSG00000185278
DBR1-2	DBR1	ENSG00000138231
NAPSA-2	NAPSA	ENSG00000131400
GRIPAP1-2	GRIPAP1	ENSG00000068400
FADS1-2	FADS1	ENSG00000149485
FOXN2-2	FOXN2	ENSG00000170802
HSP90AA1-2	HSP90AA1	ENSG00000080824
VOPP1-2	VOPP1	ENSG00000154978
USP7-2	USP7	ENSG00000187555
MGAM-2	MGAM	ENSG00000257335
PNKP-2	PNKP	ENSG00000039650
ZNF558-2	ZNF558	ENSG00000167785
RNF44-2	RNF44	ENSG00000146083
SDHB-2	SDHB	ENSG00000117118
SNX18-2	SNX18	ENSG00000178996
ABHD10-2	ABHD10	ENSG00000144827
MRPL22-2	MRPL22	ENSG00000082515
TRIM41-2	TRIM41	ENSG00000146063
CATSPERG-2	CATSPERG	ENSG00000099338
MITF-2	MITF	ENSG00000187098
TRAF7-2	TRAF7	ENSG00000131653
FNTA-2	FNTA	ENSG00000168522
WNT1-2	WNT1	ENSG00000125084
ZNF468-2	ZNF468	ENSG00000204604
CD79B-2	CD79B	ENSG00000007312
NFKBIZ-2	NFKBIZ	ENSG00000144802
PPP1R35-2	PPP1R35	ENSG00000160813
DENND5A-2	DENND5A	ENSG00000184014
HES2-2	HES2	ENSG00000069812
TNIP2-2	TNIP2	ENSG00000168884
TTC27-2	TTC27	ENSG00000018699
GPR150-2	GPR150	ENSG00000178015
TCF25-2	TCF25	ENSG00000141002
ZNF546-2	ZNF546	ENSG00000187187
TICAM1-2	TICAM1	ENSG00000127666
RALGDS-2	RALGDS	ENSG00000160271
IL21R-2	IL21R	ENSG00000103522
LYRM1-2	LYRM1	ENSG00000102897
PTGIS-2	PTGIS	ENSG00000124212
MAP3K8-2	MAP3K8	ENSG00000107968
FIG4-2	FIG4	ENSG00000112367
ANAPC10-2	ANAPC10	ENSG00000164162
NSFL1C-2	NSFL1C	ENSG00000088833
ZNF577-2	ZNF577	ENSG00000161551
UMPS-2	UMPS	ENSG00000114491
ZNF536-2	ZNF536	ENSG00000198597
KLHL24-2	KLHL24	ENSG00000114796
ANKRD31-2	ANKRD31	ENSG00000145700
FAM207A-2	SLX9	ENSG00000160256
CCDC32-2	CCDC32	ENSG00000128891
DYNC1LI1-2	DYNC1LI1	ENSG00000144635
RNF13-2	RNF13	ENSG00000082996
GOLIM4-2	GOLIM4	ENSG00000173905
GSR-2	GSR	ENSG00000104687
ALDH7A1-2	ALDH7A1	ENSG00000164904
ZNF346-2	ZNF346	ENSG00000113761
ZNF750-2	ZNF750	ENSG00000141579
MCM10-2	MCM10	ENSG00000065328
MFSD11-2	MFSD11	ENSG00000092931
PTGR2-2	PTGR2	ENSG00000140043
POC1B-2	POC1B	ENSG00000139323
NPL-2	NPL	ENSG00000135838
CREB3L3-2	CREB3L3	ENSG00000060566
MRPS33-2	MRPS33	ENSG00000090263
ZNF773-2	ZNF773	ENSG00000152439
C18orf32-2	C18orf32	ENSG00000177576
CNOT9-2	CNOT9	ENSG00000144580
TMEM159-2	LDAF1	ENSG00000011638
SRRM2-2	SRRM2	ENSG00000167978
CEBPA-2	CEBPA	ENSG00000245848
ADAL-2	MAPDA	ENSG00000168803
UNC5CL-2	UNC5CL	ENSG00000124602
BLOC1S4-2	BLOC1S4	ENSG00000186222
SPAG8-2	SPAG8	ENSG00000137098
LCMT1-2	LCMT1	ENSG00000205629
AKIRIN2-2	AKIRIN2	ENSG00000135334
PRDX4-2	PRDX4	ENSG00000123131
FAM208B-2	TASOR2	ENSG00000108021
EXT1-2	EXT1	ENSG00000182197
COX18-2	COX18	ENSG00000163626
TMBIM6-2	TMBIM6	ENSG00000139644
RNF175-2	RNF175	ENSG00000145428
BORCS5-2	BORCS5	ENSG00000165714
MUC5B-2	MUC5B	ENSG00000117983
RELL2-2	RELL2	ENSG00000164620
WDR55-2	WDR55	ENSG00000120314
TRPV2-2	TRPV2	ENSG00000187688
QRSL1-2	QRSL1	ENSG00000130348
NDUFB10-2	NDUFB10	ENSG00000140990
SEC23IP-2	SEC23IP	ENSG00000107651
NMUR1-2	NMUR1	ENSG00000171596
ARMH1-2	ARMH1	ENSG00000198520
DUSP16-2	DUSP16	ENSG00000111266
CERS6-2	CERS6	ENSG00000172292
ATR-2	ATR	ENSG00000175054
WDR5-2	WDR5	ENSG00000196363
ITGB7-2	ITGB7	ENSG00000139626
ETV4-2	ETV4	ENSG00000175832
UBE2M-2	UBE2M	ENSG00000130725
ARMC8-2	ARMC8	ENSG00000114098
LIG3-2	LIG3	ENSG00000005156
KIAA1109-2	BLTP1	ENSG00000138688
CCNB1IP1-2	CCNB1IP1	ENSG00000100814
SPEN-2	SPEN	ENSG00000065526
MBIP-2	MBIP	ENSG00000151332
MBTPS2-2	MBTPS2	ENSG00000012174
TMEM116-2	TMEM116	ENSG00000198270
OTULINL-2	OTULINL	ENSG00000145569
ACVR1B-2	ACVR1B	ENSG00000135503
ZFP3-2	ZFP3	ENSG00000180787
SDHA-2	SDHA	ENSG00000073578
PSMB5-2	PSMB5	ENSG00000100804
COL9A2-2	COL9A2	ENSG00000049089
PLEKHB2-2	PLEKHB2	ENSG00000115762
IER2-2	IER2	ENSG00000160888
SNAPC1-2	SNAPC1	ENSG00000023608
ACO2-2	ACO2	ENSG00000100412
ZNF75D-2	ZNF75D	ENSG00000186376
PSMD10-2	PSMD10	ENSG00000101843
SP8-2	SP8	ENSG00000164651
DPH1-2	DPH1	ENSG00000108963
NRDE2-2	NRDE2	ENSG00000119720
FAM53C-2	FAM53C	ENSG00000120709
SLTM-2	SLTM	ENSG00000137776
AXIN1-2	AXIN1	ENSG00000103126
PPFIBP2-2	PPFIBP2	ENSG00000166387
SPOP-2	SPOP	ENSG00000121067
GMCL1-2	GMCL1	ENSG00000087338
CLHC1-2	CLHC1	ENSG00000162994
RARRES3-2	PLAAT4	ENSG00000133321
PLIN2-2	PLIN2	ENSG00000147872
BAG4-2	BAG4	ENSG00000156735
KLF7-2	KLF7	ENSG00000118263
SFTPA2-2	SFTPA2	ENSG00000185303
USP48-2	USP48	ENSG00000090686
JKAMP-2	JKAMP	ENSG00000050130
NAA25-2	NAA25	ENSG00000111300
ZSCAN9-2	ZSCAN9	ENSG00000137185
ITPR3-2	ITPR3	ENSG00000096433
GAS2-2	GAS2	ENSG00000148935
HIST1H3G-2	H3C8	ENSG00000273983
ORC6-2	ORC6	ENSG00000091651
TRIM5-2	TRIM5	ENSG00000132256
OPN1SW-2	OPN1SW	ENSG00000128617
CAPZB-2	CAPZB	ENSG00000077549
ZNF3-2	ZNF3	ENSG00000166526
MTERF4-2	MTERF4	ENSG00000122085
TBCB-2	TBCB	ENSG00000105254
ZNF83-2	ZNF83	ENSG00000167766
CYSTM1-2	CYSTM1	ENSG00000120306
CNOT7-2	CNOT7	ENSG00000198791
ZNF263-2	ZNF263	ENSG00000006194
SDR42E1-2	SDR42E1	ENSG00000184860
CD52-2	CD52	ENSG00000169442
CHEK2-2	CHEK2	ENSG00000183765
RHOBTB2-2	RHOBTB2	ENSG00000008853
AASDH-2	AASDH	ENSG00000157426
IL18R1-2	IL18R1	ENSG00000115604
FOXR2-2	FOXR2	ENSG00000189299
MYL12A-2	MYL12A	ENSG00000101608
SLC39A4-2	SLC39A4	ENSG00000147804
GOT2-2	GOT2	ENSG00000125166
SLC31A1-2	SLC31A1	ENSG00000136868
C16orf70-2	PHAF1	ENSG00000125149
DNASE1-2	DNASE1	ENSG00000213918
CDX2-2	CDX2	ENSG00000165556
NSD2-2	NSD2	ENSG00000109685
MAP3K5-2	MAP3K5	ENSG00000197442
MNT-2	MNT	ENSG00000070444
STK38-2	STK38	ENSG00000112079
SH3GL1-2	SH3GL1	ENSG00000141985
GPAM-2	GPAM	ENSG00000119927
C12orf43-2	C12orf43	ENSG00000157895
HOMER2-2	HOMER2	ENSG00000103942
PADI4-2	PADI4	ENSG00000159339
ARMCX5-2	ARMCX5	ENSG00000125962
RPSA-2	RPSA	ENSG00000168028
ANKMY1-2	ANKMY1	ENSG00000144504
TOX2-2	TOX2	ENSG00000124191
SH3TC1-2	SH3TC1	ENSG00000125089
GSS-2	GSS	ENSG00000100983
SNX2-2	SNX2	ENSG00000205302
NHEJ1-2	NHEJ1	ENSG00000187736
KHNYN-2	KHNYN	ENSG00000100441
VDAC1-2	VDAC1	ENSG00000213585
RBM42-2	RBM42	ENSG00000126254
SLC9A9-2	SLC9A9	ENSG00000181804
FAM193B-2	FAM193B	ENSG00000146067
CNPY3-2	CNPY3	ENSG00000137161
SPTBN5-2	SPTBN5	ENSG00000137877
MAP4K3-2	MAP4K3	ENSG00000011566
STARD9-2	STARD9	ENSG00000159433
C1orf74-2	C1orf74	ENSG00000162757
BECN1-2	BECN1	ENSG00000126581
LYRM4-2	LYRM4	ENSG00000214113
ZNF620-2	ZNF620	ENSG00000177842
BCAT2-2	BCAT2	ENSG00000105552
DDX11-2	DDX11	ENSG00000013573
NADK-2	NADK	ENSG00000008130
PACSIN3-2	PACSIN3	ENSG00000165912
SLC15A2-2	SLC15A2	ENSG00000163406
GLS2-2	GLS2	ENSG00000135423
TXNDC16-2	TXNDC16	ENSG00000087301
NR3C1-2	NR3C1	ENSG00000113580
NIPBL-2	NIPBL	ENSG00000164190
PTPN2-2	PTPN2	ENSG00000175354
EFHC1-2	EFHC1	ENSG00000096093
VPS11-2	VPS11	ENSG00000160695
SHOC2-2	SHOC2	ENSG00000108061
SENP7-2	SENP7	ENSG00000138468
AKR1B1-2	AKR1B1	ENSG00000085662
BLOC1S6-2	BLOC1S6	ENSG00000104164
FOXO6-2	FOXO6	ENSG00000204060
HDGF-2	HDGF	ENSG00000143321
USP9X-2	USP9X	ENSG00000124486
ANKMY2-2	ANKMY2	ENSG00000106524
AZI2-2	AZI2	ENSG00000163512
CCAR1-2	CCAR1	ENSG00000060339
EFHD2-2	EFHD2	ENSG00000142634
NCALD-2	NCALD	ENSG00000104490
LRRCC1-2	LRRCC1	ENSG00000133739
CSF1R-2	CSF1R	ENSG00000182578
TMEM187-2	TMEM187	ENSG00000177854
TBL1XR1-2	TBL1XR1	ENSG00000177565
WIPF1-2	WIPF1	ENSG00000115935
TTC12-2	TTC12	ENSG00000149292
ZNF843-2	ZNF843	ENSG00000176723
SRRT-2	SRRT	ENSG00000087087
DYNC2H1-2	DYNC2H1	ENSG00000187240
CCDC88B-2	CCDC88B	ENSG00000168071
PIGO-2	PIGO	ENSG00000165282
PARP11-2	PARP11	ENSG00000111224
ZNF718-2	ZNF718	ENSG00000250312
PHF7-2	PHF7	ENSG00000010318
ZNF687-2	ZNF687	ENSG00000143373
SZT2-2	SZT2	ENSG00000198198
GAL3ST4-2	GAL3ST4	ENSG00000197093
TBK1-2	TBK1	ENSG00000183735
SETD4-2	SETD4	ENSG00000185917
ACAD9-2	ACAD9	ENSG00000177646
NCBP3-2	NCBP3	ENSG00000074356
MPHOSPH6-2	MPHOSPH6	ENSG00000135698
RHOA-2	RHOA	ENSG00000067560
PLAG1-2	PLAG1	ENSG00000181690
UBP1-2	UBP1	ENSG00000153560
IVNS1ABP-2	IVNS1ABP	ENSG00000116679
HBS1L-2	HBS1L	ENSG00000112339
KIF4A-2	KIF4A	ENSG00000090889
RRP7A-2	RRP7A	ENSG00000189306
KIF3C-2	KIF3C	ENSG00000084731
R3HDM2-2	R3HDM2	ENSG00000179912
LETM1-2	LETM1	ENSG00000168924
FOXK2-2	FOXK2	ENSG00000141568
UBE2G1-2	UBE2G1	ENSG00000132388
ABCF3-2	ABCF3	ENSG00000161204
ADAM10-2	ADAM10	ENSG00000137845
TMEM99-2	KRT10-AS1	ENSG00000167920
FAM161B-2	FAM161B	ENSG00000156050
HLX-2	HLX	ENSG00000136630
ATG3-2	ATG3	ENSG00000144848
TSNARE1-2	TSNARE1	ENSG00000171045
PIGT-2	PIGT	ENSG00000124155
TMEM126B-2	TMEM126B	ENSG00000171204
PDP1-2	PDP1	ENSG00000164951
PCNA-2	PCNA	ENSG00000132646
PRPSAP1-2	PRPSAP1	ENSG00000161542
DAP-2	DAP	ENSG00000112977
TMIE-2	TMIE	ENSG00000181585
SLC29A1-2	SLC29A1	ENSG00000112759
STAG1-2	STAG1	ENSG00000118007
ARF4-2	ARF4	ENSG00000168374
GEMIN8-2	GEMIN8	ENSG00000046647
DNAJC17-2	DNAJC17	ENSG00000104129
ZNF367-2	ZNF367	ENSG00000165244
C1R-2	C1R	ENSG00000159403
CERS2-2	CERS2	ENSG00000143418
SLX4IP-2	SLX4IP	ENSG00000149346
MYH9-2	MYH9	ENSG00000100345
CBX4-2	CBX4	ENSG00000141582
SAA2-2	SAA2	ENSG00000134339
TAB2-2	TAB2	ENSG00000055208
MX1-2	MX1	ENSG00000157601
AP2A1-2	AP2A1	ENSG00000196961
NT5E-2	NT5E	ENSG00000135318
FBXW7-2	FBXW7	ENSG00000109670
ZNF528-2	ZNF528	ENSG00000167555
RBM26-2	RBM26	ENSG00000139746
TXNRD1-2	TXNRD1	ENSG00000198431
NAA30-2	NAA30	ENSG00000139977
PDCD5-2	PDCD5	ENSG00000105185
UBALD2-2	UBALD2	ENSG00000185262
BCCIP-2	BCCIP	ENSG00000107949
ELK1-2	ELK1	ENSG00000126767
SSSCA1-2	ZNRD2	ENSG00000173465
CLDN20-2	CLDN20	ENSG00000171217
RINL-2	RINL	ENSG00000187994
APOBEC2-2	APOBEC2	ENSG00000124701
GLI2-2	GLI2	ENSG00000074047
DOT1L-2	DOT1L	ENSG00000104885
RNF149-2	RNF149	ENSG00000163162
TAOK3-2	TAOK3	ENSG00000135090
ATP6AP1-2	ATP6AP1	ENSG00000071553
MYO15B-2	MYO15B	ENSG00000266714
MED15-2	MED15	ENSG00000099917
CABP4-2	CABP4	ENSG00000175544
RIOK1-2	RIOK1	ENSG00000124784
SLC27A4-2	SLC27A4	ENSG00000167114
DOCK5-2	DOCK5	ENSG00000147459
NTN5-2	NTN5	ENSG00000142233
CCDC28A-2	CCDC28A	ENSG00000024862
HIST1H2BH-2	H2BC9	ENSG00000275713
DNM2-2	DNM2	ENSG00000079805
NOG-2	NOG	ENSG00000183691
DSTYK-2	DSTYK	ENSG00000133059
SH2D4A-2	SH2D4A	ENSG00000104611
RNF115-2	RNF115	ENSG00000265491
CKAP2L-2	CKAP2L	ENSG00000169607
CLPB-2	CLPB	ENSG00000162129
ADA-2	ADA	ENSG00000196839
HIST1H4J-2	H4C11	ENSG00000197238
CSTF2T-2	CSTF2T	ENSG00000177613
FOXO3-2	FOXO3	ENSG00000118689
ARMC12-2	ARMC12	ENSG00000157343
TRIM62-2	TRIM62	ENSG00000116525
ACTA2-2	ACTA2	ENSG00000107796
PHPT1-2	PHPT1	ENSG00000054148
HLCS-2	HLCS	ENSG00000159267
PSD4-2	PSD4	ENSG00000125637
MLF2-2	MLF2	ENSG00000089693
HARBI1-2	HARBI1	ENSG00000180423
PGAP2-2	PGAP2	ENSG00000148985
RAB37-2	RAB37	ENSG00000172794
LMF1-2	LMF1	ENSG00000103227
SLC25A27-2	SLC25A27	ENSG00000153291
NR3C2-2	NR3C2	ENSG00000151623
TSC2-2	TSC2	ENSG00000103197
MEA1-2	MEA1	ENSG00000124733
ATG2B-2	ATG2B	ENSG00000066739
LOXL2-2	LOXL2	ENSG00000134013
USP47-2	USP47	ENSG00000170242
MR1-2	MR1	ENSG00000153029
RAB27B-2	RAB27B	ENSG00000041353
NSL1-2	NSL1	ENSG00000117697
RNF141-2	RNF141	ENSG00000110315
SEC13-2	SEC13	ENSG00000157020
ZNF780A-2	ZNF780A	ENSG00000197782
RIC8B-2	RIC8B	ENSG00000111785
CACTIN-2	CACTIN	ENSG00000105298
TERT-2	TERT	ENSG00000164362
FBXO41-2	FBXO41	ENSG00000163013
MT1M-2	MT1M	ENSG00000205364
RASSF8-2	RASSF8	ENSG00000123094
USF3-2	USF3	ENSG00000176542
IKBKB-2	IKBKB	ENSG00000104365
SCRN2-2	SCRN2	ENSG00000141295
BOK-2	BOK	ENSG00000176720
BZW2-2	BZW2	ENSG00000136261
MYCBP2-2	MYCBP2	ENSG00000005810
FBRS-2	FBRS	ENSG00000156860
DDX21-2	DDX21	ENSG00000165732
NDUFA5-2	NDUFA5	ENSG00000128609
DIMT1-2	DIMT1	ENSG00000086189
DIS3-2	DIS3	ENSG00000083520
MACC1-2	MACC1	ENSG00000183742
PSKH1-2	PSKH1	ENSG00000159792
KCNC4-2	KCNC4	ENSG00000116396
PACRGL-2	PACRGL	ENSG00000163138
SENP1-2	SENP1	ENSG00000079387
PDZD4-2	PDZD4	ENSG00000067840
SPINT2-2	SPINT2	ENSG00000167642
PRDM11-2	PRDM11	ENSG00000019485
SNX12-2	SNX12	ENSG00000147164
EXOC1-2	EXOC1	ENSG00000090989
NEK6-2	NEK6	ENSG00000119408
PDLIM7-2	PDLIM7	ENSG00000196923
TMEM115-2	TMEM115	ENSG00000126062
HPS1-2	HPS1	ENSG00000107521
UTY-2	UTY	ENSG00000183878
KIAA0753-2	KIAA0753	ENSG00000198920
ZNF264-2	ZNF264	ENSG00000083844
GOSR1-2	GOSR1	ENSG00000108587
ENPP5-2	ENPP5	ENSG00000112796
FBXO33-2	FBXO33	ENSG00000165355
COX7B-2	COX7B	ENSG00000131174
CCDC136-2	CCDC136	ENSG00000128596
SLC18A2-2	SLC18A2	ENSG00000165646
TMED9-2	TMED9	ENSG00000184840
ALG8-2	ALG8	ENSG00000159063
VPS26C-2	VPS26C	ENSG00000157538
MIS12-2	MIS12	ENSG00000167842
ETV7-2	ETV7	ENSG00000010030
ADAM17-2	ADAM17	ENSG00000151694
THOC6-2	THOC6	ENSG00000131652
ENOSF1-2	ENOSF1	ENSG00000132199
CEPT1-2	CEPT1	ENSG00000134255
MRPL3-2	MRPL3	ENSG00000114686
USP3-2	USP3	ENSG00000140455
CXXC4-2	CXXC4	ENSG00000168772
CD40-2	CD40	ENSG00000101017
RIT1-2	RIT1	ENSG00000143622
AKR1A1-2	AKR1A1	ENSG00000117448
SEC31B-2	SEC31B	ENSG00000075826
ELOVL4-2	ELOVL4	ENSG00000118402
C14orf28-2	C14orf28	ENSG00000179476
CYB5R3-2	CYB5R3	ENSG00000100243
ZNF460-2	ZNF460	ENSG00000197714
SLBP-2	SLBP	ENSG00000163950
FCHO1-2	FCHO1	ENSG00000130475
UCHL5-2	UCHL5	ENSG00000116750
MCOLN2-2	MCOLN2	ENSG00000153898
ZKSCAN8-2	ZKSCAN8	ENSG00000198315
ZNF563-2	ZNF563	ENSG00000188868
TEAD4-2	TEAD4	ENSG00000197905
UBE2G2-2	UBE2G2	ENSG00000184787
BAIAP2L1-2	BAIAP2L1	ENSG00000006453
CISH-2	CISH	ENSG00000114737
TSPAN5-2	TSPAN5	ENSG00000168785
LSMEM1-2	LSMEM1	ENSG00000181016
CRAT-2	CRAT	ENSG00000095321
N6AMT1-2	N6AMT1	ENSG00000156239
CA5B-2	CA5B	ENSG00000169239
ZNF736-2	ZNF736	ENSG00000234444
RSBN1-2	RSBN1	ENSG00000081019
TXNDC17-2	TXNDC17	ENSG00000129235
TCF23-2	TCF23	ENSG00000163792
RPL30-2	RPL30	ENSG00000156482
MYCBP-2	MYCBP	ENSG00000214114
VPS33A-2	VPS33A	ENSG00000139719
HSF5-2	HSF5	ENSG00000176160
PPFIBP1-2	PPFIBP1	ENSG00000110841
FAM19A1-2	TAFA1	ENSG00000183662
APPL2-2	APPL2	ENSG00000136044
ID1-2	ID1	ENSG00000125968
UBC-2	UBC	ENSG00000150991
CDC40-2	CDC40	ENSG00000168438
B3GNT5-2	B3GNT5	ENSG00000176597
PAIP2B-2	PAIP2B	ENSG00000124374
SP100-2	SP100	ENSG00000067066
ZNF770-2	ZNF770	ENSG00000198146
PPP2R2A-2	PPP2R2A	ENSG00000221914
ZNF628-2	ZNF628	ENSG00000197483
BUD23-2	BUD23	ENSG00000071462
FBXO43-2	FBXO43	ENSG00000156509
AMPD2-2	AMPD2	ENSG00000116337
OR52N4-2	OR52N4	ENSG00000181074
MED21-2	MED21	ENSG00000152944
ZNF337-2	ZNF337	ENSG00000130684
FAM160B1-2	FHIP2A	ENSG00000151553
CDK11A-2	CDK11A	ENSG00000008128
RHOU-2	RHOU	ENSG00000116574
PRRT2-2	PRRT2	ENSG00000167371
SGSM2-2	SGSM2	ENSG00000141258
PPP6R2-2	PPP6R2	ENSG00000100239
CDK2-2	CDK2	ENSG00000123374
PDE3B-2	PDE3B	ENSG00000152270
NHLRC3-2	NHLRC3	ENSG00000188811
NOD1-2	NOD1	ENSG00000106100
PPIB-2	PPIB	ENSG00000166794
PSRC1-2	PSRC1	ENSG00000134222
RXRA-2	RXRA	ENSG00000186350
RGS6-2	RGS6	ENSG00000182732
NUCB1-2	NUCB1	ENSG00000104805
ADD2-2	ADD2	ENSG00000075340
GBP5-2	GBP5	ENSG00000154451
CCT2-2	CCT2	ENSG00000166226
RAD21-2	RAD21	ENSG00000164754
DNAJC10-2	DNAJC10	ENSG00000077232
XYLB-2	XYLB	ENSG00000093217
IRX3-2	IRX3	ENSG00000177508
PTPN14-2	PTPN14	ENSG00000152104
NABP2-2	NABP2	ENSG00000139579
LHX4-2	LHX4	ENSG00000121454
PXMP2-2	PXMP2	ENSG00000176894
ENTR1-2	ENTR1	ENSG00000165689
FMO4-2	FMO4	ENSG00000076258
MAFK-2	MAFK	ENSG00000198517
TMPRSS6-2	TMPRSS6	ENSG00000187045
EXOSC1-2	EXOSC1	ENSG00000171311
PAG1-2	PAG1	ENSG00000076641
HDAC3-2	HDAC3	ENSG00000171720
NDUFAF8-2	NDUFAF8	ENSG00000224877
ARF6-2	ARF6	ENSG00000165527
RPS29-2	RPS29	ENSG00000213741
HECTD4-2	HECTD4	ENSG00000173064
EVC2-2	EVC2	ENSG00000173040
COL5A3-2	COL5A3	ENSG00000080573
PAIP1-2	PAIP1	ENSG00000172239
NOA1-2	NOA1	ENSG00000084092
HERC6-2	HERC6	ENSG00000138642
NECAB3-2	NECAB3	ENSG00000125967
VPS39-2	VPS39	ENSG00000166887
TEX22-2	TEX22	ENSG00000226174
GP9-2	GP9	ENSG00000169704
OTUD7B-2	OTUD7B	ENSG00000264522
CDCA7-2	CDCA7	ENSG00000144354
NT5C-2	NT5C	ENSG00000125458
SAMHD1-2	SAMHD1	ENSG00000101347
SLX4-2	SLX4	ENSG00000188827
OVCA2-2	OVCA2	ENSG00000262664
YIPF6-2	YIPF6	ENSG00000181704
RNF145-2	RNF145	ENSG00000145860
KLRF1-2	KLRF1	ENSG00000150045
TONSL-2	TONSL	ENSG00000160949
AK5-2	AK5	ENSG00000154027
YPEL5-2	YPEL5	ENSG00000119801
WDCP-2	WDCP	ENSG00000163026
SLC23A1-2	SLC23A1	ENSG00000170482
RNF4-2	RNF4	ENSG00000063978
SUZ12-2	SUZ12	ENSG00000178691
TENM4-2	TENM4	ENSG00000149256
RAI1-2	RAI1	ENSG00000108557
PILRB-2	PILRB	ENSG00000121716
TOR1A-2	TOR1A	ENSG00000136827
TSC22D1-2	TSC22D1	ENSG00000102804
RSRC2-2	RSRC2	ENSG00000111011
PLCB1-2	PLCB1	ENSG00000182621
CENPM-2	CENPM	ENSG00000100162
ANKRD55-2	ANKRD55	ENSG00000164512
UCKL1-2	UCKL1	ENSG00000198276
FAM184A-2	FAM184A	ENSG00000111879
CTC1-2	CTC1	ENSG00000178971
USP40-2	USP40	ENSG00000085982
MRPL36-2	MRPL36	ENSG00000171421
TCTEX1D2-2	DYNLT2B	ENSG00000213123
STAP1-2	STAP1	ENSG00000035720
GLRX-2	GLRX	ENSG00000173221
ZNF43-2	ZNF43	ENSG00000198521
BMPR1A-2	BMPR1A	ENSG00000107779
UBE4A-2	UBE4A	ENSG00000110344
AMN1-2	AMN1	ENSG00000151743
CDK19-2	CDK19	ENSG00000155111
RFK-2	RFK	ENSG00000135002
HSD17B12-2	HSD17B12	ENSG00000149084
SMIM14-2	SMIM14	ENSG00000163683
VAMP8-2	VAMP8	ENSG00000118640
CCNL2-2	CCNL2	ENSG00000221978
SRGAP1-2	SRGAP1	ENSG00000196935
CCDC102B-2	CCDC102B	ENSG00000150636
LCP2-2	LCP2	ENSG00000043462
CTNNA1-2	CTNNA1	ENSG00000044115
C1orf159-2	C1orf159	ENSG00000131591
DNAJC27-2	DNAJC27	ENSG00000115137
EDN1-2	EDN1	ENSG00000078401
TAF11-2	TAF11	ENSG00000064995
KIAA0319L-2	KIAA0319L	ENSG00000142687
ELF2-2	ELF2	ENSG00000109381
OSBP2-2	OSBP2	ENSG00000184792
ZNF780B-2	ZNF780B	ENSG00000128000
DPF3-2	DPF3	ENSG00000205683
BCAS2-2	BCAS2	ENSG00000116752
CD27-2	CD27	ENSG00000139193
CHRM4-2	CHRM4	ENSG00000180720
DCTN3-2	DCTN3	ENSG00000137100
ASXL2-2	ASXL2	ENSG00000143970
LYAR-2	LYAR	ENSG00000145220
NCKIPSD-2	NCKIPSD	ENSG00000213672
AGK-2	AGK	ENSG00000006530
EPOR-2	EPOR	ENSG00000187266
MFSD2A-2	MFSD2A	ENSG00000168389
BEST4-2	BEST4	ENSG00000142959
PAXX-2	PAXX	ENSG00000310560
BICD2-2	BICD2	ENSG00000185963
FAM111A-2	FAM111A	ENSG00000166801
SBK1-2	SBK1	ENSG00000188322
DNAAF2-2	DNAAF2	ENSG00000165506
PIGL-2	PIGL	ENSG00000108474
SPIB-2	SPIB	ENSG00000269404
NRGN-2	NRGN	ENSG00000154146
CCDC184-2	CCDC184	ENSG00000177875
DLGAP4-2	DLGAP4	ENSG00000080845
ZBTB42-2	ZBTB42	ENSG00000179627
CDK13-2	CDK13	ENSG00000065883
FAM76A-2	FAM76A	ENSG00000009780
TC2N-2	TC2N	ENSG00000165929
GATA6-2	GATA6	ENSG00000141448
PBK-2	PBK	ENSG00000168078
RMI2-2	RMI2	ENSG00000175643
IL13-2	IL13	ENSG00000169194
CA2-2	CA2	ENSG00000104267
PLCD4-2	PLCD4	ENSG00000115556
MTCH2-2	MTCH2	ENSG00000109919
TRIM16-2	TRIM16	ENSG00000221926
BAMBI-2	BAMBI	ENSG00000095739
HMGXB4-2	HMGXB4	ENSG00000100281
PLCE1-2	PLCE1	ENSG00000138193
MTHFD1-2	MTHFD1	ENSG00000100714
RFC1-2	RFC1	ENSG00000035928
GPR68-2	GPR68	ENSG00000119714
MRPL53-2	MRPL53	ENSG00000204822
LRRC1-2	LRRC1	ENSG00000137269
RSL1D1-2	RSL1D1	ENSG00000171490
AKT1S1-2	AKT1S1	ENSG00000204673
NADK2-2	NADK2	ENSG00000152620
ERN1-2	ERN1	ENSG00000178607
NANS-2	NANS	ENSG00000095380
TPCN1-2	TPCN1	ENSG00000186815
EML4-2	EML4	ENSG00000143924
CDKN2AIPNL-2	CDKN2AIPNL	ENSG00000237190
ZNF667-2	ZNF667	ENSG00000198046
C7-2	C7	ENSG00000112936
AK3-2	AK3	ENSG00000147853
RND3-2	RND3	ENSG00000115963
HOXB8-2	HOXB8	ENSG00000120068
NCAPD3-2	NCAPD3	ENSG00000151503
HACD4-2	HACD4	ENSG00000188921
USP35-2	USP35	ENSG00000118369
IFIT2-2	IFIT2	ENSG00000119922
PVRIG-2	PVRIG	ENSG00000213413
RFWD3-2	RFWD3	ENSG00000168411
ZDHHC20-2	ZDHHC20	ENSG00000180776
IFT22-2	IFT22	ENSG00000128581
ZUP1-2	ZUP1	ENSG00000153975
PJA2-2	PJA2	ENSG00000198961
CCR6-2	CCR6	ENSG00000112486
TMPRSS3-2	TMPRSS3	ENSG00000160183
SKAP2-2	SKAP2	ENSG00000005020
TBRG4-2	TBRG4	ENSG00000136270
METTL15-2	METTL15	ENSG00000169519
NR2F2-2	NR2F2	ENSG00000185551
EFNB2-2	EFNB2	ENSG00000125266
NKG7-2	NKG7	ENSG00000105374
C5orf51-2	RIMOC1	ENSG00000205765
TAF1-2	TAF1	ENSG00000147133
PQLC1-2	SLC66A2	ENSG00000122490
TARS-2	TARS1	ENSG00000113407
CTNNAL1-2	CTNNAL1	ENSG00000119326
PRDM4-2	PRDM4	ENSG00000110851
KDM3A-2	KDM3A	ENSG00000115548
TCF4-2	TCF4	ENSG00000196628
PIAS1-2	PIAS1	ENSG00000033800
TRIM56-2	TRIM56	ENSG00000169871
KLRD1-2	KLRD1	ENSG00000134539
PAK4-2	PAK4	ENSG00000130669
MDP1-2	MDP1	ENSG00000213920
EFCAB11-2	EFCAB11	ENSG00000140025
INTS13-2	INTS13	ENSG00000064102
DNAAF5-2	DNAAF5	ENSG00000164818
SNAPC3-2	SNAPC3	ENSG00000164975
SH3RF3-2	SH3RF3	ENSG00000172985
TNFSF8-2	TNFSF8	ENSG00000106952
LRRK2-2	LRRK2	ENSG00000188906
VPS18-2	VPS18	ENSG00000104142
OGA-2	OGA	ENSG00000198408
NUDCD3-2	NUDCD3	ENSG00000015676
HOXD11-2	HOXD11	ENSG00000128713
EXOC6B-2	EXOC6B	ENSG00000144036
ZNF253-2	ZNF253	ENSG00000256771
RPP14-2	RPP14	ENSG00000163684
NNMT-2	NNMT	ENSG00000166741
RAPGEF1-2	RAPGEF1	ENSG00000107263
SPATA6-2	SPATA6	ENSG00000132122
UBR1-2	UBR1	ENSG00000159459
NHLH1-2	NHLH1	ENSG00000171786
NMI-2	NMI	ENSG00000123609
BCL2L13-2	BCL2L13	ENSG00000099968
CENPE-2	CENPE	ENSG00000138778
EXOSC6-2	EXOSC6	ENSG00000223496
MUTYH-2	MUTYH	ENSG00000132781
CFAP45-2	CFAP45	ENSG00000213085
H2AFY2-2	MACROH2A2	ENSG00000099284
C5orf63-2	C5orf63	ENSG00000164241
TEX261-2	TEX261	ENSG00000144043
DHX38-2	DHX38	ENSG00000140829
TKTL1-2	TKTL1	ENSG00000007350
NUBP1-2	NUBP1	ENSG00000103274
RAB30-2	RAB30	ENSG00000137502
MPV17L2-2	MPV17L2	ENSG00000254858
IL16-2	IL16	ENSG00000172349
APBB1-2	APBB1	ENSG00000166313
MOSPD1-2	MOSPD1	ENSG00000101928
SEMA4A-2	SEMA4A	ENSG00000196189
MCOLN1-2	MCOLN1	ENSG00000090674
ZSWIM6-2	ZSWIM6	ENSG00000130449
LCN2-2	LCN2	ENSG00000148346
FCER2-2	FCER2	ENSG00000104921
TPM3-2	TPM3	ENSG00000143549
PTAFR-2	PTAFR	ENSG00000169403
ATXN7-2	ATXN7	ENSG00000163635
ITPR2-2	ITPR2	ENSG00000123104
SLC35F5-2	SLC35F5	ENSG00000115084
MINK1-2	MINK1	ENSG00000141503
ARFIP1-2	ARFIP1	ENSG00000164144
MRPL42-2	MRPL42	ENSG00000198015
KDM2A-2	KDM2A	ENSG00000173120
THAP5-2	THAP5	ENSG00000177683
DLG1-2	DLG1	ENSG00000075711
TRAPPC4-2	TRAPPC4	ENSG00000196655
EVI2B-2	EVI2B	ENSG00000185862
AP4M1-2	AP4M1	ENSG00000221838
UBN1-2	UBN1	ENSG00000118900
PCK1-2	PCK1	ENSG00000124253
SLC25A4-2	SLC25A4	ENSG00000151729
MPC1-2	MPC1	ENSG00000060762
ETAA1-2	ETAA1	ENSG00000143971
GIT1-2	GIT1	ENSG00000108262
RREB1-2	RREB1	ENSG00000124782
ZKSCAN2-2	ZKSCAN2	ENSG00000155592
FNDC3B-2	FNDC3B	ENSG00000075420
UBE2R2-2	UBE2R2	ENSG00000107341
YWHAH-2	YWHAH	ENSG00000128245
MED14-2	MED14	ENSG00000180182
PSMC3-2	PSMC3	ENSG00000165916
ZNF782-2	ZNF782	ENSG00000196597
PPP1R1A-2	PPP1R1A	ENSG00000135447
ZCCHC9-2	ZCCHC9	ENSG00000131732
POP4-2	POP4	ENSG00000105171
IRF2BP2-2	IRF2BP2	ENSG00000168264
TTLL3-2	TTLL3	ENSG00000214021
ABHD4-2	ABHD4	ENSG00000100439
C11orf95-2	ZFTA	ENSG00000188070
PELP1-2	PELP1	ENSG00000141456
HIC1-2	HIC1	ENSG00000177374
SH3GLB2-2	SH3GLB2	ENSG00000148341
RARB-2	RARB	ENSG00000077092
AQP9-2	AQP9	ENSG00000103569
ZNF350-2	ZNF350	ENSG00000256683
DUS2-2	DUS2	ENSG00000167264
RNF146-2	RNF146	ENSG00000118518
APH1B-2	APH1B	ENSG00000138613
CABLES1-2	CABLES1	ENSG00000134508
DIDO1-2	DIDO1	ENSG00000101191
ZNF436-2	ZNF436	ENSG00000125945
AHSA1-2	AHSA1	ENSG00000100591
DACH2-2	DACH2	ENSG00000126733
ESF1-2	ESF1	ENSG00000089048
ISL2-2	ISL2	ENSG00000159556
TIAF1-2	MYO18A	ENSG00000196535
SNX8-2	SNX8	ENSG00000106266
PHGR1-2	PHGR1	ENSG00000233041
GMPPB-2	GMPPB	ENSG00000173540
HIST1H2BC-2	H2BC4	ENSG00000180596
UCK1-2	UCK1	ENSG00000130717
GORASP1-2	GORASP1	ENSG00000114745
SPAG5-2	SPAG5	ENSG00000076382
KARS-2	KARS1	ENSG00000065427
GABPA-2	GABPA	ENSG00000154727
NUDT21-2	NUDT21	ENSG00000167005
PFN2-2	PFN2	ENSG00000070087
SLC10A1-2	SLC10A1	ENSG00000100652
SAC3D1-2	SAC3D1	ENSG00000168061
IKZF2-2	IKZF2	ENSG00000030419
UBAC2-2	UBAC2	ENSG00000134882
GDE1-2	GDE1	ENSG00000006007
SIVA1-2	SIVA1	ENSG00000184990
LSS-2	LSS	ENSG00000160285
PAX3-2	PAX3	ENSG00000135903
EPS8-2	EPS8	ENSG00000151491
ZNF451-2	ZNF451	ENSG00000112200
HSPA12A-2	HSPA12A	ENSG00000165868
COPS7B-2	COPS7B	ENSG00000144524
TMPRSS5-2	TMPRSS5	ENSG00000166682
XXYLT1-2	XXYLT1	ENSG00000173950
CD300E-2	CD300E	ENSG00000186407
PAX6-2	PAX6	ENSG00000007372
RHOBTB3-2	RHOBTB3	ENSG00000164292
DUSP1-2	DUSP1	ENSG00000120129
DRG1-2	DRG1	ENSG00000185721
ALG3-2	ALG3	ENSG00000214160
ASPHD2-2	ASPHD2	ENSG00000128203
NEK9-2	NEK9	ENSG00000119638
ANO6-2	ANO6	ENSG00000177119
CYTH3-2	CYTH3	ENSG00000008256
GDI1-2	GDI1	ENSG00000203879
SIM1-2	SIM1	ENSG00000112246
ZNF644-2	ZNF644	ENSG00000122482
FIP1L1-2	FIP1L1	ENSG00000145216
PHOSPHO2-2	PHOSPHO2	ENSG00000144362
ZNF799-2	ZNF799	ENSG00000196466
GCH1-2	GCH1	ENSG00000131979
PGAM1-2	PGAM1	ENSG00000171314
CXCL8-2	CXCL8	ENSG00000169429
METTL21A-2	METTL21A	ENSG00000144401
PEA15-2	PEA15	ENSG00000162734
CYB5D2-2	CYB5D2	ENSG00000167740
RPL38-2	RPL38	ENSG00000172809
INTS5-2	INTS5	ENSG00000185085
SLC26A5-2	SLC26A5	ENSG00000170615
HACD2-2	HACD2	ENSG00000206527
C2CD2-2	C2CD2	ENSG00000157617
ZNF559-2	ZNF559	ENSG00000188321
PNN-2	PNN	ENSG00000100941
KLHL18-2	KLHL18	ENSG00000114648
MARCH1-2	MARCHF1	ENSG00000145416
SMAD4-2	SMAD4	ENSG00000141646
GATC-2	GATC	ENSG00000257218
PTGES3-2	PTGES3	ENSG00000110958
EIF4E3-2	EIF4E3	ENSG00000163412
CCNE1-2	CCNE1	ENSG00000105173
UBE2N-2	UBE2N	ENSG00000177889
FAM3A-2	FAM3A	ENSG00000071889
APBA1-2	APBA1	ENSG00000107282
KCMF1-2	KCMF1	ENSG00000176407
RNASE1-2	RNASE1	ENSG00000129538
HNRNPA1L2-2	HNRNPA1L2	ENSG00000139675
PLCL1-2	PLCL1	ENSG00000115896
RRP1-2	RRP1	ENSG00000160214
CAMSAP1-2	CAMSAP1	ENSG00000130559
SLC2A3-2	SLC2A3	ENSG00000059804
ATF3-2	ATF3	ENSG00000162772
ATAD2B-2	ATAD2B	ENSG00000119778
GUCA1B-2	GUCA1B	ENSG00000112599
PLVAP-2	PLVAP	ENSG00000130300
CCT6A-2	CCT6A	ENSG00000146731
HSD17B4-2	HSD17B4	ENSG00000133835
LXN-2	LXN	ENSG00000079257
ALAD-2	ALAD	ENSG00000148218
SEC14L2-2	SEC14L2	ENSG00000100003
CAAP1-2	CAAP1	ENSG00000120159
GPR27-2	GPR27	ENSG00000170837
ZNHIT1-2	ZNHIT1	ENSG00000106400
ZNF326-2	ZNF326	ENSG00000162664
ERI3-2	ERI3	ENSG00000117419
SS18L2-2	SS18L2	ENSG00000008324
GATB-2	GATB	ENSG00000059691
TSPAN8-2	TSPAN8	ENSG00000127324
EEF1AKMT2-2	EEF1AKMT2	ENSG00000203791
DNAJC6-2	DNAJC6	ENSG00000116675
APPBP2-2	APPBP2	ENSG00000062725
FBXO2-2	FBXO2	ENSG00000116661
PPP2R1B-2	PPP2R1B	ENSG00000137713
THEM6-2	THEM6	ENSG00000130193
NEDD9-2	NEDD9	ENSG00000111859
NR1D1-2	NR1D1	ENSG00000126368
GFPT1-2	GFPT1	ENSG00000198380
IL10RB-2	IL10RB	ENSG00000243646
SFXN3-2	SFXN3	ENSG00000107819
CCDC69-2	CCDC69	ENSG00000198624
TGFBRAP1-2	TGFBRAP1	ENSG00000135966
PXK-2	PXK	ENSG00000168297
ZC3H7A-2	ZC3H7A	ENSG00000122299
NR6A1-2	NR6A1	ENSG00000148200
WASHC2C-2	WASHC2C	ENSG00000172661
APC-2	APC	ENSG00000134982
USP13-2	USP13	ENSG00000058056
MUL1-2	MUL1	ENSG00000090432
CAV1-2	CAV1	ENSG00000105974
P2RY11-2	P2RY11	ENSG00000244165
MUC3A-2	MUC3A	ENSG00000169894
JPT1-2	JPT1	ENSG00000189159
FUZ-2	FUZ	ENSG00000010361
SORD-2	SORD	ENSG00000140263
CDADC1-2	CDADC1	ENSG00000102543
CHD2-2	CHD2	ENSG00000173575
HNF1A-2	HNF1A	ENSG00000135100
TGIF2LX-2	TGIF2LX	ENSG00000153779
PRNP-2	PRNP	ENSG00000171867
CCDC7-2	CCDC7	ENSG00000216937
EDA-2	EDA	ENSG00000158813
ANKRD33B-2	ANKRD33B	ENSG00000164236
STEAP4-2	STEAP4	ENSG00000127954
CNKSR3-2	CNKSR3	ENSG00000153721
TMSB4Y-2	TMSB4Y	ENSG00000154620
SERF2-2	SERF2	ENSG00000140264
ARMCX4-2	ARMCX4	ENSG00000196440
MARCH2-2	MARCHF2	ENSG00000099785
ZIC4-2	ZIC4	ENSG00000174963
KLF14-2	KLF14	ENSG00000266265
FTL-2	FTL	ENSG00000087086
TNK1-2	TNK1	ENSG00000174292
XAF1-2	XAF1	ENSG00000132530
EIF2B2-2	EIF2B2	ENSG00000119718
RIPK1-2	RIPK1	ENSG00000137275
TATDN1-2	TATDN1	ENSG00000147687
POLR3D-2	POLR3D	ENSG00000168495
HEG1-2	HEG1	ENSG00000173706
ABCB9-2	ABCB9	ENSG00000150967
UBA52-2	UBA52	ENSG00000221983
KIN-2	KIN	ENSG00000151657
NT5C2-2	NT5C2	ENSG00000076685
GNG8-2	GNG8	ENSG00000167414
STK39-2	STK39	ENSG00000198648
MAN2B1-2	MAN2B1	ENSG00000104774
FAHD2A-2	FAHD2A	ENSG00000115042
ZNF146-2	ZNF146	ENSG00000167635
DNAJB6-2	DNAJB6	ENSG00000105993
ATG4B-2	ATG4B	ENSG00000168397
FOXD4L1-2	FOXD4L1	ENSG00000184492
TXNDC11-2	TXNDC11	ENSG00000153066
H3F3B-2	H3-3B	ENSG00000132475
AGGF1-2	AGGF1	ENSG00000164252
PRKD2-2	PRKD2	ENSG00000105287
RBM15B-2	RBM15B	ENSG00000259956
WDR91-2	WDR91	ENSG00000105875
IL17F-2	IL17F	ENSG00000112116
FBXO25-2	FBXO25	ENSG00000147364
TGFBI-2	TGFBI	ENSG00000120708
NFATC2IP-2	NFATC2IP	ENSG00000176953
CCR7-2	CCR7	ENSG00000126353
RPS14-2	RPS14	ENSG00000164587
GFOD1-2	GFOD1	ENSG00000145990
SLFN12L-2	SLFN12L	ENSG00000205045
NAV1-2	NAV1	ENSG00000134369
TSPAN33-2	TSPAN33	ENSG00000158457
CDC34-2	CDC34	ENSG00000099804
CTLA4-2	CTLA4	ENSG00000163599
MRPL2-2	MRPL2	ENSG00000112651
PPIL4-2	PPIL4	ENSG00000131013
E2F2-2	E2F2	ENSG00000007968
MRPL15-2	MRPL15	ENSG00000137547
C7orf50-2	C7orf50	ENSG00000146540
CAPZA1-2	CAPZA1	ENSG00000116489
CRYGS-2	CRYGS	ENSG00000213139
SAR1A-2	SAR1A	ENSG00000079332
ATP6V1C1-2	ATP6V1C1	ENSG00000155097
TDRD3-2	TDRD3	ENSG00000083544
SRSF4-2	SRSF4	ENSG00000116350
ZNF195-2	ZNF195	ENSG00000005801
SPRN-2	SPRN	ENSG00000203772
NR1H4-2	NR1H4	ENSG00000012504
FAM124B-2	FAM124B	ENSG00000124019
MTHFS-2	MTHFS	ENSG00000136371
BPIFA2-2	BPIFA2	ENSG00000131050
ILF2-2	ILF2	ENSG00000143621
ATG9A-2	ATG9A	ENSG00000198925
SIAH1-2	SIAH1	ENSG00000196470
NAB1-2	NAB1	ENSG00000138386
TIGD2-2	TIGD2	ENSG00000180346
PPTC7-2	PPTC7	ENSG00000196850
SELENOT-2	SELENOT	ENSG00000198843
PREB-2	PREB	ENSG00000138073
SPIC-2	SPIC	ENSG00000166211
COBLL1-2	COBLL1	ENSG00000082438
RWDD2A-2	RWDD2A	ENSG00000013392
TARBP2-2	TARBP2	ENSG00000139546
NDUFA4-2	NDUFA4	ENSG00000189043
GTF3C5-2	GTF3C5	ENSG00000148308
FLYWCH2-2	FLYWCH2	ENSG00000162076
SDCBP2-2	SDCBP2	ENSG00000125775
C16orf58-2	RUSF1	ENSG00000140688
ZNF569-2	ZNF569	ENSG00000196437
MICU2-2	MICU2	ENSG00000165487
FBXL3-2	FBXL3	ENSG00000005812
C6orf106-2	ILRUN	ENSG00000196821
NARS2-2	NARS2	ENSG00000137513
GZMM-2	GZMM	ENSG00000197540
B3GALT2-2	B3GALT2	ENSG00000162630
P3H1-2	P3H1	ENSG00000117385
GNAS-2	GNAS	ENSG00000087460
YME1L1-2	YME1L1	ENSG00000136758
ONECUT3-2	ONECUT3	ENSG00000205922
STX2-2	STX2	ENSG00000111450
PIGB-2	PIGB	ENSG00000069943
SH3BGRL3-2	SH3BGRL3	ENSG00000142669
ST3GAL3-2	ST3GAL3	ENSG00000126091
FBXO6-2	FBXO6	ENSG00000116663
ARMC10-2	ARMC10	ENSG00000170632
SMTNL1-2	SMTNL1	ENSG00000214872
NUDT5-2	NUDT5	ENSG00000165609
HDAC6-2	HDAC6	ENSG00000094631
SEMA4C-2	SEMA4C	ENSG00000168758
ATP6V0C-2	ATP6V0C	ENSG00000185883
YJEFN3-2	YJEFN3	ENSG00000250067
ZNF90-2	ZNF90	ENSG00000213988
SNW1-2	SNW1	ENSG00000100603
ITGA1-2	ITGA1	ENSG00000213949
MCCC1-2	MCCC1	ENSG00000078070
CTSC-2	CTSC	ENSG00000109861
IFITM2-2	IFITM2	ENSG00000185201
LRCH1-2	LRCH1	ENSG00000136141
ZNF12-2	ZNF12	ENSG00000164631
CHRNA1-2	CHRNA1	ENSG00000138435
VMP1-2	VMP1	ENSG00000062716
ADH1B-2	ADH1B	ENSG00000196616
S100A11-2	S100A11	ENSG00000163191
ADORA2A-2	ADORA2A	ENSG00000128271
SESTD1-2	SESTD1	ENSG00000187231
MDFIC-2	MDFIC	ENSG00000135272
ADGRE1-2	ADGRE1	ENSG00000174837
CLTC-2	CLTC	ENSG00000141367
ATP5MC2-2	ATP5MC2	ENSG00000135390
CTSA-2	CTSA	ENSG00000064601
MSI2-2	MSI2	ENSG00000153944
RPS13-2	RPS13	ENSG00000110700
ROGDI-2	ROGDI	ENSG00000067836
AMMECR1L-2	AMMECR1L	ENSG00000144233
BCL2L12-2	BCL2L12	ENSG00000126453
SPATA24-2	SPATA24	ENSG00000170469
RBPJ-2	RBPJ	ENSG00000168214
POLR1A-2	POLR1A	ENSG00000068654
TXNL4A-2	TXNL4A	ENSG00000141759
CENPQ-2	CENPQ	ENSG00000031691
SLC51A-2	SLC51A	ENSG00000163959
PPP1R12C-2	PPP1R12C	ENSG00000125503
ECE2-2	ECE2	ENSG00000145194
DCUN1D4-2	DCUN1D4	ENSG00000109184
CREB3L2-2	CREB3L2	ENSG00000182158
HSPA6-2	HSPA6	ENSG00000173110
SLC30A4-2	SLC30A4	ENSG00000104154
AKTIP-2	AKTIP	ENSG00000166971
TMEM265-2	TMEM265	ENSG00000281991
ZNF573-2	ZNF573	ENSG00000189144
PPP1R2-2	PPP1R2	ENSG00000184203
GLI3-2	GLI3	ENSG00000106571
DNAJC16-2	DNAJC16	ENSG00000116138
CSNK1A1-2	CSNK1A1	ENSG00000113712
ARIH2-2	ARIH2	ENSG00000177479
VPS13C-2	VPS13C	ENSG00000129003
USP53-2	USP53	ENSG00000145390
WDR77-2	WDR77	ENSG00000116455
AEN-2	AEN	ENSG00000181026
MEST-2	MEST	ENSG00000106484
GTF3C3-2	GTF3C3	ENSG00000119041
GPR55-2	GPR55	ENSG00000135898
THAP12-2	THAP12	ENSG00000137492
DHX36-2	DHX36	ENSG00000174953
TNKS-2	TNKS	ENSG00000173273
TMEM182-2	TMEM182	ENSG00000170417
LNPEP-2	LNPEP	ENSG00000113441
FERMT2-2	FERMT2	ENSG00000073712
EBF3-2	EBF3	ENSG00000108001
ANHX-2	ANHX	ENSG00000227059
BCAP29-2	BCAP29	ENSG00000075790
PIGA-2	PIGA	ENSG00000165195
CAB39-2	CAB39	ENSG00000135932
BRF2-2	BRF2	ENSG00000104221
KBTBD8-2	KBTBD8	ENSG00000163376
HIST1H3C-2	H3C3	ENSG00000287080
NPDC1-2	NPDC1	ENSG00000107281
ZDHHC11B-2	ZDHHC11B	ENSG00000206077
USP20-2	USP20	ENSG00000136878
IFI30-2	IFI30	ENSG00000216490
ZFAT-2	ZFAT	ENSG00000066827
ENOX2-2	ENOX2	ENSG00000165675
CXCL13-2	CXCL13	ENSG00000156234
BTBD10-2	BTBD10	ENSG00000148925
CCPG1-2	CCPG1	ENSG00000260916
RNF34-2	RNF34	ENSG00000170633
PTS-2	PTS	ENSG00000150787
SMC4-2	SMC4	ENSG00000113810
TBX2-2	TBX2	ENSG00000121068
ADSL-2	ADSL	ENSG00000239900
TMA16-2	TMA16	ENSG00000198498
GPALPP1-2	GPALPP1	ENSG00000133114
VIPR1-2	VIPR1	ENSG00000114812
CMC1-2	CMC1	ENSG00000187118
ZAP70-2	ZAP70	ENSG00000115085
CTBP2-2	CTBP2	ENSG00000175029
MYRFL-2	MYRFL	ENSG00000166268
GLIPR2-2	GLIPR2	ENSG00000122694
ZNF365-2	ZNF365	ENSG00000138311
PPP3CC-2	PPP3CC	ENSG00000120910
GALM-2	GALM	ENSG00000143891
SPATA32-2	SPATA32	ENSG00000184361
DNAJB14-2	DNAJB14	ENSG00000164031
CSRP1-2	CSRP1	ENSG00000159176
CCZ1B-2	CCZ1B	ENSG00000146574
CCDC152-2	CCDC152	ENSG00000198865
GATD1-2	GATD1	ENSG00000177225
IFITM1-2	IFITM1	ENSG00000185885
ALG5-2	ALG5	ENSG00000120697
SDF2L1-2	SDF2L1	ENSG00000128228
PJVK-2	PJVK	ENSG00000204311
UNK-2	UNK	ENSG00000132478
HS3ST3A1-2	HS3ST3A1	ENSG00000153976
HEY2-2	HEY2	ENSG00000135547
SH3GLB1-2	SH3GLB1	ENSG00000097033
HERC4-2	HERC4	ENSG00000148634
C8orf44-2	C8orf44	ENSG00000288596
DPYSL2-2	DPYSL2	ENSG00000092964
ZNF420-2	ZNF420	ENSG00000197050
DHDDS-2	DHDDS	ENSG00000117682
PCLAF-2	PCLAF	ENSG00000166803
TAGLN2-2	TAGLN2	ENSG00000158710
NELFA-2	NELFA	ENSG00000185049
CASP7-2	CASP7	ENSG00000165806
YKT6-2	YKT6	ENSG00000106636
DISP1-2	DISP1	ENSG00000154309
ABCA3-2	ABCA3	ENSG00000167972
SCD-2	SCD	ENSG00000099194
POU3F1-2	POU3F1	ENSG00000185668
DPP3-2	DPP3	ENSG00000254986
ACSL1-2	ACSL1	ENSG00000151726
PBLD-2	PBLD	ENSG00000108187
SLC11A2-2	SLC11A2	ENSG00000110911
SLC30A7-2	SLC30A7	ENSG00000162695
PRRX1-2	PRRX1	ENSG00000116132
C1orf189-2	CFAP141	ENSG00000163263
ING2-2	ING2	ENSG00000168556
ZNF716-2	ZNF716	ENSG00000182111
GRIN2B-2	GRIN2B	ENSG00000273079
SMAD1-2	SMAD1	ENSG00000170365
CD47-2	CD47	ENSG00000196776
TMEM256-2	TMEM256	ENSG00000205544
EIF3G-2	EIF3G	ENSG00000130811
SMYD3-2	SMYD3	ENSG00000185420
GANC-2	GANC	ENSG00000214013
MPHOSPH8-2	MPHOSPH8	ENSG00000196199
DEXI-2	DEXI	ENSG00000182108
TACC1-2	TACC1	ENSG00000147526
POU3F4-2	POU3F4	ENSG00000196767
ZNF560-2	ZNF560	ENSG00000198028
LYRM2-2	LYRM2	ENSG00000083099
C20orf27-2	ADISSP	ENSG00000101220
TOP2B-2	TOP2B	ENSG00000077097
MAFG-2	MAFG	ENSG00000197063
CPT2-2	CPT2	ENSG00000157184
MCTS1-2	MCTS1	ENSG00000232119
AIDA-2	AIDA	ENSG00000186063
SSU72-2	SSU72	ENSG00000160075
KCNH2-2	KCNH2	ENSG00000055118
LZTS3-2	LZTS3	ENSG00000088899
FAM71F2-2	GARIN1A	ENSG00000205085
ELK4-2	ELK4	ENSG00000158711
SLC39A9-2	SLC39A9	ENSG00000029364
SDF4-2	SDF4	ENSG00000078808
APOLD1-2	APOLD1	ENSG00000178878
C11orf98-2	C11orf98	ENSG00000278615
ZCCHC14-2	ZCCHC14	ENSG00000140948
BHLHE40-2	BHLHE40	ENSG00000134107
LMAN1-2	LMAN1	ENSG00000074695
ACOT7-2	ACOT7	ENSG00000097021
NUP160-2	NUP160	ENSG00000030066
PDZD11-2	PDZD11	ENSG00000120509
MOB3C-2	MOB3C	ENSG00000142961
SLC25A34-2	SLC25A34	ENSG00000162461
ABHD17B-2	ABHD17B	ENSG00000107362
NARF-2	NARF	ENSG00000141562
CSGALNACT1-2	CSGALNACT1	ENSG00000147408
ZNF417-2	ZNF417	ENSG00000173480
FUT11-2	FUT11	ENSG00000196968
CHD6-2	CHD6	ENSG00000124177
CXorf38-2	CXorf38	ENSG00000185753
GLDC-2	GLDC	ENSG00000178445
EXOSC3-2	EXOSC3	ENSG00000107371
PGAM5-2	PGAM5	ENSG00000247077
NME9-2	NME9	ENSG00000181322
HECW1-2	HECW1	ENSG00000002746
CENPS-2	CENPS	ENSG00000175279
DLX4-2	DLX4	ENSG00000108813
SLC4A10-2	SLC4A10	ENSG00000144290
GK-2	GK	ENSG00000198814
NR1D2-2	NR1D2	ENSG00000174738
MFHAS1-2	MFHAS1	ENSG00000147324
BMS1-2	BMS1	ENSG00000165733
DNAJA2-2	DNAJA2	ENSG00000069345
RAB6A-2	RAB6A	ENSG00000175582
MYH3-2	MYH3	ENSG00000109063
RIPOR2-2	RIPOR2	ENSG00000111913
OMA1-2	OMA1	ENSG00000162600
MAP9-2	MAP9	ENSG00000164114
ATXN10-2	ATXN10	ENSG00000130638
ZSCAN4-2	ZSCAN4	ENSG00000180532
LMX1B-2	LMX1B	ENSG00000136944
COQ2-2	COQ2	ENSG00000173085
TPRN-2	TPRN	ENSG00000176058
BMP1-2	BMP1	ENSG00000168487
SLC25A12-2	SLC25A12	ENSG00000115840
KLKB1-2	KLKB1	ENSG00000164344
DCUN1D2-2	DCUN1D2	ENSG00000150401
WWOX-2	WWOX	ENSG00000186153
SIPA1L2-2	SIPA1L2	ENSG00000116991
AP2S1-2	AP2S1	ENSG00000042753
SNRNP27-2	SNRNP27	ENSG00000124380
TTI1-2	TTI1	ENSG00000101407
BACH2-2	BACH2	ENSG00000112182
JPT2-2	JPT2	ENSG00000206053
SMCO4-2	SMCO4	ENSG00000166002
EID2B-2	EID2B	ENSG00000176401
CLIC4-2	CLIC4	ENSG00000169504
SDHAF2-2	SDHAF2	ENSG00000167985
ZNF485-2	ZNF485	ENSG00000198298
YWHAQ-2	YWHAQ	ENSG00000134308
HIST1H2BK-2	H2BC12	ENSG00000197903
PARP4-2	PARP4	ENSG00000102699
TSPAN32-2	TSPAN32	ENSG00000064201
SCLT1-2	SCLT1	ENSG00000151466
OAT-2	OAT	ENSG00000065154
GFI1-2	GFI1	ENSG00000162676
ZNF488-2	ZNF488	ENSG00000265763
AFF3-2	AFF3	ENSG00000144218
PEX5-2	PEX5	ENSG00000139197
ZNF333-2	ZNF333	ENSG00000160961
RAD51B-2	RAD51B	ENSG00000182185
ITGAM-2	ITGAM	ENSG00000169896
LARS2-2	LARS2	ENSG00000011376
PFDN5-2	PFDN5	ENSG00000123349
COQ3-2	COQ3	ENSG00000132423
FYTTD1-2	FYTTD1	ENSG00000122068
DLX6-2	DLX6	ENSG00000006377
BTBD11-2	ABTB3	ENSG00000151136
MTCP1-2	MTCP1	ENSG00000214827
LAYN-2	LAYN	ENSG00000204381
HOXB5-2	HOXB5	ENSG00000120075
HSP90AB1-2	HSP90AB1	ENSG00000096384
SPATS2L-2	SPATS2L	ENSG00000196141
ZNF570-2	ZNF570	ENSG00000171827
CXCL14-2	CXCL14	ENSG00000145824
PHIP-2	PHIP	ENSG00000146247
HSPA14-2	HSPA14	ENSG00000187522
LIMK1-2	LIMK1	ENSG00000106683
IL4R-2	IL4R	ENSG00000077238
LRRC8A-2	LRRC8A	ENSG00000136802
SNAI2-2	SNAI2	ENSG00000019549
PHKG2-2	PHKG2	ENSG00000156873
WAPL-2	WAPL	ENSG00000062650
CDC42SE1-2	CDC42SE1	ENSG00000197622
PRKN-2	PRKN	ENSG00000185345
DDX19A-2	DDX19A	ENSG00000168872
ZNF805-2	ZNF805	ENSG00000204524
CD109-2	CD109	ENSG00000156535
KLHL15-2	KLHL15	ENSG00000174010
RAB40C-2	RAB40C	ENSG00000197562
PTF1A-2	PTF1A	ENSG00000168267
ZW10-2	ZW10	ENSG00000086827
FLI1-2	FLI1	ENSG00000151702
RASGRP4-2	RASGRP4	ENSG00000171777
IFI16-2	IFI16	ENSG00000163565
CBWD2-2	ZNG1B	ENSG00000136682
ALOX12-2	ALOX12	ENSG00000108839
HTATSF1-2	HTATSF1	ENSG00000102241
SPTBN1-2	SPTBN1	ENSG00000115306
NEMP2-2	NEMP2	ENSG00000189362
MPDU1-2	MPDU1	ENSG00000129255
PEX26-2	PEX26	ENSG00000215193
SPPL2B-2	SPPL2B	ENSG00000005206
SIAE-2	SIAE	ENSG00000110013
RECQL-2	RECQL	ENSG00000004700
ZNF208-2	ZNF208	ENSG00000160321
RABL6-2	RABL6	ENSG00000196642
ADAR-2	ADAR	ENSG00000160710
SYNE2-2	SYNE2	ENSG00000054654
ANXA2-2	ANXA2	ENSG00000182718
CDH24-2	CDH24	ENSG00000139880
SPNS3-2	SPNS3	ENSG00000182557
NEURL1-2	NEURL1	ENSG00000107954
SGF29-2	SGF29	ENSG00000176476
GGA1-2	GGA1	ENSG00000100083
COQ5-2	COQ5	ENSG00000110871
GPR63-2	GPR63	ENSG00000112218
USP36-2	USP36	ENSG00000055483
MTMR12-2	MTMR12	ENSG00000150712
ADAM19-2	ADAM19	ENSG00000135074
EEF1E1-2	EEF1E1	ENSG00000124802
RNF130-2	RNF130	ENSG00000113269
KLHDC7B-2	KLHDC7B	ENSG00000130487
JAML-2	JAML	ENSG00000160593
TXNIP-2	TXNIP	ENSG00000265972
MORN4-2	MORN4	ENSG00000171160
GTF2B-2	GTF2B	ENSG00000137947
SYNE3-2	SYNE3	ENSG00000176438
MMP3-2	MMP3	ENSG00000149968
PI16-2	PI16	ENSG00000164530
ASTL-2	ASTL	ENSG00000188886
TMEM79-2	TMEM79	ENSG00000163472
EIF2B1-2	EIF2B1	ENSG00000111361
TRADD-2	TRADD	ENSG00000102871
JRK-2	JRK	ENSG00000234616
ARFGAP1-2	ARFGAP1	ENSG00000101199
IL5-2	IL5	ENSG00000113525
UTP20-2	UTP20	ENSG00000120800
IDNK-2	IDNK	ENSG00000148057
CCDC167-2	CCDC167	ENSG00000198937
CDK5-2	CDK5	ENSG00000164885
SRSF6-2	SRSF6	ENSG00000124193
SNCA-2	SNCA	ENSG00000145335
CPTP-2	CPTP	ENSG00000224051
CNNM2-2	CNNM2	ENSG00000148842
OSBPL2-2	OSBPL2	ENSG00000130703
DDI2-2	DDI2	ENSG00000197312
TMEM121-2	TMEM121	ENSG00000184986
KLHL25-2	KLHL25	ENSG00000183655
PTPRF-2	PTPRF	ENSG00000142949
TERB1-2	TERB1	ENSG00000249961
FOXD4L4-2	FOXD4L4	ENSG00000184659
MRPL17-2	MRPL17	ENSG00000158042
MZF1-2	MZF1	ENSG00000099326
CNTD1-2	CNTD1	ENSG00000176563
RPL8-2	RPL8	ENSG00000161016
CPM-2	CPM	ENSG00000135678
FES-2	FES	ENSG00000182511
RPL37-2	RPL37	ENSG00000145592
PIANP-2	PIANP	ENSG00000139200
AKAP2-2	PALM2AKAP2	ENSG00000157654
BCL2A1-2	BCL2A1	ENSG00000140379
SLC25A44-2	SLC25A44	ENSG00000160785
VAMP2-2	VAMP2	ENSG00000220205
CCL28-2	CCL28	ENSG00000151882
SPAST-2	SPAST	ENSG00000021574
CHID1-2	CHID1	ENSG00000177830
TGIF1-2	TGIF1	ENSG00000177426
FGFR1OP-2	CEP43	ENSG00000213066
GIMAP4-2	GIMAP4	ENSG00000133574
METTL18-2	METTL18	ENSG00000171806
EBPL-2	EBPL	ENSG00000123179
ICMT-2	ICMT	ENSG00000116237
BCAP31-2	BCAP31	ENSG00000185825
CNOT11-2	CNOT11	ENSG00000158435
MEN1-2	MEN1	ENSG00000133895
TOR2A-2	TOR2A	ENSG00000160404
GDF7-2	GDF7	ENSG00000143869
GYG1-2	GYG1	ENSG00000163754
ERG28-2	ERG28	ENSG00000133935
PDLIM5-2	PDLIM5	ENSG00000163110
DSE-2	DSE	ENSG00000111817
XIAP-2	XIAP	ENSG00000101966
TG-2	TG	ENSG00000042832
GIMAP2-2	GIMAP2	ENSG00000106560
RBM25-2	RBM25	ENSG00000119707
B3GLCT-2	B3GLCT	ENSG00000187676
RBKS-2	RBKS	ENSG00000171174
EMP1-2	EMP1	ENSG00000134531
SLC25A42-2	SLC25A42	ENSG00000181035
TES-2	TES	ENSG00000135269
LMNB1-2	LMNB1	ENSG00000113368
COA1-2	COA1	ENSG00000106603
AP1S1-2	AP1S1	ENSG00000106367
TPBG-2	TPBG	ENSG00000146242
RRM2-2	RRM2	ENSG00000171848
PPARD-2	PPARD	ENSG00000112033
CEP192-2	CEP192	ENSG00000101639
PPHLN1-2	PPHLN1	ENSG00000134283
ANLN-2	ANLN	ENSG00000011426
DCN-2	DCN	ENSG00000011465
ARRDC5-2	ARRDC5	ENSG00000205784
ABHD17A-2	ABHD17A	ENSG00000129968
PFDN1-2	PFDN1	ENSG00000113068
FANCM-2	FANCM	ENSG00000187790
RABL3-2	RABL3	ENSG00000144840
HOXD9-2	HOXD9	ENSG00000128709
MFSD3-2	MFSD3	ENSG00000167700
SLC30A6-2	SLC30A6	ENSG00000152683
C20orf202-2	C20orf202	ENSG00000215595
LAMP1-2	LAMP1	ENSG00000185896
PSMC6-3	PSMC6	ENSG00000100519
BRD8-3	BRD8	ENSG00000112983
FAM161B-3	FAM161B	ENSG00000156050
LRRC4-3	LRRC4	ENSG00000128594
INTS6L-3	INTS6L	ENSG00000165359
ZYX-3	ZYX	ENSG00000159840
PPP4R3A-3	PPP4R3A	ENSG00000100796
HIST1H3B-3	H3C2	ENSG00000286522
VPS39-3	VPS39	ENSG00000166887
CIAO2A-3	CIAO2A	ENSG00000166797
YAE1-3	YAE1	ENSG00000241127
ARL9-3	ARL9	ENSG00000196503
CDHR3-3	CDHR3	ENSG00000128536
HYOU1-3	HYOU1	ENSG00000149428
SLCO4A1-3	SLCO4A1	ENSG00000101187
FEV-3	FEV	ENSG00000163497
VPS13A-3	VPS13A	ENSG00000197969
CCNYL1-3	CCNYL1	ENSG00000163249
MCM9-3	MCM9	ENSG00000111877
RAB5A-3	RAB5A	ENSG00000144566
WDR24-3	WDR24	ENSG00000127580
CLTB-3	CLTB	ENSG00000175416
AKR7A2-3	AKR7A2	ENSG00000053371
TPST2-3	TPST2	ENSG00000128294
ANGPTL4-3	ANGPTL4	ENSG00000167772
ATP6V1F-3	ATP6V1F	ENSG00000128524
AEBP2-3	AEBP2	ENSG00000139154
RBM43-3	RBM43	ENSG00000184898
MBD5-3	MBD5	ENSG00000204406
MTURN-3	MTURN	ENSG00000180354
FCHSD2-3	FCHSD2	ENSG00000137478
DGKE-3	DGKE	ENSG00000153933
MTMR3-3	MTMR3	ENSG00000100330
UBA5-3	UBA5	ENSG00000081307
MAP4-3	MAP4	ENSG00000047849
CIB1-3	CIB1	ENSG00000185043
ZNF248-3	ZNF248	ENSG00000198105
NKIRAS1-3	NKIRAS1	ENSG00000197885
TADA1-3	TADA1	ENSG00000152382
HGSNAT-3	HGSNAT	ENSG00000165102
TINF2-3	TINF2	ENSG00000092330
HINT3-3	HINT3	ENSG00000111911
SAP30-3	SAP30	ENSG00000164105
OSER1-3	OSER1	ENSG00000132823
NSD1-3	NSD1	ENSG00000165671
STOML2-3	STOML2	ENSG00000165283
ERBIN-3	ERBIN	ENSG00000112851
ZNF563-3	ZNF563	ENSG00000188868
HIST1H3B-4	H3C2	ENSG00000286522
AGAP2-1	AGAP2	ENSG00000135439
PEX14-1	PEX14	ENSG00000142655
ATAD3B-1	ATAD3B	ENSG00000160072
SLC35E4-1	SLC35E4	ENSG00000100036
MID2-1	MID2	ENSG00000080561
SPCS2-1	SPCS2	ENSG00000118363
SCAI-1	SCAI	ENSG00000173611
TIAM1-1	TIAM1	ENSG00000156299
RAB18-1	RAB18	ENSG00000099246
NR2F1-1	NR2F1	ENSG00000175745
ING1-1	ING1	ENSG00000153487
MAD2L1-1	MAD2L1	ENSG00000164109
TMEM214-1	TMEM214	ENSG00000119777
SAMD4B-1	SAMD4B	ENSG00000179134
EXOSC2-1	EXOSC2	ENSG00000130713
CGRRF1-1	CGRRF1	ENSG00000100532
KRT8-1	KRT8	ENSG00000170421
ZNF527-1	ZNF527	ENSG00000189164
GALNT6-1	GALNT6	ENSG00000139629
PET117-1	PET117	ENSG00000232838
C6orf89-1	C6orf89	ENSG00000198663
CTSZ-1	CTSZ	ENSG00000101160
ZNF641-1	ZNF641	ENSG00000167528
RASA4-1	RASA4	ENSG00000105808
RASGEF1A-1	RASGEF1A	ENSG00000198915
TUBA1C-1	TUBA1C	ENSG00000167553
ATF5-1	ATF5	ENSG00000169136
WDR12-1	WDR12	ENSG00000138442
ONECUT1-1	ONECUT1	ENSG00000169856
PRR34-1	PRR34	ENSG00000182257
MOB4-1	MOB4	ENSG00000115540
HOPX-1	HOPX	ENSG00000171476
SMPD1-1	SMPD1	ENSG00000166311
HMGN1-1	HMGN1	ENSG00000205581
SIRPA-1	SIRPA	ENSG00000198053
CCNT2-1	CCNT2	ENSG00000082258
OCM-1	OCM	ENSG00000122543
IL7R-1	IL7R	ENSG00000168685
MAP1LC3B-1	MAP1LC3B	ENSG00000140941
KDM4C-1	KDM4C	ENSG00000107077
MSX2-1	MSX2	ENSG00000120149
DCUN1D1-1	DCUN1D1	ENSG00000043093
SERPINE3-1	SERPINE3	ENSG00000253309
COX6A1-1	COX6A1	ENSG00000111775
PARP1-1	PARP1	ENSG00000143799
IL15RA-1	IL15RA	ENSG00000134470
MOB1A-1	MOB1A	ENSG00000114978
GPX7-1	GPX7	ENSG00000116157
POLR2J2-1	POLR2J2	ENSG00000228049
MIB1-1	MIB1	ENSG00000101752
HNRNPA2B1-1	HNRNPA2B1	ENSG00000122566
DPEP2-1	DPEP2	ENSG00000167261
GLCE-1	GLCE	ENSG00000138604
KIF1C-1	KIF1C	ENSG00000129250
NTPCR-1	NTPCR	ENSG00000135778
ZBTB45-1	ZBTB45	ENSG00000119574
ADM5-1	ADM5	ENSG00000224420
NUDT13-1	NUDT13	ENSG00000166321
AGAP9-1	AGAP9	ENSG00000204172
DDX5-1	DDX5	ENSG00000108654
MOB1B-1	MOB1B	ENSG00000173542
PLEK2-1	PLEK2	ENSG00000100558
NSUN3-1	NSUN3	ENSG00000178694
PKD1-1	PKD1	ENSG00000008710
TPM1-1	TPM1	ENSG00000140416
ATOX1-1	ATOX1	ENSG00000177556
CRISPLD2-1	CRISPLD2	ENSG00000103196
RBM8A-1	RBM8A	ENSG00000265241
CARD11-1	CARD11	ENSG00000198286
PHF10-1	PHF10	ENSG00000130024
GBX2-1	GBX2	ENSG00000168505
TNFAIP8L2-1	TNFAIP8L2	ENSG00000163154
RAP1B-1	RAP1B	ENSG00000127314
IL1RN-1	IL1RN	ENSG00000136689
PRPF38A-1	PRPF38A	ENSG00000134748
KRAS-1	KRAS	ENSG00000133703
RHOF-1	RHOF	ENSG00000139725
KAT5-1	KAT5	ENSG00000172977
CEP44-1	CEP44	ENSG00000164118
GIMAP1-GIMAP5-1	GIMAP1-GIMAP5	ENSG00000281887
KTN1-1	KTN1	ENSG00000126777
KDF1-1	KDF1	ENSG00000175707
ZBTB1-1	ZBTB1	ENSG00000126804
FAHD1-1	FAHD1	ENSG00000180185
C16orf74-1	C16orf74	ENSG00000154102
PHLDB3-1	PHLDB3	ENSG00000176531
DLST-1	DLST	ENSG00000119689
ZNF720-1	KRBOX5	ENSG00000197302
ARRB2-1	ARRB2	ENSG00000141480
ZNF701-1	ZNF701	ENSG00000167562
ZNF461-1	ZNF461	ENSG00000197808
CROCC-1	CROCC	ENSG00000058453
DTX2-1	DTX2	ENSG00000091073
SLC7A7-1	SLC7A7	ENSG00000155465
RPL7L1-1	RPL7L1	ENSG00000146223
VEGFB-1	VEGFB	ENSG00000173511
TMEM229B-1	TMEM229B	ENSG00000198133
CARMIL2-1	CARMIL2	ENSG00000159753
ZNF683-1	ZNF683	ENSG00000176083
NBAS-1	NBAS	ENSG00000151779
DDX60L-1	DDX60L	ENSG00000181381
SSBP4-1	SSBP4	ENSG00000130511
RWDD4-1	RWDD4	ENSG00000182552
AKIP1-1	AKIP1	ENSG00000166452
RPL13-1	RPL13	ENSG00000167526
CCL1-1	CCL1	ENSG00000108702
GOLGA4-1	GOLGA4	ENSG00000144674
GLIS1-1	GLIS1	ENSG00000174332
MPRIP-1	MPRIP	ENSG00000133030
DHRS4L2-1	DHRS4L2	ENSG00000187630
CTSK-1	CTSK	ENSG00000143387
DIRC2-1	SLC49A4	ENSG00000138463
LRP5-1	LRP5	ENSG00000162337
PHKA1-1	PHKA1	ENSG00000067177
SLC35A2-1	SLC35A2	ENSG00000102100
PAQR3-1	PAQR3	ENSG00000163291
TMEM25-1	TMEM25	ENSG00000149582
GPX3-1	GPX3	ENSG00000211445
TRIM33-1	TRIM33	ENSG00000197323
LY96-1	LY96	ENSG00000154589
ATM-1	ATM	ENSG00000149311
TMEM129-1	TMEM129	ENSG00000168936
DUSP14-1	DUSP14	ENSG00000276023
CSTF2-1	CSTF2	ENSG00000101811
RHOG-1	RHOG	ENSG00000177105
RPL36A-HNRNPH2-1	RPL36A-HNRNPH2	ENSG00000257529
DUSP4-1	DUSP4	ENSG00000120875
HABP4-1	HABP4	ENSG00000130956
PIGY-1	PIGY	ENSG00000255072
MAP3K11-1	MAP3K11	ENSG00000173327
HIST1H4E-1	H4C5	ENSG00000276966
CD46-1	CD46	ENSG00000117335
TPK1-1	TPK1	ENSG00000196511
HMCN1-1	HMCN1	ENSG00000143341
CDRT4-1	CDRT4	ENSG00000239704
NENF-1	NENF	ENSG00000117691
TTLL2-1	TTLL2	ENSG00000120440
FTH1-1	FTH1	ENSG00000167996
UBQLNL-1	UBQLNL	ENSG00000175518
NDUFAF2-1	NDUFAF2	ENSG00000164182
SLC2A14-1	SLC2A14	ENSG00000173262
ZSCAN32-1	ZSCAN32	ENSG00000140987
TCEANC2-1	TCEANC2	ENSG00000116205
METTL8-1	METTL8	ENSG00000123600
NAE1-1	NAE1	ENSG00000159593
GSK3A-1	GSK3A	ENSG00000105723
XRCC3-1	XRCC3	ENSG00000126215
ZC3H6-1	ZC3H6	ENSG00000188177
PRR7-1	PRR7	ENSG00000131188
FXYD2-1	FXYD2	ENSG00000137731
TENT5C-1	TENT5C	ENSG00000183508
RPS11-1	RPS11	ENSG00000142534
FH-1	FH	ENSG00000091483
CD72-1	CD72	ENSG00000137101
JARID2-1	JARID2	ENSG00000008083
ZSWIM1-1	ZSWIM1	ENSG00000168612
N4BP2L1-1	N4BP2L1	ENSG00000139597
CLDN15-1	CLDN15	ENSG00000106404
SKA2-1	SKA2	ENSG00000182628
CIR1-1	CIR1	ENSG00000138433
GLI1-1	GLI1	ENSG00000111087
ZNF277-1	ZNF277	ENSG00000198839
TXLNB-1	TXLNB	ENSG00000164440
SLFN13-1	SLFN13	ENSG00000154760
SETDB1-1	SETDB1	ENSG00000143379
HSF1-1	HSF1	ENSG00000185122
DCP1B-1	DCP1B	ENSG00000151065
ALKBH6-1	ALKBH6	ENSG00000239382
TMEM134-1	TMEM134	ENSG00000172663
HMGN2-1	HMGN2	ENSG00000198830
MFF-1	MFF	ENSG00000168958
RNPS1-1	RNPS1	ENSG00000205937
MT1E-1	MT1E	ENSG00000169715
KLF10-1	KLF10	ENSG00000155090
RPS26-1	RPS26	ENSG00000197728
LY86-1	LY86	ENSG00000112799
TRAPPC13-1	TRAPPC13	ENSG00000113597
ADSS-1	ADSS2	ENSG00000035687
MYO1G-1	MYO1G	ENSG00000136286
ZNF705A-1	ZNF705A	ENSG00000196946
EFNB1-1	EFNB1	ENSG00000090776
PTPRN2-1	PTPRN2	ENSG00000155093
OLFM2-1	OLFM2	ENSG00000105088
ATP10D-1	ATP10D	ENSG00000145246
CASP6-1	CASP6	ENSG00000138794
ARPC3-1	ARPC3	ENSG00000111229
SYNE4-1	SYNE4	ENSG00000181392
XCL1-1	XCL1	ENSG00000143184
MBD5-1	MBD5	ENSG00000204406
RNF43-1	RNF43	ENSG00000108375
SDHD-1	SDHD	ENSG00000204370
RPS3-1	RPS3	ENSG00000149273
CD68-1	CD68	ENSG00000129226
MSL2-1	MSL2	ENSG00000174579
IRX2-1	IRX2	ENSG00000170561
C8orf59-1	RBIS	ENSG00000176731
FBXO9-1	FBXO9	ENSG00000112146
ZNF845-1	ZNF845	ENSG00000213799
FKBP2-1	FKBP2	ENSG00000173486
LMTK3-1	LMTK3	ENSG00000142235
ZBTB2-1	ZBTB2	ENSG00000181472
UBE2S-1	UBE2S	ENSG00000108106
GMIP-1	GMIP	ENSG00000089639
HAUS4-1	HAUS4	ENSG00000092036
YTHDF2-1	YTHDF2	ENSG00000198492
ZMYND19-1	ZMYND19	ENSG00000165724
TRIM66-1	TRIM66	ENSG00000166436
LMBR1L-1	LMBR1L	ENSG00000139636
PODXL-1	PODXL	ENSG00000128567
SLC41A2-1	SLC41A2	ENSG00000136052
C1D-1	C1D	ENSG00000197223
AFMID-1	AFMID	ENSG00000183077
NEURL4-1	NEURL4	ENSG00000215041
ZNF433-1	ZNF433	ENSG00000197647
PGBD1-1	PGBD1	ENSG00000137338
SFTPB-1	SFTPB	ENSG00000168878
MTMR11-1	MTMR11	ENSG00000014914
TRIB3-1	TRIB3	ENSG00000101255
ADAM9-1	ADAM9	ENSG00000168615
LYPLA1-1	LYPLA1	ENSG00000120992
NBPF9-1	NBPF9	ENSG00000269713
MMADHC-1	MMADHC	ENSG00000168288
BAZ2A-1	BAZ2A	ENSG00000076108
CCSAP-1	CCSAP	ENSG00000154429
PNRC2-1	PNRC2	ENSG00000189266
STX1B-1	STX1B	ENSG00000099365
LRRC42-1	LRRC42	ENSG00000116212
APOA1-1	APOA1	ENSG00000118137
STAB1-1	STAB1	ENSG00000010327
ERRFI1-1	ERRFI1	ENSG00000116285
CHAF1A-1	CHAF1A	ENSG00000167670
RTEL1-1	RTEL1	ENSG00000258366
NDUFS7-1	NDUFS7	ENSG00000115286
PP2D1-1	PP2D1	ENSG00000183977
FLT4-1	FLT4	ENSG00000037280
ADM-1	ADM	ENSG00000148926
SEC16A-1	SEC16A	ENSG00000148396
PRKACA-1	PRKACA	ENSG00000072062
SNF8-1	SNF8	ENSG00000159210
DHRS4-1	DHRS4	ENSG00000157326
NDRG3-1	NDRG3	ENSG00000101079
ITGA2-1	ITGA2	ENSG00000164171
NAA50-1	NAA50	ENSG00000121579
MITF-1	MITF	ENSG00000187098
RALGDS-1	RALGDS	ENSG00000160271
LYRM1-1	LYRM1	ENSG00000102897
POC1B-1	POC1B	ENSG00000139323
CERS6-1	CERS6	ENSG00000172292
ITGB7-1	ITGB7	ENSG00000139626
SH3GL1-1	SH3GL1	ENSG00000141985
RPSA-1	RPSA	ENSG00000168028
BLOC1S6-1	BLOC1S6	ENSG00000104164
PIGO-1	PIGO	ENSG00000165282
CBX4-1	CBX4	ENSG00000141582
SGSM2-1	SGSM2	ENSG00000141258
FMO4-1	FMO4	ENSG00000076258
ZNF43-1	ZNF43	ENSG00000198521
LYAR-1	LYAR	ENSG00000145220
RSL1D1-1	RSL1D1	ENSG00000171490
RND3-1	RND3	ENSG00000115963
PQLC1-1	SLC66A2	ENSG00000122490
TTLL3-1	TTLL3	ENSG00000214021
UCK1-1	UCK1	ENSG00000130717
PEA15-1	PEA15	ENSG00000162734
SLC2A3-1	SLC2A3	ENSG00000059804
GATB-1	GATB	ENSG00000059691
SERF2-1	SERF2	ENSG00000140264
RIPK1-1	RIPK1	ENSG00000137275
FBXO25-1	FBXO25	ENSG00000147364
MCRIP2-1	MCRIP2	ENSG00000172366
SEMA4C-1	SEMA4C	ENSG00000168758
CTSC-1	CTSC	ENSG00000109861
IFITM2-1	IFITM2	ENSG00000185201
RNF34-1	RNF34	ENSG00000170633
KLKB1-1	KLKB1	ENSG00000164344
SDHAF2-1	SDHAF2	ENSG00000167985
PI16-1	PI16	ENSG00000164530
DDI2-1	DDI2	ENSG00000197312
AP1S1-1	AP1S1	ENSG00000106367
DCN-1	DCN	ENSG00000011465
PSENEN-2	PSENEN	ENSG00000205155
NSA2-2	NSA2	ENSG00000164346
PPM1F-2	PPM1F	ENSG00000100034
ALKBH2-2	ALKBH2	ENSG00000189046
TRIM34-2	TRIM34	ENSG00000258659
ALG10-2	ALG10	ENSG00000139133
FBXO40-2	FBXO40	ENSG00000163833
RPL7-2	RPL7	ENSG00000147604
IL2-2	IL2	ENSG00000109471
TESC-2	TESC	ENSG00000088992
SMG1-2	SMG1	ENSG00000157106
ROBO3-2	ROBO3	ENSG00000154134
ARPP19-2	ARPP19	ENSG00000128989
NFE2L1-2	NFE2L1	ENSG00000082641
CALY-2	CALY	ENSG00000130643
RASA4-2	RASA4	ENSG00000105808
HIST1H2BJ-2	H2BC11	ENSG00000124635
IL2RG-2	IL2RG	ENSG00000147168
EPN2-2	EPN2	ENSG00000072134
IKBKE-2	IKBKE	ENSG00000263528
CSTF1-2	CSTF1	ENSG00000101138
MCPH1-2	MCPH1	ENSG00000147316
STRBP-2	STRBP	ENSG00000165209
ABL1-2	ABL1	ENSG00000097007
C1QC-2	C1QC	ENSG00000159189
YIPF2-2	YIPF2	ENSG00000130733
CYP51A1-2	CYP51A1	ENSG00000001630
LHX6-2	LHX6	ENSG00000106852
TTC30B-2	IFT70B	ENSG00000196659
COL4A3BP-2	CERT1	ENSG00000113163
SOX6-2	SOX6	ENSG00000110693
C11orf54-2	C11orf54	ENSG00000182919
RCBTB2-2	RCBTB2	ENSG00000136161
RPL24-2	RPL24	ENSG00000114391
VIPAS39-2	VIPAS39	ENSG00000151445
PDGFB-2	PDGFB	ENSG00000100311
PHF19-2	PHF19	ENSG00000119403
BEX1-2	BEX1	ENSG00000133169
CELA1-2	CELA1	ENSG00000139610
C2CD5-2	C2CD5	ENSG00000111731
HELB-2	HELB	ENSG00000127311
LACC1-2	LACC1	ENSG00000179630
IFIT3-2	IFIT3	ENSG00000119917
HIST1H2BL-2	H2BC13	ENSG00000185130
PSMD4-2	PSMD4	ENSG00000159352
ABCB7-2	ABCB7	ENSG00000131269
OTUB1-2	OTUB1	ENSG00000167770
CYSLTR1-2	CYSLTR1	ENSG00000173198
BPTF-2	BPTF	ENSG00000171634
SLC35C1-2	SLC35C1	ENSG00000181830
TBC1D19-2	TBC1D19	ENSG00000109680
TNFAIP8L2-2	TNFAIP8L2	ENSG00000163154
SAYSD1-2	SAYSD1	ENSG00000112167
CRY2-2	CRY2	ENSG00000121671
BAK1-2	BAK1	ENSG00000030110
ZNF679-2	ZNF679	ENSG00000197123
WWP2-2	WWP2	ENSG00000198373
COASY-2	COASY	ENSG00000068120
PSMA2-2	PSMA2	ENSG00000106588
METRN-2	METRN	ENSG00000103260
EVI2A-2	EVI2A	ENSG00000126860
FGL2-2	FGL2	ENSG00000127951
RGPD2-2	RGPD2	ENSG00000185304
DHRS2-2	DHRS2	ENSG00000100867
RASA2-2	RASA2	ENSG00000155903
PDK4-2	PDK4	ENSG00000004799
CHCHD3-2	CHCHD3	ENSG00000106554
SERTAD3-2	SERTAD3	ENSG00000167565
EIF4A1-2	EIF4A1	ENSG00000161960
STRIP2-2	STRIP2	ENSG00000128578
MYO16-2	MYO16	ENSG00000041515
AXL-2	AXL	ENSG00000167601
DHX32-2	DHX32	ENSG00000089876
UQCRHL-2	UQCRHL	ENSG00000233954
SLC12A9-2	SLC12A9	ENSG00000146828
ADCY3-2	ADCY3	ENSG00000138031
HLA-DQA1-2	HLA-DQA1	ENSG00000196735
SLC45A4-2	SLC45A4	ENSG00000022567
PRSS53-2	PRSS53	ENSG00000151006
HAVCR1-2	HAVCR1	ENSG00000113249
SPPL3-2	SPPL3	ENSG00000157837
GDPD3-2	GDPD3	ENSG00000102886
ZFYVE16-2	ZFYVE16	ENSG00000039319
ERO1A-2	ERO1A	ENSG00000197930
VSIG2-2	VSIG2	ENSG00000019102
AKR1C1-2	AKR1C1	ENSG00000187134
DNAJB11-2	DNAJB11	ENSG00000090520
TLR6-2	TLR6	ENSG00000174130
CXorf21-2	TASL	ENSG00000120280
EIF2D-2	EIF2D	ENSG00000143486
SRD5A1-2	SRD5A1	ENSG00000145545
PTEN-2	PTEN	ENSG00000171862
P2RY13-2	P2RY13	ENSG00000181631
PNMA3-2	PNMA3	ENSG00000183837
HOXD3-2	HOXD3	ENSG00000128652
NECTIN2-2	NECTIN2	ENSG00000130202
MBOAT1-2	MBOAT1	ENSG00000172197
SERPINE2-2	SERPINE2	ENSG00000135919
CCSER2-2	CCSER2	ENSG00000107771
ADAT2-2	ADAT2	ENSG00000189007
SLC2A14-2	SLC2A14	ENSG00000173262
SMR3B-2	SMR3B	ENSG00000171201
NEIL2-2	NEIL2	ENSG00000154328
WBP1-2	WBP1	ENSG00000239779
ETFDH-2	ETFDH	ENSG00000171503
ECI2-2	ECI2	ENSG00000198721
ZNF80-2	ZNF80	ENSG00000174255
VASH1-2	VASH1	ENSG00000071246
HCN2-2	HCN2	ENSG00000099822
TUBB4B-2	TUBB4B	ENSG00000188229
ARID3C-2	ARID3C	ENSG00000205143
THAP3-2	THAP3	ENSG00000041988
KLRB1-2	KLRB1	ENSG00000111796
GEMIN7-2	GEMIN7	ENSG00000142252
LILRB2-2	LILRB2	ENSG00000131042
GPR89A-2	GPR89A	ENSG00000117262
E2F1-2	E2F1	ENSG00000101412
TTC13-2	TTC13	ENSG00000143643
TLR5-2	TLR5	ENSG00000187554
PHF5A-2	PHF5A	ENSG00000100410
ZNF648-2	ZNF648	ENSG00000179930
AGFG2-2	AGFG2	ENSG00000106351
BTLA-2	BTLA	ENSG00000186265
ARGFX-2	ARGFX	ENSG00000186103
LYSMD3-2	LYSMD3	ENSG00000176018
RPL12-2	RPL12	ENSG00000197958
ZNF75A-2	ZNF75A	ENSG00000162086
HMGB3-2	HMGB3	ENSG00000029993
MTERF1-2	MTERF1	ENSG00000127989
ACAP1-2	ACAP1	ENSG00000072818
ZC3H11A-2	ZC3H11A	ENSG00000058673
PTPN11-2	PTPN11	ENSG00000179295
TMSB4X-2	TMSB4X	ENSG00000205542
WWC2-2	WWC2	ENSG00000151718
COX20-2	COX20	ENSG00000203667
FBXL22-2	FBXL22	ENSG00000197361
ZBTB4-2	ZBTB4	ENSG00000174282
LRRC7-2	LRRC7	ENSG00000033122
ICAM3-2	ICAM3	ENSG00000076662
RGS18-2	RGS18	ENSG00000150681
PYROXD2-2	PYROXD2	ENSG00000119943
FABP6-2	FABP6	ENSG00000170231
POLR2J-2	POLR2J	ENSG00000005075
CORO1A-2	CORO1A	ENSG00000102879
YY2-2	YY2	ENSG00000230797
MDK-2	MDK	ENSG00000110492
C11orf1-2	CFAP68	ENSG00000137720
SCAF11-2	SCAF11	ENSG00000139218
PAICS-2	PAICS	ENSG00000128050
YTHDF2-2	YTHDF2	ENSG00000198492
CCDC14-2	CCDC14	ENSG00000175455
SMC6-2	SMC6	ENSG00000163029
PRAM1-2	PRAM1	ENSG00000133246
ZNF426-2	ZNF426	ENSG00000130818
FAM86C1-2	FAM86C1P	ENSG00000158483
MND1-2	MND1	ENSG00000121211
LRP10-2	LRP10	ENSG00000197324
C1D-2	C1D	ENSG00000197223
GTF2IRD2B-2	GTF2IRD2B	ENSG00000174428
ARHGAP45-2	ARHGAP45	ENSG00000180448
INAFM2-2	INAFM2	ENSG00000259330
GBP4-2	GBP4	ENSG00000162654
RGPD6-2	RGPD6	ENSG00000183054
CDK17-2	CDK17	ENSG00000059758
IL3-2	IL3	ENSG00000164399
CMTM3-2	CMTM3	ENSG00000140931
ZNF675-2	ZNF675	ENSG00000197372
FPR1-2	FPR1	ENSG00000171051
PGM1-2	PGM1	ENSG00000079739
RND1-2	RND1	ENSG00000172602
TNFRSF1B-2	TNFRSF1B	ENSG00000028137
TTC14-2	TTC14	ENSG00000163728
BTG1-2	BTG1	ENSG00000133639
PES1-2	PES1	ENSG00000100029
KRT10-2	KRT10	ENSG00000186395
VPS28-2	VPS28	ENSG00000160948
ZNF587B-2	ZNF587B	ENSG00000269343
CASP1-2	CASP1	ENSG00000137752
RPS6KB1-2	RPS6KB1	ENSG00000108443
B4GALT4-2	B4GALT4	ENSG00000121578
CA14-2	CA14	ENSG00000118298
RIDA-2	RIDA	ENSG00000132541
VAPB-2	VAPB	ENSG00000124164
FOXS1-2	FOXS1	ENSG00000179772
NR2F6-2	NR2F6	ENSG00000160113
RPL10A-2	RPL10A	ENSG00000198755
F8-2	F8	ENSG00000185010
USP49-2	USP49	ENSG00000164663
PARG-2	PARG	ENSG00000227345
CGREF1-2	CGREF1	ENSG00000138028
DDX50-2	DDX50	ENSG00000107625
MRGBP-2	MRGBP	ENSG00000101189
EIF4H-2	EIF4H	ENSG00000106682
PHYKPL-2	PHYKPL	ENSG00000175309
RPL18A-2	RPL18A	ENSG00000105640
MFN2-2	MFN2	ENSG00000116688
ZG16B-2	ZG16B	ENSG00000162078
PLEK-2	PLEK	ENSG00000115956
NBPF26-2	NBPF26	ENSG00000273136
CCDC66-2	CCDC66	ENSG00000180376
NF1-2	NF1	ENSG00000196712
FOXO4-2	FOXO4	ENSG00000184481
ESCO2-2	ESCO2	ENSG00000171320
HGD-2	HGD	ENSG00000113924
C18orf21-2	C18orf21	ENSG00000141428
MCRIP2-2	MCRIP2	ENSG00000172366
SERPING1-2	SERPING1	ENSG00000149131
CYTIP-2	CYTIP	ENSG00000115165
PRR15L-2	PRR15L	ENSG00000167183
ASF1A-2	ASF1A	ENSG00000111875
ABT1-2	ABT1	ENSG00000146109
CCDC6-2	CCDC6	ENSG00000108091
HIST1H3J-2	H3C12	ENSG00000197153
LZTFL1-2	LZTFL1	ENSG00000163818
ZFYVE19-1	ZFYVE19	ENSG00000166140
HLA-E-1	HLA-E	ENSG00000204592
GPANK1-1	GPANK1	ENSG00000204438
VPS52-1	VPS52	ENSG00000223501
FAM83H-1	FAM83H	ENSG00000180921
ZFP57-1	ZFP57	ENSG00000204644
AKT3-1	AKT3	ENSG00000117020
TAP2-1	TAP2	ENSG00000204267
AIF1-1	AIF1	ENSG00000204472
TUBB-1	TUBB	ENSG00000196230
MMP28-1	MMP28	ENSG00000271447
SNTB2-1	SNTB2	ENSG00000168807
PRRT1-1	PRRT1	ENSG00000204314
SAPCD1-1	SAPCD1	ENSG00000228727
LILRB3-1	LILRB3	ENSG00000204577
AATF-1	AATF	ENSG00000275700
CCL5-1	CCL5	ENSG00000271503
ALOX5-1	ALOX5	ENSG00000012779
SYNGAP1-1	SYNGAP1	ENSG00000197283
CATSPERB-1	CATSPERB	ENSG00000133962
PCMTD2-1	PCMTD2	ENSG00000203880
B3GALT4-1	B3GALT4	ENSG00000235863
SPATC1L-1	SPATC1L	ENSG00000160284
TFPT-1	TFPT	ENSG00000105619
PPP4R4-1	PPP4R4	ENSG00000119698
OSCAR-1	OSCAR	ENSG00000170909
CABIN1-1	CABIN1	ENSG00000099991
BDH1-1	BDH1	ENSG00000161267
HSPA1A-1	HSPA1A	ENSG00000204389
TIGD5-1	TIGD5	ENSG00000179886
LY6E-1	LY6E	ENSG00000160932
CCL18-1	CCL18	ENSG00000275385
TRIM69-1	TRIM69	ENSG00000185880
DAXX-1	DAXX	ENSG00000204209
MBOAT7-1	MBOAT7	ENSG00000125505
GNL1-1	GNL1	ENSG00000204590
RILP-1	RILP	ENSG00000167705
HLA-DMB-1	HLA-DMB	ENSG00000242574
RPS18-1	RPS18	ENSG00000231500
LSM14A-1	LSM14A	ENSG00000257103
SLC43A2-1	SLC43A2	ENSG00000167703
RNF39-1	RNF39	ENSG00000204618
IFI27-1	IFI27	ENSG00000165949
INTS3-1	INTS3	ENSG00000143624
NSF-1	NSF	ENSG00000073969
RAB11FIP3-1	RAB11FIP3	ENSG00000090565
ZNF251-1	ZNF251	ENSG00000198169
LTA-1	LTA	ENSG00000226979
KIAA0355-1	GARRE1	ENSG00000166398
HMOX2-1	HMOX2	ENSG00000103415
KRT20-1	KRT20	ENSG00000171431
RASSF7-1	RASSF7	ENSG00000099849
RXRB-1	RXRB	ENSG00000204231
TADA2A-1	TADA2A	ENSG00000276234
LY6G6F-1	LY6G6F	ENSG00000204424
DDX52-1	DDX52	ENSG00000278053
SLC39A7-1	SLC39A7	ENSG00000112473
PRKRA-1	PRKRA	ENSG00000180228
SLC27A3-1	SLC27A3	ENSG00000143554
PARN-1	PARN	ENSG00000140694
TAMM41-1	TAMM41	ENSG00000144559
PTP4A3-1	PTP4A3	ENSG00000184489
FKBPL-1	FKBPL	ENSG00000204315
CEACAM4-1	CEACAM4	ENSG00000105352
TNXB-1	TNXB	ENSG00000168477
SIMC1-1	SIMC1	ENSG00000170085
PLCH2-1	PLCH2	ENSG00000149527
DLG5-1	DLG5	ENSG00000151208
LENG8-1	LENG8	ENSG00000167615
SKA1-1	SKA1	ENSG00000154839
SSBP1-1	SSBP1	ENSG00000106028
MTMR10-1	MTMR10	ENSG00000166912
BAG6-1	BAG6	ENSG00000204463
COL11A2-1	COL11A2	ENSG00000204248
RDM1-1	RDM1	ENSG00000278023
PAXBP1-1	PAXBP1	ENSG00000159086
ABCC1-1	ABCC1	ENSG00000103222
RING1-1	RING1	ENSG00000204227
ACACA-1	ACACA	ENSG00000278540
HLA-DMA-1	HLA-DMA	ENSG00000204257
NDE1-1	NDE1	ENSG00000072864
ERMARD-1	ERMARD	ENSG00000130023
FAM189B-1	ENTREP3	ENSG00000160767
IRF7-1	IRF7	ENSG00000185507
CDK7-1	CDK7	ENSG00000134058
RPS17-1	RPS17	ENSG00000182774
LILRA5-1	LILRA5	ENSG00000187116
SERPINF1-1	SERPINF1	ENSG00000132386
ATP9B-1	ATP9B	ENSG00000166377
MROH6-1	MROH6	ENSG00000204839
HNF1B-1	HNF1B	ENSG00000275410
SLC12A7-1	SLC12A7	ENSG00000113504
TAPBP-1	TAPBP	ENSG00000231925
MRPL45-1	MRPL45	ENSG00000278845
TUBGCP5-1	TUBGCP5	ENSG00000275835
TAF9-1	TAF9	ENSG00000273841
ZBTB9-1	ZBTB9	ENSG00000213588
MPIG6B-1	MPIG6B	ENSG00000204420
MUC20-1	MUC20	ENSG00000176945
MICB-1	MICB	ENSG00000204516
KRTAP16-1-1	KRTAP16-1	ENSG00000212657
CHCHD10-1	CHCHD10	ENSG00000250479
RPH3AL-1	RPH3AL	ENSG00000181031
FLOT1-1	FLOT1	ENSG00000137312
PDCD1-1	PDCD1	ENSG00000188389
PHF1-1	PHF1	ENSG00000112511
MRPL23-1	MRPL23	ENSG00000214026
MESP2-1	MESP2	ENSG00000188095
PRTN3-1	PRTN3	ENSG00000196415
CLIC1-1	CLIC1	ENSG00000213719
CCL4-1	CCL4	ENSG00000275302
WASHC1-1	WASHC1	ENSG00000181404
KIR3DL2-1	KIR3DL2	ENSG00000240403
MRPS36-1	KGD4	ENSG00000134056
LAIR2-1	LAIR2	ENSG00000167618
HCN3-1	HCN3	ENSG00000143630
PHLDA2-1	PHLDA2	ENSG00000181649
RPP21-1	RPP21	ENSG00000241370
GPSM3-1	GPSM3	ENSG00000213654
MUC4-1	MUC4	ENSG00000145113
HLA-C-1	HLA-C	ENSG00000204525
B3GNTL1-1	B3GNTL1	ENSG00000175711
CCL3L1-1	CCL3L3	ENSG00000276085
LTB-1	LTB	ENSG00000227507
SLC2A11-1	SLC2A11	ENSG00000133460
HLA-DRB5-1	HLA-DRB5	ENSG00000198502
AGPAT1-1	AGPAT1	ENSG00000204310
ZNF430-1	ZNF430	ENSG00000118620
LY6G5C-1	LY6G5C	ENSG00000204428
VARS-1	VARS1	ENSG00000204394
VWA7-1	VWA7	ENSG00000204396
OTUB2-1	OTUB2	ENSG00000089723
LILRB1-1	LILRB1	ENSG00000104972
ZNF676-1	ZNF676	ENSG00000196109
HSD17B7-1	HSD17B7	ENSG00000132196
TIMM22-1	TIMM22	ENSG00000177370
PSMB3-1	PSMB3	ENSG00000277791
CCHCR1-1	CCHCR1	ENSG00000204536
MIF-1	MIF	ENSG00000240972
GGNBP2-1	GGNBP2	ENSG00000278311
MOAP1-1	MOAP1	ENSG00000165943
TRIM39-1	TRIM39	ENSG00000204599
RGL2-1	RGL2	ENSG00000237441
C6orf136-1	C6orf136	ENSG00000204564
YWHAE-1	YWHAE	ENSG00000108953
PSMB8-1	PSMB8	ENSG00000204264
ATAT1-1	ATAT1	ENSG00000137343
ZNF280A-1	ZNF280A	ENSG00000169548
B2M-1	B2M	ENSG00000166710
C6orf47-1	C6orf47	ENSG00000204439
KLF13-1	KLF13	ENSG00000169926
CEP170-1	CEP170	ENSG00000143702
TRIM27-1	TRIM27	ENSG00000204713
NRM-1	NRM	ENSG00000137404
TSTA3-1	GFUS	ENSG00000104522
FAM120B-1	FAM120B	ENSG00000112584
TCTE3-1	DYNLT2	ENSG00000184786
NEU1-1	NEU1	ENSG00000204386
SINHCAF-1	SINHCAF	ENSG00000139146
PRR3-1	PRR3	ENSG00000204576
KIAA1147-1	DENND11	ENSG00000257093
CNOT3-1	CNOT3	ENSG00000088038
FAM20C-1	FAM20C	ENSG00000177706
CLK2-1	CLK2	ENSG00000176444
C6orf48-1	SNHG32	ENSG00000204387
DSEL-1	DSEL	ENSG00000171451
HSD17B8-1	HSD17B8	ENSG00000204228
NTAN1-1	NTAN1	ENSG00000157045
CSNK2B-1	CSNK2B	ENSG00000204435
ZNF311-1	ZNF311	ENSG00000197935
ZNF707-1	ZNF707	ENSG00000181135
CYP2D6-1	CYP2D6	ENSG00000100197
BDP1-1	BDP1	ENSG00000145734
NFKBIL1-1	NFKBIL1	ENSG00000204498
PCGF2-1	PCGF2	ENSG00000277258
CORO7-1	CORO7	ENSG00000262246
MPV17L-1	MPV17L	ENSG00000156968
IFI27L2-1	IFI27L2	ENSG00000119632
FBRSL1-1	FBRSL1	ENSG00000112787
PRRC2A-1	PRRC2A	ENSG00000204469
PYCR3-1	PYCR3	ENSG00000104524
DDR1-1	DDR1	ENSG00000204580
HLA-DQA2-1	HLA-DQA2	ENSG00000237541
TNF-1	TNF	ENSG00000232810
UBR7-1	UBR7	ENSG00000012963
SMDT1-1	SMDT1	ENSG00000183172
PFDN6-1	PFDN6	ENSG00000204220
MYOM2-1	MYOM2	ENSG00000036448
STK19-1	STK19	ENSG00000204344
IER3-1	IER3	ENSG00000137331
DHRS11-1	DHRS11	ENSG00000278535
ZNHIT3-1	ZNHIT3	ENSG00000273611
EGFL8-1	EGFL8	ENSG00000241404
RNH1-1	RNH1	ENSG00000023191
LY6G5B-1	LY6G5B	ENSG00000240053
PRB4-1	PRB4	ENSG00000230657
CUTA-1	CUTA	ENSG00000112514
MRPS18B-1	MRPS18B	ENSG00000204568
ATP6V1G2-1	ATP6V1G2	ENSG00000213760
DERL3-1	DERL3	ENSG00000099958
PIGW-1	PIGW	ENSG00000277161
MCCC2-1	MCCC2	ENSG00000131844
C16orf45-1	BMERB1	ENSG00000166780
LSM2-1	LSM2	ENSG00000204392
NCF4-1	NCF4	ENSG00000100365
DHX16-1	DHX16	ENSG00000204560
TCF19-1	TCF19	ENSG00000137310
VARS2-1	VARS2	ENSG00000137411
HLA-DPB1-1	HLA-DPB1	ENSG00000223865
LILRA1-1	LILRA1	ENSG00000104974
NAPEPLD-1	NAPEPLD	ENSG00000161048
TAS2R14-1	TAS2R14	ENSG00000212127
CTSO-1	CTSO	ENSG00000256043
TAF15-1	TAF15	ENSG00000270647
ATP23-1	ATP23	ENSG00000166896
CEP72-1	CEP72	ENSG00000112877
ABCF1-1	ABCF1	ENSG00000204574
SPC25-1	SPC25	ENSG00000152253
FAN1-1	FAN1	ENSG00000198690
DLL1-1	DLL1	ENSG00000198719
YTHDC1-1	YTHDC1	ENSG00000083896
SMIM11B-1	SMIM11	ENSG00000205670
PIP4K2B-1	PIP4K2B	ENSG00000276293
KANSL1-1	KANSL1	ENSG00000120071
DXO-1	DXO	ENSG00000204348
TAS2R20-1	TAS2R20	ENSG00000255837
NSMCE3-1	NSMCE3	ENSG00000185115
HLA-DOB-1	HLA-DOB	ENSG00000241106
HLA-DRA-1	HLA-DRA	ENSG00000204287
CFD-1	CFD	ENSG00000197766
PRPF8-1	PRPF8	ENSG00000174231
NDUFA6-1	NDUFA6	ENSG00000184983
TTC34-1	TTC34	ENSG00000215912
PPP1R18-1	PPP1R18	ENSG00000146112
MYH11-1	MYH11	ENSG00000133392
KIFC1-1	KIFC1	ENSG00000237649
THEMIS-1	THEMIS	ENSG00000172673
SIK1-1	SIK1	ENSG00000142178
NMRAL1-1	NMRAL1	ENSG00000153406
GTF2H4-1	GTF2H4	ENSG00000213780
METRNL-1	METRNL	ENSG00000176845
PRR4-1	PRR4	ENSG00000111215
CCL3-1	CCL3	ENSG00000277632
CLPTM1L-1	CLPTM1L	ENSG00000049656
PRXL2B-1	PRXL2B	ENSG00000157870
ARHGAP11B-1	ARHGAP11B	ENSG00000285077
BTG3-1	BTG3	ENSG00000154640
MUC2-1	MUC2	ENSG00000198788
PRH1-1	PRH1	ENSG00000231887
PAM16-1	PAM16	ENSG00000217930
SLC44A4-1	SLC44A4	ENSG00000204385
LST1-1	LST1	ENSG00000204482
HERC2-1	HERC2	ENSG00000128731
SOCS7-1	SOCS7	ENSG00000274211
LMNTD2-1	LMNTD2	ENSG00000185522
KBTBD11-1	KBTBD11	ENSG00000176595
ASB2-1	ASB2	ENSG00000100628
NCF1-1	NCF1	ENSG00000158517
GLIS2-1	GLIS2	ENSG00000126603
ARHGAP27-1	ARHGAP27	ENSG00000159314
THOC3-1	THOC3	ENSG00000051596
SMARCB1-1	SMARCB1	ENSG00000099956
HLA-G-1	HLA-G	ENSG00000204632
ZNF658-1	ZNF658	ENSG00000274349
CAPN15-1	CAPN15	ENSG00000103326
FCAR-1	FCAR	ENSG00000186431
CCDC125-1	CCDC125	ENSG00000183323
MRM1-1	MRM1	ENSG00000278619
HLA-DPA1-1	HLA-DPA1	ENSG00000231389
WDR46-1	WDR46	ENSG00000227057
RMND5A-1	RMND5A	ENSG00000153561
LENG9-1	LENG9	ENSG00000275183
EPHB6-1	EPHB6	ENSG00000106123
TMEM251-1	LYSET	ENSG00000153485
CBS-1	CBS	ENSG00000160200
NDUFA3-1	NDUFA3	ENSG00000170906
TBX22-1	TBX22	ENSG00000122145
GPI-1	GPI	ENSG00000105220
HSPA1L-1	HSPA1L	ENSG00000204390
PRH2-1	PRH2	ENSG00000134551
ICOSLG-1	ICOSLG	ENSG00000160223
PTPRC-1	PTPRC	ENSG00000081237
BFAR-1	BFAR	ENSG00000103429
SKIV2L-1	SKIC2	ENSG00000204351
ZC3H3-1	ZC3H3	ENSG00000014164
LENG1-1	LENG1	ENSG00000105617
CEACAM21-1	CEACAM21	ENSG00000007129
MARF1-1	MARF1	ENSG00000166783
SDCCAG8-1	SDCCAG8	ENSG00000054282
ZBTB22-1	ZBTB22	ENSG00000236104
RHEB-1	RHEB	ENSG00000106615
GPAT2-1	GPAT2	ENSG00000186281
GON7-1	GON7	ENSG00000170270
ZNRD1-1	POLR1H	ENSG00000066379
TCF20-1	TCF20	ENSG00000100207
OTUD7A-1	OTUD7A	ENSG00000169918
NELFE-1	NELFE	ENSG00000204356
RAD17-1	RAD17	ENSG00000152942
NCR3-1	NCR3	ENSG00000204475
DUSP8-1	DUSP8	ENSG00000184545
MLLT6-1	MLLT6	ENSG00000275023
PSMB9-1	PSMB9	ENSG00000240065
REXO4-1	REXO4	ENSG00000148300
ZNF280B-1	ZNF280B	ENSG00000275004
TRIM26-1	TRIM26	ENSG00000234127
LHX1-1	LHX1	ENSG00000273706
ZNF595-1	ZNF595	ENSG00000272602
SCRIB-1	SCRIB	ENSG00000180900
CWC25-1	CWC25	ENSG00000273559
SMIM10L1-1	SMIM10L1	ENSG00000256537
MICA-1	MICA	ENSG00000204520
CLN8-1	CLN8	ENSG00000182372
CRIM1-1	CRIM1	ENSG00000150938
SALL3-1	SALL3	ENSG00000256463
MAP3K14-1	MAP3K14	ENSG00000006062
ABR-1	ABR	ENSG00000159842
PATL2-1	PATL2	ENSG00000229474
NKD2-1	NKD2	ENSG00000145506
HRAS-1	HRAS	ENSG00000174775
TNFRSF14-1	TNFRSF14	ENSG00000157873
PPT2-1	PPT2	ENSG00000221988
MYT1-1	MYT1	ENSG00000196132
FRG1-1	FRG1	ENSG00000109536
HSPA1B-1	HSPA1B	ENSG00000204388
CCL4L2-1	CCL4L2	ENSG00000276070
CTDP1-1	CTDP1	ENSG00000060069
WDR81-1	WDR81	ENSG00000167716
RNF5-1	RNF5	ENSG00000204308
ERICH1-1	ERICH1	ENSG00000104714
PTPRK-1	PTPRK	ENSG00000152894
PHRF1-1	PHRF1	ENSG00000070047
BRD2-1	BRD2	ENSG00000204256
CDC42EP5-1	CDC42EP5	ENSG00000167617
ZBTB12-1	ZBTB12	ENSG00000204366
EPOP-1	EPOP	ENSG00000273604
SYNRG-1	SYNRG	ENSG00000275066
ABHD16A-1	ABHD16A	ENSG00000204427
ARHGEF10-1	ARHGEF10	ENSG00000104728
PPP1R10-1	PPP1R10	ENSG00000204569
PANK4-1	PANK4	ENSG00000157881
TAP1-1	TAP1	ENSG00000168394
MSH5-1	MSH5	ENSG00000204410
HIC2-1	HIC2	ENSG00000169635
GP6-1	GP6	ENSG00000088053
SCAMP3-1	SCAMP3	ENSG00000116521
DECR2-1	DECR2	ENSG00000242612
RDH13-1	RDH13	ENSG00000160439
TSEN34-1	TSEN34	ENSG00000170892
GABBR1-1	GABBR1	ENSG00000204681
PPP1R11-1	PPP1R11	ENSG00000204619
DDX39B-1	DDX39B	ENSG00000198563
ZNF85-1	ZNF85	ENSG00000105750
ZNF100-1	ZNF100	ENSG00000197020
HES5-1	HES5	ENSG00000197921
ZBED9-1	SCAND3	ENSG00000232040
DNAJA3-1	DNAJA3	ENSG00000103423
CISD3-1	CISD3	ENSG00000277972
HLA-B-1	HLA-B	ENSG00000234745
GSDMD-1	GSDMD	ENSG00000104518
ATF6B-1	ATF6B	ENSG00000213676
ARHGAP11A-1	ARHGAP11A	ENSG00000198826
CDHR5-1	CDHR5	ENSG00000099834
POU5F1-1	POU5F1	ENSG00000204531
HLA-DOA-1	HLA-DOA	ENSG00000204252
ITPK1-1	ITPK1	ENSG00000100605
IFI27L1-1	IFI27L1	ENSG00000165948
CDKN1C-1	CDKN1C	ENSG00000129757
EEF1D-1	EEF1D	ENSG00000104529
SCARF1-1	SCARF1	ENSG00000074660
DDX24-1	DDX24	ENSG00000089737
LRRC56-1	LRRC56	ENSG00000161328
FOPNL-1	CEP20	ENSG00000133393
PBX2-1	PBX2	ENSG00000204304
LILRA2-1	LILRA2	ENSG00000239998
CYFIP1-1	CYFIP1	ENSG00000273749
EHMT2-1	EHMT2	ENSG00000204371
CARS-1	CARS1	ENSG00000110619
ZNF729-1	ZNF729	ENSG00000196350
PDXDC1-1	PDXDC1	ENSG00000179889
MYO19-1	MYO19	ENSG00000278259
PRB3-1	PRB3	ENSG00000197870
PDE4DIP-1	PDE4DIP	ENSG00000178104
NAPRT-1	NAPRT	ENSG00000147813
APOBEC3A-1	APOBEC3A	ENSG00000128383
NAP1L4-1	NAP1L4	ENSG00000205531
RPS9-1	RPS9	ENSG00000170889
APOM-1	APOM	ENSG00000204444
TMEM50B-1	TMEM50B	ENSG00000142188
HLA-E-2	HLA-E	ENSG00000204592
GPANK1-2	GPANK1	ENSG00000204438
VPS52-2	VPS52	ENSG00000223501
FAM83H-2	FAM83H	ENSG00000180921
ZFP57-2	ZFP57	ENSG00000204644
AKT3-2	AKT3	ENSG00000117020
TAP2-2	TAP2	ENSG00000204267
AIF1-2	AIF1	ENSG00000204472
TUBB-2	TUBB	ENSG00000196230
MMP28-2	MMP28	ENSG00000271447
SNTB2-2	SNTB2	ENSG00000168807
GBA-2	GBA1	ENSG00000177628
SAPCD1-2	SAPCD1	ENSG00000228727
LILRB3-2	LILRB3	ENSG00000204577
AATF-2	AATF	ENSG00000275700
CCL5-2	CCL5	ENSG00000271503
ALOX5-2	ALOX5	ENSG00000012779
SYNGAP1-2	SYNGAP1	ENSG00000197283
CATSPERB-2	CATSPERB	ENSG00000133962
PCMTD2-2	PCMTD2	ENSG00000203880
B3GALT4-2	B3GALT4	ENSG00000235863
SPATC1L-2	SPATC1L	ENSG00000160284
TFPT-2	TFPT	ENSG00000105619
PPP4R4-2	PPP4R4	ENSG00000119698
OSCAR-2	OSCAR	ENSG00000170909
CABIN1-2	CABIN1	ENSG00000099991
BDH1-2	BDH1	ENSG00000161267
TIGD5-2	TIGD5	ENSG00000179886
LY6E-2	LY6E	ENSG00000160932
PWP2-2	PWP2	ENSG00000241945
CCL18-2	CCL18	ENSG00000275385
TRIM69-2	TRIM69	ENSG00000185880
DAXX-2	DAXX	ENSG00000204209
MBOAT7-2	MBOAT7	ENSG00000125505
GNL1-2	GNL1	ENSG00000204590
RILP-2	RILP	ENSG00000167705
HLA-DMB-2	HLA-DMB	ENSG00000242574
RPS18-2	RPS18	ENSG00000231500
LSM14A-2	LSM14A	ENSG00000257103
SLC43A2-2	SLC43A2	ENSG00000167703
RNF39-2	RNF39	ENSG00000204618
CPEB1-2	CPEB1	ENSG00000214575
IFI27-2	IFI27	ENSG00000165949
INTS3-2	INTS3	ENSG00000143624
ZNF251-2	ZNF251	ENSG00000198169
LTA-2	LTA	ENSG00000226979
KIAA0355-2	GARRE1	ENSG00000166398
HMOX2-2	HMOX2	ENSG00000103415
KRT20-2	KRT20	ENSG00000171431
RASSF7-2	RASSF7	ENSG00000099849
RXRB-2	RXRB	ENSG00000204231
TADA2A-2	TADA2A	ENSG00000276234
LY6G6F-2	LY6G6F	ENSG00000204424
DDX52-2	DDX52	ENSG00000278053
SLC39A7-2	SLC39A7	ENSG00000112473
SLC27A3-2	SLC27A3	ENSG00000143554
PARN-2	PARN	ENSG00000140694
TAMM41-2	TAMM41	ENSG00000144559
PTP4A3-2	PTP4A3	ENSG00000184489
FKBPL-2	FKBPL	ENSG00000204315
CEACAM4-2	CEACAM4	ENSG00000105352
TNXB-2	TNXB	ENSG00000168477
PLCH2-2	PLCH2	ENSG00000149527
DLG5-2	DLG5	ENSG00000151208
LENG8-2	LENG8	ENSG00000167615
SKA1-2	SKA1	ENSG00000154839
SSBP1-2	SSBP1	ENSG00000106028
MTMR10-2	MTMR10	ENSG00000166912
COL11A2-2	COL11A2	ENSG00000204248
RDM1-2	RDM1	ENSG00000278023
PAXBP1-2	PAXBP1	ENSG00000159086
ABCC1-2	ABCC1	ENSG00000103222
RING1-2	RING1	ENSG00000204227
ACACA-2	ACACA	ENSG00000278540
HLA-DMA-2	HLA-DMA	ENSG00000204257
NDE1-2	NDE1	ENSG00000072864
ERMARD-2	ERMARD	ENSG00000130023
FAM189B-2	ENTREP3	ENSG00000160767
AGAP9-2	AGAP9	ENSG00000204172
IRF7-2	IRF7	ENSG00000185507
CDK7-2	CDK7	ENSG00000134058
RPS17-2	RPS17	ENSG00000182774
LILRA5-2	LILRA5	ENSG00000187116
SERPINF1-2	SERPINF1	ENSG00000132386
ATP9B-2	ATP9B	ENSG00000166377
MROH6-2	MROH6	ENSG00000204839
HNF1B-2	HNF1B	ENSG00000275410
SLC12A7-2	SLC12A7	ENSG00000113504
PRB1-2	PRB1	ENSG00000251655
ARSG-2	ARSG	ENSG00000141337
PKD1-2	PKD1	ENSG00000008710
TAPBP-2	TAPBP	ENSG00000231925
MRPL45-2	MRPL45	ENSG00000278845
TUBGCP5-2	TUBGCP5	ENSG00000275835
TAF9-2	TAF9	ENSG00000273841
ZBTB9-2	ZBTB9	ENSG00000213588
MPIG6B-2	MPIG6B	ENSG00000204420
MUC20-2	MUC20	ENSG00000176945
MICB-2	MICB	ENSG00000204516
KRTAP16-1-2	KRTAP16-1	ENSG00000212657
CHCHD10-2	CHCHD10	ENSG00000250479
RPH3AL-2	RPH3AL	ENSG00000181031
FLOT1-2	FLOT1	ENSG00000137312
PDCD1-2	PDCD1	ENSG00000188389
PHF1-2	PHF1	ENSG00000112511
MRPL23-2	MRPL23	ENSG00000214026
PRTN3-2	PRTN3	ENSG00000196415
CLIC1-2	CLIC1	ENSG00000213719
CCL4-2	CCL4	ENSG00000275302
KIR3DL2-2	KIR3DL2	ENSG00000240403
MRPS36-2	KGD4	ENSG00000134056
LAIR2-2	LAIR2	ENSG00000167618
HCN3-2	HCN3	ENSG00000143630
PHLDA2-2	PHLDA2	ENSG00000181649
RPP21-2	RPP21	ENSG00000241370
GPSM3-2	GPSM3	ENSG00000213654
AGER-2	AGER	ENSG00000204305
MUC4-2	MUC4	ENSG00000145113
B3GNTL1-2	B3GNTL1	ENSG00000175711
CCL3L1-2	CCL3L3	ENSG00000276085
LTB-2	LTB	ENSG00000227507
SLC2A11-2	SLC2A11	ENSG00000133460
HLA-DRB5-2	HLA-DRB5	ENSG00000198502
AGPAT1-2	AGPAT1	ENSG00000204310
ZNF430-2	ZNF430	ENSG00000118620
LY6G5C-2	LY6G5C	ENSG00000204428
VARS-2	VARS1	ENSG00000204394
VWA7-2	VWA7	ENSG00000204396
OTUB2-2	OTUB2	ENSG00000089723
LILRB1-2	LILRB1	ENSG00000104972
TIMM22-2	TIMM22	ENSG00000177370
PSMB3-2	PSMB3	ENSG00000277791
CCHCR1-2	CCHCR1	ENSG00000204536
MIF-2	MIF	ENSG00000240972
DUX4-2	DUX4	ENSG00000260596
GGNBP2-2	GGNBP2	ENSG00000278311
MOAP1-2	MOAP1	ENSG00000165943
TRIM39-2	TRIM39	ENSG00000204599
RGL2-2	RGL2	ENSG00000237441
C6orf136-2	C6orf136	ENSG00000204564
YWHAE-2	YWHAE	ENSG00000108953
PSMB8-2	PSMB8	ENSG00000204264
ATAT1-2	ATAT1	ENSG00000137343
ZNF280A-2	ZNF280A	ENSG00000169548
B2M-2	B2M	ENSG00000166710
C6orf47-2	C6orf47	ENSG00000204439
KLF13-2	KLF13	ENSG00000169926
CEP170-2	CEP170	ENSG00000143702
TRIM27-2	TRIM27	ENSG00000204713
NRM-2	NRM	ENSG00000137404
TSTA3-2	GFUS	ENSG00000104522
FAM120B-2	FAM120B	ENSG00000112584
TCTE3-2	DYNLT2	ENSG00000184786
NEU1-2	NEU1	ENSG00000204386
SINHCAF-2	SINHCAF	ENSG00000139146
PRR3-2	PRR3	ENSG00000204576
KIAA1147-2	DENND11	ENSG00000257093
CNOT3-2	CNOT3	ENSG00000088038
FAM20C-2	FAM20C	ENSG00000177706
CLK2-2	CLK2	ENSG00000176444
C6orf48-2	SNHG32	ENSG00000204387
DSEL-2	DSEL	ENSG00000171451
HSD17B8-2	HSD17B8	ENSG00000204228
NTAN1-2	NTAN1	ENSG00000157045
CSNK2B-2	CSNK2B	ENSG00000204435
ZNF311-2	ZNF311	ENSG00000197935
ZNF707-2	ZNF707	ENSG00000181135
CYP2D6-2	CYP2D6	ENSG00000100197
BDP1-2	BDP1	ENSG00000145734
DDAH2-2	DDAH2	ENSG00000213722
NFKBIL1-2	NFKBIL1	ENSG00000204498
PCGF2-2	PCGF2	ENSG00000277258
CORO7-2	CORO7	ENSG00000262246
MPV17L-2	MPV17L	ENSG00000156968
IFI27L2-2	IFI27L2	ENSG00000119632
FBRSL1-2	FBRSL1	ENSG00000112787
PRRC2A-2	PRRC2A	ENSG00000204469
PYCR3-2	PYCR3	ENSG00000104524
DDR1-2	DDR1	ENSG00000204580
HLA-DQA2-2	HLA-DQA2	ENSG00000237541
TNF-2	TNF	ENSG00000232810
UBR7-2	UBR7	ENSG00000012963
SMDT1-2	SMDT1	ENSG00000183172
PFDN6-2	PFDN6	ENSG00000204220
MYOM2-2	MYOM2	ENSG00000036448
STK19-2	STK19	ENSG00000204344
IER3-2	IER3	ENSG00000137331
DHRS11-2	DHRS11	ENSG00000278535
ZNHIT3-2	ZNHIT3	ENSG00000273611
RNH1-2	RNH1	ENSG00000023191
LY6G5B-2	LY6G5B	ENSG00000240053
PRB4-2	PRB4	ENSG00000230657
CUTA-2	CUTA	ENSG00000112514
MRPS18B-2	MRPS18B	ENSG00000204568
TCAF2-2	TCAF2	ENSG00000170379
ATP6V1G2-2	ATP6V1G2	ENSG00000213760
DERL3-2	DERL3	ENSG00000099958
PIGW-2	PIGW	ENSG00000277161
MCCC2-2	MCCC2	ENSG00000131844
C16orf45-2	BMERB1	ENSG00000166780
LSM2-2	LSM2	ENSG00000204392
NCF4-2	NCF4	ENSG00000100365
DHX16-2	DHX16	ENSG00000204560
TCF19-2	TCF19	ENSG00000137310
VARS2-2	VARS2	ENSG00000137411
HLA-DPB1-2	HLA-DPB1	ENSG00000223865
LILRA1-2	LILRA1	ENSG00000104974
LAIR1-2	LAIR1	ENSG00000167613
NAPEPLD-2	NAPEPLD	ENSG00000161048
TAS2R14-2	TAS2R14	ENSG00000212127
CTSO-2	CTSO	ENSG00000256043
TAF15-2	TAF15	ENSG00000270647
ATP23-2	ATP23	ENSG00000166896
CEP72-2	CEP72	ENSG00000112877
HLA-A-2	HLA-A	ENSG00000206503
ABCF1-2	ABCF1	ENSG00000204574
SPC25-2	SPC25	ENSG00000152253
FAN1-2	FAN1	ENSG00000198690
DLL1-2	DLL1	ENSG00000198719
YTHDC1-2	YTHDC1	ENSG00000083896
SMIM11B-2	SMIM11	ENSG00000205670
PIP4K2B-2	PIP4K2B	ENSG00000276293
KANSL1-2	KANSL1	ENSG00000120071
DXO-2	DXO	ENSG00000204348
TAS2R20-2	TAS2R20	ENSG00000255837
NSMCE3-2	NSMCE3	ENSG00000185115
HLA-DOB-2	HLA-DOB	ENSG00000241106
HLA-DRA-2	HLA-DRA	ENSG00000204287
CFD-2	CFD	ENSG00000197766
PRPF8-2	PRPF8	ENSG00000174231
NDUFA6-2	NDUFA6	ENSG00000184983
TTC34-2	TTC34	ENSG00000215912
PPP1R18-2	PPP1R18	ENSG00000146112
KIFC1-2	KIFC1	ENSG00000237649
THEMIS-2	THEMIS	ENSG00000172673
SIK1-2	SIK1	ENSG00000142178
NMRAL1-2	NMRAL1	ENSG00000153406
GTF2H4-2	GTF2H4	ENSG00000213780
METRNL-2	METRNL	ENSG00000176845
PRR4-2	PRR4	ENSG00000111215
CCL3-2	CCL3	ENSG00000277632
CLPTM1L-2	CLPTM1L	ENSG00000049656
PRXL2B-2	PRXL2B	ENSG00000157870
ARHGAP11B-2	ARHGAP11B	ENSG00000285077
BTG3-2	BTG3	ENSG00000154640
BTBD7-2	BTBD7	ENSG00000011114
MUC2-2	MUC2	ENSG00000198788
PRH1-2	PRH1	ENSG00000231887
PAM16-2	PAM16	ENSG00000217930
SLC44A4-2	SLC44A4	ENSG00000204385
LST1-2	LST1	ENSG00000204482
HERC2-2	HERC2	ENSG00000128731
SOCS7-2	SOCS7	ENSG00000274211
LMNTD2-2	LMNTD2	ENSG00000185522
KBTBD11-2	KBTBD11	ENSG00000176595
ASB2-2	ASB2	ENSG00000100628
NCF1-2	NCF1	ENSG00000158517
GLIS2-2	GLIS2	ENSG00000126603
ARHGAP27-2	ARHGAP27	ENSG00000159314
FAM104B-2	VCF2	ENSG00000182518
THOC3-2	THOC3	ENSG00000051596
SMARCB1-2	SMARCB1	ENSG00000099956
GGT1-2	GGT1	ENSG00000100031
OCLN-2	OCLN	ENSG00000197822
HLA-G-2	HLA-G	ENSG00000204632
ZNF658-2	ZNF658	ENSG00000274349
CAPN15-2	CAPN15	ENSG00000103326
FCAR-2	FCAR	ENSG00000186431
CCDC125-2	CCDC125	ENSG00000183323
MRM1-2	MRM1	ENSG00000278619
HLA-DPA1-2	HLA-DPA1	ENSG00000231389
WDR46-2	WDR46	ENSG00000227057
RMND5A-2	RMND5A	ENSG00000153561
LENG9-2	LENG9	ENSG00000275183
EPHB6-2	EPHB6	ENSG00000106123
TMEM251-2	LYSET	ENSG00000153485
CBS-2	CBS	ENSG00000160200
NDUFA3-2	NDUFA3	ENSG00000170906
TBX22-2	TBX22	ENSG00000122145
GPI-2	GPI	ENSG00000105220
HSPA1L-2	HSPA1L	ENSG00000204390
PRH2-2	PRH2	ENSG00000134551
ICOSLG-2	ICOSLG	ENSG00000160223
PTPRC-2	PTPRC	ENSG00000081237
BFAR-2	BFAR	ENSG00000103429
SKIV2L-2	SKIC2	ENSG00000204351
ZC3H3-2	ZC3H3	ENSG00000014164
LENG1-2	LENG1	ENSG00000105617
CEACAM21-2	CEACAM21	ENSG00000007129
MARF1-2	MARF1	ENSG00000166783
SDCCAG8-2	SDCCAG8	ENSG00000054282
ZBTB22-2	ZBTB22	ENSG00000236104
RRN3-2	RRN3	ENSG00000085721
GPAT2-2	GPAT2	ENSG00000186281
GON7-2	GON7	ENSG00000170270
ZNRD1-2	POLR1H	ENSG00000066379
TCF20-2	TCF20	ENSG00000100207
OTUD7A-2	OTUD7A	ENSG00000169918
NELFE-2	NELFE	ENSG00000204356
RAD17-2	RAD17	ENSG00000152942
NCR3-2	NCR3	ENSG00000204475
DUSP8-2	DUSP8	ENSG00000184545
MLLT6-2	MLLT6	ENSG00000275023
PSMB9-2	PSMB9	ENSG00000240065
ZNF280B-2	ZNF280B	ENSG00000275004
TRIM26-2	TRIM26	ENSG00000234127
LHX1-2	LHX1	ENSG00000273706
ZNF595-2	ZNF595	ENSG00000272602
SCRIB-2	SCRIB	ENSG00000180900
MDC1-2	MDC1	ENSG00000137337
CWC25-2	CWC25	ENSG00000273559
SMIM10L1-2	SMIM10L1	ENSG00000256537
MICA-2	MICA	ENSG00000204520
CLN8-2	CLN8	ENSG00000182372
CRIM1-2	CRIM1	ENSG00000150938
SALL3-2	SALL3	ENSG00000256463
MAP3K14-2	MAP3K14	ENSG00000006062
ABR-2	ABR	ENSG00000159842
NKD2-2	NKD2	ENSG00000145506
HRAS-2	HRAS	ENSG00000174775
TNFRSF14-2	TNFRSF14	ENSG00000157873
PPT2-2	PPT2	ENSG00000221988
MYT1-2	MYT1	ENSG00000196132
FRG1-2	FRG1	ENSG00000109536
HSPA1B-2	HSPA1B	ENSG00000204388
CTDP1-2	CTDP1	ENSG00000060069
WDR81-2	WDR81	ENSG00000167716
RNF5-2	RNF5	ENSG00000204308
ERICH1-2	ERICH1	ENSG00000104714
PTPRK-2	PTPRK	ENSG00000152894
PHRF1-2	PHRF1	ENSG00000070047
BRD2-2	BRD2	ENSG00000204256
CDC42EP5-2	CDC42EP5	ENSG00000167617
ZBTB12-2	ZBTB12	ENSG00000204366
SBNO2-2	SBNO2	ENSG00000064932
EPOP-2	EPOP	ENSG00000273604
SYNRG-2	SYNRG	ENSG00000275066
ABHD16A-2	ABHD16A	ENSG00000204427
ARHGEF10-2	ARHGEF10	ENSG00000104728
PPP1R10-2	PPP1R10	ENSG00000204569
PANK4-2	PANK4	ENSG00000157881
TAP1-2	TAP1	ENSG00000168394
MSH5-2	MSH5	ENSG00000204410
HIC2-2	HIC2	ENSG00000169635
GP6-2	GP6	ENSG00000088053
SCAMP3-2	SCAMP3	ENSG00000116521
DECR2-2	DECR2	ENSG00000242612
RDH13-2	RDH13	ENSG00000160439
TSEN34-2	TSEN34	ENSG00000170892
GABBR1-2	GABBR1	ENSG00000204681
PPP1R11-2	PPP1R11	ENSG00000204619
DDX39B-2	DDX39B	ENSG00000198563
ZNF85-2	ZNF85	ENSG00000105750
ZNF100-2	ZNF100	ENSG00000197020
HES5-2	HES5	ENSG00000197921
ZBED9-2	SCAND3	ENSG00000232040
DNAJA3-2	DNAJA3	ENSG00000103423
CISD3-2	CISD3	ENSG00000277972
HLA-B-2	HLA-B	ENSG00000234745
GSDMD-2	GSDMD	ENSG00000104518
ATF6B-2	ATF6B	ENSG00000213676
ARHGAP11A-2	ARHGAP11A	ENSG00000198826
CDHR5-2	CDHR5	ENSG00000099834
POU5F1-2	POU5F1	ENSG00000204531
HLA-DOA-2	HLA-DOA	ENSG00000204252
ITPK1-2	ITPK1	ENSG00000100605
LRRC37A-2	LRRC37A	ENSG00000176681
HLA-F-2	HLA-F	ENSG00000204642
IFI27L1-2	IFI27L1	ENSG00000165948
CDKN1C-2	CDKN1C	ENSG00000129757
EEF1D-2	EEF1D	ENSG00000104529
SCARF1-2	SCARF1	ENSG00000074660
DDX24-2	DDX24	ENSG00000089737
LRRC56-2	LRRC56	ENSG00000161328
FOPNL-2	CEP20	ENSG00000133393
PBX2-2	PBX2	ENSG00000204304
LILRA2-2	LILRA2	ENSG00000239998
CYFIP1-2	CYFIP1	ENSG00000273749
EHMT2-2	EHMT2	ENSG00000204371
CARS-2	CARS1	ENSG00000110619
ZNF729-2	ZNF729	ENSG00000196350
PDXDC1-2	PDXDC1	ENSG00000179889
MYO19-2	MYO19	ENSG00000278259
PRB3-2	PRB3	ENSG00000197870
PDE4DIP-2	PDE4DIP	ENSG00000178104
NAPRT-2	NAPRT	ENSG00000147813
APOBEC3A-2	APOBEC3A	ENSG00000128383
NAP1L4-2	NAP1L4	ENSG00000205531
RPS9-2	RPS9	ENSG00000170889
TMEM50B-2	TMEM50B	ENSG00000142188
VARS2-3	VARS2	ENSG00000137411
DSEL-3	DSEL	ENSG00000171451
AKAP17A-1	AKAP17A	ENSG00000197976
AKAP17A-2	AKAP17A	ENSG00000197976
ASMTL-1	ASMTL	ENSG00000169093
ASMTL-2	ASMTL	ENSG00000169093
CD99-1	CD99	ENSG00000002586
CD99-2	CD99	ENSG00000002586
CRLF2-1	CRLF2	ENSG00000205755
CRLF2-2	CRLF2	ENSG00000205755
CSF2RA-1	CSF2RA	ENSG00000198223
CSF2RA-2	CSF2RA	ENSG00000198223
GTPBP6-1	GTPBP6	ENSG00000178605
GTPBP6-2	GTPBP6	ENSG00000178605
IL3RA-1	IL3RA	ENSG00000185291
IL3RA-2	IL3RA	ENSG00000185291
P2RY8-1	P2RY8	ENSG00000182162
P2RY8-2	P2RY8	ENSG00000182162
PLCXD1-1	PLCXD1	ENSG00000182378
PLCXD1-2	PLCXD1	ENSG00000182378
PPP2R3B-1	PPP2R3B	ENSG00000167393
PPP2R3B-2	PPP2R3B	ENSG00000167393
SHOX-1	SHOX	ENSG00000185960
SHOX-2	SHOX	ENSG00000185960
SLC25A6-1	SLC25A6	ENSG00000169100
SLC25A6-2	SLC25A6	ENSG00000169100
ZBED1-1	ZBED1	ENSG00000214717
ZBED1-2	ZBED1	ENSG00000214717
AGAP4-1	AGAP4	ENSG00000188234
AGAP4-2	AGAP4	ENSG00000188234
AGAP6-1	AGAP6	ENSG00000204149
AGAP6-2	AGAP6	ENSG00000204149
AKR7A3-1	AKR7A3	ENSG00000162482
ARHGEF5-1	ARHGEF5	ENSG00000050327
ARHGEF5-2	ARHGEF5	ENSG00000050327
ARHGEF5-3	ARHGEF5	ENSG00000050327
ARL17A-1	ARL17A	ENSG00000185829
ARL17B-1	ARL17B	ENSG00000228696
ARL17B-2	ARL17B	ENSG00000228696
ATAD3A-1	ATAD3A	ENSG00000197785
ATAD3A-2	ATAD3A	ENSG00000197785
ATP5PD-2	ATP5PD	ENSG00000167863
BOLA2B-1	BOLA2B	ENSG00000169627
BOLA2B-2	BOLA2B	ENSG00000169627
BTBD7-1	BTBD7	ENSG00000011114
BTN3A3-1	BTN3A3	ENSG00000111801
CBWD2-1	ZNG1B	ENSG00000136682
CBWD3-1	ZNG1C	ENSG00000196873
CBWD3-2	ZNG1C	ENSG00000196873
CBWD5-1	ZNG1E	ENSG00000147996
CBWD5-2	ZNG1E	ENSG00000147996
CCL4L2-2	CCL4L2	ENSG00000276070
CCZ1-1	CCZ1	ENSG00000122674
CCZ1-2	CCZ1	ENSG00000122674
CMTM1-2	CMTM1	ENSG00000089505
CSNK1E-1	CSNK1E	ENSG00000213923
DDT-2	DDT	ENSG00000099977
DDTL-1	DDTL	ENSG00000099974
DDTL-2	DDTL	ENSG00000099974
DEFA3-1	DEFA3	ENSG00000239839
DEFA3-2	DEFA3	ENSG00000239839
DGCR6-1	DGCR6	ENSG00000183628
DGCR6-2	DGCR6	ENSG00000183628
DUX4-1	DUX4	ENSG00000260596
EIF3C-1	EIF3C	ENSG00000184110
EIF3C-2	EIF3C	ENSG00000184110
ENTPD1-1	ENTPD1	ENSG00000138185
F8A1-2	F8A1	ENSG00000288722
F8A3-1	F8A3	ENSG00000277150
FAHD2B-1	FAHD2B	ENSG00000144199
FAHD2B-2	FAHD2B	ENSG00000144199
FAM153A-1	FAM153A	ENSG00000170074
FAM153A-2	FAM153A	ENSG00000170074
FAM153B-1	ENSG00000289731	ENSG00000289731
FAM156B-1	FAM156B	ENSG00000179304
FAM156B-2	FAM156B	ENSG00000179304
FAM209A-1	FAM209A	ENSG00000124103
FAM72A-1	FAM72A	ENSG00000196550
FAM72C-1	FAM72C	ENSG00000263513
FAM72C-2	FAM72C	ENSG00000263513
FBXO34-1	FBXO34	ENSG00000178974
FCGR2B-1	FCGR2B	ENSG00000072694
FCGR2B-2	FCGR2B	ENSG00000072694
FEZ1-2	FEZ1	ENSG00000149557
FOXD4L1-1	FOXD4L1	ENSG00000184492
FOXD4L3-1	FOXD4L3	ENSG00000187559
FOXD4L3-2	FOXD4L3	ENSG00000187559
FOXD4L5-1	FOXD4L5	ENSG00000204779
FOXD4L5-2	FOXD4L5	ENSG00000204779
FOXD4L6-1	FOXD4L6	ENSG00000273514
FOXD4L6-2	FOXD4L6	ENSG00000273514
GBA-1	GBA1	ENSG00000177628
GLIPR1-2	GLIPR1	ENSG00000139278
GOLGA8A-1	GOLGA8A	ENSG00000175265
GOLGA8A-2	GOLGA8A	ENSG00000175265
GOLGA8N-1	GOLGA8N	ENSG00000232653
GOLGA8N-2	GOLGA8N	ENSG00000232653
GPR89B-1	GPR89B	ENSG00000188092
GPRASP2-1	GPRASP2	ENSG00000158301
GRAP-1	GRAP	ENSG00000154016
GRAP-2	GRAP	ENSG00000154016
GRAPL-1	GRAPL	ENSG00000189152
GRAPL-2	GRAPL	ENSG00000189152
GTF2H2-2	GTF2H2	ENSG00000145736
GTF2H2C-1	GTF2H2C	ENSG00000183474
GTF2H2C-2	GTF2H2C	ENSG00000183474
GTF2IRD2B-1	GTF2IRD2B	ENSG00000174428
GYPE-1	GYPE	ENSG00000197465
HBA2-2	HBA2	ENSG00000188536
HIST2H2AA3-1	H2AC18	ENSG00000288825
HIST2H2AA3-2	H2AC18	ENSG00000288825
HIST2H2BF-1	H2BC18	ENSG00000203814
HIST2H3A-1	H3C15	ENSG00000203852
HIST2H3A-2	H3C15	ENSG00000203852
HIST2H3C-1	H3C14	ENSG00000203811
HIST2H4B-1	H4C15	ENSG00000270276
HIST2H4B-2	H4C15	ENSG00000270276
HNRNPA1L2-1	HNRNPA1L2	ENSG00000139675
HSFX1-1	HSFX1	ENSG00000171116
HSFX1-2	HSFX1	ENSG00000171116
HSFX2-1	HSFX2	ENSG00000268738
HSFY2-1	HSFY2	ENSG00000169953
HSFY2-2	HSFY2	ENSG00000169953
HTN1-1	HTN1	ENSG00000126550
HTN1-2	HTN1	ENSG00000126550
IL9R-1	IL9R	ENSG00000292373
IL9R-2	IL9R	ENSG00000292373
LAIR1-1	LAIR1	ENSG00000167613
LRRC37A-1	LRRC37A	ENSG00000176681
LRRC37A2-2	LRRC37A2	ENSG00000238083
LRRC8A-1	LRRC8A	ENSG00000136802
LYG1-1	LYG1	ENSG00000144214
LYG1-2	LYG1	ENSG00000144214
MAGED4-1	MAGED4	ENSG00000154545
MAGED4-2	MAGED4	ENSG00000154545
MAGED4B-1	MAGED4B	ENSG00000187243
NAIP-1	NAIP	ENSG00000249437
NAIP-2	NAIP	ENSG00000249437
NBPF11-1	NBPF11	ENSG00000263956
NBPF14-2	NBPF14	ENSG00000270629
NBPF19-1	NBPF19	ENSG00000271383
NBPF19-2	NBPF19	ENSG00000271383
NBPF20-1	NBPF20	ENSG00000162825
NBPF20-2	NBPF20	ENSG00000162825
NBPF9-2	NBPF9	ENSG00000269713
NFE4-1	NFE4	ENSG00000230257
NLRP2-1	NLRP2	ENSG00000022556
NLRP2-2	NLRP2	ENSG00000022556
NOMO1-1	NOMO1	ENSG00000103512
NOMO1-2	NOMO1	ENSG00000103512
NOTCH2-1	NOTCH2	ENSG00000134250
NOTCH2NLA-2	NOTCH2NLA	ENSG00000264343
NPIPA1-1	NPIPA1	ENSG00000183426
NPIPA1-2	NPIPA1	ENSG00000183426
NPIPA5-1	NPIPA5	ENSG00000183793
NPIPA7-1	NPIPA7	ENSG00000214967
NPIPA8-1	NPIPA8	ENSG00000214940
NPIPA8-2	NPIPA8	ENSG00000214940
NPIPB3-1	NPIPB3	ENSG00000169246
NPIPB3-2	NPIPB3	ENSG00000169246
NPIPB4-1	NPIPB4	ENSG00000185864
NPIPB4-2	NPIPB4	ENSG00000185864
NPIPB5-1	NPIPB5	ENSG00000243716
NPIPB5-2	NPIPB5	ENSG00000243716
NSF-2	NSF	ENSG00000073969
NUDT4-1	NUDT4	ENSG00000173598
PLA2G10-1	PLA2G10	ENSG00000069764
PLA2G10-2	PLA2G10	ENSG00000069764
PLEKHM1-1	PLEKHM1	ENSG00000225190
PLEKHM1-2	PLEKHM1	ENSG00000225190
POLR2J3-1	POLR2J3	ENSG00000168255
POMZP3-1	POMZP3	ENSG00000146707
POMZP3-2	POMZP3	ENSG00000146707
PPIP5K1-1	PPIP5K1	ENSG00000168781
PPIP5K1-2	PPIP5K1	ENSG00000168781
PRB1-1	PRB1	ENSG00000251655
PRB2-1	PRB2	ENSG00000121335
PRB2-2	PRB2	ENSG00000121335
RAB11FIP3-2	RAB11FIP3	ENSG00000090565
RABL2B-1	RABL2B	ENSG00000079974
RASA4B-1	RASA4B	ENSG00000170667
RBMS2-1	RBMS2	ENSG00000076067
RBMS2-2	RBMS2	ENSG00000076067
RGPD5-1	RGPD5	ENSG00000015568
RGPD8-1	RGPD8	ENSG00000169629
RGPD8-2	RGPD8	ENSG00000169629
RHOXF2-1	RHOXF2	ENSG00000131721
RHOXF2-2	RHOXF2	ENSG00000131721
RRN3-1	RRN3	ENSG00000085721
S100A10-2	S100A10	ENSG00000197747
SERF1B-1	SERF1B	ENSG00000205572
SERF1B-2	SERF1B	ENSG00000205572
SIGLEC14-1	SIGLEC14	ENSG00000254415
SIGLEC14-2	SIGLEC14	ENSG00000254415
SLC35E2A-2	SLC35E2A	ENSG00000215790
SLX1A-1	SLX1A	ENSG00000132207
SLX1A-2	SLX1A	ENSG00000132207
SLX1B-1	SLX1B	ENSG00000181625
SLX1B-2	SLX1B	ENSG00000181625
SMN1-1	SMN1	ENSG00000172062
SMN2-1	SMN2	ENSG00000205571
SPDYE2-1	SPDYE2	ENSG00000205238
SPDYE2-2	SPDYE2	ENSG00000205238
SRGAP2B-1	SRGAP2B	ENSG00000196369
SRGAP2B-2	SRGAP2B	ENSG00000196369
SULT1A3-1	SULT1A3	ENSG00000261052
SULT1A3-2	SULT1A3	ENSG00000261052
SULT1A4-1	SULT1A4	ENSG00000213648
SULT1A4-2	SULT1A4	ENSG00000213648
TBC1D3B-1	TBC1D3B	ENSG00000274808
TBC1D3L-1	TBC1D3L	ENSG00000274512
TBC1D3L-2	TBC1D3L	ENSG00000274512
TGIF2LY-2	TGIF2LY	ENSG00000176679
TIMM23-2	TIMM23	ENSG00000265354
TMEM191B-1	TMEM191B	ENSG00000278558
TMEM191B-2	TMEM191B	ENSG00000278558
TMSB15B-2	TMSB15B	ENSG00000158427
TNKS1BP1-1	TNKS1BP1	ENSG00000149115
TRIM74-1	TRIM74	ENSG00000155428
TRIM74-2	TRIM74	ENSG00000155428
TWF1-1	TWF1	ENSG00000151239
TYMS-1	TYMS	ENSG00000176890
TYW1B-2	TYW1B	ENSG00000277149
U2AF1-1	U2AF1	ENSG00000160201
U2AF1-2	U2AF1	ENSG00000160201
U2AF1L5-1	ENSG00000275895	ENSG00000275895
U2AF1L5-2	ENSG00000275895	ENSG00000275895
UPK3BL1-1	UPK3BL1	ENSG00000267368
UPK3BL1-2	UPK3BL1	ENSG00000267368
USP41-1	USP41P	ENSG00000161133
USP41-2	USP41P	ENSG00000161133
VAMP7-1	VAMP7	ENSG00000292366
VAMP7-2	VAMP7	ENSG00000292366
WASHC1-2	WASHC1	ENSG00000181404
XCL2-2	XCL2	ENSG00000143185
ZNF286B-2	ZNF286B	ENSG00000249459
ZNF676-2	ZNF676	ENSG00000196109
ZNF705B-1	ZNF705B	ENSG00000215356
ZNF705B-2	ZNF705B	ENSG00000215356
ZNF705D-2	ZNF705D	ENSG00000215343
FDXR-1	FDXR	ENSG00000161513
MUC12-1	MUC12	ENSG00000205277
TYW1B-1	TYW1B	ENSG00000277149
NBPF14-1	NBPF14	ENSG00000270629
MUC12-2	MUC12	ENSG00000205277
SRGAP2-2	SRGAP2	ENSG00000266028
NBPF11-2	NBPF11	ENSG00000263956
NTC-001	non-targeting	
NTC-002	non-targeting	
NTC-003	non-targeting	
NTC-004	non-targeting	
NTC-005	non-targeting	
NTC-006	non-targeting	
NTC-007	non-targeting	
NTC-008	non-targeting	
NTC-009	non-targeting	
NTC-010	non-targeting	
NTC-011	non-targeting	
NTC-012	non-targeting	
NTC-013	non-targeting	
NTC-014	non-targeting	
NTC-015	non-targeting	
NTC-016	non-targeting	
NTC-017	non-targeting	
NTC-018	non-targeting	
NTC-019	non-targeting	
NTC-020	non-targeting	
NTC-021	non-targeting	
NTC-022	non-targeting	
NTC-023	non-targeting	
NTC-024	non-targeting	
NTC-025	non-targeting	
NTC-026	non-targeting	
NTC-027	non-targeting	
NTC-028	non-targeting	
NTC-029	non-targeting	
NTC-030	non-targeting	
NTC-031	non-targeting	
NTC-032	non-targeting	
NTC-033	non-targeting	
NTC-034	non-targeting	
NTC-035	non-targeting	
NTC-036	non-targeting	
NTC-037	non-targeting	
NTC-038	non-targeting	
NTC-039	non-targeting	
NTC-040	non-targeting	
NTC-041	non-targeting	
NTC-042	non-targeting	
NTC-043	non-targeting	
NTC-044	non-targeting	
NTC-045	non-targeting	
NTC-046	non-targeting	
NTC-047	non-targeting	
NTC-048	non-targeting	
NTC-049	non-targeting	
NTC-050	non-targeting	
NTC-051	non-targeting	
NTC-052	non-targeting	
NTC-053	non-targeting	
NTC-054	non-targeting	
NTC-055	non-targeting	
NTC-056	non-targeting	
NTC-057	non-targeting	
NTC-058	non-targeting	
NTC-059	non-targeting	
NTC-060	non-targeting	
NTC-061	non-targeting	
NTC-062	non-targeting	
NTC-063	non-targeting	
NTC-064	non-targeting	
NTC-065	non-targeting	
NTC-066	non-targeting	
NTC-067	non-targeting	
NTC-068	non-targeting	
NTC-069	non-targeting	
NTC-070	non-targeting	
NTC-071	non-targeting	
NTC-072	non-targeting	
NTC-073	non-targeting	
NTC-074	non-targeting	
NTC-075	non-targeting	
NTC-076	non-targeting	
NTC-077	non-targeting	
NTC-078	non-targeting	
NTC-079	non-targeting	
NTC-080	non-targeting	
NTC-081	non-targeting	
NTC-082	non-targeting	
NTC-083	non-targeting	
NTC-084	non-targeting	
NTC-085	non-targeting	
NTC-086	non-targeting	
NTC-087	non-targeting	
NTC-088	non-targeting	
NTC-089	non-targeting	
NTC-090	non-targeting	
NTC-091	non-targeting	
NTC-092	non-targeting	
NTC-093	non-targeting	
NTC-094	non-targeting	
NTC-095	non-targeting	
NTC-096	non-targeting	
NTC-097	non-targeting	
NTC-098	non-targeting	
NTC-099	non-targeting	
NTC-100	non-targeting	
NTC-101	non-targeting	
NTC-102	non-targeting	
NTC-103	non-targeting	
NTC-104	non-targeting	
NTC-105	non-targeting	
NTC-106	non-targeting	
NTC-107	non-targeting	
NTC-108	non-targeting	
NTC-109	non-targeting	
NTC-110	non-targeting	
NTC-111	non-targeting	
NTC-112	non-targeting	
NTC-113	non-targeting	
NTC-114	non-targeting	
NTC-115	non-targeting	
NTC-116	non-targeting	
NTC-117	non-targeting	
NTC-118	non-targeting	
NTC-119	non-targeting	
NTC-120	non-targeting	
NTC-121	non-targeting	
NTC-122	non-targeting	
NTC-123	non-targeting	
NTC-124	non-targeting	
NTC-125	non-targeting	
NTC-126	non-targeting	
NTC-127	non-targeting	
NTC-128	non-targeting	
NTC-129	non-targeting	
NTC-130	non-targeting	
NTC-131	non-targeting	
NTC-132	non-targeting	
NTC-133	non-targeting	
NTC-134	non-targeting	
NTC-135	non-targeting	
NTC-136	non-targeting	
NTC-137	non-targeting	
NTC-138	non-targeting	
NTC-139	non-targeting	
NTC-140	non-targeting	
NTC-141	non-targeting	
NTC-142	non-targeting	
NTC-143	non-targeting	
NTC-144	non-targeting	
NTC-145	non-targeting	
NTC-146	non-targeting	
NTC-147	non-targeting	
NTC-148	non-targeting	
NTC-149	non-targeting	
NTC-150	non-targeting	
NTC-151	non-targeting	
NTC-152	non-targeting	
NTC-153	non-targeting	
NTC-154	non-targeting	
NTC-155	non-targeting	
NTC-156	non-targeting	
NTC-157	non-targeting	
NTC-158	non-targeting	
NTC-159	non-targeting	
NTC-160	non-targeting	
NTC-161	non-targeting	
NTC-162	non-targeting	
NTC-163	non-targeting	
NTC-164	non-targeting	
NTC-165	non-targeting	
NTC-166	non-targeting	
NTC-167	non-targeting	
NTC-168	non-targeting	
NTC-169	non-targeting	
NTC-170	non-targeting	
NTC-171	non-targeting	
NTC-172	non-targeting	
NTC-173	non-targeting	
NTC-174	non-targeting	
NTC-175	non-targeting	
NTC-176	non-targeting	
NTC-177	non-targeting	
NTC-178	non-targeting	
NTC-179	non-targeting	
NTC-180	non-targeting	
NTC-181	non-targeting	
NTC-182	non-targeting	
NTC-183	non-targeting	
NTC-184	non-targeting	
NTC-185	non-targeting	
NTC-186	non-targeting	
NTC-187	non-targeting	
NTC-188	non-targeting	
NTC-189	non-targeting	
NTC-190	non-targeting	
NTC-191	non-targeting	
NTC-192	non-targeting	
NTC-193	non-targeting	
NTC-194	non-targeting	
NTC-195	non-targeting	
NTC-196	non-targeting	
NTC-197	non-targeting	
NTC-198	non-targeting	
NTC-199	non-targeting	
NTC-200	non-targeting	
NTC-201	non-targeting	
NTC-202	non-targeting	
NTC-203	non-targeting	
NTC-204	non-targeting	
NTC-205	non-targeting	
NTC-206	non-targeting	
NTC-207	non-targeting	
NTC-208	non-targeting	
NTC-209	non-targeting	
NTC-210	non-targeting	
NTC-211	non-targeting	
NTC-212	non-targeting	
NTC-213	non-targeting	
NTC-214	non-targeting	
NTC-215	non-targeting	
NTC-216	non-targeting	
NTC-217	non-targeting	
NTC-218	non-targeting	
NTC-219	non-targeting	
NTC-220	non-targeting	
NTC-221	non-targeting	
NTC-222	non-targeting	
NTC-223	non-targeting	
NTC-224	non-targeting	
NTC-225	non-targeting	
NTC-226	non-targeting	
NTC-227	non-targeting	
NTC-228	non-targeting	
NTC-229	non-targeting	
NTC-230	non-targeting	
NTC-231	non-targeting	
NTC-232	non-targeting	
NTC-233	non-targeting	
NTC-234	non-targeting	
NTC-235	non-targeting	
NTC-236	non-targeting	
NTC-237	non-targeting	
NTC-238	non-targeting	
NTC-239	non-targeting	
NTC-240	non-targeting	
NTC-241	non-targeting	
NTC-242	non-targeting	
NTC-243	non-targeting	
NTC-244	non-targeting	
NTC-245	non-targeting	
NTC-246	non-targeting	
NTC-247	non-targeting	
NTC-248	non-targeting	
NTC-249	non-targeting	
NTC-250	non-targeting	
NTC-251	non-targeting	
NTC-252	non-targeting	
NTC-253	non-targeting	
NTC-254	non-targeting	
NTC-255	non-targeting	
NTC-256	non-targeting	
NTC-257	non-targeting	
NTC-258	non-targeting	
NTC-259	non-targeting	
NTC-260	non-targeting	
NTC-261	non-targeting	
NTC-262	non-targeting	
NTC-263	non-targeting	
NTC-264	non-targeting	
NTC-265	non-targeting	
NTC-266	non-targeting	
NTC-267	non-targeting	
NTC-268	non-targeting	
NTC-269	non-targeting	
NTC-270	non-targeting	
NTC-271	non-targeting	
NTC-272	non-targeting	
NTC-273	non-targeting	
NTC-274	non-targeting	
NTC-275	non-targeting	
NTC-276	non-targeting	
NTC-277	non-targeting	
NTC-278	non-targeting	
NTC-279	non-targeting	
NTC-280	non-targeting	
NTC-281	non-targeting	
NTC-282	non-targeting	
NTC-283	non-targeting	
NTC-284	non-targeting	
NTC-285	non-targeting	
NTC-286	non-targeting	
NTC-287	non-targeting	
NTC-288	non-targeting	
NTC-289	non-targeting	
NTC-290	non-targeting	
NTC-291	non-targeting	
NTC-292	non-targeting	
NTC-293	non-targeting	
NTC-294	non-targeting	
NTC-295	non-targeting	
NTC-296	non-targeting	
NTC-297	non-targeting	
NTC-298	non-targeting	
NTC-299	non-targeting	
NTC-300	non-targeting	
NTC-301	non-targeting	
NTC-302	non-targeting	
NTC-303	non-targeting	
NTC-304	non-targeting	
NTC-305	non-targeting	
NTC-306	non-targeting	
NTC-307	non-targeting	
NTC-308	non-targeting	
NTC-309	non-targeting	
NTC-310	non-targeting	
NTC-311	non-targeting	
NTC-312	non-targeting	
NTC-313	non-targeting	
NTC-314	non-targeting	
NTC-315	non-targeting	
NTC-316	non-targeting	
NTC-317	non-targeting	
NTC-318	non-targeting	
NTC-319	non-targeting	
NTC-320	non-targeting	
NTC-321	non-targeting	
NTC-322	non-targeting	
NTC-323	non-targeting	
NTC-324	non-targeting	
NTC-325	non-targeting	
NTC-326	non-targeting	
NTC-327	non-targeting	
NTC-328	non-targeting	
NTC-329	non-targeting	
NTC-330	non-targeting	
NTC-331	non-targeting	
NTC-332	non-targeting	
NTC-333	non-targeting	
NTC-334	non-targeting	
NTC-335	non-targeting	
NTC-336	non-targeting	
NTC-337	non-targeting	
NTC-338	non-targeting	
NTC-339	non-targeting	
NTC-340	non-targeting	
NTC-341	non-targeting	
NTC-342	non-targeting	
NTC-343	non-targeting	
NTC-344	non-targeting	
NTC-345	non-targeting	
NTC-346	non-targeting	
NTC-347	non-targeting	
NTC-348	non-targeting	
NTC-349	non-targeting	
NTC-350	non-targeting	
NTC-351	non-targeting	
NTC-352	non-targeting	
NTC-353	non-targeting	
NTC-354	non-targeting	
NTC-355	non-targeting	
NTC-356	non-targeting	
NTC-357	non-targeting	
NTC-358	non-targeting	
NTC-359	non-targeting	
NTC-360	non-targeting	
NTC-361	non-targeting	
NTC-362	non-targeting	
NTC-363	non-targeting	
NTC-364	non-targeting	
NTC-365	non-targeting	
NTC-366	non-targeting	
NTC-367	non-targeting	
NTC-368	non-targeting	
NTC-369	non-targeting	
NTC-370	non-targeting	
NTC-371	non-targeting	
NTC-372	non-targeting	
NTC-373	non-targeting	
NTC-374	non-targeting	
NTC-375	non-targeting	
NTC-376	non-targeting	
NTC-377	non-targeting	
NTC-378	non-targeting	
NTC-379	non-targeting	
NTC-380	non-targeting	
NTC-381	non-targeting	
NTC-382	non-targeting	
NTC-383	non-targeting	
NTC-384	non-targeting	
NTC-385	non-targeting	
NTC-386	non-targeting	
NTC-387	non-targeting	
NTC-388	non-targeting	
NTC-389	non-targeting	
NTC-390	non-targeting	
NTC-391	non-targeting	
NTC-392	non-targeting	
NTC-393	non-targeting	
NTC-394	non-targeting	
NTC-395	non-targeting	
NTC-396	non-targeting	
NTC-397	non-targeting	
NTC-398	non-targeting	
NTC-399	non-targeting	
NTC-400	non-targeting	
NTC-401	non-targeting	
NTC-402	non-targeting	
NTC-403	non-targeting	
NTC-404	non-targeting	
NTC-405	non-targeting	
NTC-406	non-targeting	
NTC-407	non-targeting	
NTC-408	non-targeting	
NTC-409	non-targeting	
NTC-410	non-targeting	
NTC-411	non-targeting	
NTC-412	non-targeting	
NTC-413	non-targeting	
NTC-414	non-targeting	
NTC-415	non-targeting	
NTC-416	non-targeting	
NTC-417	non-targeting	
NTC-418	non-targeting	
NTC-419	non-targeting	
NTC-420	non-targeting	
NTC-421	non-targeting	
NTC-422	non-targeting	
NTC-423	non-targeting	
NTC-424	non-targeting	
NTC-425	non-targeting	
NTC-426	non-targeting	
NTC-427	non-targeting	
NTC-428	non-targeting	
NTC-429	non-targeting	
NTC-430	non-targeting	
NTC-431	non-targeting	
NTC-432	non-targeting	
NTC-433	non-targeting	
NTC-434	non-targeting	
NTC-435	non-targeting	
NTC-436	non-targeting	
NTC-437	non-targeting	
NTC-438	non-targeting	
NTC-439	non-targeting	
NTC-440	non-targeting	
NTC-441	non-targeting	
NTC-442	non-targeting	
NTC-443	non-targeting	
NTC-444	non-targeting	
NTC-445	non-targeting	
NTC-446	non-targeting	
NTC-447	non-targeting	
NTC-448	non-targeting	
NTC-449	non-targeting	
NTC-450	non-targeting	
NTC-451	non-targeting	
NTC-452	non-targeting	
NTC-453	non-targeting	
NTC-454	non-targeting	
NTC-455	non-targeting	
NTC-456	non-targeting	
NTC-457	non-targeting	
NTC-458	non-targeting	
NTC-459	non-targeting	
NTC-460	non-targeting	
NTC-461	non-targeting	
NTC-462	non-targeting	
NTC-463	non-targeting	
NTC-464	non-targeting	
NTC-465	non-targeting	
NTC-466	non-targeting	
NTC-467	non-targeting	
NTC-468	non-targeting	
NTC-469	non-targeting	
NTC-470	non-targeting	
NTC-471	non-targeting	
NTC-472	non-targeting	
NTC-473	non-targeting	
NTC-474	non-targeting	
NTC-475	non-targeting	
NTC-476	non-targeting	
NTC-477	non-targeting	
NTC-478	non-targeting	
NTC-479	non-targeting	
NTC-480	non-targeting	
NTC-481	non-targeting	
NTC-482	non-targeting	
NTC-483	non-targeting	
NTC-484	non-targeting	
NTC-485	non-targeting	
NTC-486	non-targeting	
NTC-487	non-targeting	
NTC-488	non-targeting	
NTC-489	non-targeting	
NTC-490	non-targeting	
NTC-491	non-targeting	
NTC-492	non-targeting	
NTC-493	non-targeting	
NTC-494	non-targeting	
NTC-495	non-targeting	
NTC-496	non-targeting	
NTC-497	non-targeting	
NTC-498	non-targeting	
NTC-499	non-targeting	
NTC-500	non-targeting	
NTC-501	non-targeting	
NTC-502	non-targeting	
NTC-503	non-targeting	
NTC-504	non-targeting	
NTC-505	non-targeting	
NTC-506	non-targeting	
NTC-507	non-targeting	
NTC-508	non-targeting	
NTC-509	non-targeting	
NTC-510	non-targeting	
NTC-511	non-targeting	
NTC-512	non-targeting	
NTC-513	non-targeting	
NTC-514	non-targeting	
NTC-515	non-targeting	
NTC-516	non-targeting	
NTC-517	non-targeting	
NTC-518	non-targeting	
NTC-519	non-targeting	
NTC-520	non-targeting	
NTC-521	non-targeting	
NTC-522	non-targeting	
NTC-523	non-targeting	
NTC-524	non-targeting	
NTC-525	non-targeting	
NTC-526	non-targeting	
NTC-527	non-targeting	
NTC-528	non-targeting	
NTC-529	non-targeting	
NTC-530	non-targeting	
NTC-531	non-targeting	
NTC-532	non-targeting	
NTC-533	non-targeting	
NTC-534	non-targeting	
NTC-535	non-targeting	
NTC-536	non-targeting	
NTC-537	non-targeting	
NTC-538	non-targeting	
NTC-539	non-targeting	
NTC-540	non-targeting	
NTC-541	non-targeting	
NTC-542	non-targeting	
NTC-543	non-targeting	
NTC-544	non-targeting	
NTC-545	non-targeting	
NTC-546	non-targeting	
NTC-547	non-targeting	
NTC-548	non-targeting	
NTC-549	non-targeting	
NTC-550	non-targeting	
NTC-551	non-targeting	
NTC-552	non-targeting	
NTC-553	non-targeting	
NTC-554	non-targeting	
NTC-555	non-targeting	
NTC-556	non-targeting	
NTC-557	non-targeting	
NTC-558	non-targeting	
NTC-559	non-targeting	
NTC-560	non-targeting	
NTC-561	non-targeting	
NTC-562	non-targeting	
NTC-563	non-targeting	
NTC-564	non-targeting	
NTC-565	non-targeting	
NTC-566	non-targeting	
NTC-567	non-targeting	
NTC-568	non-targeting	
NTC-569	non-targeting	
NTC-570	non-targeting	
NTC-571	non-targeting	
NTC-572	non-targeting	
NTC-573	non-targeting	
NTC-574	non-targeting	
NTC-575	non-targeting	
NTC-576	non-targeting	
NTC-577	non-targeting	
NTC-578	non-targeting	
NTC-579	non-targeting	
NTC-580	non-targeting	
NTC-581	non-targeting	
NTC-582	non-targeting	
NTC-583	non-targeting	
NTC-584	non-targeting	
NTC-585	non-targeting	
NTC-586	non-targeting	
NTC-587	non-targeting	
NTC-588	non-targeting	
NTC-589	non-targeting	
NTC-590	non-targeting	
NTC-591	non-targeting	
NTC-592	non-targeting	
NTC-593	non-targeting	
NTC-594	non-targeting	
NTC-595	non-targeting	
NTC-596	non-targeting	
NTC-597	non-targeting	
NTC-598	non-targeting	
NTC-599	non-targeting	
NTC-600	non-targeting	
NTC-601	non-targeting	
NTC-602	non-targeting	
NTC-603	non-targeting	
NTC-604	non-targeting	
NTC-605	non-targeting	
NTC-606	non-targeting	
NTC-607	non-targeting	
NTC-608	non-targeting	
NTC-609	non-targeting	
NTC-610	non-targeting	
NTC-611	non-targeting	
NTC-612	non-targeting	
NTC-613	non-targeting	
NTC-614	non-targeting	
NTC-615	non-targeting	
NTC-616	non-targeting	
NTC-617	non-targeting	
NTC-618	non-targeting	
NTC-619	non-targeting	
NTC-620	non-targeting	
NTC-621	non-targeting	
NTC-622	non-targeting	
NTC-623	non-targeting	
NTC-624	non-targeting	
NTC-625	non-targeting	
NTC-626	non-targeting	
NTC-627	non-targeting	
NTC-628	non-targeting	
NTC-629	non-targeting	
NTC-630	non-targeting	
NTC-631	non-targeting	
NTC-632	non-targeting	
NTC-633	non-targeting	
NTC-634	non-targeting	
NTC-635	non-targeting	
NTC-636	non-targeting	
NTC-637	non-targeting	
NTC-638	non-targeting	
NTC-639	non-targeting	
NTC-640	non-targeting	
NTC-641	non-targeting	
NTC-642	non-targeting	
NTC-643	non-targeting	
NTC-644	non-targeting	
NTC-645	non-targeting	
NTC-646	non-targeting	
NTC-647	non-targeting	
NTC-648	non-targeting	
NTC-649	non-targeting	
NTC-650	non-targeting	
NTC-651	non-targeting	
NTC-652	non-targeting	
NTC-653	non-targeting	
NTC-654	non-targeting	
NTC-655	non-targeting	
NTC-656	non-targeting	
NTC-657	non-targeting	
NTC-658	non-targeting	
NTC-659	non-targeting	
NTC-660	non-targeting	
NTC-661	non-targeting	
NTC-662	non-targeting	
NTC-663	non-targeting	
NTC-664	non-targeting	
NTC-665	non-targeting	
NTC-666	non-targeting	
NTC-667	non-targeting	
NTC-668	non-targeting	
NTC-669	non-targeting	
NTC-670	non-targeting	
NTC-671	non-targeting	
NTC-672	non-targeting	
NTC-673	non-targeting	
NTC-674	non-targeting	
NTC-675	non-targeting	
NTC-676	non-targeting	
NTC-677	non-targeting	
NTC-678	non-targeting	
NTC-679	non-targeting	
NTC-680	non-targeting	
NTC-681	non-targeting	
NTC-682	non-targeting	
NTC-683	non-targeting	
NTC-684	non-targeting	
NTC-685	non-targeting	
NTC-686	non-targeting	
NTC-687	non-targeting	
NTC-688	non-targeting	
NTC-689	non-targeting	
NTC-690	non-targeting	
NTC-691	non-targeting	
NTC-692	non-targeting	
NTC-693	non-targeting	
NTC-694	non-targeting	
NTC-695	non-targeting	
NTC-696	non-targeting	
NTC-697	non-targeting	
NTC-698	non-targeting	
NTC-699	non-targeting	
NTC-700	non-targeting	
NTC-701	non-targeting	
NTC-702	non-targeting	
NTC-703	non-targeting	
NTC-704	non-targeting	
NTC-705	non-targeting	
NTC-706	non-targeting	
NTC-707	non-targeting	
NTC-708	non-targeting	
NTC-709	non-targeting	
NTC-710	non-targeting	
NTC-711	non-targeting	
NTC-712	non-targeting	
NTC-713	non-targeting	
NTC-714	non-targeting	
NTC-715	non-targeting	
NTC-716	non-targeting	
NTC-717	non-targeting	
NTC-718	non-targeting	
NTC-719	non-targeting	
NTC-720	non-targeting	
NTC-721	non-targeting	
NTC-722	non-targeting	
NTC-723	non-targeting	
NTC-724	non-targeting	
NTC-725	non-targeting	
NTC-726	non-targeting	
NTC-727	non-targeting	
NTC-728	non-targeting	
NTC-729	non-targeting	
NTC-730	non-targeting	
NTC-731	non-targeting	
NTC-732	non-targeting	
NTC-733	non-targeting	
NTC-734	non-targeting	
NTC-735	non-targeting	
NTC-736	non-targeting	
NTC-737	non-targeting	
NTC-738	non-targeting	
NTC-739	non-targeting	
NTC-740	non-targeting	
NTC-741	non-targeting	
NTC-742	non-targeting	
NTC-743	non-targeting	
NTC-744	non-targeting	
NTC-745	non-targeting	
NTC-746	non-targeting	
NTC-747	non-targeting	
NTC-748	non-targeting	
NTC-749	non-targeting	
NTC-750	non-targeting	
NTC-751	non-targeting	
NTC-752	non-targeting	
NTC-753	non-targeting	
NTC-754	non-targeting	
NTC-755	non-targeting	
NTC-756	non-targeting	
NTC-757	non-targeting	
NTC-758	non-targeting	
NTC-759	non-targeting	
NTC-760	non-targeting	
NTC-761	non-targeting	
NTC-762	non-targeting	
NTC-763	non-targeting	
NTC-764	non-targeting	
NTC-765	non-targeting	
NTC-766	non-targeting	
NTC-767	non-targeting	
NTC-768	non-targeting	
NTC-769	non-targeting	
NTC-770	non-targeting	
NTC-771	non-targeting	
NTC-772	non-targeting	
NTC-773	non-targeting	
NTC-774	non-targeting	
NTC-775	non-targeting	
NTC-776	non-targeting	
NTC-777	non-targeting	
NTC-778	non-targeting	
NTC-779	non-targeting	
NTC-780	non-targeting	
NTC-781	non-targeting	
NTC-782	non-targeting	
NTC-783	non-targeting	
NTC-784	non-targeting	
NTC-785	non-targeting	
NTC-786	non-targeting	
NTC-787	non-targeting	
NTC-788	non-targeting	
NTC-789	non-targeting	
NTC-790	non-targeting	
NTC-791	non-targeting	
NTC-792	non-targeting	
NTC-793	non-targeting	
NTC-794	non-targeting	
NTC-795	non-targeting	
NTC-796	non-targeting	
NTC-797	non-targeting	
NTC-798	non-targeting	
NTC-799	non-targeting	
NTC-800	non-targeting	
NTC-801	non-targeting	
NTC-802	non-targeting	
NTC-803	non-targeting	
NTC-804	non-targeting	
NTC-805	non-targeting	
NTC-806	non-targeting	
NTC-807	non-targeting	
NTC-808	non-targeting	
NTC-809	non-targeting	
NTC-810	non-targeting	
NTC-811	non-targeting	
NTC-812	non-targeting	
NTC-813	non-targeting	
NTC-814	non-targeting	
NTC-815	non-targeting	
NTC-816	non-targeting	
NTC-817	non-targeting	
NTC-818	non-targeting	
NTC-819	non-targeting	
NTC-820	non-targeting	
NTC-821	non-targeting	
NTC-822	non-targeting	
NTC-823	non-targeting	
NTC-824	non-targeting	
NTC-825	non-targeting	
NTC-826	non-targeting	
NTC-827	non-targeting	
NTC-828	non-targeting	
NTC-829	non-targeting	
NTC-830	non-targeting	
NTC-831	non-targeting	
NTC-832	non-targeting	
NTC-833	non-targeting	
NTC-834	non-targeting	
NTC-835	non-targeting	
NTC-836	non-targeting	
NTC-837	non-targeting	
NTC-838	non-targeting	
NTC-839	non-targeting	
NTC-840	non-targeting	
NTC-841	non-targeting	
NTC-842	non-targeting	
NTC-843	non-targeting	
NTC-844	non-targeting	
NTC-845	non-targeting	
NTC-846	non-targeting	
NTC-847	non-targeting	
NTC-848	non-targeting	
NTC-849	non-targeting	
NTC-850	non-targeting	
NTC-851	non-targeting	
NTC-852	non-targeting	
NTC-853	non-targeting	
NTC-854	non-targeting	
NTC-855	non-targeting	
NTC-856	non-targeting	
NTC-857	non-targeting	
NTC-858	non-targeting	
NTC-859	non-targeting	
NTC-860	non-targeting	
NTC-861	non-targeting	
NTC-862	non-targeting	
NTC-863	non-targeting	
NTC-864	non-targeting	
NTC-865	non-targeting	
NTC-866	non-targeting	
NTC-867	non-targeting	
NTC-868	non-targeting	
NTC-869	non-targeting	
NTC-870	non-targeting	
NTC-871	non-targeting	
NTC-872	non-targeting	
NTC-873	non-targeting	
NTC-874	non-targeting	
NTC-875	non-targeting	
NTC-876	non-targeting	
NTC-877	non-targeting	
NTC-878	non-targeting	
NTC-879	non-targeting	
NTC-880	non-targeting	
NTC-881	non-targeting	
NTC-882	non-targeting	
NTC-883	non-targeting	
NTC-884	non-targeting	
NTC-885	non-targeting	
NTC-886	non-targeting	
NTC-887	non-targeting	
NTC-888	non-targeting	
NTC-889	non-targeting	
NTC-890	non-targeting	
NTC-891	non-targeting	
NTC-892	non-targeting	
NTC-893	non-targeting	
NTC-894	non-targeting	
NTC-895	non-targeting	
NTC-896	non-targeting	
NTC-897	non-targeting	
NTC-898	non-targeting	
NTC-899	non-targeting	
NTC-900	non-targeting	
NTC-901	non-targeting	
NTC-902	non-targeting	
NTC-903	non-targeting	
NTC-904	non-targeting	
NTC-905	non-targeting	
NTC-906	non-targeting	
NTC-907	non-targeting	
NTC-908	non-targeting	
NTC-909	non-targeting	
NTC-910	non-targeting	
NTC-911	non-targeting	
NTC-912	non-targeting	
NTC-913	non-targeting	
NTC-914	non-targeting	
NTC-915	non-targeting	
NTC-916	non-targeting	
NTC-917	non-targeting	
NTC-918	non-targeting	
NTC-919	non-targeting	
NTC-920	non-targeting	
NTC-921	non-targeting	
NTC-922	non-targeting	
NTC-923	non-targeting	
NTC-924	non-targeting	
NTC-925	non-targeting	
NTC-926	non-targeting	
NTC-927	non-targeting	
NTC-928	non-targeting	
NTC-929	non-targeting	
NTC-930	non-targeting	
NTC-931	non-targeting	
NTC-932	non-targeting	
NTC-933	non-targeting	
NTC-934	non-targeting	
NTC-935	non-targeting	
NTC-936	non-targeting	
NTC-937	non-targeting	
NTC-938	non-targeting	
NTC-939	non-targeting	
NTC-940	non-targeting	
NTC-941	non-targeting	
NTC-942	non-targeting	
NTC-943	non-targeting	
NTC-944	non-targeting	
NTC-945	non-targeting	
NTC-946	non-targeting	
NTC-947	non-targeting	
NTC-948	non-targeting	
NTC-949	non-targeting	
NTC-950	non-targeting	
NTC-951	non-targeting	
NTC-952	non-targeting	
NTC-953	non-targeting	
NTC-954	non-targeting	
NTC-955	non-targeting	
NTC-956	non-targeting	
NTC-957	non-targeting	
NTC-958	non-targeting	
NTC-959	non-targeting	
NTC-960	non-targeting	
NTC-961	non-targeting	
NTC-962	non-targeting	
NTC-963	non-targeting	
NTC-964	non-targeting	
NTC-965	non-targeting	
NTC-966	non-targeting	
NTC-967	non-targeting	
NTC-968	non-targeting	
NTC-969	non-targeting	
NTC-970	non-targeting	
NTC-971	non-targeting	
NTC-972	non-targeting	
NTC-973	non-targeting	
NTC-974	non-targeting	
NTC-975	non-targeting	
NTC-976	non-targeting	
NTC-977	non-targeting	
NTC-978	non-targeting	
NTC-979	non-targeting	
NTC-980	non-targeting	
NTC-981	non-targeting	
NTC-982	non-targeting	
NTC-983	non-targeting	
NTC-984	non-targeting	
NTC-985	non-targeting	
NTC-986	non-targeting	
NTC-987	non-targeting	
NTC-988	non-targeting	
NTC-989	non-targeting	
NTC-990	non-targeting	
NTC-991	non-targeting	
NTC-992	non-targeting	
