GAAAAACAAACGACCCAGAG	ADAT3_+_1908004.23-P2__ENSG00000213638
GAAAAACGCGGACGCTGACG	SP1_+_53773993.23-P1P2__ENSG00000185591
GAAAACCAGCAAGAAGGCGG	INTS7_+_212208849.23-P1P2__ENSG00000143493
GAAAACGAGAAAGTACTGAA	GON4L_+_155829093.23-P2__ENSG00000116580
GAAAACTGAGAGCCATCATA	HIST1H2AB_+_26033417.23-P1P2__ENSG00000278463
GAAAAGAAACTCCTGGCCGT	TXNL4B_-_72127489.23-P1P2__ENSG00000140830
GAAAAGGCCTATTATCTATA	HIST1H2AI_+_27775962.23-ENST00000358739.3__ENSG00000196747
GAAAAGGCTATGGAAAACAT	DDX46_-_134109485.23-P2__ENSG00000145833
GAAAAGTTGGGCCGAAGGAG	ACTR2_-_65454953.23-P1P2__ENSG00000138071
GAAAATGACAGTGATTGGGT	non-targeting_03149
GAAACATGGAGGAGCGGGAG	LSM11_-_157170775.23-P1P2__ENSG00000155858
GAAACCAGGCTGCATAGGGA	PWP1_+_108079624.23-P1P2__ENSG00000136045
GAAACCCAGGAAGCGTCTTC	INTS9_-_28747461.23-P1P2__ENSG00000104299
GAAACCCGCCGCGGAGGAAG	TIMM8A_-_100603638.23-P1P2__ENSG00000126953
GAAACCTGGTTTAGGTATTT	TAF1A_-_222763201.23-P1P2__ENSG00000143498
GAAACGCACAGCAACTCGCA	DHX9_+_182808499.23-P1P2__ENSG00000135829
GAAACGCGCCGCAGAGGGTG	PRDM4_+_108154901.23-P1P2__ENSG00000110851
GAAACGCGGGCGTAGGTGAC	ELAC2_+_12921295.23-P1P2__ENSG00000006744
GAAACGCTCCCCACGGGTAA	NUP35_+_183989105.23-P1P2__ENSG00000163002
GAAACGGGCTCAGAGCCACG	SLC1A5_+_47291839.23-P1__ENSG00000105281
GAAACTGTCGCAGAGGGGAA	RBM8A_+_145507591.23-P1P2__ENSG00000265241
GAAACTTCGCCCCAGCGGTG	MYB_-_135502542.23-P1P2__ENSG00000118513
GAAAGAAACCTGCGGAGGAC	LAMTOR1_+_71814145.23-P1P2__ENSG00000149357
GAAAGACAGAGCGAGAGCGA	ZC3H4_-_47615449.23-P1__ENSG00000130749
GAAAGACTGGGCATGCTCCG	GCLC_+_53409854.23-P1P2__ENSG00000001084
GAAAGCCAGGCTACTACCGC	DROSHA_-_31532156.23-P1P2__ENSG00000113360
GAAAGCTCCAGCGACCACGG	SYS1_+_43991817.23-P1P2__ENSG00000204070
GAAAGGAAGCGGGCGAACCC	KRT17_+_39780834.23-P1P2__ENSG00000128422
GAAAGGATGGTAGACCCGTG	NSA2_-_74063329.23-P1P2__ENSG00000164346
GAAAGGGGAGCGGGCGGGAA	PCBP2_+_53846112.23-P1__ENSG00000197111
GAAAGGGGCCTCAAAGAGGT	MED10_-_6378270.23-P1P2__ENSG00000133398
GAAATCGAGTCCACCCTCAG	TPR_-_186344344.23-P1P2__ENSG00000047410
GAAATGGCTGCGTCTTCGAG	MED4_+_48669194.23-P1P2__ENSG00000136146
GAAATGGTGAGAGCGTTGAG	TMEM258_+_61560010.23-P1P2__ENSG00000134825
GAACAAAAGTGGGACAACCG	SRRT_+_100472790.23-P1P2__ENSG00000087087
GAACAAAGGACATTAGACTC	ESF1_+_13763214.23-P2__ENSG00000089048
GAACAACTACGGCTGCGGTG	ACTR6_-_100594617.23-P1P2__ENSG00000075089
GAACACGAGCAGGAAGCTCC	UTP6_-_30228710.23-P1P2__ENSG00000108651
GAACACTGCAGCAGCCTCCA	THOC3_-_175395258.23-P1P2__ENSG00000051596
GAACAGCTCGTCTACCTCCC	COPE_-_19030119.23-P1P2__ENSG00000105669
GAACAGGCAGCGCGCGACAA	UMPS_-_124449321.23-P1P2__ENSG00000114491
GAACAGGGCTTGACAGCGCG	INTS7_+_212208875.23-P1P2__ENSG00000143493
GAACATGGCCGCCGCCTGAG	POLR3E_-_22308778.23-P1P2__ENSG00000058600
GAACCAGCTGACTCCCGTAG	ATP6V1D_+_67826497.23-P1P2__ENSG00000100554
GAACCATGCGTGGAAAGTGT	non-targeting_00753
GAACCCAAAGCGGCCGCCGT	MRPL35_-_86426601.23-P1P2__ENSG00000132313
GAACCCAGGAGAGTAAGGCT	ZNF468_-_53360493.23-P1P2__ENSG00000204604
GAACCCGAGGAGATGAAGTA	RBMX2_-_129536016.23-P1P2__ENSG00000134597
GAACCCGGCAGAAACCCGGG	SRP19_+_112197012.23-P1P2__ENSG00000153037
GAACCGTGTGAGAATCCCTA	C3orf17_+_112738436.23-P1P2__ENSG00000163608
GAACCTCACCCGCGCTGAAG	COG1_-_71189243.23-P1P2__ENSG00000166685
GAACCTGGTGCGAGCAGCCC	CD3EAP_-_45909922.23-P1P2__ENSG00000117877
GAACCTTGGGAGCAGCGAGG	non-targeting_01600
GAACGAGCAGCGGAACCCCA	SSRP1_-_57102976.23-P1P2__ENSG00000149136
GAACGCCGGGACTCCCATAG	XRN2_+_21284031.23-P1P2__ENSG00000088930
GAACGCGAACTAGAGACCGT	MMS19_-_99258162.23-P1P2__ENSG00000155229
GAACGCGGCGCGGGAGACTA	TIMELESS_-_56842929.23-P1P2__ENSG00000111602
GAACGCTCTCGGAATTATGG	MED6_+_71067347.23-P1P2__ENSG00000133997
GAACGGAAACCTCACACCAC	non-targeting_02406
GAACGGAGCCCGCTCAGAAG	THRAP3_+_36690245.23-P1P2__ENSG00000054118
GAACGGCCGCATGGTAACTC	RUVBL1_+_127842630.23-P1P2__ENSG00000175792
GAACGGGGAAGAATTGAAGG	NDC80_-_2571961.23-P1P2__ENSG00000080986
GAACGTGAGCGATGCCGCAG	OIP5_-_41624746.23-P1P2__ENSG00000104147
GAACGTGCCCCCGGTCGTCG	non-targeting_01119
GAACTACTGGCAGGAAAGAA	TBC1D3_-_36357859.23-ENST00000537432.1__ENSG00000274611
GAACTCAGGCAGGAGCGAGG	LTBP3_-_65325688.23-P1P2__ENSG00000168056
GAACTCGCGGCCCATTGTGG	UQCRQ_+_132202565.23-P1P2__ENSG00000164405
GAACTCGGCGCCTGGAAAGA	ZWINT_+_58120993.23-P1P2__ENSG00000122952
GAACTCTGTGAGGGACGCCG	CEBPG_-_33864240.23-P1P2__ENSG00000153879
GAACTGAAGGGGTGAACTAG	DHDDS_-_26758897.23-P1P2__ENSG00000117682
GAACTGCAGAGGCTATTTCC	OR4F4_+_102463292.23-ENST00000326183.3__ENSG00000177693
GAACTGCGGCTCGGGACCTG	SNRPF_-_96252774.23-P1P2__ENSG00000139343
GAACTGGAGAGTTCTAATAG	ZMAT2_+_140083724.23-P2__ENSG00000146007
GAACTTCCTTCTGACCGTGA	OR7A10_+_14952334.23-ENST00000248058.1__ENSG00000127515
GAAGAATCCCTGGGCATCAG	LCN10_-_139636440.23-P1P2__ENSG00000187922
GAAGACGCACAGACCCGGCG	ASCC3_-_101329193.23-P1P2__ENSG00000112249
GAAGACGGCTCGGATGCCGG	PSMC5_-_61904830.23-P1P2__ENSG00000087191
GAAGACTCGGAGTGCGATGG	INO80C_+_33077831.23-P1P2__ENSG00000153391
GAAGAGGAAGGTGAGCCTCT	RPS3_-_75110633.23-P1__ENSG00000149273
GAAGAGGATTTGGAGGGTAC	GPN1_-_27852137.23-P1P2__ENSG00000198522
GAAGAGGCCGGTGGTGCTGG	POLR1A_+_86332623.23-P1P2__ENSG00000068654
GAAGAGGGTCGCAGTCTCCG	ACTR10_+_58666892.23-P1P2__ENSG00000131966
GAAGAGTGGTAAGCCTGTAA	ARPC3_-_110883364.23-P2__ENSG00000111229
GAAGATAAGATAAGATATAC	ZNF718_-_154974.23-ENST00000400172.3__ENSG00000250312;ZNF718_-_154974.23-ENST00000502662.1__ENSG00000250312
GAAGATAGCTGCTAACTGAG	C12orf60_-_14956629.23-P1P2__ENSG00000182993
GAAGATCTCGCGGAAGCCTA	CCNH_-_86708719.23-P1P2__ENSG00000134480
GAAGATGACCCCGCTCCCAC	ERCC3_-_128051699.23-P1P2__ENSG00000163161
GAAGATGGCAATACATACCC	WARS_-_100841623.23-P1P2__ENSG00000140105
GAAGATGGCTGGAGTAAGAA	ZMAT2_-_140083696.23-P2__ENSG00000146007
GAAGATGTCGAAGCGAGGTG	RPL23_+_37009944.23-P1P2__ENSG00000125691
GAAGCAAAATACCCCAAGGG	DDX52_-_36003249.23-P1P2__ENSG00000278053
GAAGCAAGTAGCGCCAATCT	PMF1_-_156182834.23-P1P2__ENSG00000160783
GAAGCAGCCAGCCAGCTCGT	POP7_+_100303782.23-P1P2__ENSG00000172336
GAAGCAGGGGCAGAATGTGG	SERBP1_+_67895645.23-P1P2__ENSG00000142864
GAAGCCAGGGATGAAGGATG	TBCD_+_80709982.23-P1P2__ENSG00000141556
GAAGCCAGTCTGAGACAGAG	PRMT5_-_23395618.23-P2__ENSG00000100462
GAAGCCCGGCCAGCCGACCG	ACTB_+_5570130.23-P1P2__ENSG00000075624
GAAGCCGGACTACGCGGCAG	RTCB_+_32808188.23-P1P2__ENSG00000100220
GAAGCCGGTCGGAACTGCTC	CDC20_-_43824668.23-P1P2__ENSG00000117399
GAAGCGACGGCCTAGAGGAG	TARS_+_33441139.23-P1P2__ENSG00000113407
GAAGCGCAGAGAAGGCGGGT	GPS2_+_7218644.23-P1P2__ENSG00000132522
GAAGCGCAGGTATAGGGCGG	non-targeting_02503
GAAGCGCCGCACTCTCCTTA	RAD51_+_40987418.23-P1P2__ENSG00000051180
GAAGCGCGCTGCGGTTCCGG	MSRB1_+_1993161.23-P1P2__ENSG00000198736
GAAGCGCTGCAGGAACTGTC	NCBP1_+_100396100.23-P1P2__ENSG00000136937
GAAGCGGAGCCTGGTTACCC	SF3B2_-_65820053.23-P1P2__ENSG00000087365
GAAGCGGCACTCAAGATGGT	IMP4_-_131100512.23-P1P2__ENSG00000136718
GAAGCGGCGTTGGCGTGGTG	NARS2_+_78285872.23-P1P2__ENSG00000137513
GAAGCGTGACCGGGCTGCAC	MED11_-_4634925.23-P1P2__ENSG00000161920
GAAGCGTTTCCTGAGTTCGG	ALG11_-_52586543.23-P1P2__ENSG00000253710
GAAGCTAAGGGCTCTCAGAG	TMEM242_-_157744354.23-P1P2__ENSG00000215712
GAAGCTATGAGGTATAGACC	NOL6_+_33473879.23-P1P2__ENSG00000165271
GAAGCTCCCGGTTTCAGGTT	UTP6_-_30228722.23-P1P2__ENSG00000108651
GAAGCTCGGCTCACAGTCGC	EMC3_+_10028469.23-P1__ENSG00000125037
GAAGCTCGGGTCCTCTCTGT	DNTTIP2_-_94344536.23-P1P2__ENSG00000067334
GAAGCTGAAAGGCCCGGGAA	HAUS4_-_23426310.23-P1P2__ENSG00000092036
GAAGCTGCCTGGGTCTACAG	ZC3H13_+_46626889.23-P1P2__ENSG00000123200
GAAGCTGCTTCGGGCCCCAG	PTGR2_-_74318707.23-P1P2__ENSG00000140043
GAAGCTGGTCCGCCATGGTG	POLD3_+_74303696.23-P1P2__ENSG00000077514
GAAGGAAGCAGCTAGTCACC	RPS21_+_60962140.23-P1P2__ENSG00000171858
GAAGGACGGCGATTACCTAA	LSM5_-_32529937.23-P1__ENSG00000106355
GAAGGAGTCACCGAACTGTC	ERAL1_+_27182286.23-P1P2__ENSG00000132591
GAAGGATGGTTTGGCCGAGG	DR1_-_93811723.23-P1P2__ENSG00000117505
GAAGGCGAGTACCTCCTCCC	MOCS3_+_49575386.23-P1P2__ENSG00000124217
GAAGGCGTGAGTCAAGCGAA	SNRPD3_+_24951964.23-P1P2__ENSG00000100028
GAAGGCTGAACCCGCTTCCA	CCDC130_-_13842623.23-P2__ENSG00000104957
GAAGGCTGGAAGACGAGGTA	TTI1_+_36661799.23-P1P2__ENSG00000101407
GAAGGGACGGTGGCGCGCAA	RPL32_-_12883061.23-P1P2__ENSG00000144713
GAAGGGCAAGGGGACCTGTA	ABCB7_+_74375885.23-P1P2__ENSG00000131269
GAAGGGCCCGCCACGCTCCG	PTPN1_+_49127138.23-P1P2__ENSG00000196396
GAAGGGCGGCCGGTAGAGTA	CHEK1_-_125495934.23-P1P2__ENSG00000149554
GAAGGGGACATGCACCCCAA	MOG_-_29624930.23-P1P2__ENSG00000204655
GAAGGGGAGGAGGGCCCGCA	NPEPPS_+_45608493.23-P1P2__ENSG00000141279
GAAGGGGGCTCGGTGCTCAC	SERF2_+_44084578.23-P1__ENSG00000140264
GAAGGGTACCTGAAGCGAAT	COX7B_-_77155002.23-P1P2__ENSG00000131174
GAAGGTACCTGGCTCCCCGG	ZMAT5_-_30162951.23-P1P2__ENSG00000100319
GAAGGTCACACGCGGTTCCC	MRPL12_+_79670494.23-P1P2__ENSG00000262814;SLC25A10_+_79670494.23-P1P2__ENSG00000183048
GAAGGTCCTGAAGGGAGGTT	PRELID1_-_176731244.23-P1P2__ENSG00000169230
GAAGGTGGGTTTGGAAGGTT	KRTAP4-2_-_39334474.23-P1P2__ENSG00000244537
GAAGTACTAGGAGAGAGGGT	RNF31_+_24616693.23-P1P2__ENSG00000092098
GAAGTCCCGTGGCGCCGGGT	GFM1_+_158362379.23-P1P2__ENSG00000168827
GAAGTCCGGCGGGGAGACCA	LTV1_+_144164541.23-P1P2__ENSG00000135521
GAAGTCGATTCAAAGGACAC	RPL23_-_37010011.23-P1P2__ENSG00000125691
GAAGTCTACAAGCATCTTGG	OR4K1_+_20404057.23-ENST00000285600.4__ENSG00000155249
GAAGTCTGGCCCGGCCCAAC	SMC2_+_106856781.23-P1P2__ENSG00000136824
GAAGTGCGCCGCGCGGGACC	RRP7A_+_42915752.23-P1P2__ENSG00000189306
GAAGTGTGAGGGCGAAGCGG	CPSF3_+_9563875.23-P1P2__ENSG00000119203
GAAGTTAGGTGTCCAGAGCA	TTF2_-_117602996.23-P1P2__ENSG00000116830
GAAGTTGGCCCTCTTTTCCG	RPS6_+_19380221.23-P1P2__ENSG00000137154
GAAGTTTGTGAGGTGAGTAG	PRPF3_-_150294051.23-P1P2__ENSG00000117360
GAATAAACCCGAAAATGATG	ZNF407_-_72343011.23-ENST00000299687.5__ENSG00000215421
GAATACACGAGAGCAATTAG	TMX2_+_57480105.23-P1P2__ENSG00000213593
GAATATCACCCCGGGCCCGG	UBA1_+_47050450.23-P2__ENSG00000130985
GAATCCCCTACTGGGATCAC	non-targeting_00274
GAATCCCGGCTGGGACTATG	U2SURP_+_142720684.23-P1P2__ENSG00000163714
GAATCTGGACCGGTCCGTAT	non-targeting_02863
GAATGCAGCGCTCCGGCCGA	non-targeting_01477
GAATGCAGGCAGATGAGCAT	CSH2_+_61950403.23-P1__ENSG00000213218
GAATGGAGGAGGCCCAGCGG	PHF10_-_170124315.23-P1P2__ENSG00000130024
GAATGGGTCTGAGGGACGGG	EPS8L1_-_55587352.23-P1__ENSG00000131037
GAATTAATACTTTTAAGTAA	SRSF6_-_42090460.23-P2__ENSG00000124193
GAATTGAGCGGAGAGCGACG	CDK1_-_62538284.23-P1P2__ENSG00000170312
GAATTGCAGGGTTTAGACCT	non-targeting_03032
GAATTTAACTGGGATAACCC	RPL35A_+_197677288.23-P1P2__ENSG00000182899
GAATTTAGAAGCAGAGGATC	TAF1D_+_93471338.23-P2__ENSG00000166012
GAATTTCTATGTATCCAGAA	SMC4_-_160122169.23-P2__ENSG00000113810
GACAAAGGGAAGGGACCCAA	ERVW-1_-_92107250.23-ENST00000603053.1__ENSG00000242950
GACAAGCCGCCGCCACAGGG	MAU2_+_19431630.23-P1P2__ENSG00000129933
GACAATCGGCTGGGACGCTT	DDX47_+_12966332.23-P1P2__ENSG00000213782
GACACACGACAACTCCGCGG	UFM1_+_38924011.23-P1P2__ENSG00000120686
GACACACTAGAGGGGACCCG	NDUFA3_+_54606585.23-P1P2__ENSG00000170906
GACACAGGCCCGCCACCCGG	DYNLL2_+_56161065.23-P1P2__ENSG00000264364
GACACAGTGGCTGTTCCCCA	PLEKHN1_+_901909.23-P1P2__ENSG00000187583
GACACCATGGTGAGTAGGGT	ISY1_+_128879801.23-P1P2__ENSG00000240682
GACACCCGCGAGCTGCTCTA	ATIC_+_216177046.23-P1P2__ENSG00000138363
GACACCCGCGCGAGAGAACA	ATP5C1_+_7830168.23-P1P2__ENSG00000165629
GACACCGCGAGGGCCGGGGT	SMARCC1_+_47823316.23-P1P2__ENSG00000173473
GACACCGTCGCCAATCTCCT	LUC7L3_+_48797010.23-P1P2__ENSG00000108848
GACACGCTCCCTTAGGAGAG	TIGD1_-_233415192.23-P1P2__ENSG00000221944
GACACGTGAGTCCGGAGCGG	RRP15_+_218458665.23-P1P2__ENSG00000067533
GACACTACCAGGCCGCTAGG	ZC3H13_-_46626846.23-P1P2__ENSG00000123200
GACACTGGAAGGAGTCATGG	FARSA_+_13044503.23-P1P2__ENSG00000179115
GACAGAATGAGACCTGAGGG	MRPL9_-_151735986.23-P1P2__ENSG00000143436
GACAGACACCCACTCAACGG	non-targeting_00667
GACAGACCTAGGACAGGCGG	AP2M1_+_183894722.23-P2__ENSG00000161203
GACAGACGGATCGGCAGGGC	INTS12_+_106629802.23-P1P2__ENSG00000138785
GACAGACTCGCAGAGGAAGG	POLL_-_103347606.23-P1P2__ENSG00000166169
GACAGAGCGAGCGGCCCCTA	KDM1A_-_23346064.23-P1P2__ENSG00000004487
GACAGCAGAACCAGCGGCGG	RBM42_-_36120011.23-P1P2__ENSG00000126254
GACAGCCACCGGGACCATGG	CDC23_-_137548987.23-P1P2__ENSG00000094880
GACAGCCAGGTGCACAGCGG	ESPN_-_6508158.23-P2__ENSG00000187017
GACAGCCCAAACAACTGCAG	WDR70_+_37379414.23-P1P2__ENSG00000082068
GACAGCCCAACAGACCTCTA	C7orf26_+_6630358.23-P1P2__ENSG00000146576
GACAGCCCCGGGGCCCAGCA	HSF1_+_145515304.23-P1P2__ENSG00000185122
GACAGCCGACCTGACCTAGT	C1orf109_-_38157872.23-P2__ENSG00000116922
GACAGCGGCCCAGACAGAGG	TEN1_-_73975358.23-P1P2__ENSG00000257949
GACAGCGGCGGTACTGGGAT	NBPF3_-_21766678.23-P1P2__ENSG00000142794
GACAGCGGTAGCAGCCCGGG	ATP1A1_-_116915944.23-P1P2__ENSG00000163399
GACAGCTCACTCACCATCTT	RPL7A_+_136215092.23-P1P2__ENSG00000148303
GACAGGACTGAGACTCCCCT	UBA52_+_18684266.23-P2__ENSG00000221983
GACAGGAGAAATGAAATACC	EIF4G2_-_10828931.23-P2__ENSG00000110321
GACAGGAGGATCCGGTGCAG	BRK1_-_10157414.23-P1P2__ENSG00000254999
GACAGGCCGGGGTCCGGAAG	NUMA1_+_71791707.23-ENST00000393695.3__ENSG00000137497
GACAGGCCTGCGCTCAAAGG	BRIP1_-_59940486.23-P1P2__ENSG00000136492
GACAGGGGCCCCGTGAGCTC	RPS16_-_39926387.23-P1P2__ENSG00000105193
GACAGGGTGGGGAAAGGTAG	SRP14_-_40330986.23-P1P2__ENSG00000140319
GACAGTAAGACTCACCATGT	RPL14_+_40498846.23-P1P2__ENSG00000188846
GACAGTAGCTACAGCCCCGG	XPO1_+_61765301.23-P1P2__ENSG00000082898
GACAGTGGCGGCCCAAACTC	RRS1_+_67341292.23-P1P2__ENSG00000179041
GACATAGAGGAGGTGAGCCA	SPC24_+_11266414.23-P1P2__ENSG00000161888
GACATGAAACCGAGCTGGAG	SNX15_+_64794991.23-P2__ENSG00000110025
GACATGTCTGAGTCGGAGCT	MINOS1_-_19923558.23-P1P2__ENSG00000173436
GACATTCTTCACATGTGTAG	ZNF718_+_155065.23-ENST00000400172.3__ENSG00000250312
GACCAAACCGGGGACGCCGC	FASTKD5_-_3140461.23-P1P2__ENSG00000215251
GACCAAAGCGATCTCTTCTG	RPS15_-_1438413.23-P1P2__ENSG00000115268
GACCAAAGGAGGGAACCGGA	TRRAP_-_98476572.23-P1P2__ENSG00000196367
GACCAAGACACCTCGGGACA	IK_-_140038581.23-P2__ENSG00000113141
GACCAAGACGCGCCTCCTGG	ZNF706_-_102217348.23-P1P2__ENSG00000120963
GACCACAATGCGGCGACTCC	NCBP2_-_196669410.23-P1P2__ENSG00000114503
GACCACAGCGGGAGGCGTGC	AQP7_+_33402004.23-P1P2__ENSG00000165269
GACCACAGGCAGCTGCACGG	SF3A2_+_2243552.23-P2__ENSG00000104897
GACCACCAGCAACCAGCGTG	DNAJA3_+_4475898.23-P1P2__ENSG00000103423
GACCACCCGGGTCTCACATG	non-targeting_01276
GACCACCGACTGGGTCATGG	TUBE1_-_112408641.23-P1P2__ENSG00000074935
GACCACCGCCCCCTAGACAC	NOC3L_-_96122495.23-P1P2__ENSG00000173145
GACCACCGCTGGAGCAACGC	EIF2B2_-_75469856.23-P1P2__ENSG00000119718
GACCACGCTCGCGCGGACCA	HMGB1_-_31191681.23-P2__ENSG00000189403
GACCACTGAGGTAGTGACTG	ZNF574_-_42583382.23-P2__ENSG00000105732
GACCACTGCAGACTGAGCGG	NOP10_+_34635306.23-P1P2__ENSG00000182117
GACCAGCTGTCCTCTCCTCT	ANLN_+_36429487.23-P1P2__ENSG00000011426
GACCAGGCCGCACCGCCAAG	MRPS16_-_75012367.23-P1P2__ENSG00000182180
GACCAGGGAGCAGAGCGGAG	WDR26_+_224622446.23-P1P2__ENSG00000162923
GACCAGGTCCGACGCCCGGG	WNK1_+_862246.23-P1P2__ENSG00000060237
GACCATCCCTGGAGGAGACC	KLF7_+_208030196.23-P1P2__ENSG00000118263
GACCATGAGCAAGCGGAACC	KIAA1143_+_44803075.23-P1P2__ENSG00000163807
GACCATGGAAGCGAATGGGT	UROD_-_45477955.23-P1P2__ENSG00000126088
GACCATGGCTGCAGCACAAG	RPS18_+_33239879.23-P1P2__ENSG00000231500
GACCCACATCCGATCGGTAC	TRMT5_+_61447749.23-P1P2__ENSG00000126814
GACCCACCTGCGCTGGGAGG	RABGGTA_-_24740707.23-P1P2__ENSG00000100949
GACCCAGCCACGCTCTAGGG	HAUS7_+_152760894.23-P2__ENSG00000213397
GACCCAGCCTCGGAGGCCGT	RINT1_+_105172659.23-P1P2__ENSG00000135249
GACCCAGGCTCCCGTTCCGG	SPCS3_+_177241168.23-P1__ENSG00000129128
GACCCCAAGCCGCCTAGCCG	SPRTN_+_231474047.23-P1P2__ENSG00000010072
GACCCCAGGACTCACCCCAA	SNX15_-_64795079.23-P2__ENSG00000110025
GACCCCAGGCCTAGGCGACC	NDUFV2_+_9102636.23-P1P2__ENSG00000178127
GACCCCAGGTCCCAAGCCAC	RPTOR_+_78519157.23-P1P2__ENSG00000141564
GACCCCCCTGCCGAGCGAGG	SMG7_-_183441636.23-P1P2__ENSG00000116698
GACCCCGGTTGCCCGTCCGG	ESPN_+_6508187.23-P2__ENSG00000187017
GACCCCTACACAGTTCCCGC	PELO_+_52095956.23-P1__ENSG00000152684
GACCCGCAAGACGACCGCCA	SRBD1_-_45838340.23-P1P2__ENSG00000068784
GACCCGCAGAGTGGACAAGA	MRPL17_-_6704339.23-P1P2__ENSG00000158042
GACCCGCGGCGGCCTCCCGC	LAMTOR1_-_71814365.23-P1P2__ENSG00000149357
GACCCGCGGCTTACCTCTTG	NOC2L_-_894602.23-P1P2__ENSG00000188976
GACCCGCGGGTGCGCAGCGT	SMN1_+_70220903.23-ENST00000380707.4__ENSG00000172062;SMN2_+_69345485.23-ENST00000380743.4__ENSG00000205571
GACCCGCTCACAACCGGCAC	SLC35B1_-_47785242.23-P1P2__ENSG00000121073
GACCCGGCCGGGGGGGGAGG	RGPD6_+_111334472.23-ENST00000329516.3__ENSG00000183054
GACCCGGCGGCCTGACGATG	PAFAH1B1_-_2497388.23-P1P2__ENSG00000007168
GACCCGGGACCAGGTAAGGG	ARRB2_-_4614048.23-P1P2__ENSG00000141480
GACCCTAGAGGGTAAACTGG	UQCRH_+_46769577.23-P1P2__ENSG00000173660
GACCCTCACCCGGAAACCTA	HEATR1_-_236767819.23-P1P2__ENSG00000119285
GACCCTCGGGCTCGAGACAG	TINF2_+_24711802.23-P1P2__ENSG00000092330
GACCCTGAGACCTCTTCCCG	MRPL44_+_224822378.23-P1P2__ENSG00000135900
GACCCTGGTTCCTCTCGGAG	EIF4H_-_73588703.23-P1P2__ENSG00000106682
GACCGAAAGGTCCCAGAACG	AURKAIP1_-_1310395.23-P1P2__ENSG00000175756
GACCGAAGAAAGAGGAGCCA	H3F3A_+_226250768.23-P1P2__ENSG00000163041
GACCGAAGCGGGAGCGGGTA	RPL26_+_8286468.23-P1P2__ENSG00000161970
GACCGAGACTCCCGCCCTTA	HAUS6_-_19102902.23-P1P2__ENSG00000147874
GACCGAGAGAAACTCCTGCC	HIST2H2AA3_-_149814302.23-ENST00000369161.3__ENSG00000203812
GACCGAGGCCCAGCGTGAGG	METTL3_-_21979084.23-P1P2__ENSG00000165819
GACCGAGGTGAACGTAAAGC	ENO1_-_8938710.23-P1P2__ENSG00000074800
GACCGCCAGGGCCCACGAGT	DDX19A_+_70380901.23-P1P2__ENSG00000168872
GACCGCCGTCCGGACCACTC	SNIP1_+_38019681.23-P1P2__ENSG00000163877
GACCGCGAAGGCCCTCTCAC	DDX3X_+_41193428.23-P1P2__ENSG00000215301
GACCGCGGCGACTATCCCAT	COG8_+_69373427.23-P1P2__ENSG00000213380
GACCGCTACCTCCGGACCAG	NFATC2IP_+_28962358.23-P1P2__ENSG00000176953
GACCGCTGGGAGCACTGTAA	non-targeting_01817
GACCGGAACGGCGGCGACAA	PNISR_+_99873109.23-P1__ENSG00000132424
GACCGGACAGAAGCGCTGGT	TUBD1_+_57970066.23-P1P2__ENSG00000108423
GACCGGATCGGTGACTGTGG	UQCRQ_-_132202364.23-P1P2__ENSG00000164405
GACCGGCAACGACTACTGTG	DESI1_-_42017036.23-P1P2__ENSG00000100418
GACCGGCAGCTGAACCCACC	GFM1_-_158362387.23-P1P2__ENSG00000168827
GACCGGCATGCGTGCGGATG	RPS12_-_133135705.23-P1P2__ENSG00000112306
GACCGGCCGCGGCCCCGTAG	CDK11A_+_1655695.23-P1P2__ENSG00000008128
GACCGGCCGGGGCTCTCCTC	LSG1_-_194392885.23-P1P2__ENSG00000041802
GACCGGCGGACGATCCTGGG	BOD1L1_-_13629264.23-P1__ENSG00000038219
GACCGGCGGCCGGGTGAGGG	MON1A_+_49967212.23-P1P2__ENSG00000164077
GACCGGGCAGGGCTCCCCGT	PTCD1_+_99036338.23-P2__ENSG00000106246
GACCGGGCCGCTCTGTCCTC	LSM10_-_36863497.23-P1P2__ENSG00000181817
GACCGGGCGGAAAGGACCCC	AP2A1_+_50270300.23-P1P2__ENSG00000196961
GACCGGGCTTGTCGGTGAAG	ARPC2_-_219081923.23-P1__ENSG00000163466
GACCGGGGGGGGGAAACGAA	PPP4R2_+_73046046.23-P1P2__ENSG00000163605
GACCGGTGCGCCGTCGCGTG	non-targeting_02210
GACCGTCGCGGTGACCGGAA	SETDB1_-_150898815.23-P1P2__ENSG00000143379
GACCGTGGGTAGCTGCGGCG	TAF1C_+_84220626.23-P1P2__ENSG00000103168
GACCGTGGTGAAGGGCATCC	CHCHD3_+_132766615.23-P1P2__ENSG00000106554
GACCGTGTGGGCTGTAGTAG	DHX15_+_24586116.23-P1P2__ENSG00000109606
GACCTAGAGTCTCCAAACTA	RPF1_+_84945350.23-P1P2__ENSG00000117133
GACCTAGCCAGGTCCCTGAG	RGP1_-_35749355.23-P1P2__ENSG00000107185
GACCTAGTGGCAATGGCTCC	CSH2_+_61973860.23-P2__ENSG00000213218
GACCTCCAGGCGACCACGAG	TUBGCP4_+_43663480.23-P1P2__ENSG00000137822
GACCTCGGCAGCGTCCATGG	GINS2_-_85722508.23-P1P2__ENSG00000131153
GACCTCGTCATCCTCGCCTA	DDX27_+_47836013.23-P1P2__ENSG00000124228
GACCTGCACAGACCACTCGG	CXXC1_-_47814029.23-P1P2__ENSG00000154832
GACCTGCCCGCGCCTTGGGA	NUF2_+_163291904.23-P1P2__ENSG00000143228
GACCTGCCCGGCGGGACCCA	ZDHHC7_+_85045041.23-P1P2__ENSG00000153786
GACCTGCCGCGGGGCCCCGG	POU3F1_+_38512374.23-P1P2__ENSG00000185668
GACCTGCGGTCCCGAGACAA	CDCA8_+_38158230.23-P1P2__ENSG00000134690
GACCTGCTGAGGCAATCATC	LARS_-_145562203.23-P1P2__ENSG00000133706
GACCTGGAGCCATTGCCACT	CSH2_-_61973880.23-P2__ENSG00000213218
GACCTGGATCCTGCTCCTCT	ARPC3_+_110888087.23-P1__ENSG00000111229
GACCTGGGCTCTCACGTACC	CPSF6_+_69633482.23-P1P2__ENSG00000111605
GACGAAGGCAAGGGGCGCCC	MKI67IP_-_122494239.23-P1P2__ENSG00000155438
GACGAAGGGGAACCAGCGTA	EIF3A_-_120840274.23-P1P2__ENSG00000107581
GACGAAGGGGCGTCTGACCT	non-targeting_03181
GACGACCGGCAGTCCTCCTC	RBM14_+_66384103.23-P1P2__ENSG00000239306;RBM4_+_66384103.23-P1__ENSG00000173933
GACGACCGGCATGGTGACAA	C9orf78_-_132597510.23-P1P2__ENSG00000136819
GACGAGGGCGGCAAAGGGAC	USP14_+_158632.23-P1P2__ENSG00000101557
GACGAGTGCGCGTGCTCGGT	NPM1_-_170814669.23-P1P2__ENSG00000181163
GACGCAAAGCCCTATCAACT	RPL32_-_12882840.23-P1P2__ENSG00000144713
GACGCACGCAGCGTTCGTCA	non-targeting_02364
GACGCACGTCCGGGGCGGTG	WDR18_-_984344.23-P1P2__ENSG00000065268
GACGCAGACGGAAAAAGAGG	E2F6_-_11606229.23-P1P2__ENSG00000169016
GACGCAGCAGAGCCGGGTAG	GMIP_+_19754312.23-P1P2__ENSG00000089639
GACGCAGGAAAGACGCACTG	SNRNP200_-_96971287.23-P1P2__ENSG00000144028
GACGCCCGGCGGCAGCAGGT	HMBOX1_-_28747901.23-P1P2__ENSG00000147421
GACGCCGGAGGGTCGCACGC	TFAM_-_60145223.23-P1P2__ENSG00000108064
GACGCCTGAGGGACAGTCTG	COPS8_-_237994564.23-P1P2__ENSG00000198612
GACGCCTGCGCAGTGTGACC	GGPS1_-_235491895.23-P1P2__ENSG00000152904
GACGCGAAAGGCCCTTTCTA	TSR1_+_2239506.23-P1__ENSG00000167721
GACGCGCGGAGGACGAGTGA	PGD_+_10459120.23-P1P2__ENSG00000142657
GACGCGCGTCTGTGGAGAAG	TOP2A_+_38574121.23-P1P2__ENSG00000131747
GACGCGGCAGATGACGCGGT	non-targeting_03777
GACGCGGCCGCGTGAGGACG	TEX10_+_103115177.23-P1P2__ENSG00000136891
GACGCGGCGCTGCTCCATGG	CDT1_+_88870234.23-P1P2__ENSG00000167513
GACGCGTCCGACCTCGCCAT	ABT1_+_26597412.23-P1P2__ENSG00000146109
GACGCTGAGGGAGCTGACAG	CMPK1_+_47799577.23-P1P2__ENSG00000162368
GACGCTGCCTGACTGCCGGG	TOP1_+_39657511.23-P1P2__ENSG00000198900
GACGCTTAGGTGGGCGACGT	C7orf50_+_1177839.23-ENST00000357429.6-ENST00000397098.3-ENST00000397100.2__ENSG00000146540
GACGCTTCGGGTTGGTGTCA	NOC2L_+_894616.23-P1P2__ENSG00000188976
GACGGAACTACAGGGCAAAC	MTPAP_-_30638037.23-P1P2__ENSG00000107951
GACGGAAGAACCAGTGGATG	EXOSC6_+_70285844.23-P1P2__ENSG00000223496
GACGGACACTAAGGATCTTC	EIF3E_+_109260697.23-P1P2__ENSG00000104408
GACGGACGCACAAAGCCCAG	PPP1CB_+_28975409.23-P1P2__ENSG00000213639
GACGGAGGCCTGGGGGAACT	ZNHIT1_-_100861047.23-P1P2__ENSG00000106400
GACGGCACGCCGCGGCGGGG	GPS1_-_80009799.23-P1P2__ENSG00000169727
GACGGCAGGGAAGTTCGTGG	PYROXD1_-_21590709.23-P1P2__ENSG00000121350
GACGGCCCAGACGCCCAAAC	VPS37A_+_17104492.23-P1P2__ENSG00000155975
GACGGCCGCGACGCAGAGAG	ISCA2_-_74960525.23-P1P2__ENSG00000165898
GACGGCGCACCCTCGAACTA	NDUFB6_-_32573107.23-P1P2__ENSG00000165264
GACGGCGCCTGCGTACTGAG	TADA2B_-_7045121.23-P1P2__ENSG00000173011
GACGGCGCGTGCGCTTAGTG	non-targeting_00307
GACGGCGGCACCGGGCGGGT	GTF3C4_-_135545497.23-P1P2__ENSG00000125484
GACGGCGGTGGTCTTGCGGG	PARS2_+_55230150.23-P1P2__ENSG00000162396
GACGGCTGAGGCTGCTACCA	TOP1_+_39657538.23-P1P2__ENSG00000198900
GACGGGAACCAACGCTGACT	ZW10_-_113644416.23-P1P2__ENSG00000086827
GACGGGACTACGGGAAGCAG	LAMTOR2_-_156024614.23-P1P2__ENSG00000116586
GACGGGCGGCGGATCGGCAA	ACTB_-_5570191.23-P1P2__ENSG00000075624
GACGGGGCGGGCTGCTACTC	PGAM1_-_99186020.23-P1P2__ENSG00000171314
GACGGGGTACTCGAGCCCAC	MRPS18C_-_84377162.23-P1P2__ENSG00000163319
GACGGGGTCTGAGCCATCAG	CCT2_-_69979656.23-P1P2__ENSG00000166226
GACGGGTCCTCCAAGAGTTT	DAD1_+_23058092.23-P1P2__ENSG00000129562
GACGGGTGGCGGCCCTCGAC	RTEL1_-_62289757.23-P1P2__ENSG00000258366
GACGGTAGTGGTGGCTTGTT	POLG2_+_62493131.23-P1P2__ENSG00000256525
GACGGTCACTGCCGGATTAA	UQCRC2_+_21964701.23-P1P2__ENSG00000140740
GACGGTCAGGGCGTGACGTC	CCDC130_-_13858757.23-P1__ENSG00000104957
GACGGTGAGCCCCGAGACCA	SDC1_+_20424403.23-P1P2__ENSG00000115884
GACGGTGCGCGATGGACCGA	ANKRD11_+_89556932.23-P1P2__ENSG00000167522
GACGTACTGGCCCTTATGGA	non-targeting_03044
GACGTGACCACGGAGTAGGA	SUPT16H_-_21851725.23-P1P2__ENSG00000092201
GACGTGCGTCGGACAGGACA	PPIA_+_44836665.23-P1P2__ENSG00000196262
GACGTGGAGACCCGGGGTCC	SNF8_+_47022127.23-P1P2__ENSG00000159210
GACGTGGAGTCTGCCTCAGG	FBXO5_-_153304123.23-P1P2__ENSG00000112029
GACGTGGGGACGCAGGATGG	NLE1_+_33469287.23-P1P2__ENSG00000073536
GACGTTGAGGCCGCGTTGGG	DDX23_+_49245881.23-P1P2__ENSG00000174243
GACTAGAAGGCAGTTCCCGC	NDOR1_+_140100172.23-P1P2__ENSG00000188566
GACTAGAGGCCACCGAACCC	HMGCR_+_74633092.23-P1P2__ENSG00000113161
GACTAGGACAGCGAGGGATC	NUP133_-_229644034.23-P1P2__ENSG00000069248
GACTAGGTGATTCTTGGAGC	TFB2M_+_246729456.23-P1P2__ENSG00000162851
GACTCAAGCCGTCAGACCCA	SEPHS2_-_30457178.23-P1P2__ENSG00000179918
GACTCACACACGCGGAGACC	PDCD11_+_105156417.23-P1P2__ENSG00000148843
GACTCACAGTCATCGCGGAG	UNC45A_+_91478544.23-P1__ENSG00000140553
GACTCACCAGGGCAGAGCGG	HNRNPR_-_23670718.23-P1P2__ENSG00000125944
GACTCACCCCCCCACAGCAG	SIGLEC14_-_52149990.23-P1P2__ENSG00000254415
GACTCACCGCGCACTAAGAG	HPS5_-_18343694.23-P1P2__ENSG00000110756
GACTCACCTCAGCCTCCACG	WDR3_+_118472389.23-P1P2__ENSG00000065183
GACTCACGATGAGCCCTCGG	NDUFB4_+_120315370.23-P1P2__ENSG00000065518
GACTCACTCTACACCCTCCA	RPL7_-_74205848.23-P1P2__ENSG00000147604
GACTCCAGCCGCCTAGACGC	MOB4_-_198380805.23-P1P2__ENSG00000115540
GACTCCGAATCCGAGAGCGG	EBNA1BP2_-_43637779.23-P1P2__ENSG00000117395
GACTCCTGGGCTGAAAAGGA	COPZ1_+_54694980.23-P2__ENSG00000111481
GACTCGACCGGGCCTTGACC	SLC39A9_+_69865454.23-P1P2__ENSG00000029364
GACTCGCCGCCTGGACGGTA	SEPSECS_-_25162088.23-P1P2__ENSG00000109618
GACTCGGCCGAGGAGGAACC	UQCRFS1_-_29703611.23-P1P2__ENSG00000169021
GACTCGGGTTGCGCACTTCC	PRPF8_+_1588152.23-P1P2__ENSG00000174231
GACTGAAGGGTAAGAAGCAT	GON4L_+_155829080.23-P2__ENSG00000116580
GACTGAAGTCCGGGAACCCG	CCNA2_+_122744606.23-P1P2__ENSG00000145386
GACTGACTGCCTGAGCGGAC	CWC22_+_180871546.23-P1P2__ENSG00000163510
GACTGAGGTAGTGACTGAGG	ZNF574_-_42583385.23-P2__ENSG00000105732
GACTGAGTCCCCGGCCACAG	PRPF3_+_150294085.23-P1P2__ENSG00000117360
GACTGCAGACCCAGTACTCG	ELP4_+_31531362.23-P1P2__ENSG00000109911
GACTGCCCGGGACAAGGTCG	MYO1H_-_109826559.23-ENST00000431443.2__ENSG00000174527
GACTGCCGTCTAGTGTGAGG	RPL5_-_93297968.23-P1P2__ENSG00000122406
GACTGCGCTTCACTCCGGGC	non-targeting_02797
GACTGCGGCGAAGGAAAAGG	ATP2A2_+_110719087.23-P1P2__ENSG00000174437
GACTGCGGCGGTGCGAGCGG	ZBTB14_-_5295498.23-P1P2__ENSG00000198081
GACTGCGGCTCCGTCTACTC	COPB1_-_14521352.23-P1P2__ENSG00000129083
GACTGGAATGAGGGTAGCTG	SNTB2_-_69221084.23-P1P2__ENSG00000168807
GACTGGACCCGGCAGCCCGG	IPO9_+_201798365.23-P1P2__ENSG00000198700
GACTGGAGTCGAAGGCCGTG	C1D_+_68290088.23-P1P2__ENSG00000197223
GACTGGATTCGGTGCTGAGG	TOP3A_+_18218267.23-P1P2__ENSG00000177302
GACTGGCATTGAGGGTACTG	UTP23_-_117778780.23-P1P2__ENSG00000147679
GACTGGCCCAAGGCTCACAG	FEN1_+_61560617.23-P1P2__ENSG00000168496
GACTGGCGGGCCCTCCCCTC	DDX59_-_200638659.23-P1P2__ENSG00000118197
GACTGGGATGCTTCGCCCCC	CYP2A13_+_41594737.23-P1P2__ENSG00000197838
GACTGGGCAGCTCCGGCTCA	AP2S1_-_47354086.23-P1P2__ENSG00000042753
GACTGGGCCTGAAAGGGTAC	PSMD7_-_74330744.23-P1P2__ENSG00000103035
GACTGGGGACAGATATATAC	ATF5_+_50432424.23-P1P2__ENSG00000169136
GACTGGGGAGGGACTCCCGG	VWA9_+_65903046.23-P1P2__ENSG00000138614
GACTGGGTCCGGTGCGGCAC	ACTR5_+_37377152.23-P1P2__ENSG00000101442
GACTGTCCATGTACTACTGG	NUS1_-_117996643.23-P1P2__ENSG00000153989
GACTTAAGGGAAGTGGACCA	AQR_+_35261872.23-P1P2__ENSG00000021776
GACTTAGCCTATTTCTTGCG	non-targeting_00426
GACTTCCGCAAGAGCCTGAC	OPA1_+_193310990.23-P1P2__ENSG00000198836
GACTTCGCGGGAGAAGTTGT	RFC1_+_39367944.23-P1P2__ENSG00000035928
GACTTGCGACCCCGAAGAAT	non-targeting_00236
GACTTGCGGTAGTGACCCTC	NEMF_+_50319478.23-P1P2__ENSG00000165525
GACTTGCTGCGGAGGACCGT	ATP5H_+_73043037.23-P1P2__ENSG00000167863
GACTTGGCGGCTAGGGGTGT	BUB1B_-_40453273.23-P1P2__ENSG00000156970
GACTTGTGCGGTTCCAAGTG	FTSJ3_+_61904432.23-P1P2__ENSG00000108592
GACTTTGCTGTACCCATCAG	BRD4_-_15391173.23-ENST00000263377.2-ENST00000371835.4__ENSG00000141867
GAGAAAACAAGACCAAGGTT	DYNLRB1_+_33114045.23-P2__ENSG00000125971
GAGAAACCATGCCGGCGACC	LSM10_-_36863481.23-P1P2__ENSG00000181817
GAGAAACCCGGCAGAAACCC	SRP19_+_112197015.23-P1P2__ENSG00000153037
GAGAAACTCGGGGGGCCAGG	DYNLL1_-_120934043.23-P1P2__ENSG00000088986
GAGAAAGAGGAGCAGCGCCC	ARID5B_-_63660959.23-ENST00000279873.7__ENSG00000150347
GAGAAAGCCGCTGGGAGGGT	ACTR3_+_114648124.23-P1P2__ENSG00000115091
GAGAAAGCTGGGTGAGTTGA	FOLR3_-_71825982.23-P1__ENSG00000110203
GAGAACCTCGGAACATACGG	SMARCB1_+_24133953.23-P2__ENSG00000099956
GAGAACTGCGACCCAAATCC	UBC_-_125399182.23-P1P2__ENSG00000150991
GAGAAGACGCTCAGGAAACG	SFPQ_-_35658705.23-P1P2__ENSG00000116560
GAGAAGCAGGTCCCAGGCGG	SRP68_+_74068540.23-P1P2__ENSG00000167881
GAGAAGCGAGGTGGAGCGGG	C14orf166_+_52456289.23-P1P2__ENSG00000087302
GAGAAGCGGCCATAGTGGAA	INTS3_+_153700541.23-P1P2__ENSG00000143624
GAGAAGCTGGAGTGACTCTA	EIF2S3_-_24073117.23-P1P2__ENSG00000130741
GAGAAGGACCCCCACCGCCG	NAGLU_+_40688309.23-P1P2__ENSG00000108784
GAGAAGGACCGACAAGACAC	ZNF284_+_44576342.23-ENST00000421176.3__ENSG00000186026
GAGAAGGCCGCGGCTCCCCA	YJEFN3_-_19627479.23-P1__ENSG00000250067
GAGAAGGGCTGCGGGTTAGG	NFRKB_+_129765408.23-P1P2__ENSG00000170322
GAGAAGGGTGCTGAGGCGTC	CDK12_-_37618170.23-P1P2__ENSG00000167258
GAGAAGGTGTACATCGTGCA	EXOSC7_-_45017818.23-P1P2__ENSG00000075914
GAGAAGTTGCAGGGTTGAGT	GINS4_-_41386785.23-P1P2__ENSG00000147536
GAGAATGCGGAACACCGCGC	PGK1_+_77359734.23-P1P2__ENSG00000102144
GAGACAAGCACTGGACGTGG	CHTOP_-_153606547.23-P1P2__ENSG00000160679
GAGACACCCACCGCAGATGG	RPS27A_+_55459832.23-P1P2__ENSG00000143947
GAGACACGGAGACAGCGCCG	MED19_+_57479662.23-P1P2__ENSG00000156603
GAGACAGAGAAAGACGACGG	BTF3L4_+_52521967.23-P1P2__ENSG00000134717
GAGACAGGCCTGGAGCACGT	RPAP1_+_41836411.23-P1P2__ENSG00000103932
GAGACCCGCGGGGGACGGAG	PTBP1_+_797463.23-P1P2__ENSG00000011304
GAGACCCGGGGAGGAGGTAG	SYNGR3_+_2040456.23-P1P2__ENSG00000127561
GAGACCGACCCGCCCGCCCG	PABPC1_+_101734089.23-P1P2__ENSG00000070756
GAGACCGGTAGAAATGAATG	DDX5_-_62502405.23-P1P2__ENSG00000108654
GAGACCGTCCCGAGCCAGAT	CA5A_+_87969813.23-P1P2__ENSG00000174990
GAGACTACCAAGGAGTCCGG	TUBA1C_+_49658873.23-P1P2__ENSG00000167553
GAGACTCACGGAACCAGCAT	DDX10_+_108535803.23-P1P2__ENSG00000178105
GAGACTCGGGGTGCGCGAGG	GTF2H4_-_30876167.23-P1P2__ENSG00000213780
GAGACTCTTGGGGCCGGGGT	POLL_+_103347853.23-P1P2__ENSG00000166169
GAGACTGGGAAAAGATAGTA	SUPT6H_+_26989271.23-P1P2__ENSG00000109111
GAGACTGGGCAGGATGGTTG	GINS3_+_58426400.23-P1P2__ENSG00000181938
GAGACTTGAGGCGCAAGCAC	MCM3AP_-_47706135.23-P1P2__ENSG00000160294
GAGAGAAACCCGGGAGGCTA	GAPDH_-_6643770.23-P1__ENSG00000111640
GAGAGAAAGGCTGGAAGACG	TTI1_+_36661804.23-P1P2__ENSG00000101407
GAGAGAAGCCGGCACCGGGA	GYG1_+_148709356.23-P1P2__ENSG00000163754
GAGAGAAGCGGACCACAATG	NCBP2_-_196669400.23-P1P2__ENSG00000114503
GAGAGAAGGTTTGCACAATG	IFITM2_+_308197.23-P1P2__ENSG00000185201
GAGAGACCCGGATGGCACAA	RSRC2_-_123011518.23-P1P2__ENSG00000111011
GAGAGACCCGGGAAGAGTGG	HNRNPDL_+_83350206.23-P1P2__ENSG00000152795
GAGAGAGAGACACACCACGT	ARGFX_-_121286824.23-P1P2__ENSG00000186103
GAGAGAGCAGGGTCAGTTCC	RABGGTB_+_76251918.23-P1P2__ENSG00000137955
GAGAGAGGGCGAAGGTAGGC	HNRNPA1_-_54674507.23-P1P2__ENSG00000135486
GAGAGATGGTCGCAAGATGG	ELL_+_18632858.23-P1P2__ENSG00000105656
GAGAGCAGCGGCCGCCTGAG	CHAF1A_-_4402710.23-P1P2__ENSG00000167670
GAGAGCAGTCCCACGACAGT	CARF_+_203776955.23-P1P2__ENSG00000138380
GAGAGCCACGCGGCACGCCC	SLC1A5_+_47291829.23-P1__ENSG00000105281
GAGAGCCCAGGGCCCAACGC	GINS1_+_25388562.23-P1P2__ENSG00000101003
GAGAGCCCCGCACAGAGCGA	FBXW7_+_153457205.23-ENST00000281708.4__ENSG00000109670
GAGAGCCCGAGCGCTGGAGT	UPF2_+_12084793.23-P1P2__ENSG00000151461
GAGAGCCCGGCGAACTCCCG	NOC4L_+_132629052.23-P1P2__ENSG00000184967
GAGAGCCTTTGGGTTTACTA	HIST1H2BE_+_26184421.23-ENST00000356530.3__ENSG00000274290
GAGAGCGGAAAGAACAGACC	CWF19L2_+_107328464.23-P1P2__ENSG00000152404
GAGAGCGGCAGCGCGGTCAG	SNRNP40_+_31769624.23-P1P2__ENSG00000060688
GAGAGCGGCGCCCAGCATGA	COX5A_-_75230359.23-P1P2__ENSG00000178741
GAGAGGAACTGGGCCTGAAA	PSMD7_-_74330738.23-P1P2__ENSG00000103035
GAGAGGAAGAGGAGTCGGAA	PCF11_-_82868415.23-P1P2__ENSG00000165494
GAGAGGAGCCCTCCAGGGAT	ATP5H_-_73042993.23-P1P2__ENSG00000167863
GAGAGGAGGCGCGAGAATGG	RFC2_+_73668706.23-P1P2__ENSG00000049541
GAGAGGCCATCACGTTATGG	non-targeting_01035
GAGAGGCTGTCACCACGGAG	ATP6V1A_+_113465895.23-P1P2__ENSG00000114573
GAGAGGGGAGAGCTCCGCGG	SCD_-_102107388.23-P1P2__ENSG00000099194
GAGAGTCGTAATGTGCAGGG	non-targeting_01281
GAGAGTGACCCAGTCAGCGT	ZW10_+_113644402.23-P1P2__ENSG00000086827
GAGAGTGCGATTGCAGAAGG	EIF4G2_+_10828816.23-P2__ENSG00000110321
GAGAGTGGCGAAGAACCGGA	RPL6_-_112847189.23-P1P2__ENSG00000089009
GAGATCACCCTCTCAATGAA	PELO_-_52083812.23-P2__ENSG00000152684
GAGATCCATTGACAATGTAA	EIF5_+_103803074.23-P2__ENSG00000100664
GAGATCGCTGGGAGCGGTTG	EIF2B3_+_45452232.23-P1P2__ENSG00000070785
GAGATGAAGGTAGGTGATGG	RPS6_+_19380173.23-P1P2__ENSG00000137154
GAGATGATGTAAGAAGGCGG	non-targeting_01721
GAGATGGAGCCGGCAGTCGG	STRIP1_-_110577278.23-P1P2__ENSG00000143093
GAGATGGGGGTGAGCAGTTA	ARL6IP6_-_153574615.23-P1P2__ENSG00000177917
GAGATTGGCTTGGATTCTGT	SLU7_+_159846060.23-P1P2__ENSG00000164609
GAGCAAAGCCGCTAGAGGTG	ARPC4_-_9834275.23-P1P2__ENSG00000241553
GAGCAACGTGTACCGCGGGG	non-targeting_03471
GAGCAAGGTCGAGGCCGGGT	MRPL41_-_140446382.23-P1P2__ENSG00000182154
GAGCACACGAACCTTCCACG	RPLP0_-_120638895.23-P1P2__ENSG00000089157
GAGCACAGCCAGGAGCGTCC	WRB_-_40752309.23-P1P2__ENSG00000182093
GAGCACCTTGTACACGTAAA	HIST2H2BF_-_149783762.23-P1P2__ENSG00000203814
GAGCACGCACGGCCGGGGAG	HDAC3_+_141016415.23-P1P2__ENSG00000171720
GAGCACGCTGAAACCCTGGG	CLCC1_+_109506058.23-P1P2__ENSG00000121940
GAGCACTGCGGGGATGGGCA	SLC16A5_-_73084484.23-P1P2__ENSG00000170190
GAGCACTGGGAAAGACACCG	OSGEP_-_20922986.23-P1P2__ENSG00000092094
GAGCAGAAAACCAATCAAGG	MED31_-_6554548.23-P1P2__ENSG00000108590
GAGCAGACTGCTGCGGTTCC	TRAPPC5_-_7745764.23-P1P2__ENSG00000181029
GAGCAGCACCAGGCCGCCCA	ELP5_+_7155888.23-P1P2__ENSG00000170291
GAGCAGCACCCGCTCGACTC	ING3_+_120590830.23-P1P2__ENSG00000071243
GAGCAGCAGGAGTCGCCCCG	SH3KBP1_+_19905629.23-P1P2__ENSG00000147010
GAGCAGCCAGTATTCGGGAA	SCFD1_-_31091597.23-P1P2__ENSG00000092108
GAGCAGCGAAAGGCAGTCCC	VWA9_-_65903414.23-P1P2__ENSG00000138614
GAGCAGCGAGGAGAGGCGGT	ZBTB4_-_7387488.23-P1__ENSG00000174282
GAGCAGCGCTGGGTGTTCAG	PPRC1_-_103892819.23-P1P2__ENSG00000148840
GAGCAGCGGCCGCCATTTCA	RBM39_+_34330131.23-P1P2__ENSG00000131051
GAGCAGCTGCCGACAGATCC	TNNT2_-_201346779.23-P1P2__ENSG00000118194
GAGCAGGAATACCCGGCAGG	CKAP5_-_46848381.23-P2__ENSG00000175216
GAGCAGGGCCCGTCCGCGCA	ANKRD39_-_97523708.23-P1P2__ENSG00000213337
GAGCAGGTAAAGGGTGCAGG	VPS41_+_38948736.23-P1__ENSG00000006715
GAGCAGGTAATCAGACTCTG	CDK6_-_92465893.23-P1__ENSG00000105810
GAGCAGTCCGAGGGGAACGT	USPL1_-_31192108.23-P1P2__ENSG00000132952
GAGCAGTGCTAGCCCCGTCA	ATP6V0B_+_44440710.23-P1P2__ENSG00000117410
GAGCATACTTCGGATCCCCG	ISG20L2_-_156698173.23-P1P2__ENSG00000143319
GAGCATGAGGAGGTCCGGGC	COPG1_-_128984635.23-P2__ENSG00000181789
GAGCATGGCGTCGGTGGTGT	MRPL27_+_48450512.23-P1P2__ENSG00000108826
GAGCATTTCCGGGCCTCCTG	SRCAP_-_30710672.23-P1P2__ENSG00000080603
GAGCCAACCCCGAAGGGATC	SEC61G_-_54826545.23-P1P2__ENSG00000132432
GAGCCAAGCAAGGCCTAACA	SNRPA1_-_101835035.23-P1P2__ENSG00000131876
GAGCCAAGCGACGGCGATGG	NCL_-_232329135.23-P1__ENSG00000115053
GAGCCACACCAAGCCCAAGG	EIF3H_-_117767820.23-P1P2__ENSG00000147677
GAGCCACCCCACCCCGGGAA	CINP_-_102829164.23-P1P2__ENSG00000100865
GAGCCACGCGCCACCCAGGT	SLC9B1_-_103940841.23-P1P2__ENSG00000164037
GAGCCACGGCGTGGGAGTAG	EBNA1BP2_+_43637890.23-P1P2__ENSG00000117395
GAGCCATGGATACACCGTTA	CCDC86_-_60609614.23-P1P2__ENSG00000110104
GAGCCATGGCAGATTCCTCC	CARS_+_3078579.23-P1P2__ENSG00000110619
GAGCCATGGCGCCGCAGGTC	MPHOSPH10_-_71357812.23-P1P2__ENSG00000124383
GAGCCCAGATAGGCTCGGGT	TAMM41_-_11888331.23-P1P2__ENSG00000144559
GAGCCCCCGCGACAGTGCCA	UBA2_+_34919335.23-P1P2__ENSG00000126261
GAGCCCCGCCGGGGATGAGG	NKX6-1_-_85418935.23-P1P2__ENSG00000163623
GAGCCCCGTCAAGCAGAGGG	DOLK_-_131709668.23-P1P2__ENSG00000175283
GAGCCCGAAAGCGGCGGAGG	PABPC4_-_40042439.23-P1P2__ENSG00000090621
GAGCCCGCCGCAGAGGGACG	C17orf58_+_65989617.23-P1P2__ENSG00000186665
GAGCCCGGCGGAGGAGACAG	MRGBP_-_61427962.23-P1P2__ENSG00000101189
GAGCCCGGCTCCGCCCCCCA	POU5F1B_+_128428174.23-P1P2__ENSG00000212993
GAGCCCGTGCGGAGGCGGTG	TRA2B_+_185655778.23-P1P2__ENSG00000136527
GAGCCCTCCTCCATTACGGA	non-targeting_01051
GAGCCGACTCGAGAGGAACC	CPSF1_-_145634704.23-P1P2__ENSG00000071894
GAGCCGAGAAGCCCGTGACT	TMEM127_+_96931644.23-P1P2__ENSG00000135956
GAGCCGAGCAGCGACGAGAA	MRPS25_-_15106759.23-P1P2__ENSG00000131368
GAGCCGAGCGCATCGCAGGG	TMEM240_+_1475971.23-P1P2__ENSG00000205090
GAGCCGAGCGGAGAGGAATC	SDC1_+_20424790.23-P1P2__ENSG00000115884
GAGCCGAGTAGGCGACGGTG	HSPA5_+_128003624.23-P1P2__ENSG00000044574
GAGCCGCAAGCGGAGTTGGT	PDRG1_+_30539768.23-P1P2__ENSG00000088356
GAGCCGCCCGTAAGGTACGG	MLST8_-_2255521.23-P1P2__ENSG00000167965
GAGCCGCCGTCGGGACACCG	DPAGT1_-_118972536.23-P1P2__ENSG00000172269
GAGCCGCCTCACAGCGATGG	SMG5_+_156252585.23-P1P2__ENSG00000198952
GAGCCGCGATAAACACCCTC	TSFM_+_58176556.23-P1P2__ENSG00000123297
GAGCCGCGGGTGAGATCCCC	NCAPD2_-_6603320.23-P1P2__ENSG00000010292
GAGCCGCGTGAGATCCGCGC	MRPS25_+_15106771.23-P1P2__ENSG00000131368
GAGCCGCTAACAGAGACTAA	ABCB7_-_74376019.23-P1P2__ENSG00000131269
GAGCCGCTACACAGGATCCC	GNPAT_+_231376980.23-P1P2__ENSG00000116906
GAGCCGCTCTAGGTTCATGG	CDC16_+_115000554.23-P1P2__ENSG00000130177
GAGCCGGCGCTCGGCAAGGT	RPS7_-_3622944.23-P1P2__ENSG00000171863
GAGCCGGGAGGCGTTAGCGA	SKP1_-_133512608.23-P1P2__ENSG00000113558
GAGCCGTGGGCACTTTCCAC	TUBGCP6_+_50683388.23-P1P2__ENSG00000128159
GAGCCTCCTTCAGCCCCAAG	SLC1A5_-_47288033.23-P2__ENSG00000105281
GAGCCTCGGTGCGACGTGGA	VPS54_+_64246129.23-P1P2__ENSG00000143952
GAGCCTCTTGAGGAGTTCTC	MRPS22_-_139062922.23-P1P2__ENSG00000175110
GAGCCTGAGGCGAGAGAAAG	PSMC1_-_90723020.23-P1P2__ENSG00000100764
GAGCCTGGCGCGGAGGCTAT	RFT1_+_53164411.23-P1P2__ENSG00000163933
GAGCGAAGCGCACGCTGAGG	EIF2S1_-_67827080.23-P1P2__ENSG00000134001
GAGCGAATCTCGGAGTCGGT	ANAPC2_+_140082989.23-P1P2__ENSG00000176248
GAGCGACACTCACCCTCCGG	PLK1_+_23690651.23-P1P2__ENSG00000166851
GAGCGACTTCTAGGAGCCTG	NUP85_-_73201846.23-P1P2__ENSG00000125450
GAGCGAGCCATTTAACATGG	TERF1_-_73921127.23-P1P2__ENSG00000147601
GAGCGAGCGCGGGGAACCCA	ZBTB14_+_5295839.23-P1P2__ENSG00000198081
GAGCGAGGAGAGCAAGCGGG	USP7_-_9057818.23-P1P2__ENSG00000187555
GAGCGAGGAGGCGTCGGCGT	SRRM2_-_2802729.23-P1P2__ENSG00000167978
GAGCGAGGCACCGGACACCC	CHMP2A_-_59066282.23-P1P2__ENSG00000130724
GAGCGCACGCTGAGGAGGAT	EIF2S1_-_67827085.23-P1P2__ENSG00000134001
GAGCGCAGCGGCTGACGGGC	ATP6V0C_-_2563995.23-P1P2__ENSG00000185883
GAGCGCAGGTGTGGGACGGG	IMPA2_-_11981539.23-P1P2__ENSG00000141401
GAGCGCCACCAAAGAACAAG	ZNF133_+_18269225.23-P1P2__ENSG00000125846
GAGCGCCAGGAGCTGCGGGT	TADA3_-_9834393.23-P1P2__ENSG00000171148
GAGCGCCAGGCAGCGCGGAG	ESPN_-_6484873.23-P1__ENSG00000187017
GAGCGCCAGGGACTACCGGC	CPSF2_+_92588358.23-P1P2__ENSG00000165934
GAGCGCCCAGGCCAACCCTC	SF3A1_-_30752688.23-P1__ENSG00000099995
GAGCGCCCGGGACCTCGTAG	JMJD6_+_74722315.23-P1P2__ENSG00000070495
GAGCGCCGCGGAGAAGAACA	NDUFV2_+_9102739.23-P1P2__ENSG00000178127
GAGCGCCGCGTGGTTAGCGT	MKI67IP_+_122494437.23-P1P2__ENSG00000155438
GAGCGCGAGCCCAAATGGGA	ACIN1_+_23563962.23-P1__ENSG00000100813
GAGCGCGCTAGGGTCCCTGT	non-targeting_01826
GAGCGCGGACGGCTCGGCGC	SLC7A5_+_87902916.23-P1P2__ENSG00000103257
GAGCGCGGGTGAGGTTGCCG	COG1_+_71189215.23-P1P2__ENSG00000166685
GAGCGCGTAGAGGTCCCCCC	non-targeting_03672
GAGCGCGTTTGCCTGTTGAG	CENPH_-_68485438.23-P1P2__ENSG00000153044
GAGCGCTGGTCGGCGTCTGG	TUBD1_+_57970056.23-P1P2__ENSG00000108423
GAGCGCTTCAGTAGCGAGAG	INTS6_+_52027153.23-P1P2__ENSG00000102786
GAGCGCTTCCGGGTCGCCGC	ANAPC15_+_71823713.23-P1P2__ENSG00000110200
GAGCGGAGCCGCGGTCCGGA	PFN1_+_4851797.23-P1P2__ENSG00000108518
GAGCGGAGGCAAGACCCGGG	NAA50_+_113464573.23-P1P2__ENSG00000121579
GAGCGGAGTTCGCCATGGTA	TUBA3D_-_132233780.23-ENST00000321253.6__ENSG00000075886
GAGCGGCCCCGCACCCCGTC	SNRNP70_+_49588915.23-P1P2__ENSG00000104852
GAGCGGCGCCAACTACACGG	WAC_+_28822275.23-P1P2__ENSG00000095787
GAGCGGCGCCGTCACCCTCT	SNRPD1_+_19192365.23-P1P2__ENSG00000167088
GAGCGGCGCGAGGTGAGGAG	EIF5A_-_7211217.23-P1P2__ENSG00000132507
GAGCGGCGCGTGCTCGGTGT	ADAT2_+_143771740.23-P1P2__ENSG00000189007
GAGCGGCTCCTCCTGTGTGA	KDM2A_-_66886795.23-P1P2__ENSG00000173120
GAGCGGCTTCAGCAGATCGG	SOD2_+_160114227.23-P1P2__ENSG00000112096
GAGCGGGCAGAGGCGATGGA	DSTYK_+_205180655.23-P1P2__ENSG00000133059
GAGCGGGCGAGCACCAGCAT	non-targeting_01711
GAGCGGGGCCGCTGGTCCGG	NFATC2IP_-_28962372.23-P1P2__ENSG00000176953
GAGCGGGGGATTTCTTTTCC	TRIM49C_-_89764362.23-ENST00000432771.1-ENST00000448984.1__ENSG00000204449
GAGCGGGTCTGTCCTCTTCA	TEFM_+_29233191.23-P1P2__ENSG00000172171
GAGCGGTTGCTGGTTCTGAC	DHX36_+_154042223.23-P1P2__ENSG00000174953
GAGCGTCATGGAGGGCTCAG	TRMT6_+_5931035.23-P1P2__ENSG00000089195
GAGCGTCCGCCCAGAAGAAG	ARMC6_+_19144442.23-P1P2__ENSG00000105676
GAGCGTGCAGAGCAGCGGCC	CACNB3_-_49209408.23-P2__ENSG00000167535
GAGCGTGGCGTCGCAGTTGG	non-targeting_01939
GAGCGTGGGCCGCCAGACTC	ORC5_+_103848420.23-P1P2__ENSG00000164815
GAGCGTGTGTCCCGACCCAT	CACTIN_-_3626762.23-P1P2__ENSG00000105298
GAGCGTTCGTCTTCCTCGCG	RPL28_-_55897357.23-P1P2__ENSG00000108107
GAGCTACGGAACGGCAGCGG	NAA15_-_140222868.23-P1P2__ENSG00000164134
GAGCTAGAGCCCGGGCTACA	THUMPD1_+_20752927.23-P1P2__ENSG00000066654
GAGCTAGAGCCTGAGGTCGG	TEX10_+_103115133.23-P1P2__ENSG00000136891
GAGCTAGCGACAAAGATCCC	GSPT1_-_12009714.23-P1P2__ENSG00000103342
GAGCTCATAGCAGCAGAGTG	CLNS1A_-_77348773.23-P1P2__ENSG00000074201
GAGCTCATGCGCAGTATGTG	PHB_+_47492231.23-P1P2__ENSG00000167085
GAGCTCCATCCAGATTTCGG	POLR1C_+_43477492.23-P2__ENSG00000171453
GAGCTCCCGCGGGGAACCTC	CDC42_+_22379247.23-P1P2__ENSG00000070831
GAGCTCCGCTGGCAATCCAA	non-targeting_02570
GAGCTCCTGGGACATCGCTC	TCP1_+_160210609.23-P1P2__ENSG00000120438
GAGCTCGAGACTCCAATCCC	FIP1L1_+_54243867.23-P1P2__ENSG00000145216
GAGCTCGGCCACGGGTGGCG	PYURF_+_89444884.23-P1P2__ENSG00000145337
GAGCTCGGGCCTCACCCGGA	TOR2A_+_130497545.23-P1P2__ENSG00000160404
GAGCTGACAGGGAAGGTACC	GBF1_-_104005325.23-P1P2__ENSG00000107862
GAGCTGCACTAGGTGATTCT	TFB2M_+_246729462.23-P1P2__ENSG00000162851
GAGCTGCCACGTCCGAGACC	SEC13_+_10362755.23-P1P2__ENSG00000157020
GAGCTGCCCGGCTCCCGCAG	BMP2K_+_79697485.23-P1P2__ENSG00000138756
GAGCTGCCGAGGCAAAGAGG	PTPMT1_+_47587437.23-P1P2__ENSG00000110536
GAGCTGCCGCCGCACATAGT	DHFR_-_79950787.23-P1P2__ENSG00000228716
GAGCTGTCCGGCCAACCTGC	MRPS27_-_71615981.23-P1P2__ENSG00000113048
GAGCTGTGATGGTGATGACG	LIN54_+_83931898.23-P2__ENSG00000189308
GAGCTGTTCTCTGTCAGTGG	PC_+_66725836.23-P1P2__ENSG00000173599
GAGCTTAAGAATCGTCCGGA	DPPA2_+_109035295.23-P1P2__ENSG00000163530
GAGCTTCCGAATTGGGAGAG	RBM22_-_150080593.23-P1P2__ENSG00000086589
GAGCTTGGGCTCCCTTCCGA	SNRNP35_+_123942733.23-P1P2__ENSG00000184209
GAGCTTGTGTTCCCCCGGAA	TYK2_+_10491184.23-P1P2__ENSG00000105397
GAGCTTTCAGCCACTCGTGC	non-targeting_01799
GAGCTTTGCCCCTCCTTCGG	U2SURP_+_142720444.23-P1P2__ENSG00000163714
GAGGAAGACGAAGGGAGCTA	ACIN1_-_23540292.23-P2__ENSG00000100813
GAGGAAGAGGCACTGCTGAG	SYMPK_+_46366344.23-P1P2__ENSG00000125755
GAGGAAGAGTGGCTCTATGG	FIP1L1_-_54244090.23-P1P2__ENSG00000145216
GAGGAAGATGTCGTAATGAG	SP2_-_45973659.23-P1P2__ENSG00000167182
GAGGAAGCCGAGCCTCAGCT	PREB_-_27357471.23-P1P2__ENSG00000138073
GAGGAAGTCGTGCTCGTTGC	USP5_+_6961472.23-P1__ENSG00000111667
GAGGAAGTGGACAGCATGGA	KRT8_-_53343631.23-P2__ENSG00000170421
GAGGAATACCCGGCAGGCGG	CKAP5_-_46848384.23-P2__ENSG00000175216
GAGGACCCCCCCACGCTCAG	non-targeting_00664
GAGGACCCGGGCCTGGACCC	SPG7_+_89574860.23-P1P2__ENSG00000197912
GAGGACCTGAGGGTTACCGG	ERCC2_+_45873591.23-P1P2__ENSG00000104884
GAGGACGAGTACGCGGTCCC	AAAS_-_53715438.23-P1P2__ENSG00000094914
GAGGACGCGGCCAGGCGATT	ORC4_+_148778242.23-P1P2__ENSG00000115947
GAGGACTACCGGTCTGCCAG	non-targeting_02161
GAGGACTCCGGCACTATGAG	PPA1_+_71993075.23-P1P2__ENSG00000180817
GAGGAGCAATACTACAGCGG	HOXC10_+_54379000.23-P1P2__ENSG00000180818
GAGGAGCAGAAACAAGCCGG	RPN1_-_128369629.23-P1P2__ENSG00000163902
GAGGAGCAGCGGGCCACTGG	RBMX2_-_129536058.23-P1P2__ENSG00000134597
GAGGAGCGCCTCTTTCCCTT	RPL10_-_153626730.23-P1P2__ENSG00000147403
GAGGAGCGGCGCAGGGGATG	HIRA_+_19419212.23-P2__ENSG00000100084
GAGGAGGAGGTCCCGAATAG	AIFM1_+_129299638.23-P1P2__ENSG00000156709
GAGGAGGCCGGAGCAAGTTG	LTBP3_-_65325704.23-P1P2__ENSG00000168056
GAGGAGGCGACTCCACGGGA	SAMD4B_+_39833586.23-P1P2__ENSG00000179134
GAGGAGGTGAGGGCCAATTA	GOLGA6L1_+_22736912.23-ENST00000560659.2__ENSG00000273976
GAGGAGGTGGTGGCTGCGTT	RBM12_+_34252783.23-P1P2__ENSG00000244462
GAGGAGGTTGCGAAAGGCGC	CCNA2_-_122744979.23-P1P2__ENSG00000145386
GAGGAGTCGTCCGCTTATAG	UBE2H_+_129592745.23-P1P2__ENSG00000186591
GAGGAGTTGAGAGAACGGAG	SON_-_34915392.23-P1__ENSG00000159140
GAGGATCCCCAGGCCATACG	METTL21A_-_208489914.23-P1P2__ENSG00000144401
GAGGCAAGCGGCCCAGATCT	HAMP_+_35773493.23-P1P2__ENSG00000105697
GAGGCACCACGACAGACCCG	SOD1_+_33032480.23-P1P2__ENSG00000142168
GAGGCACGCAGGGAGCGTCA	POLR3B_-_106751759.23-P1P2__ENSG00000013503
GAGGCACGCCCGTTGTGTGG	DIEXF_-_210001741.23-P1P2__ENSG00000117597
GAGGCACGGGCACTCCGCGC	non-targeting_02540
GAGGCACTCCTGGCCCCGAG	MAX_-_65568906.23-P1P2__ENSG00000125952
GAGGCAGACGAAACCAGATT	SPATA5L1_+_45694589.23-P1P2__ENSG00000171763
GAGGCAGCGCAGCCTAGGGA	HCRTR1_-_32083355.23-P1P2__ENSG00000121764
GAGGCAGCGCGCGACAATGG	UMPS_-_124449324.23-P1P2__ENSG00000114491
GAGGCAGCGGGCAGACGAGC	AP2M1_-_183892679.23-P1__ENSG00000161203
GAGGCAGGAAAAGCGGAAGA	FAM72D_+_143913122.23-ENST00000400889.1__ENSG00000215784
GAGGCAGGGGATTATTTCTC	ERVW-1_-_92100632.23-ENST00000493463.2__ENSG00000242950
GAGGCAGGTGAGTATAGGTG	KRTAP4-2_-_39334001.23-P1P2__ENSG00000244537
GAGGCCAGCGCGGCCCAGAG	NOMO1_+_14927924.23-P1P2__ENSG00000103512;NOMO3_+_16326739.23-P1P2__ENSG00000103226
GAGGCCCACCTAGAGCCGGG	DNAJA3_-_4475855.23-P1P2__ENSG00000103423
GAGGCCCAGCCTTCTCGTTA	YTHDC1_-_69215701.23-P1P2__ENSG00000083896
GAGGCCCAGTCATCCTACAC	BRD4_-_15391126.23-ENST00000263377.2-ENST00000371835.4__ENSG00000141867
GAGGCCCCGCCGCTATCCCA	VARS2_+_30882095.23-P1P2__ENSG00000137411
GAGGCCCCGCGCGAACCCCG	COQ2_-_84205900.23-P1P2__ENSG00000173085
GAGGCCCGAAGACGCCGAGG	SLBP_+_1713634.23-P1P2__ENSG00000163950
GAGGCCCGGGCGCGACAATC	RPS14_+_149829238.23-P1P2__ENSG00000164587
GAGGCCGACGGGGCGCCGTA	ATP6V1F_-_128502898.23-P1P2__ENSG00000128524
GAGGCCGCCAGCAATAAGAA	UXT_-_47518537.23-P1P2__ENSG00000126756
GAGGCCGCGCAGGTCGAACC	HECTD1_-_31676712.23-P1P2__ENSG00000092148
GAGGCCGCGTGGGGCGAAGG	MRPL14_+_44095129.23-P1P2__ENSG00000180992
GAGGCCGGATGTGAGTGGAG	RAC1_-_6414149.23-P1P2__ENSG00000136238
GAGGCCGGGCTAGGCTTAGG	SNRPD2_+_46195119.23-P1P2__ENSG00000125743
GAGGCCTCGCGGTCCTTCAC	RPP21_+_30312957.23-P1P2__ENSG00000241370
GAGGCCTGAGCGGGAAGCAT	NUP85_-_73201818.23-P1P2__ENSG00000125450
GAGGCCTGCAGACCGCTCAG	AHCTF1_-_247095134.23-P1P2__ENSG00000153207
GAGGCCTGCGTGTCGGAGTG	HJURP_+_234762977.23-P1P2__ENSG00000123485
GAGGCCTTACGTGCCTAGAG	THOC6_+_3074256.23-P1P2__ENSG00000131652
GAGGCGAAGACAGCCATCTT	MRPL51_-_6602409.23-P1P2__ENSG00000111639
GAGGCGAAGGAGCAACCCCG	DENR_+_123237630.23-P1P2__ENSG00000139726
GAGGCGACTGGTTGTTACCG	MED16_+_893165.23-P1P2__ENSG00000175221
GAGGCGAGCGAGGAGACCAC	DUT_+_48624414.23-P1P2__ENSG00000128951
GAGGCGATAGAGGCCGGCGG	MRPL19_+_75874011.23-P1P2__ENSG00000115364
GAGGCGCCCCAGGAAGGAAT	PALB2_-_23652582.23-P1P2__ENSG00000083093
GAGGCGCCTTTAATTTGCGT	non-targeting_03346
GAGGCGCGCTACAGCCGCTT	non-targeting_03751
GAGGCGCGGAGAGATGCCGG	DHX30_+_47866560.23-P1__ENSG00000132153
GAGGCGCGGTGGGTGTCTGC	ARL4D_-_41476396.23-P1P2__ENSG00000175906
GAGGCGGACGCTGTTAGGGG	MRPL46_+_89010571.23-P1P2__ENSG00000259494
GAGGCGGAGGGAACCATGCG	DAXX_+_33290683.23-P1__ENSG00000204209
GAGGCGGCAGCGACCCGGGG	PABPC4_-_40042455.23-P1P2__ENSG00000090621
GAGGCGGCAGGGCTGATCGA	GNL2_+_38061333.23-P1P2__ENSG00000134697
GAGGCGGCCGCGGCATGCTA	GABPB1_-_50646899.23-P1P2__ENSG00000104064
GAGGCGGCGTGGAGATCGCT	EIF2B3_+_45452243.23-P1P2__ENSG00000070785
GAGGCGGCTCCTGCGATCGA	HSP90B1_-_104324265.23-P1P2__ENSG00000166598
GAGGCGGGTGCCGAAGCACG	PCBP2_-_53835509.23-P2__ENSG00000197111
GAGGCGTCCGAAGGGCAGCA	COPA_+_160313005.23-P1P2__ENSG00000122218
GAGGCGTCTGTTCTCGGCAG	EIF4A3_+_78120928.23-P1P2__ENSG00000141543
GAGGCTACGGAGCAGGCGAG	ZNF574_-_42580345.23-P1__ENSG00000105732
GAGGCTAGTGAAGAGCGACA	QARS_-_49142149.23-P1P2__ENSG00000172053
GAGGCTCGGGAGAGGAAACG	NDC80_-_2571946.23-P1P2__ENSG00000080986
GAGGCTCTGGGGAGTCGCCA	VPS35_+_46723041.23-P1P2__ENSG00000069329
GAGGCTGGGGCAACCACCGC	HARS_+_140070923.23-P1P2__ENSG00000170445
GAGGCTGTGGGAGTCCGGGG	WDTC1_-_27561699.23-P1P2__ENSG00000142784
GAGGGAAGCATGGAGGTCCA	C12orf45_-_105380143.23-P1P2__ENSG00000151131
GAGGGAAGCCCGCCCGGTGG	UNC50_-_99225118.23-P1P2__ENSG00000115446
GAGGGAAGCGGTTACCTTGA	MRPL42_+_93861322.23-P1P2__ENSG00000198015
GAGGGAAGGTCAGCTAGAGA	C1QTNF4_-_47615942.23-P1P2__ENSG00000172247
GAGGGAAGTCCCGAGACAAA	UBE2I_-_1359701.23-P1P2__ENSG00000103275
GAGGGACAAGATGGTGCCAC	ATP5I_+_668023.23-P1P2__ENSG00000169020
GAGGGAGTCGCTGTGATCCG	NRBP1_-_27651543.23-P1P2__ENSG00000115216
GAGGGATCGTCCGCAGGATT	KAT7_-_47866099.23-P1P2__ENSG00000136504
GAGGGCAGAAGGAGATCCCA	BCAR1_-_75285241.23-P1__ENSG00000050820
GAGGGCAGCAACCGCACCAG	ATL2_+_38604354.23-P1P2__ENSG00000119787
GAGGGCAGGGTCTCACGGGG	RPL26L1_+_172386510.23-P1P2__ENSG00000037241
GAGGGCCACGAGCTGCGAAA	ATF5_+_50432696.23-P1P2__ENSG00000169136;NUP62_+_50432696.23-P1P2__ENSG00000213024
GAGGGCCACGTTCCAGGGTC	VARS2_-_30882058.23-P1P2__ENSG00000137411
GAGGGCCCGACCCAAAAGTA	KARS_-_75681566.23-P1P2__ENSG00000065427
GAGGGCCCGCGCCGAAGGGC	non-targeting_02272
GAGGGCCCGCTCGTCCTCAG	non-targeting_00121
GAGGGCCGCAGTTGCAGTCA	CEP68_-_65283588.23-P1P2__ENSG00000011523
GAGGGCCGCCCGCACCACCT	RHPN1_+_144451061.23-P1P2__ENSG00000158106
GAGGGCCGCGCGCAGGCGAG	GNPNAT1_-_53258358.23-P1P2__ENSG00000100522
GAGGGCCTAGTACAGCTTAG	MST1_-_49726286.23-ENST00000449682.2__ENSG00000173531
GAGGGCCTCGCGTGAATGAC	PCBP2_+_53846301.23-P1__ENSG00000197111
GAGGGCGGCCTACCTCTCCT	AARS_-_70323332.23-P1P2__ENSG00000090861
GAGGGGAACGAACCCGTGCT	CACNB3_+_49212331.23-P1__ENSG00000167535
GAGGGGAGGAAGCGTGAAAG	SETDB1_+_150898858.23-P1P2__ENSG00000143379
GAGGGGCCGGCAGCCTGGAA	EPS8L1_-_55587247.23-P1__ENSG00000131037
GAGGGGGAAAAAGAGGTCAC	QRSL1_+_107077496.23-P1P2__ENSG00000130348
GAGGGGGAGGTTACTGGTGG	LIN54_+_83931965.23-P2__ENSG00000189308
GAGGGGTCGGAGCAGAGCTG	FDXR_+_72868908.23-P1P2__ENSG00000161513
GAGGGGTCTTTTGTAACATG	non-targeting_02214
GAGGGTCGGCTTCGGGTGTG	SPEN_-_16174345.23-P1P2__ENSG00000065526
GAGGGTCTATATATAAGCGC	NPM1_-_170814840.23-P1P2__ENSG00000181163
GAGGGTCTTAACTCTTGTCC	POLR2D_+_128605175.23-P2__ENSG00000144231
GAGGGTGAGTGTCGCTGCTG	PLK1_-_23690679.23-P1P2__ENSG00000166851
GAGGGTTGAGAGCTTTACAG	KRT8_-_53343612.23-P2__ENSG00000170421
GAGGTAAGGAGATCCGGGTC	EPS8L1_-_55587306.23-P1__ENSG00000131037
GAGGTAGGCCGCAGGCTGTG	ARFRP1_+_62339198.23-P1P2__ENSG00000101246
GAGGTCCGGAAAGAGAGAAC	RPL18_-_49122442.23-P1P2__ENSG00000063177
GAGGTCGAAGTGGCCCATGT	SF3B5_-_144416509.23-P1P2__ENSG00000169976
GAGGTCGCGAAGCACACATG	NOP9_-_24769165.23-P1P2__ENSG00000196943
GAGGTCGCGCTTGGAGGAAG	CDC5L_-_44355475.23-P1P2__ENSG00000096401
GAGGTCGCTTGAGAAAACGT	TUBA1C_+_49659305.23-P1P2__ENSG00000167553
GAGGTCGGGCAGGTTCGCTG	TBP_-_170863481.23-P1P2__ENSG00000112592
GAGGTGAGGCAACTAGACGT	INO80_+_41408150.23-P1P2__ENSG00000128908
GAGGTGCTGCACAGCTGTGG	PLRG1_+_155471521.23-P1P2__ENSG00000171566
GAGGTGCTGTGTAATCATTA	PSMC2_-_102988132.23-P1P2__ENSG00000161057
GAGGTGGTTACATTCGTTGA	USMG5_+_105156196.23-P1P2__ENSG00000173915
GAGGTGTCCAGAGCACGGTA	TTF2_-_117603001.23-P1P2__ENSG00000116830
GAGGTTCGGAGCGGGAGCTC	CHTF18_-_838671.23-P1P2__ENSG00000127586
GAGGTTCGGGTCAGAATACG	SNRPE_-_203830890.23-P1P2__ENSG00000182004
GAGGTTGCCCGAGGATGGTC	MRPS7_-_73258021.23-P1P2__ENSG00000125445
GAGGTTGCTGTTCCCAGCCA	FDXR_+_72869065.23-P1P2__ENSG00000161513
GAGGTTGGAATGCGCCCCAG	TUBB_+_30688173.23-P1__ENSG00000196230
GAGGTTGTCTAGTCCACGCT	RPS16_+_39926539.23-P1P2__ENSG00000105193
GAGGTTGTGAGTAACCCCGT	TTC1_-_159436216.23-P1P2__ENSG00000113312
GAGTAACCCGCAATGCGGAA	UNC45A_-_91473443.23-P2__ENSG00000140553
GAGTACAACGCCGGGCCGTG	PHF10_+_170124573.23-P1P2__ENSG00000130024
GAGTACCTCCATGGTCCCGG	CDC23_+_137548970.23-P1P2__ENSG00000094880
GAGTACGAAGGGCTGAGATA	HMBOX1_+_28748118.23-P1P2__ENSG00000147421
GAGTACGGCGCGGAGGTCAA	NEMF_-_50319451.23-P1P2__ENSG00000165525
GAGTAGCGACGGCAGCGGGC	TERF2_+_69419708.23-P1P2__ENSG00000132604
GAGTAGGCAGAGAGCGGACC	EXOSC4_-_145133618.23-P1P2__ENSG00000178896
GAGTATGTTGGAGTTGGTGG	SF3B3_-_70557770.23-P1P2__ENSG00000189091
GAGTCACCCGGCAGAGATAT	RPS21_+_60962128.23-P1P2__ENSG00000171858
GAGTCACCGCGGAGCAGACG	POLR2C_-_57496613.23-P1P2__ENSG00000102978
GAGTCACGCGGCTCCCATCG	non-targeting_00164
GAGTCAGAGATGTGTTCCTG	non-targeting_00538
GAGTCAGCCCAGCCGGCCAG	ADAM10_+_59041561.23-P1P2__ENSG00000137845
GAGTCCCACTCGGGGGAAGG	AGBL5_+_27274969.23-P1__ENSG00000084693
GAGTCCGGCCCGCCGAGGAA	ATP5A1_-_43678159.23-P1__ENSG00000152234
GAGTCCTGGCGCCCCGCTGG	ZNF133_-_18269198.23-P1P2__ENSG00000125846
GAGTCCTGGGCCCAGATCTG	SPDYE2_+_102191690.23-ENST00000432940.1-ENST00000507918.1__ENSG00000205238
GAGTCGCTGCGGGGCTGACG	RPAP3_+_48099764.23-P1P2__ENSG00000005175
GAGTCGGAGCTCTATGGAGG	EIF4G2_+_10830441.23-P1__ENSG00000110321
GAGTCGGCAAAGCCACGGGT	MPHOSPH10_-_71357866.23-P1P2__ENSG00000124383
GAGTCGGCCCTGGTCGGAGG	DTL_+_212209345.23-P1P2__ENSG00000143476
GAGTCGGGCCTCGGAAGGGA	STAG2_+_123095681.23-P1__ENSG00000101972
GAGTCGTGGCTGCAGCGCTG	ACTR8_+_53916157.23-P1P2__ENSG00000113812
GAGTCTCACGCGTGCGACCT	RPLP2_+_809986.23-P1P2__ENSG00000177600
GAGTCTCAGGACGGGCGCTT	DAP3_-_155658904.23-P1P2__ENSG00000132676
GAGTCTCCGCAAGGCCCCGG	ATP5B_-_57039709.23-P1P2__ENSG00000110955
GAGTCTGACGGTCAGTGGAT	COPB2_+_139108459.23-P1P2__ENSG00000184432
GAGTCTTCGGCGAGACCTAC	EXOC2_+_693061.23-P1P2__ENSG00000112685
GAGTCTTCTCCGCCATGGTA	DCTN6_+_30013892.23-P1P2__ENSG00000104671
GAGTGAAACGAATAACTCTA	OR4F4_+_102463258.23-ENST00000326183.3__ENSG00000177693
GAGTGAAGCTGGGCTCGAGA	VPS54_+_64246255.23-P1P2__ENSG00000143952
GAGTGAAGGTTGCCCGAGGA	MRPS7_-_73258016.23-P1P2__ENSG00000125445
GAGTGAGCGCGGCCGTACTT	NOL11_-_65714052.23-P1P2__ENSG00000130935
GAGTGCCGGGACGAGGTGAG	KIN_+_7829774.23-P1P2__ENSG00000151657
GAGTGCGTGACGCTCGTCAG	GNL3_-_52720042.23-P1P2__ENSG00000163938
GAGTGGATAGGGAAGACCTC	ASUN_-_27090711.23-P1P2__ENSG00000064102
GAGTGGCAGCTGCAGCCCGG	AARS2_+_44281027.23-P1P2__ENSG00000124608
GAGTGGCCGGTCCAGAGCTG	AATF_-_35306286.23-P1P2__ENSG00000275700
GAGTGGCCTTGTTAAGGGAC	non-targeting_02967
GAGTGGGAGCTGCCGGGAGT	POLR3K_+_103606.23-P1P2__ENSG00000161980
GAGTGGGCCCGGCGAATGGA	DDB1_+_61100263.23-P1__ENSG00000167986
GAGTGGGCGCGGATCTGGTG	SPC25_+_169746860.23-P1P2__ENSG00000152253
GAGTGGTCAGTGGATGACGT	non-targeting_03324
GAGTGGTCCTCCGCCGGCTA	RANBP2_-_109335960.23-P1P2__ENSG00000153201
GAGTGGTCGCTTCTTCTCCT	RCC1_-_28832596.23-P1__ENSG00000180198
GAGTGGTGAGTTGGAGCGCA	WDR61_+_78591885.23-P1P2__ENSG00000140395
GAGTGTGACGGCTGGAACTC	RNMT_-_13726752.23-P1P2__ENSG00000101654
GAGTGTTTACGGTATTTTTG	non-targeting_01095
GAGTTACAGACAGCTGACCA	UROD_-_45477940.23-P1P2__ENSG00000126088
GAGTTCCAGTACAGCGTGGA	NOP58_-_203130508.23-P1P2__ENSG00000055044
GAGTTCGGCGGGGAAGATGG	SLC35A4_-_139944434.23-P1P2__ENSG00000176087
GAGTTCTGCCCATGACCAAT	ZNF676_+_22379558.23-ENST00000397121.2__ENSG00000196109
GAGTTGCGCGCACAGAAGGC	MRPL49_-_64889803.23-P1P2__ENSG00000149792
GAGTTGGACTGGTGGGAACT	EIF1AD_+_65769557.23-P1P2__ENSG00000175376
GAGTTGGCGTGCTAGTGGGA	TAF13_+_109618565.23-P1P2__ENSG00000197780
GAGTTGGGGGGTGATCTCTG	MTBP_-_121457707.23-P1P2__ENSG00000172167
GAGTTGGTAGAGACCATTCA	COPS5_-_67974403.23-P1P2__ENSG00000121022
GAGTTGTCTTGGTAGTTACT	NCL_+_232326222.23-P2__ENSG00000115053
GAGTTGTGTTGTGCCAATGG	ZNHIT1_-_100861482.23-P1P2__ENSG00000106400
GAGTTTGAGGCACTAGGAGG	XPO1_+_61765384.23-P1P2__ENSG00000082898
GATAACGGCCCGCTTACCTT	XRCC6_+_42017343.23-P1P2__ENSG00000196419
GATACGCTACGTAGCGAAAA	non-targeting_00271
GATACGTGCCCACTCAGGAG	UQCRC1_-_48643052.23-P2__ENSG00000010256
GATAGCATGGATGCGTGGTG	non-targeting_00693
GATAGCGGGCGCGTCGAGCT	EIF4B_+_53400192.23-P1P2__ENSG00000063046
GATAGGAAGCCGCCTCAGCA	MRPS18B_+_30585664.23-P1P2__ENSG00000204568
GATAGGCCGCCGGCCAGATG	HSCB_-_29138088.23-P1P2__ENSG00000100209
GATAGGGACCAGGGTAGAAG	BCAS2_-_115124045.23-P1P2__ENSG00000116752
GATATGCGTAGGACGGGGGG	non-targeting_03467
GATCAATCTGAAGTCCCCGG	MED1_-_37607464.23-P1P2__ENSG00000125686
GATCACCTGAATAAAGGCAT	HNRNPM_-_8536287.23-P2__ENSG00000099783
GATCAGAGCAAGGAAGGGCA	EPS8L1_-_55591777.23-P2__ENSG00000131037
GATCAGAGGAGGGGACCGGT	CDC37_-_10506403.23-P1P2__ENSG00000105401
GATCAGTGACCTCCTCCTGT	TBC1D28_-_18545637.23-ENST00000345096.4__ENSG00000189375
GATCATGGATCACACTGGTA	CBLL1_-_107384626.23-P1P2__ENSG00000105879
GATCCAGGCGGGGGACCCTG	POLR2E_+_1089911.23-P2__ENSG00000099817
GATCCCGGGAACGAGATGTC	RPL7_+_74205616.23-P1P2__ENSG00000147604
GATCCGCGTCCTAGAAAGGG	POLR3C_+_145610846.23-P1P2__ENSG00000186141
GATCCGCTGGGTGTAGCCGT	ACD_+_67694124.23-P1P2__ENSG00000102977
GATCCGGCGTGGACCCGGGA	LZTR1_-_21336663.23-P1P2__ENSG00000099949
GATCCGGGACCCGGGCCTAG	PRRC2A_+_31588595.23-P1P2__ENSG00000204469
GATCCGGGTAACGTCAGGGG	RNGTT_-_89673283.23-P1P2__ENSG00000111880
GATCCGTCAGGCCGGAACCA	DNAJC17_+_41099640.23-P1P2__ENSG00000104129
GATCCTGGGACCCACACCTC	CD3EAP_+_45909934.23-P1P2__ENSG00000117877
GATCGACAGTCTAGCGGCTG	non-targeting_00318
GATCGCAGTCCCGGACACAG	LTBP4_+_41120293.23-P2__ENSG00000090006
GATCGCGCCGAGCCCACGTG	EXOSC5_-_41903252.23-P1P2__ENSG00000077348
GATCGCGGCGAAGGGGACAG	PSMD6_-_64009114.23-P1P2__ENSG00000163636
GATCGCTGCCGAGGGCCGTG	MCM7_-_99698936.23-P1P2__ENSG00000166508
GATCGGCCCCGGGTCTGTCC	TMEM127_+_96931705.23-P1P2__ENSG00000135956
GATCGGCCGGTCCCAGATGC	TFAP4_-_4322870.23-P1P2__ENSG00000090447
GATCGGGAGATTCGGGACCA	POLA1_-_24712081.23-P1P2__ENSG00000101868
GATCGGGCGGCGGTTCCCAG	THAP1_-_42698019.23-P1P2__ENSG00000131931
GATCGGGGCTAGGGGAACCC	CAST_-_95997966.23-P2__ENSG00000153113
GATCGGGGGAGCGGAGGTGA	ZNF317_+_9251231.23-P1P2__ENSG00000130803
GATCGGGTGGCGGCTCGGGA	TFRC_+_195808926.23-P1P2__ENSG00000072274
GATCTAAGGGGGCCTACCAG	PRPF18_+_13629281.23-P1P2__ENSG00000165630
GATCTAATGTCCTCCCCCGG	MCEE_+_71357191.23-P1P2__ENSG00000124370
GATCTCCTAGGAGCTAGTCC	SPRTN_-_231474045.23-P1P2__ENSG00000010072
GATCTCTGGTGGCTCTGCTA	ELP3_-_27950720.23-P1P2__ENSG00000134014
GATCTGGGCCGGGTGGACGG	SNRPC_-_34725456.23-P1P2__ENSG00000124562
GATCTTATGGCCGAAGGGGA	ZNF100_-_21950097.23-P1P2__ENSG00000197020
GATCTTGGCAAGAGGCGAAG	ARCN1_-_118443144.23-P1P2__ENSG00000095139
GATGAACTCTCCCGCCACCC	PRIM2_-_57182450.23-P1P2__ENSG00000146143
GATGAAGTAAGCACGACCCG	RPL24_+_101405498.23-P1P2__ENSG00000114391
GATGACCGTTACATTGTCAA	EIF5_-_103803091.23-P2__ENSG00000100664
GATGACGCCCGAGGACCCAG	SLC2A8_-_130159530.23-P1P2__ENSG00000136856
GATGAGCCAGACGGAGTAAC	BRD8_+_137513959.23-P1P2__ENSG00000112983
GATGAGCCCGGGCAAATGTG	PELP1_-_4607218.23-P1P2__ENSG00000141456
GATGAGGAATAGGGTGAGGT	KRR1_+_75904938.23-P1P2__ENSG00000111615
GATGAGGACAGATGAAATGG	COX7C_+_85913816.23-P1P2__ENSG00000127184
GATGAGGGCGGCCATTGCTG	PDPK1_-_2588030.23-P1P2__ENSG00000140992
GATGAGTAGCCTCGGAGCGG	non-targeting_00794
GATGATGTGGCACCTGAAAG	RSL1D1_+_11933720.23-P2__ENSG00000171490
GATGCAAGGTCCAACTTCGG	non-targeting_02049
GATGCAGGGCCTGGGAACAG	TRIAP1_-_120884014.23-P1P2__ENSG00000170855
GATGCCACAGCGAAGATCAA	NXF1_-_62572847.23-P1__ENSG00000162231
GATGCCAGGGAGACCTCGGT	CASP8AP2_-_90539614.23-P1P2__ENSG00000118412
GATGCGCAGGCAGGTGATGG	DPH1_-_1933469.23-P1__ENSG00000108963
GATGCGCTCGGAAAAGGAGG	UPF3A_-_115047135.23-P1P2__ENSG00000169062
GATGCGGCTCTGCAGGTACG	NOB1_+_69788742.23-P1P2__ENSG00000141101
GATGCTCCCGGGTGAGCTCG	RPS13_+_17099153.23-P1P2__ENSG00000110700
GATGCTCTGTCTCTCCGTGG	OR1E2_+_3336672.23-ENST00000248384.1__ENSG00000127780
GATGGAGTAACCTGACAGCG	DICER1_+_95623701.23-P1P2__ENSG00000100697
GATGGCAGCGCTGTGAGCAG	CUL2_+_35379233.23-P1P2__ENSG00000108094
GATGGCCGCGGGAGCCGGGA	TERF2_+_69419852.23-P1P2__ENSG00000132604
GATGGCGGACGACGTAGACC	LSM3_-_14220381.23-P1P2__ENSG00000170860
GATGGCGGCAGGGGTCGAAG	HNRNPM_-_8509903.23-P1__ENSG00000099783
GATGGCGGCGGCCTCAGCTG	BRD2_+_32940426.23-P1__ENSG00000204256
GATGGCGGCGGTGTTGAGGT	SFSWAP_-_132195670.23-P1P2__ENSG00000061936
GATGGCGGCTTCTCAGGCGG	POLR1C_-_43484868.23-P1__ENSG00000171453
GATGGCGGGGTCTCCTGAGT	NSL1_+_212965083.23-P1P2__ENSG00000117697
GATGGCGTCTGTATGATCTT	CWC15_+_94706688.23-P1P2__ENSG00000150316
GATGGGCAAGAATACGCCAG	non-targeting_00709
GATGGGCCAAATGCTCTTGT	SON_+_34922044.23-P2__ENSG00000159140
GATGGGTTCGTGCTGCAGAG	HNRNPU_-_245027750.23-P1P2__ENSG00000153187
GATGGTGGCCGGCCCAGGCG	CPNE7_+_89642204.23-P1P2__ENSG00000178773
GATGGTGTGCGCAAACTGAG	THUMPD1_-_20753080.23-P1P2__ENSG00000066654
GATGTCCGGGAGGGAACGGG	NCAPH2_+_50946746.23-P1P2__ENSG00000025770
GATGTCGGTGGCCTTCGTAC	SS18L2_-_42632410.23-P1P2__ENSG00000008324
GATGTGCGGATACTACCTCA	TTC27_+_32853193.23-P1P2__ENSG00000018699
GATGTGGCGGCCGGATCACC	FOXD4_-_118168.23-ENST00000382500.2__ENSG00000170122
GATGTGTCGAAAGTAAAGAG	HIST1H2BC_-_26124168.23-P1P2__ENSG00000180596
GATGTTGGCCGCCGCTGCGA	CAMLG_+_134074249.23-P1P2__ENSG00000164615
GATTAAATCTGTAACATCAA	CCND1_+_69467581.23-P2__ENSG00000110092
GATTACTTCCCCCCAACCGG	CCT5_+_10250415.23-P1P2__ENSG00000150753
GATTCAGCCTCGCCTCACCC	IGBP1_-_69353474.23-P1P2__ENSG00000089289
GATTCCCCCAGGATGGTGAG	non-targeting_01593
GATTCCCGCCGCCCACGCAG	RPS2_-_2014779.23-P1P2__ENSG00000140988
GATTCGCGCTGAGAGGCCCG	TELO2_-_1543415.23-P1P2__ENSG00000100726
GATTCTGCTGTGTAGAATCC	ZNF676_-_22379471.23-ENST00000397121.2__ENSG00000196109
GATTCTGTCGGATGGACTTG	SLU7_+_159846048.23-P1P2__ENSG00000164609
GATTCTGTTAACGGTAGTGG	POLG2_+_62493140.23-P1P2__ENSG00000256525
GATTGACCGGACGGTGTCGC	non-targeting_00221
GATTGCCTCGGTGATGTCGT	YAE1D1_-_39606026.23-P1P2__ENSG00000241127
GATTGGAAGTTTCCTGTTTT	SPDYE2_+_102196618.23-ENST00000341656.4__ENSG00000205238
GATTGGTCCAATGTGATGTG	MTRNR2L1_+_22023007.23-P1P2__ENSG00000256618
GATTGTGCGACCAACTCCTC	TRPM7_-_50978936.23-P1P2__ENSG00000092439
GATTGTTATAAATGCTAAGT	RPS3_-_75111920.23-P2__ENSG00000149273
GATTTAGGGTACCAGACCAC	YARS2_-_32908772.23-P1P2__ENSG00000139131
GATTTCGCGCTGCCCATCCC	TAF7_+_140700244.23-P1P2__ENSG00000178913
GCAAAAAGCACCCTCAGCCG	non-targeting_03123
GCAAAAGAAACGAATAACGC	non-targeting_03758
GCAAAAGGACATGAGAAACG	ZNF718_-_154794.23-ENST00000502662.1__ENSG00000250312
GCAAACTGCGGAGGGTGACA	CCDC115_+_131099730.23-P1P2__ENSG00000136710
GCAAAGCGAGCTCACCATGA	RPL18_-_49122404.23-P1P2__ENSG00000063177
GCAAAGCGGAGAACGCTGGT	EMC4_-_34517254.23-P1P2__ENSG00000128463
GCAAAGCGTGAGAACCCTCC	C1orf109_-_38156166.23-P1__ENSG00000116922
GCAAATAAAGGGGAGCGCAG	WTAP_-_160148592.23-P1P2__ENSG00000146457
GCAACACTCACCATAAGCCG	RPL29_-_52029883.23-P1P2__ENSG00000162244
GCAACAGCGACTACGAGGGA	SUGT1_-_53227058.23-P1P2__ENSG00000165416
GCAACCCGCAGTGTCGGGGT	COX6C_-_100905842.23-P1P2__ENSG00000164919
GCAACCCGGACGCGACGAGA	ZC3H8_-_113012642.23-P1P2__ENSG00000144161
GCAACCGGCGGAGACCGCTA	CCT5_+_10250403.23-P1P2__ENSG00000150753
GCAACGCCACCATGATCCCA	NCAPD3_-_134093829.23-P1P2__ENSG00000151503
GCAACGCGCGGATCTCAGCA	LRPPRC_-_44223078.23-P1P2__ENSG00000138095
GCAACTGACGGACTCCATAT	TBCC_-_42713815.23-P1P2__ENSG00000124659
GCAACTGCGGTCCAGCTCCG	KDELC2_-_108369127.23-P1P2__ENSG00000178202
GCAAGAGAACCCTTGAGGTA	MRPL45_+_36453159.23-P1P2__ENSG00000278845
GCAAGATGAACCGACTCTTC	CHMP5_-_33265093.23-P1P2__ENSG00000086065
GCAAGATGGTGAGTGACTAA	PSMC1_-_90722958.23-P1P2__ENSG00000100764
GCAAGCGCAGCCAGTCCCCG	TYK2_-_10491130.23-P1P2__ENSG00000105397
GCAAGGAGCAGAAGTACGAC	NAE1_+_66864757.23-P1P2__ENSG00000159593
GCAAGGCCAACCGAGCTCCT	EXOC8_-_231473581.23-P1P2__ENSG00000116903
GCAAGGGGCGAACAGAGAGA	ZFR_-_32444319.23-P1P2__ENSG00000056097
GCAAGTAGGTCCCGGGTCGA	non-targeting_01764
GCAAGTTACCCACGAGTCCC	RPE_+_210867345.23-P1P2__ENSG00000197713
GCAATAATTCAGAGCGGCGG	CBLN1_+_49315694.23-P1P2__ENSG00000102924
GCAATATGTCGGACCCACGG	WDR83OS_+_12780184.23-P1P2__ENSG00000105583
GCAATCCGCCCCGCAGGTGG	RCCD1_-_91500348.23-P2__ENSG00000166965
GCAATCGTGCCAGTCGCAGT	PNISR_+_99848928.23-P2__ENSG00000132424
GCAATCTGGGAAAGACCTGT	ZNF506_-_19932149.23-P1P2__ENSG00000081665
GCAATGACTTGGGACGAGAT	COX7B_+_77155209.23-P1P2__ENSG00000131174
GCACAAACCGCCCGACCCAG	TUBGCP4_-_43663451.23-P1P2__ENSG00000137822
GCACACAGAAGCGGCCATAG	INTS3_+_153700546.23-P1P2__ENSG00000143624
GCACACAGGCCTAGCGATCT	non-targeting_00139
GCACACCCAGGCTCCCGTTC	SPCS3_+_177241171.23-P1__ENSG00000129128
GCACACCCGGCTCGAGATGG	EIF3J_-_44829398.23-P1P2__ENSG00000104131
GCACAGCAGCTCTCCAAAGC	MED27_-_134955263.23-P1P2__ENSG00000160563
GCACAGCCTGTCCCCCGTCC	BRCA1_-_41277370.23-P1P2__ENSG00000012048
GCACAGCGCGGCAGCGGGTC	NAA50_+_113465067.23-P1P2__ENSG00000121579
GCACAGCTCGTGAGTGGACG	BIRC5_+_76210725.23-P1P2__ENSG00000089685
GCACAGGCGGGCACTCTCTG	EMC3_+_10052758.23-P2__ENSG00000125037
GCACAGGGGCCGGCACCACG	CLPB_+_72145538.23-P1P2__ENSG00000162129
GCACAGTACAAGAAAGGCAG	RBM4_+_66406241.23-P2__ENSG00000173933
GCACAGTCTGGGACCCGTGG	RPIA_-_88991376.23-P1P2__ENSG00000153574
GCACAGTGGTCCGGGACCGG	PTK2_-_142011343.23-P1P2__ENSG00000169398
GCACATAAGAGGCTGCGTAT	RPLP1_-_69745147.23-P1P2__ENSG00000137818
GCACATCCCGGGACTCACAC	MRPS18C_-_84377330.23-P1P2__ENSG00000163319
GCACCAAAGTGTCAAATGAA	HIST2H2AC_+_149859001.23-P1P2__ENSG00000184260
GCACCAACCCGGAACCACTT	SDHD_+_111957583.23-P1P2__ENSG00000204370
GCACCACGACAGACCCGCGG	SOD1_+_33032477.23-P1P2__ENSG00000142168
GCACCACTGGCATGCTTGAA	non-targeting_01434
GCACCATACAAAACCTCCGG	SMUG1_-_54582517.23-P1P2__ENSG00000123415
GCACCATGGCGCCAGCTCCC	NOP56_+_2633290.23-P1P2__ENSG00000101361
GCACCATGTTGCCGGTCCTC	XRCC5_+_216974143.23-P1P2__ENSG00000079246
GCACCCAGAGCCCCCAAAAA	WDR92_-_68384628.23-P1P2__ENSG00000243667
GCACCCGCTAGGCCGCTGCT	TARDBP_+_11072781.23-P1P2__ENSG00000120948
GCACCCGGCGGGTGCCTCTT	non-targeting_01308
GCACCCTGATCAGGGAGTAT	DSN1_+_35402133.23-P1P2__ENSG00000149636
GCACCGCAGGTCGAGACAGC	HARS_+_140070910.23-P1P2__ENSG00000170445
GCACCGCGGAGCAGACGCGG	POLR2C_-_57496616.23-P1P2__ENSG00000102978
GCACCGGCACCGGACGACTT	non-targeting_02376
GCACCGGTAGGAGACACGCT	non-targeting_01127
GCACCGTCCGGATCCCCCCT	POLR3H_+_41940057.23-P1P2__ENSG00000100413
GCACCGTGTGCCGGAGATAG	DPM2_+_130700064.23-P1P2__ENSG00000136908
GCACCTAGAACTGGATTGTG	MED24_+_38210612.23-P1P2__ENSG00000008838
GCACCTCCAGATCTCACTAG	HMGCR_+_74633106.23-P1P2__ENSG00000113161
GCACCTCCGCGGGTCACCCC	HMGB1_-_31191644.23-P2__ENSG00000189403
GCACCTGAAGGCAACAGCAC	RPP38_+_15139358.23-P1P2__ENSG00000152464
GCACCTGCCTCAGGCCGGAT	PPY_-_42019846.23-P1P2__ENSG00000108849
GCACGACAAGGGACCCGAGG	USF2_-_35760370.23-P1P2__ENSG00000105698
GCACGACGTGCAGAGTCAGA	non-targeting_01640
GCACGAGGTCTGAGAGACAG	NOP16_+_175815576.23-P1P2__ENSG00000048162
GCACGAGTCCCAGATAGCTA	non-targeting_02622
GCACGCCAGCGGGTAGGGGT	TPT1_-_45915532.23-P1P2__ENSG00000133112
GCACGCCCCGGCGGAGGGTG	UBE2N_+_93835347.23-P1P2__ENSG00000177889
GCACGCCGGACCGGAGAGCG	POP5_+_121019173.23-P1P2__ENSG00000167272
GCACGCCGTGTCAGTCGGGA	DDX1_-_15732017.23-P1P2__ENSG00000079785
GCACGCGGCCCGGTCGCTGT	BOP1_+_145515090.23-P1__ENSG00000261236
GCACGCGGGGCCCAAGATGG	UQCC2_+_33679456.23-P1P2__ENSG00000137288
GCACGGACGCCGTCCCTCCT	LAMTOR1_+_71814301.23-P1P2__ENSG00000149357
GCACGGATGGCTCGGATACG	RPS24_+_79793693.23-P1P2__ENSG00000138326
GCACGGATGGTCCAACTCAG	ASNA1_+_12848657.23-P1P2__ENSG00000198356
GCACTCAGCTACAGAGCCCG	ADAT2_-_143771826.23-P1P2__ENSG00000189007
GCACTCAGGAGGGACAGTCG	RHPN1_-_144451032.23-P1P2__ENSG00000158106
GCACTCCGCCCTAGTTTCTA	EIF4A1_-_7476155.23-P1P2__ENSG00000161960
GCACTCGCGGCGGAGGCAAG	ATRIP_-_48488160.23-P1P2__ENSG00000164053
GCACTGCTCCAGGCAGGCGA	SNAPC4_-_139271939.23-P1P2__ENSG00000165684
GCACTGCTGCCACACGCTCA	PWP1_+_108079592.23-P1P2__ENSG00000136045
GCACTGGAAGGGCCGTGGAA	CENPA_+_26987565.23-P1__ENSG00000115163
GCACTGGGCCGCTCCGGGTG	ARHGAP6_+_11445607.23-P1P2__ENSG00000047648
GCACTGTAGGTGAGCGCGAG	NUF2_-_163291869.23-P1P2__ENSG00000143228
GCACTGTCTCCTGCCCGATG	MED30_+_118533216.23-P1P2__ENSG00000164758
GCAGAACAGGAGCCAAACAC	DRG1_+_31795995.23-P1P2__ENSG00000185721
GCAGAACCTACTATGTGCGG	DHFR_+_79950771.23-P1P2__ENSG00000228716
GCAGAACGCTCGGTGAGAGG	DNAJA1_-_33025302.23-P1__ENSG00000086061
GCAGAAGGACGGGAGAGCAG	PPP2R1A_+_52716105.23-P2__ENSG00000105568
GCAGAAGTTGGGGTCTCCGT	TIMM10_+_57298154.23-P1P2__ENSG00000134809
GCAGACAGCAGTACCCACAC	KIF18B_-_43025076.23-P1P2__ENSG00000186185
GCAGACCACAACGGACGCAA	non-targeting_03035
GCAGAGAAGGCGGGTAGGAA	GPS2_+_7218639.23-P1P2__ENSG00000132522
GCAGAGAGGCACAAAGGACG	RPL37_-_40835245.23-P1P2__ENSG00000145592
GCAGAGCCAGGGTCCCGGAG	non-targeting_02493
GCAGAGCCAGTAACAGACAG	MSTO1_+_155582425.23-P1P2__ENSG00000125459
GCAGAGCCGTGGGGGACCCG	MRPS14_-_174992444.23-P1P2__ENSG00000120333
GCAGAGCGAGAACATTCCAG	EIF5_-_103800597.23-P1__ENSG00000100664
GCAGAGCGCAGCGCCTACCG	CTDP1_+_77439877.23-P1P2__ENSG00000060069
GCAGAGCGCCCCGACCGGGA	CDAN1_+_43029296.23-P1P2__ENSG00000140326
GCAGAGCTACCATGAGCAAG	KIAA1143_+_44803082.23-P1P2__ENSG00000163807
GCAGAGCTCGGGCGAGCGGG	PABPN1_-_23791109.23-P1P2__ENSG00000100836
GCAGAGGCATCCAAAAGTCC	non-targeting_02549
GCAGAGGCCGAGTCCGTCAC	ANLN_-_36429483.23-P1P2__ENSG00000011426
GCAGAGGGCAGTCGGAACAC	DRG1_+_31795837.23-P1P2__ENSG00000185721
GCAGAGGGCCTTACCCGAGG	NELFE_-_31926676.23-P1P2__ENSG00000204356
GCAGAGGTGAGTGACGGCTC	CTR9_+_10772865.23-P1P2__ENSG00000198730
GCAGAGTGCTAGCTCCCCGG	SAP130_+_128785612.23-P1P2__ENSG00000136715
GCAGAGTTCCGCCTCACCTC	CAP1_+_40506449.23-P1P2__ENSG00000131236
GCAGCAAACGCCGAACTCCC	PIK3R4_-_130465652.23-P1P2__ENSG00000196455
GCAGCAAAGAGCGGAGCTGA	BTAF1_-_93683571.23-P1P2__ENSG00000095564
GCAGCAACCGCACGGCCGCA	SMC3_+_112327512.23-P1P2__ENSG00000108055
GCAGCAAGTGTCGGATCCGC	PSMB1_+_170862342.23-P1P2__ENSG00000008018
GCAGCACCGGCAAGCAACCC	MARS_+_57881899.23-P1P2__ENSG00000166986
GCAGCACCTCGGAAAGCCCA	GOLT1B_+_21654809.23-P1P2__ENSG00000111711
GCAGCACCTCGGGCTCAGGG	PPP1R10_-_30584296.23-P1P2__ENSG00000204569
GCAGCACGCGGAGGGAAGCC	DNAAF3_+_55672022.23-P2__ENSG00000167646
GCAGCAGAGTCCGCACGCTC	CCND1_-_69455972.23-P1__ENSG00000110092
GCAGCAGAGTGCGGCAACAC	CLNS1A_-_77348782.23-P1P2__ENSG00000074201
GCAGCAGCATGGGACAGTCA	PPAN_-_10217084.23-P1P2__ENSG00000130810
GCAGCAGGCGGGCCCCCGCG	UXS1_+_106810727.23-P1P2__ENSG00000115652
GCAGCAGTGACCACGTTAAA	SNRPA_+_41257563.23-P1P2__ENSG00000077312
GCAGCATGAGTGTACTGCTG	NDUFAF7_-_37458865.23-P1P2__ENSG00000003509
GCAGCCACCCGGTCCCCCTC	MED28_-_17616331.23-P1P2__ENSG00000118579
GCAGCCAGCGCGGCTCCTAT	HMGB1_-_31040100.23-P1__ENSG00000189403
GCAGCCCAAAAAACAAAGCA	ALG1L_-_125655482.23-ENST00000340333.3__ENSG00000189366
GCAGCCCACAGCGCGCACCG	MRPS5_-_95787528.23-P1P2__ENSG00000144029
GCAGCCCCCAACTCGAGGAC	SUDS3_+_118814387.23-P1P2__ENSG00000111707
GCAGCCCCTCGGGTGAGTGT	NUTF2_-_67880898.23-P1P2__ENSG00000102898
GCAGCCCGCACCCCGCGCAG	ABCG1_-_43639282.23-P1P2__ENSG00000160179
GCAGCCGAGCGGAAAGGAAG	RPL13_+_89627082.23-P1P2__ENSG00000167526
GCAGCCGCCTCAGCACACAC	PITRM1_-_3214937.23-P1P2__ENSG00000107959
GCAGCCGGGACCCGTTACCC	TAF1B_+_9983626.23-P1P2__ENSG00000115750
GCAGCCTCGCCATCAGACTC	SAP30BP_+_73663509.23-P1P2__ENSG00000161526
GCAGCCTCTGGGTCCTCGGT	ATP6V1A_-_113465930.23-P1P2__ENSG00000114573
GCAGCCTGATAGGATGGCGG	CENPE_+_104119466.23-P1P2__ENSG00000138778
GCAGCCTGGCCGACCTCACT	HECTD1_-_31676484.23-P1P2__ENSG00000092148
GCAGCCTTGCCACACACCTC	PPIE_-_40204965.23-P1P2__ENSG00000084072
GCAGCGAAGGACTATGGCAG	N6AMT1_+_30257657.23-P1P2__ENSG00000156239
GCAGCGAATGCGGCAGCGGG	PPP1R15B_-_204380714.23-P1P2__ENSG00000158615
GCAGCGACGAGAGACCTCTC	PDCD6_+_271780.23-P1P2__ENSG00000249915
GCAGCGAGACCCACAAATAA	WTAP_-_160148580.23-P1P2__ENSG00000146457
GCAGCGAGAGCGACACGGAC	CCDC6_+_61666146.23-P1P2__ENSG00000108091
GCAGCGAGAGGGTTCGAAGA	GRWD1_-_48949265.23-P1P2__ENSG00000105447
GCAGCGAGGTGCAAACGCGA	TUBB_+_30688145.23-P1__ENSG00000196230
GCAGCGATCAGAGCAGCGCT	PPRC1_-_103892809.23-P1P2__ENSG00000148840
GCAGCGCCCCGGTCTTCTCA	OVCA2_+_1945406.23-P1P2__ENSG00000262664
GCAGCGCCGGGACCCCGCGG	KCMF1_-_85198522.23-P1P2__ENSG00000176407
GCAGCGCGAGAGGCCTTCGG	EARS2_+_23568615.23-P1P2__ENSG00000103356
GCAGCGCGCTCCCCTACCAC	UTP3_+_71554274.23-P1P2__ENSG00000132467
GCAGCGCGGCGCCCGCCACT	TBX1_-_19748305.23-P1P2__ENSG00000184058
GCAGCGCGTACTTTGGGCTC	DDX42_-_61851682.23-P1P2__ENSG00000198231
GCAGCGCTTTAAGATTTCCG	PNO1_-_68385065.23-P1P2__ENSG00000115946
GCAGCGGACGTGAGCGATAA	LEO1_+_52263938.23-P1P2__ENSG00000166477
GCAGCGGAGGGTGTACACGA	TUT1_-_62344700.23-P2__ENSG00000149016
GCAGCGGCCAATCAAGGCAG	KATNB1_-_57769705.23-P1P2__ENSG00000140854
GCAGCGGCGACCGGAGCGGT	NEDD8_+_24701514.23-P1P2__ENSG00000129559
GCAGCGGCGCACACCCGACG	PSMD14_+_162165011.23-P1P2__ENSG00000115233
GCAGCGGGCTCGAGTGCTAA	ANAPC1_-_112641707.23-P1P2__ENSG00000153107
GCAGCGGGTACCGGGAGCTG	CTBP2_+_126849547.23-P1P2__ENSG00000175029
GCAGCGTACAGGGATGATCA	POLR2L_-_842509.23-P1P2__ENSG00000177700
GCAGCGTCCCGTGAGGAGAG	COX10_-_13972882.23-P1P2__ENSG00000006695
GCAGCTACGAACGGGACCGG	COPS6_-_99686659.23-P1P2__ENSG00000168090
GCAGCTCTGGCCGCTTCCTA	CDC40_-_110501684.23-P1P2__ENSG00000168438
GCAGCTGAAGGAGAGTCTAC	MED29_-_39882278.23-P1P2__ENSG00000063322
GCAGCTGCCGGACCCAGGTG	DMAP1_-_44679204.23-P1P2__ENSG00000178028
GCAGCTGCTCCCGAAACCGG	SIRT7_-_79875677.23-P1P2__ENSG00000187531
GCAGCTGCTGACGTGCGGGG	YEATS2_-_183415613.23-P1P2__ENSG00000163872
GCAGCTGCTGTTCTGAGGTA	TNNT2_+_201346744.23-P1P2__ENSG00000118194
GCAGCTGGGCCAATGAACGG	HMGN2_-_26798921.23-P1P2__ENSG00000198830
GCAGCTGGGTCAGAACCAAG	CKAP5_-_46867793.23-P1__ENSG00000175216
GCAGCTTTGGCACTCGGGAC	TAF1C_-_84220621.23-P1P2__ENSG00000103168
GCAGGAAGTGAGGATACTTC	CDK11A_+_1655752.23-P1P2__ENSG00000008128
GCAGGAATGATGACCTCTAT	PCID2_-_113841577.23-P2__ENSG00000126226
GCAGGACGCTAGGCCGGCAC	SRSF11_+_70671425.23-P1__ENSG00000116754
GCAGGACTAGAGTTTCCTCG	CEP152_+_49103178.23-P1P2__ENSG00000103995
GCAGGAGAAACACTCACCTC	RPL17_-_47018832.23-P1P2__ENSG00000265681
GCAGGAGAAGGTAGATTCCC	SMC6_-_17935048.23-P1P2__ENSG00000163029
GCAGGAGCAGGGAGCTTGCG	TUBGCP3_+_113242380.23-P1P2__ENSG00000126216
GCAGGAGCCCGTCCCCACAG	PNO1_+_68385251.23-P1P2__ENSG00000115946
GCAGGAGCCGGGCCACAGAG	MRM1_+_34958436.23-P1P2__ENSG00000278619
GCAGGAGGCCGGCTACTGCG	FXN_+_71650715.23-P1P2__ENSG00000165060
GCAGGATGACAAAGCCGAGG	RRM1_+_4116464.23-P1P2__ENSG00000167325
GCAGGATGGGTGAGCTGTTG	RPS23_+_81574124.23-P1P2__ENSG00000186468
GCAGGCACGCGAGGCCCCTC	IARS_+_95055891.23-P1P2__ENSG00000196305
GCAGGCCACCGTAGCAAGAG	SCNM1_+_151138551.23-P1P2__ENSG00000163156
GCAGGCCCAGATATCCGCTC	KRT10_+_38975898.23-P2__ENSG00000186395
GCAGGCCCGCGCCGCCACCA	PSMA1_+_14541841.23-P1P2__ENSG00000129084
GCAGGCCTGGAGCACGTAGG	RPAP1_+_41836408.23-P1P2__ENSG00000103932
GCAGGCGAGGTGCACCGAGT	OIP5_-_41624496.23-P1P2__ENSG00000104147
GCAGGCGAGTCAGGTCTCTC	DPY19L2_+_64062235.23-P1P2__ENSG00000177990
GCAGGCGCCGGAGGTACGTG	RBM33_-_155437622.23-P1P2__ENSG00000184863
GCAGGCGGCCGTGGCGCGGG	PRPF39_-_45553350.23-P1P2__ENSG00000185246
GCAGGCTCACCTGCTAACCC	RAD51C_+_56769980.23-P1P2__ENSG00000108384
GCAGGCTCGTTCGCTCTCAC	FARS2_+_5261818.23-P1P2__ENSG00000145982
GCAGGCTGGGGTGTTGGCCG	SBDS_+_66460166.23-P1P2__ENSG00000126524
GCAGGGAAGGGATCCGAGTC	SPATA5L1_+_45694633.23-P1P2__ENSG00000171763
GCAGGGACAGACGGCGCGGT	MIS12_+_5389906.23-P1P2__ENSG00000167842
GCAGGGACAGCTTTAAAGAC	LAMTOR3_-_100815552.23-P1P2__ENSG00000109270
GCAGGGCAGCGATGTCAGAG	TAF1_+_70586687.23-P1P2__ENSG00000147133
GCAGGGCCCGGCCGGCTCCA	ZNHIT2_-_64885126.23-P1P2__ENSG00000174276
GCAGGGCCGAGGGAGCTGTT	MRPL23_-_1968965.23-P1P2__ENSG00000214026
GCAGGGGAAAGGGAACGACG	RPS19_+_42364314.23-P1P2__ENSG00000105372
GCAGGGGCCGACGGGAGTGG	CYC1_-_145149982.23-P1P2__ENSG00000179091
GCAGGGGCTGAGTCACGGCG	PSMD12_+_65362472.23-P1P2__ENSG00000197170
GCAGGGGCTGCCCGAGGGAG	RNF31_-_24616020.23-P1P2__ENSG00000092098
GCAGGGGTGTGGAAACTTAC	CCDC86_-_60609589.23-P1P2__ENSG00000110104
GCAGGGTAGAGGTCACATCA	RPS28_+_8386629.23-P1P2__ENSG00000233927
GCAGGGTCTGGTCTGACGGA	NDUFA4_-_10979541.23-P1P2__ENSG00000189043
GCAGGGTGCACAGACCAGGT	CUL7_-_43021163.23-P1P2__ENSG00000044090
GCAGGGTGTAGAGCAGCGTC	PTPMT1_+_47587224.23-P1P2__ENSG00000110536
GCAGGTCGCTGGGAACCACG	NOLC1_+_103912187.23-P1P2__ENSG00000166197
GCAGGTGGCCACATGGATCC	POLR1B_-_113300081.23-P1P2__ENSG00000125630
GCAGGTGGCGAGCGAGGGTA	MRPL4_-_10363144.23-P1P2__ENSG00000105364
GCAGGTGGGAGCCGACGGGT	AURKA_+_54967204.23-P1P2__ENSG00000087586
GCAGGTTTGCAGTTTCCTGT	HIST1H2AB_+_26033710.23-P1P2__ENSG00000278463
GCAGTCGCAGGAGAGTTCTG	EMC3_+_10028457.23-P1__ENSG00000125037
GCAGTCGGGAAGAAGCACCG	ZCRB1_+_42719871.23-P1P2__ENSG00000139168
GCAGTCTCCGTTGGAAGCCC	SKA1_+_47901483.23-P1P2__ENSG00000154839
GCAGTCTGAGCCCGACGATG	PRPF40A_+_153573902.23-P1P2__ENSG00000196504
GCAGTGGAGTTGCGAGACAA	CDK12_+_37618078.23-P1P2__ENSG00000167258
GCAGTGGGCGCCGGCTCCCT	DDN_+_49393129.23-P1P2__ENSG00000181418
GCAGTGTCGGGCGCAGACGG	MAGOH_+_53704169.23-P1P2__ENSG00000162385
GCAGTTGCCAGTCTTCTCCA	ERVW-1_-_92100569.23-ENST00000493463.2__ENSG00000242950
GCATAGCTCACCTTGTCGTA	RPL13A_+_49994109.23-P2__ENSG00000142541
GCATATGACGAACAAAGATC	non-targeting_01771
GCATCACGGATAGGATTGGA	TAF11_-_34855752.23-P1P2__ENSG00000064995
GCATCACGGCCTCCATACCT	C6orf15_-_31080269.23-P1P2__ENSG00000204542
GCATCCCCGCCGCCCAGGAG	ADAM10_-_59041703.23-P1P2__ENSG00000137845
GCATCCGGGCCTGAGAGTGC	C12orf45_-_105380117.23-P1P2__ENSG00000151131
GCATCGAGAGGAAGTCGCTG	RINT1_-_105172650.23-P1P2__ENSG00000135249
GCATCGCAGGGAGGACCCGA	TMEM240_+_1475962.23-P1P2__ENSG00000205090
GCATCGCCCGCGACCACCCA	COQ5_-_120966902.23-P1P2__ENSG00000110871
GCATCGCGACGCAGTCAACA	FNTB_+_65381194.23-P1P2__ENSG00000257365
GCATCTCCTGGTTCCAGTGG	NPAT_-_108093360.23-P1P2__ENSG00000149308
GCATCTGAGTAACATGGCGG	NDUFS3_-_47600652.23-P1P2__ENSG00000213619
GCATCTTGCTGACAAACGAG	TRAPPC1_-_7834858.23-P1P2__ENSG00000170043
GCATGCTGAGGCGGCCGCGT	U2AF2_+_56166451.23-P1P2__ENSG00000063244
GCATGGAATCGGTTATACTC	NDUFS5_-_39494549.23-P2__ENSG00000168653
GCATGGAGGAATCGGCGAAA	DHX9_+_182808482.23-P1P2__ENSG00000135829
GCATGGATGGCGACGGATAA	RPL11_+_24018347.23-P1P2__ENSG00000142676
GCATGGCCAGCTATCCTTAC	PEF1_+_32110444.23-P1P2__ENSG00000162517
GCATGGCGACGGCTCGAGTG	ATP6AP1_-_153657070.23-P1P2__ENSG00000071553
GCATGGCGGAGGCGGATCTC	XRCC1_-_44079606.23-P1P2__ENSG00000073050
GCATGGCGGCCCCCGAGTCA	NBAS_+_15701407.23-P1P2__ENSG00000151779
GCATGGCGGTGTCCTCAGAG	CT45A5_-_134975351.23-P1P2__ENSG00000228836
GCATGGTGCCGGCTGCGGAG	TUBB2A_-_3157715.23-P1P2__ENSG00000137267
GCATTGCATAGCAGGTTCTA	OR4N2_+_20296017.23-ENST00000315947.1__ENSG00000176294
GCCAAAACCGAGCTGGTGAG	VPS72_+_151162629.23-P1P2__ENSG00000163159
GCCAAACCACATCGTGGGGG	non-targeting_01457
GCCAAACGAAGTCGTGGAGG	SF3A2_-_2236863.23-P1__ENSG00000104897
GCCAAATCGGCGCAGTTCCC	NHLRC2_+_115614433.23-P1P2__ENSG00000196865
GCCAACACGCCCAATCAGCA	non-targeting_01549
GCCAACATGGCGGCGGAACG	PPP1R7_-_242089926.23-P1P2__ENSG00000115685
GCCAAGAGGAAACGGCGTGG	BRIX1_-_34915874.23-P1P2__ENSG00000113460
GCCAAGCAAGGCGGCACCTG	PSMB7_-_127177647.23-P1P2__ENSG00000136930
GCCAAGCACCGGCTCATGTG	CENPA_-_27008953.23-P2__ENSG00000115163
GCCAAGGAAGGAGGGTCCCG	TFAP4_-_4322496.23-P1P2__ENSG00000090447
GCCAAGGATCACACTTACCA	RCC1_+_28832591.23-P1__ENSG00000180198
GCCAAGGCGGCGGGAGTCTG	DKC1_-_153991190.23-P1P2__ENSG00000130826
GCCAAGGTAATCGAGAACAG	BUD31_+_99006639.23-P1P2__ENSG00000106245
GCCAAGTCGGAGGGCGGCAG	BMP2K_-_79697740.23-P1P2__ENSG00000138756
GCCAATAGGCCCGAGCCCCG	SCAF1_+_50145523.23-P1P2__ENSG00000126461
GCCACAGAGGGCAGCGAATG	PPP1R15B_-_204380704.23-P1P2__ENSG00000158615
GCCACAGCCTCGGAACGATG	KLHL11_-_40021667.23-P1P2__ENSG00000178502
GCCACATGGCGGCGCTCCTG	EARS2_+_23568646.23-P1P2__ENSG00000103356
GCCACCCGCATAGACGGGAG	RPS27_-_153963444.23-P1P2__ENSG00000177954
GCCACCCGGCCCGCTTACCT	FBLIM1_+_16085338.23-P1P2__ENSG00000162458
GCCACCCTGCGCTTCGATCC	DHX29_-_54603515.23-P1P2__ENSG00000067248
GCCACCGCAGAGATTTCCAA	GPKOW_-_48979874.23-P1P2__ENSG00000068394
GCCACCGCCGGGAATCACAC	REV3L_-_111804372.23-P1P2__ENSG00000009413
GCCACCGGCACCCAACTCAC	PSMA5_-_109969028.23-P1P2__ENSG00000143106
GCCACGCGAGAGTAGAAGGG	ZNF559_-_9434970.23-P1P2__ENSG00000188321
GCCACGCGCAGCTGGAGCAG	CDIPT_+_29874463.23-P1P2__ENSG00000103502
GCCACGGACCCCGCCAGCTC	NDUFA11_-_5903762.23-P1P2__ENSG00000174886
GCCACGGGTGAGCGGCGGTG	TIMM44_+_8008475.23-P1P2__ENSG00000104980
GCCACGTTGAGGAGCCGACT	PES1_-_30987845.23-P1P2__ENSG00000100029
GCCACTAGCATACGCGCAGG	non-targeting_03760
GCCACTAGGAGAGCGGACGG	PPP1R37_-_45596468.23-P1P2__ENSG00000104866
GCCACTGAGTTAGAAACTGG	DDX11_+_31226823.23-P1P2__ENSG00000013573
GCCACTGCCACTGATGCCCA	LCN10_+_139636425.23-P1P2__ENSG00000187922
GCCACTGCGCCGGTAGGCGG	PSTK_-_124739917.23-P1__ENSG00000179988
GCCACTGGGCTGCTTCTATA	CCT4_-_62115399.23-P1P2__ENSG00000115484
GCCACTGGGGAAGTAATGGG	CSH2_+_61950460.23-P1__ENSG00000213218
GCCAGAACCGGCCCAAAACA	RPUSD3_-_9885662.23-P1P2__ENSG00000156990
GCCAGAGGCGACTGGAGCGG	SBNO1_-_123849326.23-P1P2__ENSG00000139697
GCCAGAGGCGGGGCCGGAGT	STIL_+_47779776.23-P1P2__ENSG00000123473
GCCAGCAGAGTGCCCGGATG	NUB1_+_151038885.23-P1P2__ENSG00000013374
GCCAGCAGGTTCCCTCTCCC	GEMIN7_-_45582583.23-P1P2__ENSG00000142252
GCCAGCCACACCATAGGGAG	SSBP1_+_141438407.23-P1P2__ENSG00000106028
GCCAGCCATGGCGACATCCT	MRPS2_-_138392571.23-P1P2__ENSG00000122140
GCCAGCCCCTACCAGCTCGG	HNRNPL_-_39342945.23-P2__ENSG00000104824
GCCAGCCGAGGGCCAGACGG	ELP2_+_33709768.23-P1P2__ENSG00000134759
GCCAGCCTGGATCTTGAGGT	POLR1A_+_86332775.23-P1P2__ENSG00000068654
GCCAGCCTGGCGGGAGAAGG	ZBTB44_+_130184309.23-P1P2__ENSG00000196323
GCCAGCGACACCGCATTAGT	GGPS1_+_235491914.23-P1P2__ENSG00000152904
GCCAGCGCAACTGTCTGAGG	CENPC_-_68411111.23-P1P2__ENSG00000145241
GCCAGCGCAAGCGGCGATGG	EHMT2_+_31865447.23-P1P2__ENSG00000204371
GCCAGCGCACGGAGCCGGGA	MMP17_+_132313414.23-P1P2__ENSG00000198598
GCCAGCGCCGGGCACCACTC	ANKS6_-_101558384.23-P1P2__ENSG00000165138
GCCAGCGGCCCCAAGACCCG	FNTA_-_42911755.23-P1P2__ENSG00000168522
GCCAGCGGCGAGTCCGGGAA	RPL14_+_40499019.23-P1P2__ENSG00000188846
GCCAGCTCGCCCTCACCTCA	RPL19_+_37356595.23-P1P2__ENSG00000108298
GCCAGCTGCCGGTCTTTCGG	SEC61B_-_101984591.23-P1P2__ENSG00000106803
GCCAGGAGAGTAAGGCTGGG	ZNF468_-_53360496.23-P1P2__ENSG00000204604
GCCAGGAGGCCGCACACACA	DHODH_+_72049721.23-P2__ENSG00000102967
GCCAGGCGGCGCCACTACAG	EIF2B5_+_183853180.23-P1P2__ENSG00000145191
GCCAGGCGGCGCGTTCCCGG	GFOD2_+_67753192.23-P1P2__ENSG00000141098
GCCAGGGACCACGAGAGGGG	PRKRA_-_179315511.23-P1P2__ENSG00000180228
GCCAGGGAGGCGAGCCCACG	NHP2_-_177580863.23-P1P2__ENSG00000145912
GCCAGGGCGCAGACTCGGAG	CCDC6_-_61666322.23-P1P2__ENSG00000108091
GCCAGGGCTTGCCCGTCCGA	PNKP_-_50370388.23-P1P2__ENSG00000039650
GCCAGTCGGCAGGTCTGAGG	NUDCD3_+_44530237.23-P1P2__ENSG00000015676
GCCAGTCGGGCCAGCTTGGC	non-targeting_01993
GCCATAGCGAACCAAAACAC	HIST2H3A_+_149824198.23-P1P2__ENSG00000203852
GCCATAGGGAACAGAGATCC	WARS_+_100841441.23-P1P2__ENSG00000140105
GCCATCACCGAAGCGGGAGC	RPL26_+_8286473.23-P1P2__ENSG00000161970
GCCATCCCTATAGAGAAGAA	NRDE2_+_90798265.23-P1P2__ENSG00000119720
GCCATCGGAGGAGGGCGGGC	ARL4D_-_41476546.23-P1P2__ENSG00000175906
GCCATGCGGGAGAGCGACAC	NELFA_+_2010657.23-P1P2__ENSG00000185049
GCCATGGCGACCAAGACGGC	TMEM214_-_27255902.23-P1P2__ENSG00000119777
GCCATGGCGGGCGCGGAATC	ALYREF_-_79849452.23-P1P2__ENSG00000183684
GCCATGGCTAAGGCCGAGGG	MZT1_-_73301757.23-P1P2__ENSG00000204899
GCCATGGGCACAGTGGAGGG	SNAPC4_+_139271610.23-P1P2__ENSG00000165684
GCCATGGGCGCGCTCTCCTA	NCKAP1_+_183902936.23-P1P2__ENSG00000061676
GCCCAAAGGAAAGCAGTGAG	TICRR_-_90118737.23-P1P2__ENSG00000140534
GCCCAACCCCAGAGCTGGTA	KIAA0586_+_58894671.23-P1P2__ENSG00000100578
GCCCAACGGCGTCGGAGCAG	DR1_+_93811837.23-P1P2__ENSG00000117505
GCCCAAGCGCCTACTCGCAC	RBM25_+_73525283.23-P1P2__ENSG00000119707
GCCCAAGGTGCGGCCTGAGA	C7orf26_-_6630121.23-P1P2__ENSG00000146576
GCCCACACCTAAGGGTATGA	GTF3C3_-_197664192.23-P1P2__ENSG00000119041
GCCCACCCAGCGAACTTGTT	non-targeting_03276
GCCCACCGGCCGCCCCCGCA	CPEB1_-_83316370.23-ENST00000568128.1__ENSG00000214575
GCCCACGCTGGCAGCCACCG	YRDC_-_38273817.23-P1P2__ENSG00000196449
GCCCACGGGCGCAGGCACCA	EIF4G1_-_184032787.23-P1P2__ENSG00000114867
GCCCACTCTGGGCACGTAGG	non-targeting_01823
GCCCACTGCGGCGGCGACAA	HUWE1_-_53710518.23-P1P2__ENSG00000086758
GCCCACTGGTCTTCACACAG	non-targeting_03577
GCCCAGAACCCGGCGGTCAC	CCNL1_+_156877964.23-P1P2__ENSG00000163660
GCCCAGACGCGGGAAGAGCT	BARD1_+_215674388.23-P1P2__ENSG00000138376
GCCCAGAGGCGGGAGAGTAA	PCM1_-_17780764.23-P1P2__ENSG00000078674
GCCCAGCAGGTGGTGAACGG	TSEN34_-_54695081.23-P1P2__ENSG00000170892
GCCCAGCCGAGGGAACAGGG	INO80D_+_206950651.23-P1P2__ENSG00000114933
GCCCAGCCTGCGGGGTCGTC	CHCHD1_-_75541863.23-P1P2__ENSG00000172586
GCCCAGCGCAGCTCTCCGAA	PKM_+_72500912.23-P2__ENSG00000067225
GCCCAGCTCGGCGAGGACCC	CCDC130_+_13842618.23-P2__ENSG00000104957
GCCCAGCTCTGGGACAGACG	HYOU1_-_118927773.23-P1P2__ENSG00000149428
GCCCAGGACCCGAAATGAAG	CHMP5_+_33265229.23-P1P2__ENSG00000086065
GCCCAGGGCCGCGAACCCCG	UBL5_+_9938801.23-P1P2__ENSG00000198258
GCCCAGGTATCGGAGCCCCG	non-targeting_02611
GCCCAGTACGTATACCTCGT	GPN2_-_27216692.23-P1P2__ENSG00000142751
GCCCAGTTCCTCCAGAAGCG	PPIH_+_43124361.23-P1P2__ENSG00000171960
GCCCAGTTGTCACCGTACGG	non-targeting_03725
GCCCATAGCCAGTTCCGGGG	TADA3_+_9834144.23-P1P2__ENSG00000171148
GCCCATCATGGCGGCTGAAG	MYSM1_+_59165708.23-P1P2__ENSG00000162601
GCCCATCCTCGGGTCACCGG	PPP1CB_+_28975374.23-P1P2__ENSG00000213639
GCCCATGCTCTGTCTCTCCG	OR1E2_+_3336675.23-ENST00000248384.1__ENSG00000127780
GCCCCAACCCTAGGCGCCTC	GTF2F1_-_6393149.23-P1P2__ENSG00000125651
GCCCCACCGGCAGACTAACA	ANAPC4_+_25378934.23-P1P2__ENSG00000053900
GCCCCACGTGCGATCCTTCC	BYSL_-_41889282.23-P1P2__ENSG00000112578
GCCCCACTCGGGTAAGGAAG	VPS18_-_41187068.23-P1P2__ENSG00000104142
GCCCCAGACGCCCCTATCTC	DPM2_-_130700076.23-P1P2__ENSG00000136908
GCCCCAGGGGCCGACGGGAG	CYC1_-_145149979.23-P1P2__ENSG00000179091
GCCCCCAAACGCCTGAGATT	SIN3A_-_75748095.23-P2__ENSG00000169375
GCCCCCACGGAATGAGGCAG	FGFR1OP_+_167413231.23-P1P2__ENSG00000213066
GCCCCCAGCCCAGACGCCGG	PPP4R2_+_73046422.23-P1P2__ENSG00000163605
GCCCCCAGCCGGCCCACGTC	MRPL54_+_3762727.23-P1P2__ENSG00000183617
GCCCCCAGGAAGCAGCGCGG	CNOT2_+_70637651.23-P1P2__ENSG00000111596
GCCCCCCAGGAGGGCATTTT	non-targeting_00254
GCCCCCGGGAAGTGTCTCTG	PWP2_-_45527254.23-P1P2__ENSG00000241945
GCCCCCGGTTGACTAGGAGC	NVL_+_224517861.23-P1P2__ENSG00000143748
GCCCCGAAAGAGGGTAGGTG	ZMYM4_-_35734695.23-P1P2__ENSG00000146463
GCCCCGAGGAGCGGGTAGAA	NISCH_-_52489862.23-P1P2__ENSG00000010322
GCCCCGCCCCCAGTAGTACA	NUS1_+_117996627.23-P1P2__ENSG00000153989
GCCCCGCGAGACCCAGACAA	RPS2_-_2014704.23-P1P2__ENSG00000140988
GCCCCGCGGGGAGGCTCTCG	CYS1_-_10220299.23-P1P2__ENSG00000205795
GCCCCGCGGTGCTGACATCC	PSMD13_-_237015.23-P1P2__ENSG00000185627
GCCCCGCTGCACAGTCCGGC	ERCC2_+_45873802.23-P1P2__ENSG00000104884
GCCCCGGCCCCTGACATCAG	DYNLL2_+_56161356.23-P1P2__ENSG00000264364
GCCCCGGCGGAGGCAAGAGG	PRKCA_-_64298956.23-P1P2__ENSG00000154229
GCCCCGGGAGGGCGGAGAAG	ADNP2_-_77867648.23-P1P2__ENSG00000101544
GCCCCGGGCCCGGAGCTCAA	NFYB_-_104531637.23-P1P2__ENSG00000120837
GCCCCGGGCGCGCGCCAACC	CDCA5_-_64851508.23-P1P2__ENSG00000146670
GCCCCGGGGGCCGGGCGCAC	FBXL14_-_1703695.23-P1P2__ENSG00000171823
GCCCCGTACGGATACCGGAA	SNW1_+_78221331.23-P2__ENSG00000100603
GCCCCTAGTCTAGGGCGTAC	NDC1_-_54303966.23-P1P2__ENSG00000058804
GCCCCTCGGGCCGGGAAGAG	CNOT11_-_101869409.23-P1P2__ENSG00000158435
GCCCCTGCTTCTGTTCCCAG	LCE1E_+_152758791.23-P1P2__ENSG00000186226
GCCCCTTCCCAGACGTTCAG	EIF2S3_+_24073421.23-P1P2__ENSG00000130741
GCCCGACAAGCTAAGAGTCG	TUBA1B_-_49525164.23-P1P2__ENSG00000123416
GCCCGACCGCGTTGGCTTTG	non-targeting_03649
GCCCGACGACCCTGCGACCG	OTOP1_-_4228541.23-P1P2__ENSG00000163982
GCCCGACGCAAGAAGGACAA	NDUFA4_-_10979611.23-P1P2__ENSG00000189043
GCCCGACGTAGCACCAATGG	non-targeting_00493
GCCCGACTCGGGGCTCACCA	PAM16_-_4401236.23-P1P2__ENSG00000217930
GCCCGAGCACGAGCTGTGAG	CCT2_-_69979270.23-P1P2__ENSG00000166226
GCCCGAGGCAATCTCGGAGG	RBBP8_-_20513527.23-P1P2__ENSG00000101773
GCCCGAGGGAGCCGCAAGGG	TEAD3_-_35464741.23-P1P2__ENSG00000007866
GCCCGATCCTCTCTCCCTAG	PRDM10_-_129872675.23-P1P2__ENSG00000170325
GCCCGCAGCTATGTCTTCAC	ZRANB2_-_71546722.23-P1P2__ENSG00000132485
GCCCGCAGGCCAGACAGAGG	PGPEP1_+_18451834.23-P1P2__ENSG00000130517
GCCCGCAGGGTTCAGCTGAA	UQCRC2_+_21964884.23-P1P2__ENSG00000140740
GCCCGCCATGGCCGCAGTCA	CEBPZ_+_37458694.23-P1P2__ENSG00000115816
GCCCGCCCCAGACTACGGAG	SRP54_-_35452459.23-P1P2__ENSG00000100883
GCCCGCCCCTCACCTCCTTT	PDAP1_-_99006167.23-P1P2__ENSG00000106244
GCCCGCCGAGGCCTGACCCC	PHF12_+_27278232.23-P1P2__ENSG00000109118
GCCCGCCGCCGGGACTACAG	UHRF1_+_4910126.23-P1P2__ENSG00000276043
GCCCGCCGGAAACCCGCGTT	ADRM1_+_60878013.23-P1P2__ENSG00000130706
GCCCGCCGGCACCATGGTGA	LSM4_+_18433820.23-P1P2__ENSG00000130520
GCCCGCCGTGGCAGAAGGAA	PNPT1_-_55920900.23-P1P2__ENSG00000138035
GCCCGCCTGCGCTCGGGAGT	THAP11_+_67876226.23-P1P2__ENSG00000168286
GCCCGCGACCCACATCCGAT	TRMT5_+_61447755.23-P1P2__ENSG00000126814
GCCCGCGAGCGAGGTGAGGT	ROMO1_-_34287382.23-P1P2__ENSG00000125995
GCCCGCGCGACGCTAGCAAA	non-targeting_00758
GCCCGCGCTGGGAAAAAGGT	INO80C_+_33077864.23-P1P2__ENSG00000153391
GCCCGCGGCGCAGGCAGTCT	DNM1_-_130965664.23-P1P2__ENSG00000106976
GCCCGCGGGAAGATGAATAA	BAP1_+_52443883.23-P1P2__ENSG00000163930
GCCCGCGGTACAAGGACAGA	TIMM8A_-_100603477.23-P1P2__ENSG00000126953
GCCCGCTCGCCGCACCACGG	BTF3L4_+_52522155.23-P1P2__ENSG00000134717
GCCCGCTGCCGGGTAGAGGT	PPME1_+_73882513.23-P1P2__ENSG00000214517
GCCCGCTGGAGCCCAAATCG	DCLRE1B_+_114448004.23-P1P2__ENSG00000118655
GCCCGCTTACCTTTGGCGCA	XRCC6_+_42017336.23-P1P2__ENSG00000196419
GCCCGGAACGCTGGTACCCC	non-targeting_00433
GCCCGGACCGGCCCAGGAGA	PSAT1_+_80912504.23-P1P2__ENSG00000135069
GCCCGGAGACCCGGTCGGGA	PSMD4_-_151227243.23-P1P2__ENSG00000159352
GCCCGGAGCTGCAGCCACCG	ZMAT5_+_30162943.23-P1P2__ENSG00000100319
GCCCGGCAAGGGCCTATCAG	CNIH4_-_224544568.23-P1P2__ENSG00000143771
GCCCGGCCCCGGCCAGGAGA	NAGLU_+_40688325.23-P1P2__ENSG00000108784
GCCCGGCCCTAAACTCCTAG	PPP2R3C_+_35591052.23-P1P2__ENSG00000092020
GCCCGGCGGAGCGCGCAACG	RNF113A_+_119005641.23-P1P2__ENSG00000125352
GCCCGGCGTGCGTGTGGCGG	TXN_-_113018848.23-P1P2__ENSG00000136810
GCCCGGCTCCCCGGTTACCG	TUFM_+_28857597.23-P1P2__ENSG00000178952
GCCCGGCTGCAGCGGTGGGA	ZFP69B_-_40915817.23-P1P2__ENSG00000187801
GCCCGGGAGCGCAGACCCTT	CD8B_-_87088921.23-P1P2__ENSG00000172116
GCCCGGGCCCGAGAAGCGAG	MED26_-_16738545.23-P1P2__ENSG00000105085
GCCCGGGCGAAAGCTCACCG	NOM1_+_156742639.23-P1P2__ENSG00000146909
GCCCGGGCGCGACAATCGGG	RPS14_+_149829235.23-P1P2__ENSG00000164587
GCCCGGGGAGGGCAGTAGAA	OTX1_-_63277962.23-P1P2__ENSG00000115507
GCCCGGGGCGACGGAGGGTC	MEIS3_-_47922735.23-P1__ENSG00000105419
GCCCGGGTCTGGACACACCG	CCND3_+_41909133.23-P1P2__ENSG00000112576
GCCCGGTGACAGGATGGTGA	VPS29_+_110939846.23-P1P2__ENSG00000111237
GCCCGGTGGAACTAAGACCA	MRPL55_-_228296929.23-P1P2__ENSG00000162910
GCCCGTACGCCGATTCCATA	FAM136A_+_70529182.23-P1P2__ENSG00000035141
GCCCGTAGAGGAAGACACTG	ATP6V1D_+_67826485.23-P1P2__ENSG00000100554
GCCCGTGCTAGGTGGAAGGT	CACNB3_+_49212320.23-P1__ENSG00000167535
GCCCGTGGAGCACGCCGATA	NSUN4_-_46806501.23-P1P2__ENSG00000117481
GCCCGTGGCAAGGGGACTGT	FARSA_-_13044322.23-P1P2__ENSG00000179115
GCCCGTGGCGCCGACAGGAT	RPS23_+_81574137.23-P1P2__ENSG00000186468
GCCCGTTCAGGACCCCGGCG	POP7_-_100303773.23-P1P2__ENSG00000172336
GCCCTAGCGTCGGGAGCCAG	CCDC144A_-_16593812.23-P1P2__ENSG00000170160
GCCCTCACTCGGGTCCGAGT	CNIH4_-_224544955.23-P1P2__ENSG00000143771
GCCCTCCTTCCAGACTCCAC	FRG2_-_190948162.23-ENST00000378763.1-ENST00000504750.1__ENSG00000205097
GCCCTCGCCGGAGAGAGTGC	CDK6_+_92465903.23-P1__ENSG00000105810
GCCCTCGCCTGGGAAAATCG	SLC35G2_+_136537984.23-P1P2__ENSG00000168917
GCCCTCGCTCAACCCCACGC	YRDC_-_38273805.23-P1P2__ENSG00000196449
GCCCTCGTCGCTGAAGGTAG	BRF2_-_37707179.23-P1P2__ENSG00000104221
GCCCTCTCACGGGAGAACTG	DDX3X_+_41193418.23-P1P2__ENSG00000215301
GCCCTCTGGCTGGACGCGTA	TADA1_-_166845036.23-P1P2__ENSG00000152382
GCCCTGAACAAACTGCACAG	CDC6_+_38444169.23-P1P2__ENSG00000094804
GCCCTGAGCCCAGCAGCGGA	TUT1_-_62344688.23-P2__ENSG00000149016
GCCCTGCCAAGAGTAAGGCC	MED31_-_6554743.23-P1P2__ENSG00000108590
GCCCTGCGAGGGGAGATCTG	UBQLN4_+_156023201.23-P1P2__ENSG00000160803
GCCCTGGGCTCCCGGGTACT	EXOSC10_-_11159878.23-P1P2__ENSG00000171824
GCCCTGGGGCAGGCTCTCAA	RFT1_-_53164286.23-P1P2__ENSG00000163933
GCCCTGGGTTGTGGAAGAGG	COX15_+_101491824.23-P1P2__ENSG00000014919
GCCCTGTGCCGATGAAGATC	ARF4_-_57583033.23-P1P2__ENSG00000168374
GCCCTTGTCGGCCGCCATTC	DDX54_-_113623260.23-P1__ENSG00000123064
GCCCTTTGTGAGGACACTGG	DYNLRB1_+_33114412.23-P2__ENSG00000125971
GCCGAAACTCTGGGGTAGAG	POLR3C_+_145610906.23-P1P2__ENSG00000186141
GCCGAACAGCGGCCGAATGC	C7orf26_+_6629646.23-P1P2__ENSG00000146576
GCCGAACGATGACCATTCTG	non-targeting_01968
GCCGAAGCGGCCGGAACGTC	INTS10_+_19675000.23-P1P2__ENSG00000104613
GCCGAAGTCGGGCCTCGGAA	STAG2_+_123095685.23-P1__ENSG00000101972
GCCGAATCGGCAACTCAGAT	TICRR_+_90118911.23-P1P2__ENSG00000140534
GCCGAATGAGAGATTCCCTG	non-targeting_01426
GCCGAATGGAGCAACAGCAG	GMPS_+_155588486.23-P1P2__ENSG00000163655
GCCGACAGAGGCGGCGATTG	CENPJ_+_25496971.23-P1P2__ENSG00000151849
GCCGACAGCAGCCCGGAGGT	SNAPC5_+_66790086.23-P1P2__ENSG00000174446
GCCGACCCAGAGCTCCGGGT	RBBP8_+_20513550.23-P1P2__ENSG00000101773
GCCGACCCGGCGGGGATCTA	TWSG1_-_9334887.23-P1P2__ENSG00000128791
GCCGACCTCACAGGACCTAA	MRPS12_+_39421621.23-P1P2__ENSG00000128626
GCCGACGCAGACGGAAAAAG	E2F6_-_11606226.23-P1P2__ENSG00000169016
GCCGAGACCCGCACCGTCGT	KIAA0586_+_58894453.23-P1P2__ENSG00000100578
GCCGAGCCAGGCCTCAAACA	PRPF39_+_45553562.23-P1P2__ENSG00000185246
GCCGAGCCGAGGTCAGTCAA	ABHD11_+_73152963.23-P1P2__ENSG00000106077
GCCGAGCGCGGCCAAGGACT	EIF4B_-_53400313.23-P1P2__ENSG00000063046
GCCGAGCGGCAAGGCAGCGA	TRAPPC4_-_118889508.23-P1P2__ENSG00000196655
GCCGAGGCGGGAGCAAAACC	CACNB3_+_49209404.23-P2__ENSG00000167535
GCCGAGGCTTCCCTAAGGAG	ZNF718_+_124436.23-ENST00000510175.1-ENST00000511079.1-ENST00000513304.1-ENST00000513889.1__ENSG00000250312
GCCGAGGGCGACCCGAGAAG	TLN1_+_35732116.23-P1P2__ENSG00000137076
GCCGAGGGCGGAGTTGGGAA	BUD13_-_116643492.23-P1P2__ENSG00000137656
GCCGAGTCTCCTGGTCACCG	SPAG7_-_4871048.23-P1P2__ENSG00000091640
GCCGATACTTGTCCACCCAG	RFC3_+_34392320.23-P1P2__ENSG00000133119
GCCGATCAGCTCCGACCCCA	ORC6_+_46723615.23-P1P2__ENSG00000091651
GCCGATCCGGGTAACGTCAG	RNGTT_-_89673280.23-P1P2__ENSG00000111880
GCCGATTCGCGGAGGACCCG	KLHL17_+_896032.23-P1P2__ENSG00000187961
GCCGCAAAGGGCCGTTGATT	non-targeting_01571
GCCGCACGGGAGGAGCAACC	INCENP_+_61891506.23-P1P2__ENSG00000149503
GCCGCACGGTGGACGAGGTA	NELFA_+_2010470.23-P1P2__ENSG00000185049
GCCGCACTCCGGCTCCACTG	ARCN1_+_118443216.23-P1P2__ENSG00000095139
GCCGCACTGGCCCAACTGTA	TUBG1_+_40761774.23-P1P2__ENSG00000131462
GCCGCAGCGCGACCAACGGG	non-targeting_03089
GCCGCAGCGGGATAACCTTG	PKM_+_72523549.23-P1__ENSG00000067225
GCCGCAGCTCCCCCCACGGA	ABHD17A_-_1885483.23-P1P2__ENSG00000129968
GCCGCAGGAGAGCCAAGAGG	FOXO1_-_41240393.23-P1P2__ENSG00000150907
GCCGCAGGCCGGCCCCGAGG	TBX1_+_19748234.23-P1P2__ENSG00000184058
GCCGCAGGGCCCGCAACCCG	TNRC6A_-_24741237.23-P1P2__ENSG00000090905
GCCGCAGGTTCTACACTGTC	SUPV3L1_+_70940020.23-P1P2__ENSG00000156502
GCCGCAGTTCGCTACAATAG	DCTN4_-_150138465.23-P1P2__ENSG00000132912
GCCGCCATATTACGGATCTC	CCP110_+_19535267.23-P1P2__ENSG00000103540
GCCGCCCGACTCTAACATGG	ZBTB17_+_16302564.23-P1P2__ENSG00000116809
GCCGCCCGCCGCGAGATCCG	H2AFZ_-_100871162.23-P1P2__ENSG00000164032
GCCGCCCGGCCAGCCGACCA	SDHAF2_+_61197543.23-P1P2__ENSG00000167985
GCCGCCGACTGAAGTAGCAA	GTF3C1_+_27561207.23-P1P2__ENSG00000077235
GCCGCCGAGATCCAGTCCTG	EMC7_-_34393868.23-P1P2__ENSG00000134153
GCCGCCGCCGCCCGTGAGGG	DSTYK_-_205180469.23-P1P2__ENSG00000133059
GCCGCCGCCGGGGCACAACA	STT3B_-_31574493.23-P1P2__ENSG00000163527
GCCGCCGCGCAGCCGAACAG	C7orf26_+_6629657.23-P1P2__ENSG00000146576
GCCGCCGCGTGCGAATCTGG	EEF1A1_+_74230493.23-P1P2__ENSG00000156508
GCCGCCGCTGGAGACTGCTG	PSMD2_+_184017090.23-P1P2__ENSG00000175166
GCCGCCGGATGGCGTAGGAT	CCDC84_-_118868873.23-P1P2__ENSG00000186166
GCCGCCGGCCCGCGGAGCAG	FBXL14_+_1703640.23-P1P2__ENSG00000171823
GCCGCCGGGGCCAGGTGATC	FOXD4_+_118156.23-ENST00000382500.2__ENSG00000170122
GCCGCCTGGAGATACAAGAC	OSBP_-_59383167.23-P1P2__ENSG00000110048
GCCGCCTTAGCGGGAGGAGT	UQCC2_-_33679502.23-P1P2__ENSG00000137288
GCCGCGACGGCGTTCAGAAC	NAF1_-_164087674.23-P1P2__ENSG00000145414
GCCGCGAGCTCCTTGTCCCA	NSL1_-_212965068.23-P1P2__ENSG00000117697
GCCGCGATAACATTAGGTCA	LST1_+_31555066.23-P2__ENSG00000204482
GCCGCGCAGCGAGGAAGGTG	ZNF763_+_12035921.23-P1P2__ENSG00000197054
GCCGCGCCAGCTCCCGTACA	POGZ_+_151431895.23-P1P2__ENSG00000143442
GCCGCGCGCGCGTCCACCCA	TUBA1B_-_49524730.23-P1P2__ENSG00000123416
GCCGCGCGGACGGCTGACAG	LETM1_-_1857794.23-P1P2__ENSG00000168924
GCCGCGCTGGGAATCCGCTG	MIER1_-_67391062.23-P1__ENSG00000198160
GCCGCGCTTGGCGGGCTCAG	MCM7_-_99698958.23-P1P2__ENSG00000166508
GCCGCGGAGCCTAAGCAGCG	MRPL43_-_102747237.23-P1P2__ENSG00000055950
GCCGCGGAGGAAAGATACTG	EXOC7_+_74099798.23-P1P2__ENSG00000182473
GCCGCGGCGCCTCCCGAAGC	RPP40_-_5004221.23-P1P2__ENSG00000124787
GCCGCGGCGGATGATGGCGG	RANGAP1_-_41682205.23-P1P2__ENSG00000100401
GCCGCGGCTGAGTCTTCCCA	NAPA_+_48018236.23-P1P2__ENSG00000105402
GCCGCGGGCGCCGAGAAACC	TBCA_-_77071772.23-P1P2__ENSG00000171530
GCCGCGGGCTCACAGTGGTC	PTK2_-_142011334.23-P1P2__ENSG00000169398
GCCGCGGGGGCCCTCTACAG	SRF_-_43139626.23-P1P2__ENSG00000112658
GCCGCGGGTGCTGAAGATCC	NCL_-_232329157.23-P1__ENSG00000115053
GCCGCGGTCAGTTCCTCCCA	NUP35_+_183989595.23-P1P2__ENSG00000163002
GCCGCGGTCCCGGGCCTAAG	RPLP0_-_120638701.23-P1P2__ENSG00000089157
GCCGCGGTGCGGAGAGCAGG	RANGAP1_+_41682168.23-P1P2__ENSG00000100401
GCCGCGTGTGGAAGTCTGTG	GTF2H2_+_70363453.23-ENST00000274400.5-ENST00000330280.7__ENSG00000145736
GCCGCTCACCGCAGACGTGG	CEP85_-_26560748.23-P1P2__ENSG00000130695
GCCGCTCGGCCCCTACCTGT	VPS13D_+_12290170.23-P1P2__ENSG00000048707
GCCGCTCGTCTGCCTGGCTG	NBEAL1_-_203879620.23-P1P2__ENSG00000144426
GCCGCTGCACACGCTCCCGG	LSM4_-_18433893.23-P1P2__ENSG00000130520
GCCGCTGGTTGGTCCGCACG	UBE3D_+_83775511.23-P1P2__ENSG00000118420
GCCGCTGTTGGTGCCGCTCG	RBX1_+_41347427.23-P1P2__ENSG00000100387
GCCGCTTCAGGCTAATCCAG	CTR9_+_10772881.23-P1P2__ENSG00000198730
GCCGCTTCCTCTTGGCGGGT	SNRNP48_-_7590481.23-P1P2__ENSG00000168566
GCCGGAAAGGAACCCTGGTC	NDUFAB1_+_23607647.23-P1P2__ENSG00000004779
GCCGGAAAGGCTGGATACCT	SNW1_+_78221318.23-P2__ENSG00000100603
GCCGGAAGCCCGCCAGGCAC	OVCA2_+_1945367.23-P1P2__ENSG00000262664
GCCGGAAGCGCCTACTCCAG	SNRPD1_+_19192288.23-P1P2__ENSG00000167088
GCCGGAAGTGACCTCTAGAG	CWC25_+_36981567.23-P1P2__ENSG00000273559
GCCGGAGAGCCGGCTAGATA	TMEM199_-_26684696.23-P1P2__ENSG00000244045
GCCGGAGAGCGAGAGCGCGA	CLOCK_+_56412980.23-P1P2__ENSG00000134852
GCCGGAGCGGGCAGAGTTGG	UBAP1_-_34179122.23-P1P2__ENSG00000165006
GCCGGAGCTGGCGAGCCGAG	EXOC5_+_57735449.23-P1P2__ENSG00000070367
GCCGGAGCTGGTGCCTGCGG	RNF8_-_37322005.23-P1P2__ENSG00000112130
GCCGGAGGGATCATGCGACC	BCL2L1_-_30310581.23-P1__ENSG00000171552
GCCGGAGGTCGCGGAGAGCT	RAD9A_-_67159481.23-P1P2__ENSG00000172613
GCCGGAGTCAGAGAGGAACG	ZNF335_+_44600775.23-P1P2__ENSG00000198026
GCCGGCACAGAAGAACAACC	PSMD13_+_237011.23-P1P2__ENSG00000185627
GCCGGCACCGGCAACGGAAA	SRSF11_+_70671413.23-P1__ENSG00000116754
GCCGGCAGCCAGTCCCTGAA	MBD3_-_1592314.23-P1P2__ENSG00000071655
GCCGGCAGCCCCAGCCATCG	DDX19B_+_70328743.23-P2__ENSG00000157349
GCCGGCAGGACGCTGTGAGT	TAF13_+_109618581.23-P1P2__ENSG00000197780
GCCGGCCAAGATGTCTGACA	COPS2_+_49447762.23-P1P2__ENSG00000166200
GCCGGCCACGGCAATGAATG	DNM1L_+_32832245.23-P1P2__ENSG00000087470
GCCGGCCCCCGAAAGAGGGT	ZMYM4_-_35734690.23-P1P2__ENSG00000146463
GCCGGCCCGACCCCGGCCAT	LAMTOR1_+_71814265.23-P1P2__ENSG00000149357
GCCGGCCCGATGAGCTGCAG	TAF10_+_6633406.23-P1P2__ENSG00000166337
GCCGGCCCGGAGGGTCCCAG	FAM213A_+_82168311.23-P1__ENSG00000122378
GCCGGCCCGGGCGGCTCCCA	NOM1_-_156742480.23-P1P2__ENSG00000146909
GCCGGCCGCGATGCATTCTG	UBE2L3_-_21922010.23-P1P2__ENSG00000185651
GCCGGCCGCTGCCGTCGTCT	non-targeting_00583
GCCGGCCGGAGACTCCGCTC	WDR77_-_111991851.23-P1P2__ENSG00000116455
GCCGGCCGGGCGGCGAGTAG	CTCF_+_67596356.23-P1P2__ENSG00000102974
GCCGGCCGTAGCCTCAGCAG	HEXIM1_+_43226009.23-P1P2__ENSG00000186834
GCCGGCCGTGGTCGCCGAGT	GTF3A_-_27998904.23-P1P2__ENSG00000122034
GCCGGCCTGGAGTGAGATGG	EIF4E_+_99849828.23-P1P2__ENSG00000151247
GCCGGCGCCGCCTGGAGGAA	WDR44_+_117480416.23-P1P2__ENSG00000131725
GCCGGCGCTTCCACTTCCCC	CAPZB_-_19812015.23-P1P2__ENSG00000077549
GCCGGCGGACGTGGGCAGGA	ITGB1BP1_+_9563616.23-P1P2__ENSG00000119185
GCCGGCGGCAGCTGGTGCGG	UCHL5_+_193028436.23-P1P2__ENSG00000116750
GCCGGCGGCGGCAACAACGG	PAXBP1_-_34143891.23-P1P2__ENSG00000159086
GCCGGCGGCTCTACAGGGAG	EXOC5_+_57735310.23-P1P2__ENSG00000070367
GCCGGCGGCTGCAGATTGAC	RTTN_+_67872899.23-P1P2__ENSG00000176225
GCCGGCGGTGCTCGCAAGCG	EIF3L_-_38245450.23-P1P2__ENSG00000100129
GCCGGCGTCCGGGAACGCTC	BCAR1_+_75299852.23-P2__ENSG00000050820
GCCGGCGTGGTGAAGCGGTA	TBCA_+_77072022.23-P1P2__ENSG00000171530
GCCGGCTCGGCGAGCGGTGG	KANSL1_-_44270717.23-P1P2__ENSG00000120071
GCCGGCTGTGGAAGCTCCCG	TAF1B_-_9983662.23-P1P2__ENSG00000115750
GCCGGCTTAGTTAGGAGCTA	PHF5A_+_41864653.23-P1P2__ENSG00000100410
GCCGGCTTGTTCGGGAGAGA	BCL2L1_+_30311683.23-P2__ENSG00000171552
GCCGGGAAAGGAGAGGATCC	SLC39A7_-_33168709.23-P1P2__ENSG00000112473
GCCGGGAACCCGCGTTGGCG	ATR_+_142297571.23-P1P2__ENSG00000175054
GCCGGGACGGGCAGTAGAGC	GBF1_+_104005322.23-P1P2__ENSG00000107862
GCCGGGACTGCGGTGAGTCC	TUBGCP2_+_135122315.23-P1P2__ENSG00000130640
GCCGGGAGCGGCAGAAGTTA	METTL14_-_119606733.23-P1P2__ENSG00000145388
GCCGGGAGCTTGCTAGCCCG	TUBE1_-_112408676.23-P1P2__ENSG00000074935
GCCGGGATGGGGCGCGAGTG	PDHA1_-_19362252.23-P1P2__ENSG00000131828
GCCGGGCAGAATAAGCGTGC	GCOM1_+_57884167.23-P1P2__ENSG00000137878
GCCGGGCCCGGCGCTTCCAG	CADM4_+_44143915.23-P1P2__ENSG00000105767
GCCGGGCCCGGGGAGTAGGA	EGLN2_-_41284185.23-P2__ENSG00000269858;RAB4B_-_41284185.23-P1P2__ENSG00000167578
GCCGGGCCCGGTGCGGGAAC	COPS2_-_49447577.23-P1P2__ENSG00000166200
GCCGGGCGAGACCCATTCGG	KIAA0947_-_5423055.23-P1P2__ENSG00000164151
GCCGGGCGGAGATACGACCC	DNAJC9_-_75006969.23-P1P2__ENSG00000213551
GCCGGGCGGCGGCGATGCTG	ANKLE2_+_133338375.23-P1P2__ENSG00000176915
GCCGGGCGGGCGCCTCTCAC	CLOCK_-_56412950.23-P1P2__ENSG00000134852
GCCGGGCTGAGGCATTTGCT	ZDHHC7_+_85045079.23-P1P2__ENSG00000153786
GCCGGGGAAGCGGGCAGACG	H3F3A_+_226250520.23-P1P2__ENSG00000163041
GCCGGGGACACGCTTCTAGT	DARS_-_136742757.23-P1P2__ENSG00000115866
GCCGGGGACCCGGAGGAGAG	HMX3_-_124895562.23-P1P2__ENSG00000188620
GCCGGGGCAGCGGAGCAGGG	DPH1_-_1933503.23-P1__ENSG00000108963
GCCGGGGTGCGGGTACTGCA	HHEX_+_94449741.23-P1P2__ENSG00000152804
GCCGGGTGAGGGCGGTGGGA	MON1A_+_49967204.23-P1P2__ENSG00000164077
GCCGGGTTCTGGTGTAGGAG	TFIP11_+_26908413.23-P1P2__ENSG00000100109
GCCGGTAAGAGAGCCCCGGG	CENPN_-_81040900.23-P1P2__ENSG00000166451
GCCGGTAGGAGCGGGGAGGT	SMC4_-_160117489.23-P1__ENSG00000113810
GCCGGTCCGTGCCTCCAAGA	RPS26_-_56435953.23-P1P2__ENSG00000197728
GCCGGTCGGAACTGCTCCGG	CDC20_-_43824671.23-P1P2__ENSG00000117399
GCCGGTGACGGAGACTGCCC	MRPL33_-_27994633.23-P1P2__ENSG00000243147
GCCGGTGAGACCCGGGAACG	TIMELESS_-_56842914.23-P1P2__ENSG00000111602
GCCGGTGAGATTGGAAGTGG	STX5_+_62599448.23-P1P2__ENSG00000162236
GCCGGTGCTCGGCAACCAAG	non-targeting_03038
GCCGGTTCACGTGCAGGCAG	SRFBP1_-_121297703.23-P1P2__ENSG00000151304
GCCGTAAGGTGCATGGGTAG	MRPL1_-_78784033.23-P1P2__ENSG00000169288
GCCGTAGTTACGGTCGACTG	PSMD9_-_122326708.23-P1P2__ENSG00000110801
GCCGTCACCGCAGAACCGGG	TMEM242_+_157745057.23-P1P2__ENSG00000215712
GCCGTCCCGGAGACCCGGTC	PSMD4_-_151227239.23-P1P2__ENSG00000159352
GCCGTCCTGAGAGCCAGGAG	GMIP_+_19754218.23-P1P2__ENSG00000089639
GCCGTCGCGGACTCGGGAGA	ZC3H3_+_144623587.23-P1P2__ENSG00000014164
GCCGTCGTCGCCGCCATCCT	EEF2_+_3985431.23-P1__ENSG00000167658
GCCGTGCGGAAGAAAAGGGT	TAF1D_-_93474665.23-P1__ENSG00000166012
GCCGTGCGGCCCGGTAAGTG	C9orf114_+_131592013.23-P1P2__ENSG00000198917
GCCGTGCGGTTGCTGCTCCG	SMC3_-_112327541.23-P1P2__ENSG00000108055
GCCGTGCTGGAGCAGCGAGG	HOXA3_+_27153422.23-P2__ENSG00000105997
GCCGTGGACCCTCTGGTATA	PRMT1_-_50180469.23-P1P2__ENSG00000126457
GCCGTGGCCCCGGGTCGGGA	CDK2_+_56360661.23-P1P2__ENSG00000123374
GCCGTGGCGGCTGGAGGTAG	SLC25A42_-_19174832.23-P1P2__ENSG00000181035
GCCGTGTCAGTCGGGAGGGA	DDX1_-_15732021.23-P1P2__ENSG00000079785
GCCGTGTGCTCACCCACGTG	MDN1_+_90529477.23-P1P2__ENSG00000112159
GCCGTTAGAGGAGCTGAGGG	CEP85_-_26560720.23-P1P2__ENSG00000130695
GCCGTTGCTAGGAGCCCCCG	TBPL1_+_134274402.23-P1P2__ENSG00000028839
GCCTAACGATGCCGCCGGAG	UTP18_-_49337959.23-P1P2__ENSG00000011260
GCCTACAGAAAGCTGCGCTG	TTK_+_80714409.23-P1P2__ENSG00000112742
GCCTACGGGCGAGTGGACGG	POLR2M_-_57999302.23-P1P2__ENSG00000255529
GCCTAGAGCGGGGCCCGGTA	SETX_+_135230337.23-P1P2__ENSG00000107290
GCCTAGCGCCGCACAAGGAG	PSME1_+_24605434.23-P1P2__ENSG00000092010
GCCTAGCTTTGGGAAGCCAG	RAB6A_+_73471947.23-P1P2__ENSG00000175582
GCCTAGGCTCCGGATCCCCG	UBE2L3_-_21922123.23-P1P2__ENSG00000185651
GCCTAGGGTTGGCTACAATG	RPL13A_-_49991095.23-P1__ENSG00000142541
GCCTATGGTTCATGAGGACA	OR2T29_-_248722384.23-ENST00000328570.3__ENSG00000182783
GCCTCAAGCCGGCACCTGAG	NUP93_-_56764101.23-P1P2__ENSG00000102900
GCCTCACACTACTTCCGACC	RPS19BP1_-_39928789.23-P1P2__ENSG00000187051
GCCTCACAGCTCCAAGAACC	THOC5_-_29949679.23-P1P2__ENSG00000100296
GCCTCAGCGGGAGCCACCGG	MIOS_-_7606882.23-P1P2__ENSG00000164654
GCCTCAGGTGAGGCTGCGGG	ETV4_+_41623536.23-P1P2__ENSG00000175832
GCCTCATGTTGGAACCGAGG	LRRC37A3_-_62915391.23-P1P2__ENSG00000176809
GCCTCCAAGATGGCGAGCGG	SRP72_-_57333814.23-P1P2__ENSG00000174780
GCCTCCACCGGAGTGAGGTA	TBCE_+_235530696.23-P1P2__ENSG00000285053
GCCTCCACGCCGAGGCGAAG	IPO7_-_9406168.23-P1P2__ENSG00000205339
GCCTCCAGGCTCGGGTCCAG	ABHD11_-_73153094.23-P1P2__ENSG00000106077
GCCTCCAGGCTTTGTCATGG	WDR74_+_62607035.23-P1__ENSG00000133316
GCCTCCCGGCGTGGAGATGG	CCDC137_-_79633802.23-P1P2__ENSG00000185298
GCCTCCCGGGCCAACGCTCA	SARS_+_109756585.23-P1P2__ENSG00000031698
GCCTCCCGGGCCGTAAGTAC	METTL21A_+_208489977.23-P1P2__ENSG00000144401
GCCTCCGCGCGGCCCTCGCA	RHOQ_-_46769664.23-P1P2__ENSG00000119729
GCCTCCGGGAGCCACCTGAA	METAP2_-_95868001.23-P1P2__ENSG00000111142
GCCTCCTCCCAGCTCCGGGT	AIFM1_-_129299770.23-P1P2__ENSG00000156709
GCCTCCTCCTCGGCCGGCAG	CSTF3_+_33183038.23-P1P2__ENSG00000176102
GCCTCCTCTTAGGGCTGAGG	PALB2_+_23652295.23-P1P2__ENSG00000083093
GCCTCGCCGTTTGTCCCTTG	AAAS_+_53715355.23-P1P2__ENSG00000094914
GCCTCGCGCCCAGTATGGAG	non-targeting_01647
GCCTCGCGTCACAGCCGGGA	EIF3I_-_32688045.23-P1P2__ENSG00000084623
GCCTCGGCGAGACCACCCGT	XPO5_-_43543686.23-P1P2__ENSG00000124571
GCCTCGGCGTCGCTCTGGAC	ISCU_-_108956377.23-P1P2__ENSG00000136003
GCCTCGGGCTTGAGGGGAAG	OLFML3_-_114522092.23-P1P2__ENSG00000116774
GCCTCGGTAAGGGATCAGTG	PRPF40A_+_153573726.23-P1P2__ENSG00000196504
GCCTCGTGAACGAAGCGGTG	EMG1_-_7080134.23-P1P2__ENSG00000126749
GCCTCTAGGACGAACCCCGG	C11orf57_+_111945314.23-P1P2__ENSG00000150776
GCCTCTCAGGCTAATCCCGA	SASS6_+_100598418.23-P1P2__ENSG00000156876
GCCTCTCAGGGAGCGACCAT	KTI12_-_52499454.23-P1P2__ENSG00000198841
GCCTCTCCCCCTCTGCTAGG	CYP4F11_-_16045665.23-P1P2__ENSG00000171903
GCCTCTCCGGAGATGGTCTG	HINFP_-_118992311.23-P1P2__ENSG00000172273
GCCTCTCCGGAGCCCAGGGT	BCL2L1_-_30311293.23-P2__ENSG00000171552
GCCTCTGACGGCCCCAGTCA	EPB41L2_+_131384391.23-P1P2__ENSG00000079819
GCCTCTGCGACAGTTTCCCG	RBM8A_-_145507619.23-P1P2__ENSG00000265241
GCCTCTGGCAGGTACTGGAT	MRPS10_+_42185527.23-P1P2__ENSG00000048544
GCCTCTGGCTAACCTACCCC	MED9_-_17380350.23-P1P2__ENSG00000141026
GCCTCTTCCTGTCTGTACCA	RPS5_-_58898655.23-P1P2__ENSG00000083845
GCCTGAACCGCGCCAGGAGA	TOE1_-_45805871.23-P1P2__ENSG00000132773
GCCTGAGCGGGTCGCGAGCG	TANGO6_-_68877504.23-P1P2__ENSG00000103047
GCCTGAGGGCGCGCACGGTC	MRPS26_+_3026905.23-P1P2__ENSG00000125901
GCCTGATTGGCCGTGTTGTA	NHP2_+_177580913.23-P1P2__ENSG00000145912
GCCTGCAACTCTTAACCAGG	RPF2_+_111303276.23-P1P2__ENSG00000197498
GCCTGCCAGACACACTGTGA	SBDS_+_66460557.23-P1P2__ENSG00000126524
GCCTGCCCCTTGCCCTGATG	F8A1_+_154114503.23-P1P2__ENSG00000277203
GCCTGCCGCGAGGGCAGTGA	WDR43_-_29117980.23-P1P2__ENSG00000163811
GCCTGCGCAGCCAGGGATAG	ACOT12_+_80689672.23-P1P2__ENSG00000172497
GCCTGCGCTGCGCTAGGGCG	SKA1_-_47901441.23-P1P2__ENSG00000154839
GCCTGCGGAAGCACACGGCG	YEATS2_+_183415634.23-P1P2__ENSG00000163872
GCCTGCGGGTGCAGCGGCAC	DDX55_+_124086731.23-P1P2__ENSG00000111364
GCCTGCTCACCTGAAGACCC	TAF6L_+_62538949.23-P1P2__ENSG00000162227
GCCTGCTGGGCGGTTCGACA	non-targeting_01712
GCCTGCTGGGGGAACACCTG	PIP4K2C_+_57985384.23-P1P2__ENSG00000166908
GCCTGGACCAAAGCACTCAC	RPS27_+_153963275.23-P1P2__ENSG00000177954
GCCTGGAGCCGGGAACCGCA	RPLP1_+_69745416.23-P1P2__ENSG00000137818
GCCTGGAGGAGTGGCGAAAC	SCNM1_-_151138590.23-P1P2__ENSG00000163156
GCCTGGATGTGAGCATAGAG	S100A1_-_153603152.23-P2__ENSG00000160678
GCCTGGGCACCGGGCTCGTG	FBRSL1_+_133066769.23-P1P2__ENSG00000112787
GCCTGGGGGGAGCGGACTAC	ARFRP1_-_62338974.23-P1P2__ENSG00000101246
GCCTGTCCAAGAAACTCCAC	ISY1_-_128879876.23-P1P2__ENSG00000240682
GCCTGTGCTGGGCCACCGGA	WDR82_-_52312175.23-P1P2__ENSG00000164091
GCCTGTGGCCAGTCACCCGG	TRPM7_+_50978930.23-P1P2__ENSG00000092439
GCCTGTGGTAATCCTTACCG	PRIM1_+_57146097.23-P1P2__ENSG00000198056
GCCTGTTGTGGAGTACGCTT	EMC4_-_34517276.23-P1P2__ENSG00000128463
GCCTTCGGGACTCACCGCAC	INCENP_+_61891519.23-P1P2__ENSG00000149503
GCCTTCTGGGAAAGCAGCGT	CCT8_-_30446001.23-P1P2__ENSG00000156261
GCCTTGAAGGCAGCATCACC	CFDP1_-_75448478.23-P2__ENSG00000153774
GCCTTGCTCGGAAGCGCCCA	non-targeting_02838
GCCTTGGCCTCCCAGATGGA	ZNF720_+_31724629.23-P1P2__ENSG00000197302
GCCTTGGCTGGAGAGCGGGG	ZDHHC7_-_85045124.23-P1P2__ENSG00000153786
GCGAACGTTCAGGATTCCAC	non-targeting_00374
GCGAACTCGGTGAAAGGAAT	HNRNPU_+_245027773.23-P1P2__ENSG00000153187
GCGAAGAGCGGAGGCGACCA	RAD17_+_68665711.23-P1P2__ENSG00000152942
GCGAAGATGGCGGAGAACAG	PFDN2_+_161087799.23-P1P2__ENSG00000143256
GCGAAGGCCCTTGGAAGCTA	PRMT1_+_50180741.23-P1P2__ENSG00000126457
GCGAAGTGAGCCCATGTCAG	RNMT_+_13726813.23-P1P2__ENSG00000101654
GCGAATGCCGGGCACGGAGA	C7orf26_+_6629634.23-P1P2__ENSG00000146576
GCGACAGCCGCAGCGTGAGG	ATP6AP2_+_40440237.23-P1P2__ENSG00000182220
GCGACATGGCCTAACAGTGA	RBBP4_-_33117002.23-P1P2__ENSG00000162521
GCGACCACGGAAGCACCCCT	MPG_+_128226.23-P1P2__ENSG00000103152
GCGACCCACAAACCCCAACA	ATP5B_-_57039748.23-P1P2__ENSG00000110955
GCGACCCACAGAGCCGATCG	FDPS_-_155278687.23-P1P2__ENSG00000160752
GCGACCCGCAGGGACCATCC	WDFY3_-_85887749.23-P1P2__ENSG00000163625
GCGACCCGCGGCCCCGAGGG	RTEL1_+_62289914.23-P1P2__ENSG00000258366
GCGACCCTACAGCACCGCGT	non-targeting_02779
GCGACCGCGGAGAGCACCCT	CSTF1_+_54967480.23-P1P2__ENSG00000101138
GCGACCGCGGAGCCCACCCT	C16orf86_+_67700726.23-P1P2__ENSG00000159761
GCGACCGCGTATGGCAGCGT	NUP88_-_5322557.23-P1P2__ENSG00000108559
GCGACCGGGAAACACCGCGA	SMARCC1_+_47823326.23-P1P2__ENSG00000173473
GCGACGACAGCAAGGCGACC	SMNDC1_-_112064631.23-P1P2__ENSG00000119953
GCGACGACTCAACCTCTCCG	non-targeting_03024
GCGACGCCAACGTACCTCTT	non-targeting_01225
GCGACGGAGGTAGGCTTACG	CCDC174_-_14693290.23-P1P2__ENSG00000154781
GCGACGGCGACACTTTGCTA	PRPF6_-_62612504.23-P1P2__ENSG00000101161
GCGACGGCGGCTCTCGTAGG	OSBP_+_59383170.23-P1P2__ENSG00000110048
GCGACGGGCGGTCCCGGGTG	SIRT7_+_79875631.23-P1P2__ENSG00000187531
GCGACGTGCGGTCCACAGGG	ALG13_+_110924898.23-P1P2__ENSG00000101901
GCGACTACGTCGGGCCGCTG	OPA1_-_193311193.23-P1P2__ENSG00000198836
GCGACTACTCCTGAAGAGTT	non-targeting_03735
GCGACTAGGGCCGCGCGTAC	PES1_-_30987859.23-P1P2__ENSG00000100029
GCGACTCCAGGGAGCTCCGG	BORA_+_73302094.23-P1P2__ENSG00000136122
GCGACTGGGACGGGACCAAG	POLR3H_+_41940181.23-P1P2__ENSG00000100413
GCGACTTCGGCCGCTCATGG	TSPYL5_-_98290076.23-P1P2__ENSG00000180543
GCGACTTGAAGCCTTCGGAG	NDUFB8_+_102289308.23-P1P2__ENSG00000166136
GCGAGACCCCCTAGTAACAG	GTF2H1_-_18344160.23-P1P2__ENSG00000110768
GCGAGAGCCGGGTGGACCCA	DDX21_-_70715913.23-P1P2__ENSG00000165732
GCGAGAGCGCGAAGGAAATC	CLOCK_+_56412972.23-P1P2__ENSG00000134852
GCGAGATCCGGCCCAGAGGG	CUL3_-_225450135.23-P1P2__ENSG00000036257
GCGAGCACAAGAGCCTCCGC	SLC7A6OS_-_68344774.23-P1P2__ENSG00000103061
GCGAGCACGTCGGCCGGCGG	PDCD7_-_65425740.23-P1P2__ENSG00000090470
GCGAGCAGAGCCGTGGTCCG	EIF1AX_-_20159725.23-P1P2__ENSG00000173674
GCGAGCAGCCGCGCTGGTGG	FYN_+_112194611.23-P1P2__ENSG00000010810
GCGAGCAGCGGCGACCGACG	DDX55_-_124086680.23-P1P2__ENSG00000111364
GCGAGCAGGTAACGGATCCC	ADSL_-_40742729.23-P1P2__ENSG00000239900
GCGAGCCATGGCGACCAAGA	TMEM214_-_27255898.23-P1P2__ENSG00000119777
GCGAGCCGGATGTGCCAAGA	SEC16A_+_139377476.23-P1P2__ENSG00000148396
GCGAGCCTCAGAGCGAGGGG	VWA9_-_65903266.23-P1P2__ENSG00000138614
GCGAGCGAGGAGACCACCGG	DUT_+_48624411.23-P1P2__ENSG00000128951
GCGAGCGGAATCAGGGTAAC	SF3B4_+_149899609.23-P1P2__ENSG00000143368
GCGAGCGGCCTGGGTTCCGT	NUP214_-_134001039.23-P1P2__ENSG00000126883
GCGAGCGGCGCGGCAGAGTG	KANSL2_+_49075987.23-P1P2__ENSG00000139620
GCGAGCGGCTCCAGAGCCAA	ECT2_-_172468705.23-P1P2__ENSG00000114346
GCGAGCGGCTGAAGGGTCTG	RNF8_-_37322257.23-P1P2__ENSG00000112130
GCGAGCTGAACCGGGGCCCT	non-targeting_01474
GCGAGCTGGGATGGGTGCAC	non-targeting_03136
GCGAGCTGTTCCCCGAGGAG	TXNL4A_+_77748133.23-P1P2__ENSG00000141759
GCGAGCTTGGAGCCGGGTAG	MRPS33_+_140714758.23-P1P2__ENSG00000090263
GCGAGGACGGCAAGCCGGAG	MRPS35_+_27863749.23-P1P2__ENSG00000061794
GCGAGGAGCCGTAAGTACCG	UBA3_+_69129471.23-P1P2__ENSG00000144744
GCGAGGAGTTAGCACGGCGG	EIF3J_+_44829331.23-P1P2__ENSG00000104131
GCGAGGCACCGGGACGTCGG	NPLOC4_+_79604108.23-P1P2__ENSG00000182446
GCGAGGCGCACACGGAGGGA	GRSF1_-_71705116.23-P1P2__ENSG00000132463
GCGAGGCGCGGAGGCGAAGC	POLR1D_+_28196036.23-P1__ENSG00000186184
GCGAGGCTCCTGGCGCACTA	FOXL2_+_138665948.23-P1P2__ENSG00000183770
GCGAGGGCAACACGACAACT	GNL3L_+_54556690.23-P1P2__ENSG00000130119
GCGAGGGCGGAAGCGGACCA	CHMP7_-_23104167.23-P1P2__ENSG00000147457
GCGAGGGTAAGTGACTGTAG	MED1_+_37607273.23-P1P2__ENSG00000125686
GCGAGGGTCGGAAATCTGTG	MAGOH_+_53703946.23-P1P2__ENSG00000162385
GCGAGGTCTGAGCACCTAGG	POLR2A_-_7388024.23-P1P2__ENSG00000181222
GCGAGGTGGAAACAAGATGG	RSL1D1_+_11945362.23-P1__ENSG00000171490
GCGAGGTGGGCCAAGATGCG	QRSL1_+_107077661.23-P1P2__ENSG00000130348
GCGAGTAGGGAGCTCGAGAT	non-targeting_02708
GCGAGTCAGCCCGGTCCTCA	GLMN_-_92764279.23-P1P2__ENSG00000174842
GCGAGTCGCGCCGAGGATGG	EEF2_-_3985443.23-P1__ENSG00000167658
GCGAGTGAGCGACGTCAAGG	PEF1_-_32110231.23-P1P2__ENSG00000162517
GCGAGTGCCGGCCGAAAGCT	NOP2_+_6677431.23-P1P2__ENSG00000111641
GCGAGTGGTGGCCGAAGCAG	PSMD12_+_65362663.23-P1P2__ENSG00000197170
GCGATAGGCGACGCGGGGAG	PRPF38A_-_52870263.23-P1P2__ENSG00000134748
GCGATAGGGACCCGGGAACG	ABCB10_-_229694297.23-P1P2__ENSG00000135776
GCGATCGCTGAGGAGCAAGG	ZFC3H1_+_72057599.23-P1P2__ENSG00000133858
GCGATCTCCGAGCGGAATCA	SF3B4_+_149899616.23-P1P2__ENSG00000143368
GCGATGAGATTCATGAGGTT	SEC61A1_+_127783820.23-P2__ENSG00000058262
GCGATGGGCACGGGGTGAGT	VWA9_+_65903426.23-P1P2__ENSG00000138614
GCGATGGGCCCATAGCCCCC	YJEFN3_+_19627083.23-P1__ENSG00000250067
GCGATGTCTAAGGTATGTGG	ORC3_-_88299920.23-P1P2__ENSG00000135336
GCGATTTGTCCCGGCAAGGG	non-targeting_00151
GCGCAACAAGGCGTACTCTC	COQ5_+_120966966.23-P1P2__ENSG00000110871
GCGCAACCTTTCCAAGGGAG	SLC25A3_-_98987494.23-P1P2__ENSG00000075415
GCGCAAGAGCACAGGAAGTA	DHPS_-_12792690.23-P1P2__ENSG00000095059
GCGCAAGCTGAGGCGGCGGT	THOC7_-_63849519.23-P1P2__ENSG00000163634
GCGCACAGACCCGGCGAGGA	ASCC3_-_101329197.23-P1P2__ENSG00000112249
GCGCACCTCGGAGTGTAAGG	HAUS6_+_19102512.23-P1P2__ENSG00000147874
GCGCACGCGGACGGGCCTGC	non-targeting_01678
GCGCAGAGGGAGGTGCATCA	ZBTB17_-_16302519.23-P1P2__ENSG00000116809
GCGCAGCAGCGACTCCAAAA	CDAN1_-_43029292.23-P1P2__ENSG00000140326
GCGCAGCCGCGCCACATCCG	URI1_+_30433533.23-P1P2__ENSG00000105176
GCGCAGCGTAGCCCGGAACA	MRPL49_+_64889828.23-P1P2__ENSG00000149792
GCGCAGGACCAGCTTCCGGG	FAM207A_-_46359938.23-P1P2__ENSG00000160256
GCGCAGGTAGCGGGACATGG	SRSF10_-_24306749.23-P1P2__ENSG00000188529
GCGCATCATGGCGGCTGAGT	EMC1_+_19577987.23-P1P2__ENSG00000127463
GCGCATCCTGAGGAAGGCGG	SIRT7_+_79875815.23-P1P2__ENSG00000187531
GCGCCAAGGACACTCAGGGA	AURKA_-_54967108.23-P1P2__ENSG00000087586
GCGCCACAGATCCGAACAGT	PMPCB_-_102938097.23-P1__ENSG00000105819
GCGCCACAGCCGGAACTATA	VWA9_-_65903523.23-P1P2__ENSG00000138614
GCGCCACGCGCCGACAATGG	HTATSF1_-_135579420.23-P1P2__ENSG00000102241
GCGCCAGTGAGAACCGGGGC	TOMM40_-_45394587.23-P1P2__ENSG00000130204
GCGCCATGGCCCGAAGACCC	MYB_-_135502668.23-P1P2__ENSG00000118513
GCGCCCAAACCGGCCAGCCA	VPS37A_+_17104482.23-P1P2__ENSG00000155975
GCGCCCAACCAGCGAGCGGG	ZBTB4_-_7387552.23-P1__ENSG00000174282
GCGCCCACTCACCTTCCGAG	GLI4_+_144349643.23-P1P2__ENSG00000250571
GCGCCCAGGTGGGAAGAGGC	C19orf25_+_1479146.23-P1P2__ENSG00000119559
GCGCCCCGCGGGAACCTCCA	TSEN54_+_73512666.23-P1P2__ENSG00000182173
GCGCCCGCAAGCCCTGGATG	TGS1_+_56686066.23-P1P2__ENSG00000137574
GCGCCCGCCGGAGACTCCCG	TPR_-_186344310.23-P1P2__ENSG00000047410
GCGCCCGGCGCGGAGACCGA	POLR3D_-_22102673.23-P1P2__ENSG00000168495
GCGCCCGGCGGCGAGAGTAG	FYN_+_112194476.23-P1P2__ENSG00000010810
GCGCCCTAAGGTGACCGTCA	MRPL21_-_68671264.23-P1P2__ENSG00000197345
GCGCCCTGTGTGTCCTACGG	MRPS9_-_105654578.23-P1P2__ENSG00000135972
GCGCCGAAAGCGAAGAAGGA	RPL23A_-_27047048.23-P1P2__ENSG00000198242
GCGCCGACGGAGACCCGTAG	NAA15_-_140222716.23-P1P2__ENSG00000164134
GCGCCGATGGGAAGAACAAC	SUPT4H1_-_56429520.23-P1P2__ENSG00000213246
GCGCCGCCAAGGAAGCCAAC	CLOCK_-_56412906.23-P1P2__ENSG00000134852
GCGCCGCCACCGGCCCTGCT	SMG5_-_156252584.23-P1P2__ENSG00000198952
GCGCCGCCGCCGGGGCTCTA	CFDP1_+_75467325.23-P1__ENSG00000153774
GCGCCGCGGGACCGCAGTCC	TNRC6A_-_24741413.23-P1P2__ENSG00000090905
GCGCCGCGTGAGTCCCCCAC	PTMA_-_232573243.23-P1P2__ENSG00000187514
GCGCCGCTTTGCGCTCGGAG	SIRT7_-_79875986.23-P1P2__ENSG00000187531
GCGCCGGCCGCGGTTCTCCC	MBNL1_-_151986997.23-P1P2__ENSG00000152601
GCGCCGGGACCCGGAGGAAC	PPWD1_-_64859203.23-P1P2__ENSG00000113593
GCGCCGGGCAGGTCGGAAGG	ZDHHC7_-_85045072.23-P1P2__ENSG00000153786
GCGCCGGGTGAGCAGCGTCT	TAF6_+_99716935.23-P1P2__ENSG00000106290
GCGCCGGTAGGAGCCACCTC	MRPL44_-_224822384.23-P1P2__ENSG00000135900
GCGCCGGTTCCGTCGACTAG	non-targeting_00015
GCGCCTAAAGGTGGAGAACG	LARS2_-_45430137.23-P1P2__ENSG00000011376
GCGCCTAAGTGGTTCCGGGT	SDHD_-_111957602.23-P1P2__ENSG00000204370
GCGCCTACTGATGCCGAAAG	IPO11_+_61708632.23-P1P2__ENSG00000086200
GCGCCTAGCAGGTCCTCTAC	ARF4_+_57583046.23-P1P2__ENSG00000168374
GCGCCTCACTCCAGAGAGAG	FBXW7_-_153457248.23-ENST00000281708.4__ENSG00000109670
GCGCCTCGGCCGGACGCTGA	CMPK1_+_47799589.23-P1P2__ENSG00000162368
GCGCCTCTTTCCCTTCGGTG	RPL10_-_153626735.23-P1P2__ENSG00000147403
GCGCCTGGTGGGCAGCATGT	RRP9_+_51975876.23-P1P2__ENSG00000114767
GCGCCTGTGAGCAGCCGCGG	PTEN_-_89623526.23-P1P2__ENSG00000171862
GCGCCTTCCGACCCAGCTGT	PDCD2_+_170893697.23-P1P2__ENSG00000071994
GCGCGAAGGCTAAGGGAGTG	GPN3_+_110906029.23-P1P2__ENSG00000111231
GCGCGACCCGGTCCCTGCAC	PPA2_-_106395142.23-P1P2__ENSG00000138777
GCGCGACCGGAAGGAGCAGG	EIF1_-_39845517.23-P1P2__ENSG00000173812
GCGCGAGCGTCGACAGGGTG	LENG8_-_54960616.23-P1P2__ENSG00000167615
GCGCGAGGAAGTGAGGTCTC	NFYC_+_41157619.23-P1P2__ENSG00000066136
GCGCGAGGCCGGGAAGGTGA	MFN2_-_12040541.23-P1__ENSG00000116688
GCGCGAGGTGGCAGTGGCAG	VCP_-_35072566.23-P1P2__ENSG00000165280
GCGCGAGTCCGCGGAAGCCA	SRPRB_+_133524690.23-P1P2__ENSG00000144867
GCGCGCAACAAAGGCTTGGG	HNRNPA1_+_54674930.23-P1P2__ENSG00000135486
GCGCGCAAGTCCAACAAGGG	ZNF131_+_43121840.23-P1P2__ENSG00000172262
GCGCGCACGGCGCAAAGAAC	non-targeting_03357
GCGCGCCACGCCCGAGTCCC	DDX51_+_132628854.23-P1P2__ENSG00000185163
GCGCGCCCGTTGCAAGATGG	HSF1_-_145515300.23-P1P2__ENSG00000185122
GCGCGCCGGTCGCCCAGACA	HIRA_+_19435207.23-P1__ENSG00000100084
GCGCGCCGGTGGCGAGGTTA	DDX19A_-_70380833.23-P1P2__ENSG00000168872
GCGCGCGAGGCCCTGCAGTC	HJURP_+_234763174.23-P1P2__ENSG00000123485
GCGCGCGCGAGCGCAGCGGT	CLASRP_-_45542349.23-P1P2__ENSG00000104859
GCGCGCGGGAAGTCTCTGTA	DONSON_+_34960976.23-P1P2__ENSG00000159147
GCGCGCGGGGAGGAGACCGG	CPSF3L_-_1259846.23-P1P2__ENSG00000127054
GCGCGCTCACTGACCTGAGG	MIOS_+_7606694.23-P1P2__ENSG00000164654
GCGCGCTCGCATCCCCAAGA	VBP1_-_154444762.23-P1P2__ENSG00000155959
GCGCGCTGCAGGCATCCGCA	TBCB_-_36606452.23-P1P2__ENSG00000105254
GCGCGCTGCGCCCGAAGCGG	NUP98_+_3818746.23-P1P2__ENSG00000110713
GCGCGCTGGTTCACCGGTAG	PSMB5_-_23504062.23-P1P2__ENSG00000100804
GCGCGCTTCGCAAGACACCG	CASC3_-_38296843.23-P1P2__ENSG00000108349
GCGCGCTTGGGCTCGCGATG	FNBP4_+_47788834.23-P1P2__ENSG00000109920
GCGCGGAACTCGCCACGGTA	PRIM1_-_57146107.23-P1P2__ENSG00000198056
GCGCGGAATCCGGGATCCGG	CYFIP1_+_22893097.23-P1P2__ENSG00000273749
GCGCGGACGCAATGGCTTCA	COX5B_-_98262560.23-P1P2__ENSG00000135940
GCGCGGAGAAGGGGTGCGAG	POLR2E_+_1095334.23-P1__ENSG00000099817
GCGCGGAGCGAACGAAGCAG	MAT2A_+_85766280.23-P1P2__ENSG00000168906
GCGCGGAGCGTACCCTGCTG	FGFR1OP_-_167412853.23-P1P2__ENSG00000213066
GCGCGGAGCTGCTTCTTTGG	CTCF_-_67596515.23-P1P2__ENSG00000102974
GCGCGGCAGCCGGAGTGGTC	GAK_-_926017.23-P1P2__ENSG00000178950
GCGCGGCCACAGAAGCTGCG	non-targeting_02934
GCGCGGCCAGCCGCGTTCCC	ABCB10_+_229694285.23-P1P2__ENSG00000135776
GCGCGGCCCAGAGGCGGCAA	CPSF6_+_69633592.23-P1P2__ENSG00000111605
GCGCGGCCGCCGCTGATACA	RNF103_+_86850947.23-P1P2__ENSG00000239305
GCGCGGCCGCCGGCCCAGTG	PRPF18_-_13629033.23-P1P2__ENSG00000165630
GCGCGGCCTGGGATGCGCTT	NSMCE1_+_27280033.23-P1P2__ENSG00000169189
GCGCGGCGCCCGGGAAATGG	CPNE7_+_89642219.23-P1P2__ENSG00000178773
GCGCGGCGCTCTATATAAGT	TPI1_-_6976675.23-P1P2__ENSG00000111669
GCGCGGCGGCCGGTAAGCAG	BTAF1_+_93683628.23-P1P2__ENSG00000095564
GCGCGGCGTCCGGGATGACA	SEC63_+_108278979.23-P1P2__ENSG00000025796
GCGCGGCGTGAGAAGCCATG	RPL10A_-_35436216.23-P1P2__ENSG00000198755
GCGCGGCTAGTGTGACTCAG	PSMB7_+_127177501.23-P1P2__ENSG00000136930
GCGCGGCTCGGAGAGAAGAA	CHTF8_+_69166252.23-P1P2__ENSG00000168802
GCGCGGCTGCACTCCCAAGA	LSM12_+_42143951.23-P1P2__ENSG00000161654
GCGCGGGCCAGCCGGAGCTG	INTS8_+_95835490.23-P1P2__ENSG00000164941
GCGCGGGCGCGGAAGACGGG	THOC6_-_3074073.23-P1P2__ENSG00000131652
GCGCGGGGTCGCGGTTCCTG	MRPS11_-_89010986.23-P1P2__ENSG00000181991
GCGCGGGTGTGCGAGACAGA	METAP1_-_99916941.23-P1P2__ENSG00000164024
GCGCGGTCCTCGGAGACACG	IMPDH2_+_49066801.23-P1P2__ENSG00000178035
GCGCGGTGCGACGAAGGAGT	H2AFZ_+_100871399.23-P1P2__ENSG00000164032
GCGCGGTGGACGGTCTGAAA	PRPF4_-_116037979.23-P1P2__ENSG00000136875
GCGCGGTTGAGAAGACCGGT	DDX21_-_70715959.23-P1P2__ENSG00000165732
GCGCGTCAACACGCCATTTA	non-targeting_00483
GCGCGTCACGGGGGAAACGT	USP39_-_85829973.23-P2__ENSG00000168883
GCGCGTCCGGGCCGGTGAGG	SLC25A42_-_19174863.23-P1P2__ENSG00000181035
GCGCGTCGAAGGTAGCTCTA	BCLAF1_+_136610935.23-P1P2__ENSG00000029363
GCGCGTGACGGTACCTGTGG	SCAP_-_47517296.23-P1P2__ENSG00000114650
GCGCGTGGTGCAGTCCCTGG	C1orf109_+_38156159.23-P1__ENSG00000116922
GCGCGTGTGCTGAGACCCCA	DARS_+_136743138.23-P1P2__ENSG00000115866
GCGCGTGTGGCAGTCGCGGA	STARD7_+_96874548.23-P1P2__ENSG00000084090
GCGCTACTGCGCAAAGATGG	WDR75_-_190306224.23-P1P2__ENSG00000115368
GCGCTATACCGGCGTCACTA	UBE2D3_-_103748127.23-P1P2__ENSG00000109332
GCGCTCAAACCTGCCTACCA	non-targeting_01970
GCGCTCACCGCTGAAGACCA	ATP6V0C_+_2564168.23-P1P2__ENSG00000185883
GCGCTCAGGCCGTTGTTCTA	TUBB_+_30689619.23-P2__ENSG00000196230
GCGCTCCCCGGGCCCAAAGG	SF1_+_64545784.23-P1P2__ENSG00000168066
GCGCTCCCGCCAAGCACCGG	PCNA_-_5100179.23-P1P2__ENSG00000132646
GCGCTCCCGCCTCAGCTCCA	GTF3C5_+_135906441.23-P1P2__ENSG00000148308
GCGCTCCCGGCGCTGAATGG	HOXA3_+_27153200.23-P2__ENSG00000105997
GCGCTCCGCGCCTCACCCAA	RACGAP1_-_50419239.23-P1P2__ENSG00000161800
GCGCTCCGGCCGCGTCAGGA	EP400_+_132434542.23-P1P2__ENSG00000183495
GCGCTCGCGCAGGAGACCCC	CENPA_-_26987167.23-P1__ENSG00000115163
GCGCTCTCTCTCACGTCCAA	FRG2_-_190948402.23-ENST00000378763.1-ENST00000504750.1__ENSG00000205097
GCGCTCTGGCTACTTTTCTC	RPA2_-_28241061.23-P1P2__ENSG00000117748
GCGCTCTTTGCACCTCATCA	F8A1_-_154114513.23-P1P2__ENSG00000277203
GCGCTGACGCCGAGCCATGG	PDCD5_-_33072173.23-P1P2__ENSG00000105185
GCGCTGCTCGCCGGGTCCTG	DIS3_-_73355816.23-P1P2__ENSG00000083520
GCGCTGCTGCTGGGAGCCCA	LIN54_+_83933984.23-P1__ENSG00000189308
GCGCTGCTGTCCGGATGGGT	RABGGTB_-_76251996.23-P1P2__ENSG00000137955
GCGCTGGAGCGGCCAGAAAA	KRR1_+_75905342.23-P1P2__ENSG00000111615
GCGCTGGGACTAGAAGCTCC	SPTLC1_-_94877454.23-P1P2__ENSG00000090054
GCGCTGGGTGCACGTCCCCA	UBA5_-_132379254.23-P1P2__ENSG00000081307
GCGCTGTGATGGTAAGACCT	CENPK_+_64858912.23-P1P2__ENSG00000123219
GCGCTTCACTGATACCCGGA	EEF2_+_3984167.23-P2__ENSG00000167658
GCGCTTTACGGCCGCGGGGA	CNOT11_-_101869369.23-P1P2__ENSG00000158435
GCGGAAAGGCACCGCGGAGT	RPS28_+_8386770.23-P1P2__ENSG00000233927
GCGGAAAGGGAAAACAACTA	ACTR6_-_100594606.23-P1P2__ENSG00000075089
GCGGAACATGGCGGAGGCAG	BDP1_+_70751690.23-P1P2__ENSG00000145734
GCGGAACCCGAACGGAAGGT	DDX41_+_176943914.23-P1P2__ENSG00000183258
GCGGAACCGCGAGGGTGGCG	ARL2_-_64781781.23-P1P2__ENSG00000213465
GCGGAACGTGGCCGGAGCAG	METTL1_+_58165829.23-P1P2__ENSG00000037897
GCGGAACTGACAGGAAACAT	non-targeting_01241
GCGGAAGCTACCTATCTGGT	LAMTOR4_-_99746568.23-P1P2__ENSG00000188186
GCGGAAGGCAACTGCCTGAG	SRSF2_+_74733314.23-P1P2__ENSG00000161547
GCGGAAGTAGACGTACCTCA	MCRS1_+_49961900.23-P1P2__ENSG00000187778
GCGGAAGTCAGACTATGGGG	NBPF12_-_146373567.23-P1P2__ENSG00000268043
GCGGACCACTGCAGACTGAG	NOP10_+_34635309.23-P1P2__ENSG00000182117
GCGGACCTAAGGTCCCGCTT	non-targeting_01871
GCGGACCTCGCCGCTATCTC	AASDHPPT_+_105948405.23-P1P2__ENSG00000149313
GCGGACGCGGCGGCATTAAA	PCNA_+_5100595.23-P1P2__ENSG00000132646
GCGGACGGTGCGGGGATCAG	DAXX_+_33290608.23-P1__ENSG00000204209
GCGGACGTGGCAGCTCCCGG	SEC13_-_10362784.23-P1P2__ENSG00000157020
GCGGACTCAGCTCGACAAGG	WDR5_+_137001233.23-P1P2__ENSG00000196363
GCGGACTCAGGACTCCGAAC	POLR2A_+_7388145.23-P1P2__ENSG00000181222
GCGGACTGCGAGTCTCTTTG	HSPE1_-_198365117.23-P1P2__ENSG00000115541
GCGGACTGGCCAGTCTCTAG	LARS_+_145561989.23-P1P2__ENSG00000133706
GCGGAGACCGAGCTGGGATC	CLK2_+_155243222.23-P1P2__ENSG00000176444
GCGGAGAGGTGAGGTTCCGG	NEDD1_-_97301092.23-P1P2__ENSG00000139350
GCGGAGCAAGAGTGAGTGTT	RPL7L1_-_42847700.23-P1P2__ENSG00000146223
GCGGAGCAGCATGGTCCCGC	NFS1_-_34287220.23-P1P2__ENSG00000244005
GCGGAGCAGGCGAGAGGCGA	ZNF574_-_42580351.23-P1__ENSG00000105732
GCGGAGCCCTCGCCGACCAA	PDCD6IP_+_33840649.23-P1P2__ENSG00000170248
GCGGAGCCGAGCCGGAACTG	MIS18BP1_+_45722268.23-P1P2__ENSG00000129534
GCGGAGCCTGACATCCTCCC	UHRF1_+_4909924.23-P1P2__ENSG00000276043
GCGGAGCGCCCGTCTTGAGG	non-targeting_01146
GCGGAGCGCGCGCGAAGCGG	NFYC_+_41157405.23-P1P2__ENSG00000066136
GCGGAGCGGAGCCTGCGAGA	UBR5_+_103424940.23-P1P2__ENSG00000104517
GCGGAGGACCCCGCTCTCAG	IARS2_-_220267547.23-P1P2__ENSG00000067704
GCGGAGGAGCTGCAGATCTT	POLA2_-_65029809.23-P1P2__ENSG00000014138
GCGGAGGCAGCCATGATACG	TFB1M_-_155635570.23-P1P2__ENSG00000029639
GCGGAGGCGATGGTGGACGA	NOL7_-_13615654.23-P1P2__ENSG00000225921
GCGGAGGCTGCTGCCCCGGG	HNRNPL_+_39340578.23-P1__ENSG00000104824
GCGGAGGTGGCCACCGAGAG	RPAIN_-_5323902.23-P1P2__ENSG00000129197
GCGGAGTACAGCGGTCCTGG	SLC7A6OS_-_68344821.23-P1P2__ENSG00000103061
GCGGAGTACTGCGGAGGGAG	SLC35G2_+_136537951.23-P1P2__ENSG00000168917
GCGGAGTCGGATGGCGGCTA	RQCD1_-_219433586.23-P1P2__ENSG00000144580
GCGGAGTCGGTGGGTGCAGA	ANAPC2_+_140082980.23-P1P2__ENSG00000176248
GCGGATGACAAACAGAGGGT	non-targeting_02555
GCGGATTGCGGGAGAGAGGA	SRSF11_+_70687220.23-P2__ENSG00000116754
GCGGATTTCTGCTACTTATA	HIST1H2BC_-_26124187.23-P1P2__ENSG00000180596
GCGGCAACAGCAGACATGTC	SDHA_-_218477.23-P1P2__ENSG00000073578
GCGGCAATGAGGAAGCGCCC	INTS1_-_1543942.23-P1P2__ENSG00000164880
GCGGCACCAGCCACTCCGCA	TIMM44_-_8008522.23-P1P2__ENSG00000104980
GCGGCACCCTGAGAGATGTC	SLMO2_-_57617811.23-P1P2__ENSG00000101166
GCGGCACGGACGCTAGAAAT	CRNKL1_-_20033040.23-P1P2__ENSG00000101343
GCGGCACGTGTGTCATTCCC	NOC3L_+_96122658.23-P1P2__ENSG00000173145
GCGGCAGAGCGAGCCCGCAG	SRSF1_-_56084574.23-P1P2__ENSG00000136450
GCGGCAGCAGGCATAGCCGG	MRTO4_+_19578634.23-P1P2__ENSG00000053372
GCGGCAGGTCCCGGGAACCA	NKAP_+_119077637.23-P1P2__ENSG00000101882
GCGGCAGTACTGGGACAGTT	MRPL22_-_154320698.23-P1P2__ENSG00000082515
GCGGCATAAAGCGCTCTCTC	MED21_-_27175691.23-P1P2__ENSG00000152944
GCGGCCAAACGGCACGGTCG	UBE2M_+_59070110.23-P1P2__ENSG00000130725
GCGGCCAAGACTCTACCCCA	RPL13A_+_49991194.23-P1__ENSG00000142541
GCGGCCACCGCCAGTTTCCA	COG2_+_230778253.23-P1P2__ENSG00000135775
GCGGCCAGCTGGGCTCGGAG	RAB18_-_27793285.23-P1P2__ENSG00000099246
GCGGCCAGGGCAGAAAGCGG	HSPH1_+_31735789.23-P1P2__ENSG00000120694
GCGGCCCAAGCGGTTTCAAA	CKAP5_+_46867805.23-P1__ENSG00000175216
GCGGCCCAAGGAGGAGGCGT	ANKRD39_+_97523562.23-P1P2__ENSG00000213337
GCGGCCCCGCCACCCGAGGG	SDHC_+_161284139.23-P1P2__ENSG00000143252
GCGGCCCGCCGTCCCAGACG	BARD1_+_215674399.23-P1P2__ENSG00000138376
GCGGCCCGGCACGTGTCTTA	NOP14_+_2965104.23-P1P2__ENSG00000087269
GCGGCCCGGCGGGGACTAGG	GAB2_-_78128897.23-P1P2__ENSG00000033327
GCGGCCCGGTCTCGGAGAAG	CCT7_-_73461472.23-P1P2__ENSG00000135624
GCGGCCGAACAGGTTACCCA	CHMP6_+_78965716.23-P1P2__ENSG00000176108
GCGGCCGAAGGCTTACCGCA	EXOC1_+_56719956.23-P1P2__ENSG00000090989
GCGGCCGAGACCCCCTGTCC	RRP1_+_45209480.23-P1P2__ENSG00000160214
GCGGCCGCACTCACCCACTC	GABPA_+_27107880.23-P1P2__ENSG00000154727
GCGGCCGCCCCTGTGGTGTG	SRSF6_-_42086572.23-P1__ENSG00000124193
GCGGCCGCCCTGGGAGCGAG	RBM33_-_155437595.23-P1P2__ENSG00000184863
GCGGCCGCCGAGGGACCGGT	NUP88_+_5322944.23-P1P2__ENSG00000108559
GCGGCCGCCGAGGTGCGGAA	EHMT2_+_31865401.23-P1P2__ENSG00000204371
GCGGCCGCCGGGTTGAGCTG	PWP2_-_45527277.23-P1P2__ENSG00000241945
GCGGCCGGAGCCGTCACCCC	STAT5B_+_40428385.23-P1P2__ENSG00000173757
GCGGCCGGCCACTCACGGGT	EFR3A_+_132916562.23-P1P2__ENSG00000132294
GCGGCCGGCGACCGTTCCGG	MRPL3_+_131221782.23-P1P2__ENSG00000114686
GCGGCCGGGATGGCAACAGA	EIF3D_-_36925159.23-P1P2__ENSG00000100353
GCGGCCGTTAAGGACAGTTG	VBP1_-_154444784.23-P1P2__ENSG00000155959
GCGGCCTACATCGAGGAGGT	SDAD1_+_76911899.23-P1P2__ENSG00000198301
GCGGCCTGAAGAGACACCGG	MYCBP_-_39338779.23-P1P2__ENSG00000214114
GCGGCCTGAGGAGACCCGTT	PAF1_+_39881751.23-P1P2__ENSG00000006712
GCGGCGAAGGAGCTCCCGTG	VARS_+_31763097.23-P1P2__ENSG00000204394
GCGGCGAGCAGCAACCATGT	CHMP4B_-_32399280.23-P1P2__ENSG00000101421
GCGGCGAGCAGTGGCCGTTA	TMX2_-_57480081.23-P1P2__ENSG00000213593
GCGGCGAGGTAGCTTCTGGA	GTF3C3_+_197664394.23-P1P2__ENSG00000119041
GCGGCGAGTCTCCATGGCGG	PGS1_-_76374755.23-P1P2__ENSG00000087157
GCGGCGATGGCAGGAGGATT	RPL17_-_47018796.23-P1P2__ENSG00000265681
GCGGCGCAGCTCACACCCGA	TOMM20_-_235292128.23-P1P2__ENSG00000173726
GCGGCGCCCAGCGTCCCGTG	COX10_-_13972875.23-P1P2__ENSG00000006695
GCGGCGCCCAGGCCAAGCTA	PPIA_+_44836735.23-P1P2__ENSG00000196262
GCGGCGCCTCTGGCAGGTAC	MRPS10_+_42185532.23-P1P2__ENSG00000048544
GCGGCGCGAAGACCTGGGTG	PIAS4_+_4007982.23-P1P2__ENSG00000105229
GCGGCGCGAAGCGCTGGTGG	MEF2A_-_100106261.23-P1P2__ENSG00000068305
GCGGCGCGCAAGGAAAGATC	EXOSC9_-_122722527.23-P1P2__ENSG00000123737
GCGGCGCGCGGGCTACCCAA	CD8B_+_87088914.23-P1P2__ENSG00000172116
GCGGCGCGCTGCCTCATGGA	PPP1CA_-_67188610.23-P2__ENSG00000172531
GCGGCGCGGACAGTATCTGT	ENO1_+_8938733.23-P1P2__ENSG00000074800
GCGGCGCGGCCTGGGACCCC	FBRSL1_+_133066947.23-P1P2__ENSG00000112787
GCGGCGCGTTGCGACATGGA	E4F1_-_2273621.23-P1P2__ENSG00000167967
GCGGCGGAAAAGGCCGTACC	IWS1_-_128283989.23-P1P2__ENSG00000163166
GCGGCGGATACCGGCAGTGC	RPL36_+_5690349.23-P1P2__ENSG00000130255
GCGGCGGCACCAAGTATCCG	SMG1_+_18937294.23-P1P2__ENSG00000157106
GCGGCGGCAGCAGCGACTGG	CDK9_-_130548401.23-P1P2__ENSG00000136807
GCGGCGGCAGTGAGAGCGAG	SHQ1_+_72897517.23-P1P2__ENSG00000144736
GCGGCGGCCGAGAGACAACA	MED12_+_70338481.23-P1P2__ENSG00000184634
GCGGCGGCCGCCCCCAATGC	TIMM22_-_900407.23-P1P2__ENSG00000177370
GCGGCGGCCGTAAGGTGCAT	MRPL1_-_78784027.23-P1P2__ENSG00000169288
GCGGCGGCGACAGGACCGAG	CHMP2A_+_59066434.23-P1P2__ENSG00000130724
GCGGCGGCGAGGCGAAGCGA	CPSF4_-_99036611.23-P1P2__ENSG00000160917
GCGGCGGCGATTAGAGGTGG	MED8_+_43855245.23-P1P2__ENSG00000159479
GCGGCGGCGCGGTGTACCCT	SRRM1_-_24969785.23-P1P2__ENSG00000133226
GCGGCGGCGGCATGGCAGGG	EEFSEC_-_127872361.23-P1P2__ENSG00000132394
GCGGCGGCGGCGGTCGAAAG	PPP4C_-_30087361.23-P1P2__ENSG00000149923
GCGGCGGCTCGGCTGTAAGG	UBA1_-_47053257.23-P1__ENSG00000130985
GCGGCGGGAACTGCAATTGG	CENPN_-_81040819.23-P1P2__ENSG00000166451
GCGGCGGGAAGATGTAAGTT	RNPS1_+_2318045.23-P1P2__ENSG00000205937
GCGGCGGGAGCAGAGATCTG	SNRNP200_+_96971234.23-P1P2__ENSG00000144028
GCGGCGGGAGCCCTGCGTGA	CBX1_+_46178553.23-P1P2__ENSG00000108468
GCGGCGGGCCCGTCGGAAGG	EIF4A1_+_7476226.23-P1P2__ENSG00000161960
GCGGCGGGCCTCACCTCCCG	XRCC3_-_104181768.23-P1P2__ENSG00000126215
GCGGCGGGGCGGAGAAACGG	SRSF11_-_70687171.23-P2__ENSG00000116754
GCGGCGGTACTGGGATGGGT	NBPF3_-_21766682.23-P1P2__ENSG00000142794
GCGGCGGTGATCCCCAGGCA	EXOSC6_-_70285804.23-P1P2__ENSG00000223496
GCGGCGTGGCTACTAGGAGA	MRPL13_+_121457360.23-P1P2__ENSG00000172172
GCGGCGTGGGAGCACCTCTG	INO80B_-_74682279.23-P1P2__ENSG00000115274
GCGGCTAGAACGGAGGCGAC	RPA3_-_7679719.23-P1P2__ENSG00000106399
GCGGCTCCCGCCACTTTACT	HAUS1_+_43684350.23-P1P2__ENSG00000152240
GCGGCTCGCGGTCGGGAAGA	VPS28_-_145653897.23-P1P2__ENSG00000160948
GCGGCTCGGAGCGCGAAACA	HAUS7_+_152736011.23-P1__ENSG00000213397;TREX2_+_152736011.23-P1P2__ENSG00000183479
GCGGCTCGGCTGTAAGGAGG	UBA1_-_47053260.23-P1__ENSG00000130985
GCGGCTGACAACTCAGACCA	PPIL2_+_22020326.23-P1P2__ENSG00000100023
GCGGCTGACAGGACACAACT	PSMD6_-_64009133.23-P1P2__ENSG00000163636
GCGGCTGAGAGTCCTTCTAG	GTF2H2C_-_68856063.23-P1P2__ENSG00000183474
GCGGCTGAGGCGCCAGTACC	SMARCB1_-_24129238.23-P1__ENSG00000099956
GCGGCTGCAGCAAGGACCCG	MMS22L_-_97730942.23-P1P2__ENSG00000146263
GCGGCTGCCGCTAGCGCTCC	DNM1_+_130965698.23-P1P2__ENSG00000106976
GCGGCTGCGGAGGGTATCTG	GMPS_-_155588366.23-P1P2__ENSG00000163655
GCGGCTGCGGATGAAGTCCT	TSSK3_-_32828205.23-P1P2__ENSG00000162526
GCGGCTGCGTGAGAGGCGCG	ZNHIT3_-_34842510.23-P1P2__ENSG00000273611
GCGGCTGCTTTAAGATTCTA	METTL16_+_2415104.23-P1P2__ENSG00000127804
GCGGCTGTAGGTGCGCAGGG	TRNP1_+_27320231.23-P1P2__ENSG00000253368
GCGGCTTCGGCGCGGAGGGG	MVK_-_110011650.23-P1P2__ENSG00000110921
GCGGGAACCCAGGGCCCCCG	HMGB3_-_150152182.23-P1P2__ENSG00000029993
GCGGGAACTGAGGCGACTGT	RFC4_+_186524226.23-P1P2__ENSG00000163918
GCGGGAAGAGCGGGCCGAGT	ANKRD49_+_94226755.23-P1P2__ENSG00000168876
GCGGGAAGAGGAAATGTGCG	ZNF658_+_40791787.23-ENST00000377626.3-ENST00000602553.1__ENSG00000274349
GCGGGAAGCAGCCCCGAGAG	CMTR2_+_71323114.23-P1P2__ENSG00000180917
GCGGGACAAGAAAATTCATG	CNOT2_-_70637260.23-P1P2__ENSG00000111596
GCGGGACAGGCGGTTCACTG	PPIL2_+_22020458.23-P1P2__ENSG00000100023
GCGGGACAGGGATTGACTCT	RBMXL1_-_89458380.23-P1P2__ENSG00000213516
GCGGGACCCGACTCAGGTGA	CCAR1_-_70481045.23-P1P2__ENSG00000060339
GCGGGACCCGTTGGCAGAGG	BIRC5_-_76210386.23-P1P2__ENSG00000089685
GCGGGACCCTGTTGGGTGAG	EIF3F_-_8009270.23-P1P2__ENSG00000175390
GCGGGACCGAGGGTGAGTTT	DDX5_+_62502182.23-P1P2__ENSG00000108654
GCGGGACCTGCTCGGAGGAA	RPN2_-_35807762.23-P1P2__ENSG00000118705
GCGGGACGCGGGGCTCACCC	TFDP1_+_114239040.23-P1P2__ENSG00000198176
GCGGGACGGCGACCAAAGGA	TRRAP_-_98476562.23-P1P2__ENSG00000196367
GCGGGACTAACGCTTACCTG	C7orf50_+_1177904.23-ENST00000357429.6-ENST00000397098.3-ENST00000397100.2__ENSG00000146540
GCGGGAGAACCGAGCGCTTC	WDR25_-_100842832.23-P1P2__ENSG00000176473
GCGGGAGAGGACACTAGAAC	non-targeting_02510
GCGGGAGCCGGGTCCAGGTC	TELO2_-_1543611.23-P1P2__ENSG00000100726
GCGGGAGCGCGGGCTTTGGA	FEN1_-_61560380.23-P1P2__ENSG00000168496
GCGGGAGCTGCCCCTAACCG	LEO1_+_52263963.23-P1P2__ENSG00000166477
GCGGGCAAACTGAAGAGCGG	THOC1_-_268006.23-P1P2__ENSG00000079134
GCGGGCAGCGATAGTGGCTG	non-targeting_00246
GCGGGCAGTCCAGCCAGGGT	ALG14_+_95538155.23-P1P2__ENSG00000172339
GCGGGCCACCTTCCTCGTCT	TKT_-_53289752.23-P1__ENSG00000163931
GCGGGCCCCGGGTACCTGGA	VPS28_-_145653878.23-P1P2__ENSG00000160948
GCGGGCCCGGAGCTCAACGG	NFYB_-_104531640.23-P1P2__ENSG00000120837
GCGGGCCCGGGAGGGATGAA	NCKAP1_+_183902661.23-P1P2__ENSG00000061676
GCGGGCCCGGGCGTCGAGGA	FAM229A_-_32827685.23-P1P2__ENSG00000225828
GCGGGCCGAAGGAGTCGCCA	USP36_+_76836854.23-P1P2__ENSG00000055483
GCGGGCCGCGACCACCCCCC	MTG2_+_60758146.23-P1P2__ENSG00000101181
GCGGGCCGCGGAACACAGAT	NAPA_-_48018280.23-P1P2__ENSG00000105402
GCGGGCCGCGGCCATGGGAG	MRGBP_-_61427884.23-P1P2__ENSG00000101189
GCGGGCCGTGCTGCTTATGG	CSDE1_+_115300574.23-P1P2__ENSG00000009307
GCGGGCCTCAGCGGAACCCA	BUB1_-_111435372.23-P1P2__ENSG00000169679
GCGGGCCTGGCGAACTGTAG	USMG5_-_105155691.23-P1P2__ENSG00000173915
GCGGGCGAGTTGGTAACCAG	ZBTB11_-_101395936.23-P1P2__ENSG00000066422
GCGGGCGCCGCGAAATGCGA	non-targeting_01190
GCGGGCGCGCGCAGAGGTAC	BCLAF1_-_136610528.23-P1P2__ENSG00000029363
GCGGGCGCGGAATCGGGCAT	ALYREF_-_79849458.23-P1P2__ENSG00000183684
GCGGGCGGAGGTTTCCGAGG	DDX6_+_118661671.23-P1P2__ENSG00000110367
GCGGGCGGGCGAAGCTGGAG	NPLOC4_+_79604076.23-P1P2__ENSG00000182446
GCGGGCGGGGAGCCCCGGAA	JAZF1_+_28220008.23-P1P2__ENSG00000153814
GCGGGCGTCAGCTGACTGTT	FAM50A_-_153672500.23-P1P2__ENSG00000071859
GCGGGCGTGGGGCCTCGTGG	CPEB1_+_83316438.23-ENST00000568128.1__ENSG00000214575
GCGGGCTAAGACGCCGGAGG	GLMN_+_92764515.23-P1P2__ENSG00000174842
GCGGGCTCCCGGGCCTACAG	COQ4_-_131085196.23-P1P2__ENSG00000167113
GCGGGCTCCGCGTCCCTCTG	C17orf58_-_65989632.23-P1P2__ENSG00000186665
GCGGGCTGCGAGGGACTCGG	ORC1_+_52869878.23-P1P2__ENSG00000085840
GCGGGCTGCGAGGTCTGGCT	SEH1L_-_12948049.23-P1P2__ENSG00000085415
GCGGGCTGGAAGGTCACACG	MRPL12_+_79670502.23-P1P2__ENSG00000262814;SLC25A10_+_79670502.23-P1P2__ENSG00000183048
GCGGGCTGGCGACGTAGAGG	POLR2D_+_128615628.23-P1__ENSG00000144231
GCGGGCTGTGGGGCTCCGAG	NFKBIE_-_44233230.23-P1P2__ENSG00000146232
GCGGGGAAGAGAGACTGCGG	MED22_+_136214889.23-P1P2__ENSG00000148297
GCGGGGAGAGGGCATAGAGT	COPZ1_-_54719176.23-P1__ENSG00000111481
GCGGGGAGCCGGGCCAGCAC	PSMB6_-_4699534.23-P1__ENSG00000142507
GCGGGGAGGCTGTCTTGAGG	SF3A1_+_30752830.23-P1__ENSG00000099995
GCGGGGCACGGCCTCCATGG	PTPN23_+_47422581.23-P1P2__ENSG00000076201
GCGGGGCCGGTGTTCGGGTA	DCTN2_-_57940910.23-P1P2__ENSG00000175203
GCGGGGCGCGGGCTTCTCGG	ANKLE2_+_133338404.23-P1P2__ENSG00000176915
GCGGGGCGGCCCGAGCACCG	WEE1_+_9595254.23-P1P2__ENSG00000166483
GCGGGGGACTCTGCAATGAG	non-targeting_03318
GCGGGTACCACGCGGAGAAC	CDC123_+_12238270.23-P1P2__ENSG00000151465
GCGGGTAGGGCCAGGAGACC	FKBP9_-_32997095.23-P1P2__ENSG00000122642
GCGGGTCAGGAGCGTAGAGG	FAF2_-_175875400.23-P1P2__ENSG00000113194
GCGGGTCATGGCGACGGCAG	SERF2_+_44084560.23-P1__ENSG00000140264
GCGGGTCCGGGTGAAGCGGG	KLC2_-_66025303.23-P1P2__ENSG00000174996
GCGGGTCGGAGCCATGGCGG	PPIH_-_43124126.23-P1P2__ENSG00000171960
GCGGGTGCGGTTCAGTCGGT	MANF_-_51422730.23-P1P2__ENSG00000145050
GCGGGTGGTTTGCTTAGGTG	RPS9_-_54704761.23-P1P2__ENSG00000170889
GCGGGTGTAAGAACAACCGG	MAK16_+_33342747.23-P1P2__ENSG00000198042
GCGGGTTACCCCAAACCATG	BCS1L_-_219524504.23-P1P2__ENSG00000074582
GCGGGTTCCGGTGACCACGA	NUBP1_-_10837703.23-P1P2__ENSG00000103274
GCGGGTTGTATTTGGAAACG	POLR2K_-_101162912.23-P1P2__ENSG00000147669
GCGGTACAGGAGAGTCGCTA	TUT1_+_62358953.23-P1__ENSG00000149016
GCGGTACCAGGCGCAGATCA	MRPS23_+_55927367.23-P1P2__ENSG00000181610
GCGGTACCCGGATGTAGGGA	MOB4_+_198380762.23-P1P2__ENSG00000115540
GCGGTACCCGGGCCCCGATG	DDX51_+_132628798.23-P1P2__ENSG00000185163
GCGGTAGAACGCCTCCCGAA	SEC61A1_+_127783788.23-P2__ENSG00000058262
GCGGTCAGACCAGCCCGAGA	ZNF763_-_12035979.23-P1P2__ENSG00000197054
GCGGTCATGGGACTTCAGCA	RPP30_-_92631746.23-P1P2__ENSG00000148688
GCGGTCCTTCGCGGCGTCCC	THAP11_-_67876223.23-P1P2__ENSG00000168286
GCGGTCGAAAGGGGAGTTCA	NDUFA8_+_124922010.23-P1P2__ENSG00000119421
GCGGTCTGGGCGTGAGTGCA	CTNNBL1_-_36322495.23-P1P2__ENSG00000132792
GCGGTCTGTAAACTTCCCGG	NUP43_-_150067567.23-P1P2__ENSG00000120253
GCGGTGAGAGGGCTGAGTGA	BCS1L_-_219524485.23-P1P2__ENSG00000074582
GCGGTGAGCGAGCTCGACTC	THG1L_-_157158658.23-P1P2__ENSG00000113272
GCGGTGAGTACAAGGTGGTG	GEMIN7_-_45582556.23-P1P2__ENSG00000142252
GCGGTGCCTTGGGAGAAATA	PSMG2_-_12703261.23-P1P2__ENSG00000128789
GCGGTGCGGCCTGGGAGAGT	EIF3B_-_2394510.23-P1P2__ENSG00000106263
GCGGTGCTCTGCGAAGCCGG	KIF23_+_69706676.23-P1P2__ENSG00000137807
GCGGTGGCCGGGTGCCGGTA	ANAPC13_+_134204787.23-P1P2__ENSG00000129055
GCGGTGGCGCTGGTCTTCTT	H2AFX_-_118965752.23-P1P2__ENSG00000188486
GCGGTGGCGGTTCGGAGTGA	LAS1L_+_64754657.23-P1P2__ENSG00000001497
GCGGTGGGTGGAACTCACCT	SYF2_-_25558938.23-P1P2__ENSG00000117614
GCGGTGTCCATGCTGACCTG	BMS1_-_43278259.23-P1P2__ENSG00000165733
GCGGTGTGTGCGGAACATGG	C9orf114_+_131592052.23-P1P2__ENSG00000198917
GCGGTTCAGTCGGTCGGCGG	MANF_-_51422736.23-P1P2__ENSG00000145050
GCGGTTGCAGGCCCTATTCC	C1QBP_-_5342105.23-P1P2__ENSG00000108561
GCGGTTGGCTTGAGCGGGAC	SAE1_-_47634161.23-P1P2__ENSG00000142230
GCGGTTTCCGGCGGGAGCGT	ORC5_+_103848434.23-P1P2__ENSG00000164815
GCGTACAGGGATGATCATGG	POLR2L_-_842512.23-P1P2__ENSG00000177700
GCGTACCCGAGCGATGTCCC	TCP1_-_160210626.23-P1P2__ENSG00000120438
GCGTACCGCGGAGCCCGGAA	DHX16_-_30640796.23-P1P2__ENSG00000204560
GCGTACGACAATACGCGCGA	non-targeting_00039
GCGTACGTGCTCGCTCACGG	CLK2_+_155243270.23-P1P2__ENSG00000176444
GCGTACTGGTCTGAGAGGAA	INTS2_-_60005353.23-P1P2__ENSG00000108506
GCGTAGCACCCAGCCGCCGG	non-targeting_03083
GCGTAGCAGGGGAGCGCCCG	HGS_-_79651070.23-P1P2__ENSG00000185359
GCGTAGCCCGAGCCCGGCGG	MLLT6_+_36861539.23-P1P2__ENSG00000275023
GCGTATTGCCTGGAGGATGG	NOLC1_-_103912173.23-P1P2__ENSG00000166197
GCGTCAACAGCTGAAACCCT	RPS29_-_50065393.23-P2__ENSG00000213741
GCGTCAATTCGATACTGGGT	SMG9_+_44258643.23-P1P2__ENSG00000105771
GCGTCACCCCCGGAGAGGAG	MEX3A_+_156052061.23-P1P2__ENSG00000254726
GCGTCAGCGACCCTCTCCCG	COPA_-_160313051.23-P1P2__ENSG00000122218
GCGTCCAACCGACTCCACGG	TUBGCP5_+_22833539.23-P1P2__ENSG00000275835
GCGTCCAAGCAAACCGGGAA	SLC39A7_-_33168697.23-P1P2__ENSG00000112473
GCGTCCACGGGTGAGTATGG	EWSR1_-_29664350.23-P1P2__ENSG00000182944
GCGTCCCGCAAGGAAGGTAC	EIF3H_+_117768010.23-P1P2__ENSG00000147677
GCGTCCCTAGTGGAGCGCAG	CLSPN_+_36235482.23-P1P2__ENSG00000092853
GCGTCCGGGTAGCCCCGAAA	MRPL54_+_3762712.23-P1P2__ENSG00000183617
GCGTCCTAGCAGGCGGAGGA	MARS2_+_198570142.23-P1P2__ENSG00000247626
GCGTCCTGGGAAGGGAGATC	MYC_-_128748589.23-P1P2__ENSG00000136997
GCGTCCTGGGGGCGCGGAGA	CCDC130_-_13858696.23-P1__ENSG00000104957
GCGTCGCAGAGAGCATCGGC	MRPL3_+_131221797.23-P1P2__ENSG00000114686
GCGTCGCGTAGGAGGGAGGA	RNASEH2C_+_65488225.23-P1P2__ENSG00000172922
GCGTCGGGCCCCTGGATCCG	RPUSD4_+_126081489.23-P1P2__ENSG00000165526
GCGTCTGCAGGAAGGTCCTA	MRPL53_-_74699602.23-P1P2__ENSG00000204822
GCGTCTGCTGGGGCACCTGA	PDHA1_-_19362083.23-P1P2__ENSG00000131828
GCGTGAAGAAGCGGCTCCCG	CSNK1A1_+_148930963.23-P1P2__ENSG00000113712
GCGTGACATGCCGATCCCTG	non-targeting_00227
GCGTGACCGCGCTCCGGTAA	LRRC37A3_+_62915581.23-P1P2__ENSG00000176809
GCGTGACGGGTGAAGCTCTG	TOP2A_+_38573936.23-P1P2__ENSG00000131747
GCGTGCCACTTGCTCCTCCT	KIF20A_+_137514862.23-P1P2__ENSG00000112984
GCGTGCGGGCGGGTTAGCGA	ELL_+_18632806.23-P1P2__ENSG00000105656
GCGTGCGTCCTAGCAGGCGG	MARS2_+_198570146.23-P1P2__ENSG00000247626
GCGTGCTGAGGCGGGTGGCA	VEZT_-_95611616.23-P1P2__ENSG00000028203
GCGTGCTGGCCGGGCAACCC	UBTF_-_42295646.23-P1P2__ENSG00000108312
GCGTGGACAGCGGGACGAAG	PRODH_-_18923755.23-P1__ENSG00000100033
GCGTGGCGCAGGCGAATCCT	MCM6_+_136633947.23-P1P2__ENSG00000076003
GCGTGGCGGCGATCCCCACG	DIMT1_+_61699669.23-P1P2__ENSG00000086189
GCGTGGCGGGAACCCGACGT	MRPL11_+_66206073.23-P1P2__ENSG00000174547
GCGTGTGGAGAGACCGCCAA	UBC_+_125399044.23-P1P2__ENSG00000150991
GCGTGTGTGCGCCTAATCTC	BTF3_-_72794314.23-P1P2__ENSG00000145741
GCGTGTTGGGTGGCTTCCTG	RPS13_+_17099232.23-P1P2__ENSG00000110700
GCGTTCCGTGGCGGGAACTG	RFC4_+_186524236.23-P1P2__ENSG00000163918
GCGTTCTGTCCGCAGGACAT	NOB1_+_69788621.23-P1P2__ENSG00000141101
GCGTTGGCGAAGCCAGCTGC	ANAPC10_+_146019317.23-P1P2__ENSG00000164162
GCGTTGGCGGAGGGAAACCC	UBR4_-_19536410.23-P1P2__ENSG00000127481
GCTAAAACCGAGATGACTAG	USP39_-_85830050.23-P2__ENSG00000168883
GCTAAACCTGGAGACTCGGG	YPEL5_-_30369859.23-P1P2__ENSG00000119801
GCTAACTAAACGGCTTACCA	RPS4X_-_71497046.23-P1P2__ENSG00000198034
GCTAAGAGAAGGCGGGACAG	WBP11_+_14956444.23-P1__ENSG00000084463
GCTAAGGCGGGATCAGAGCA	EPS8L1_-_55591767.23-P2__ENSG00000131037
GCTAATGGCCAAAGGGACAG	DCTN5_+_23653002.23-P1P2__ENSG00000166847
GCTACAAGCGGCCACAAGGA	DDX49_-_19030553.23-P1P2__ENSG00000105671
GCTACAGTGATAGGACAGGA	PIGH_+_68066617.23-P1P2__ENSG00000100564
GCTACATTTGAGCGACGCCA	ZNHIT3_+_34842541.23-P1P2__ENSG00000273611
GCTACGAGCGCTCCCGAGGA	RAC1_+_6414690.23-P1P2__ENSG00000136238
GCTACGCGGGGCTACCGGAT	DYNLRB1_-_33104256.23-P1__ENSG00000125971
GCTACGGAGGACCCCGCGAA	EPRS_-_220219801.23-P1P2__ENSG00000136628
GCTACGGCGGCGCAGAAATG	ELP3_-_27950736.23-P1P2__ENSG00000134014
GCTACTGCGGCTCCCTCCGG	UBR4_-_19536774.23-P1P2__ENSG00000127481
GCTACTTTGGGATAAAGCGT	POLR2E_+_1089885.23-P2__ENSG00000099817
GCTAGAGCGGCGCCACGTCC	RABGGTA_-_24740777.23-P1P2__ENSG00000100949
GCTAGAGTTAGGCCCCGAAG	HCFC1_-_153237197.23-P1P2__ENSG00000172534
GCTAGCACTGACGTGTCTCT	SEC61A1_-_127771292.23-P1__ENSG00000058262
GCTAGCCCGAAGGCATGCAG	OXA1L_+_23236287.23-P1P2__ENSG00000155463
GCTAGCGAGAATGGCGGGAC	YBX1_+_43148077.23-P1P2__ENSG00000065978
GCTAGCGTAGCGCTTCACGT	PRPF19_-_60674010.23-P1P2__ENSG00000110107
GCTAGCTAGTCGTTCTGAAG	NDUFS5_-_39492036.23-P1__ENSG00000168653
GCTAGGAGAGCGGACGGAGG	PPP1R37_-_45596471.23-P1P2__ENSG00000104866
GCTAGGAGCACCGAGCAGCT	MRPL2_+_43027142.23-P1P2__ENSG00000112651
GCTAGGCCGCGGGACCCGGA	NDUFB10_-_2009571.23-P1P2__ENSG00000140990
GCTAGGCCGGCAACTGGGGT	MRPL19_-_75874385.23-P1P2__ENSG00000115364
GCTAGGCCTGGTCATCTCTA	PSMC6_+_53174114.23-P1P2__ENSG00000100519
GCTAGGCGCCCGGGGAGGTG	MEF2A_-_100106619.23-P1P2__ENSG00000068305
GCTAGGGGCCGCCATCTCCA	NDC1_+_54303930.23-P1P2__ENSG00000058804
GCTAGGTCCTAGGAGGGGGA	RPL29_+_52029718.23-P1P2__ENSG00000162244
GCTAGTACAGCTTAGTGGAC	MST1_-_49726291.23-ENST00000449682.2__ENSG00000173531
GCTAGTAGCCGGGTGAGTGG	RPL26L1_-_172386481.23-P1P2__ENSG00000037241
GCTAGTCCGTTAGAGGCGTG	SNAPC1_-_62229148.23-P1P2__ENSG00000023608
GCTAGTGCCGCTGCCAAGCG	non-targeting_02671
GCTATCACCCCTAGGGAGAG	PRDM10_+_129872660.23-P1P2__ENSG00000170325
GCTATCCTAGACGAAAATCG	non-targeting_02691
GCTATGATGGAGGTCCAGGG	TNFSF10_+_172241148.23-P1P2__ENSG00000121858
GCTATGGCGATGAGCAGCGG	SMN1_-_70220949.23-ENST00000380707.4__ENSG00000172062;SMN2_-_69345531.23-ENST00000380743.4__ENSG00000205571
GCTCAAGGACCCGGCACCAG	LETM1_-_1857844.23-P1P2__ENSG00000168924
GCTCACACAAAGCCCAGACG	HNRNPM_-_8509876.23-P1__ENSG00000099783
GCTCACACGTGAGTCCGGAG	RRP15_+_218458668.23-P1P2__ENSG00000067533
GCTCACAGGACCTAAAGGTG	MRPS12_+_39421616.23-P1P2__ENSG00000128626
GCTCACCAAGCGTGACCGAG	HMGCS1_-_43313473.23-P1P2__ENSG00000112972
GCTCACCGCAATGCGACAGG	non-targeting_03087
GCTCACCTGCGTAGCCCAGT	RRP7A_-_42915735.23-P1P2__ENSG00000189306
GCTCACGGGCGCCTACGTCA	GAK_+_926096.23-P1P2__ENSG00000178950
GCTCACGTTGCCGGCGAAGT	C10orf2_-_102747356.23-P1P2__ENSG00000107815
GCTCACTCAAAGTCTCCAGT	EIF3G_-_10230531.23-P1P2__ENSG00000130811
GCTCACTCGCCCAAGCCGTC	non-targeting_01636
GCTCAGAGCGGGATGTGTGT	TMEM242_-_157744366.23-P1P2__ENSG00000215712
GCTCAGAGCGTCGGGATATC	TFRC_+_195808942.23-P1P2__ENSG00000072274
GCTCAGTCAGTCGCCTCCTC	PSMD1_+_231921605.23-P1P2__ENSG00000173692
GCTCATCGGGCCGGTGGGAG	TAF10_-_6633436.23-P1P2__ENSG00000166337
GCTCATGTCTAAGGCGGCAG	non-targeting_00982
GCTCCAACGGCAAAGCTCTA	CFDP1_-_75467319.23-P1__ENSG00000153774
GCTCCACCGAGGCATCGCCC	NDUFB7_-_14682785.23-P1P2__ENSG00000099795
GCTCCACGCAGAAGGCGAGC	PRPF38B_+_109234979.23-P1P2__ENSG00000134186
GCTCCACGTCAGAGGGAACC	SEC62_-_169684596.23-P1P2__ENSG00000008952
GCTCCAGGTCAGAGAATACG	ERVW-1_+_92106817.23-ENST00000603053.1__ENSG00000242950
GCTCCAGTGCTACGTGTCCC	SEC61G_+_54826873.23-P1P2__ENSG00000132432
GCTCCATCTTCCCTTAGTCG	SF3A3_-_38455652.23-P1P2__ENSG00000183431
GCTCCATGCCGCCCCCAACA	NOC4L_+_132629017.23-P1P2__ENSG00000184967
GCTCCCAACCCGGGGACTAA	NDUFAF3_-_49059542.23-P1P2__ENSG00000178057
GCTCCCACGCCACAGCCCGG	COX7C_+_85914019.23-P1P2__ENSG00000127184
GCTCCCAGGCGGCGAAAGCA	MRPS6_+_35445873.23-P1P2__ENSG00000243927
GCTCCCAGTCCCCAAATGGA	UBR5_-_103424582.23-P1P2__ENSG00000104517
GCTCCCCGCGTCCAAGATGG	EXOC4_-_132937863.23-P1P2__ENSG00000131558
GCTCCCCGGGCCGCAGACCA	MRPL32_+_42972018.23-P1P2__ENSG00000106591
GCTCCCGCTACCCCAAGCAG	INO80E_+_30007577.23-P1P2__ENSG00000169592
GCTCCCTCAAAGCGGAGGTG	TVP23C_+_15466886.23-P1P2__ENSG00000175106
GCTCCGAAGCGACGCCGGGA	NAA10_-_153200438.23-P1P2__ENSG00000102030
GCTCCGACCGGAATCGGAAG	C19orf25_+_1479200.23-P1P2__ENSG00000119559
GCTCCGCCCGGACTCCGGCA	ZNF830_-_33288620.23-P1P2__ENSG00000198783
GCTCCGCGCCGGCGCCCATA	FAM136A_-_70529189.23-P1P2__ENSG00000035141
GCTCCGCGGCGAACACGCCT	MBTPS1_-_84150406.23-P1P2__ENSG00000140943
GCTCCGGAACAGGAAACCGA	DROSHA_-_31532204.23-P1P2__ENSG00000113360
GCTCCGGCAAGGCTCCCCGG	XRN2_+_21284193.23-P1P2__ENSG00000088930
GCTCCGGCTTCGGCGCGGAG	MVK_-_110011647.23-P1P2__ENSG00000110921
GCTCCGGGAAACGCTTCCAG	CNOT1_-_58663535.23-P1P2__ENSG00000125107
GCTCCGGTAGCACGCCCTGT	ENY2_+_110346816.23-P1P2__ENSG00000120533
GCTCCGTGAGGTCAGAAGTG	UBA5_-_132379610.23-P1P2__ENSG00000081307
GCTCCTCATCCACACCACGT	HAMP_+_35771624.23-P1P2__ENSG00000105697
GCTCCTCCCCGCTCGGCCCT	SMG6_+_2206838.23-P1P2__ENSG00000070366
GCTCCTCCCGGGGTTTGTAG	PPIL4_+_149867157.23-P1P2__ENSG00000131013
GCTCCTCGGATCGCCTGGAG	NCOA4_-_51565283.23-P1P2__ENSG00000266412
GCTCCTGGCTCCCAACACTA	CCDC144NL_-_20799255.23-P2__ENSG00000205212
GCTCCTGTAAAACGCTAGAG	SF3B5_+_144416685.23-P1P2__ENSG00000169976
GCTCCTTCTACGGATATCTG	CINP_+_102829193.23-P1P2__ENSG00000100865
GCTCGAAAGCCCCAGCTCTA	XRN1_-_142166648.23-P1P2__ENSG00000114127
GCTCGCAGCCGCGACTCCTC	BMS1_+_43278253.23-P1P2__ENSG00000165733
GCTCGCCCCCTCCAGGCGGT	POU5F1B_-_128428164.23-P1P2__ENSG00000212993
GCTCGCCGCCGAGCTGGTAG	HNRNPL_+_39342928.23-P2__ENSG00000104824
GCTCGCCGCTAACACATCTG	POLR3A_-_79789274.23-P1P2__ENSG00000148606
GCTCGCGACGACGACAGAGG	GSPT1_-_12009772.23-P1P2__ENSG00000103342
GCTCGCGCGAGAGACCCGGA	RSRC2_-_123011510.23-P1P2__ENSG00000111011
GCTCGCGGACGGTGGCCGAC	TUBGCP2_-_135122422.23-P1P2__ENSG00000130640
GCTCGCTCCGCCAGGAGCTG	NDUFAF7_+_37458807.23-P1P2__ENSG00000003509
GCTCGCTGGCGGGAGGCCAC	SNRPA1_+_101835417.23-P1P2__ENSG00000131876
GCTCGGAAGAGAGATAGCAT	MRPS18B_+_30585681.23-P1P2__ENSG00000204568
GCTCGGAGAAGAGGGGAGAG	CCT7_-_73461481.23-P1P2__ENSG00000135624
GCTCGGAGCAGCCACCGCCT	NPB_+_79860094.23-P1P2__ENSG00000183979
GCTCGGATCGCCGCGGGATC	TONSL_-_145669819.23-P1P2__ENSG00000160949
GCTCGGCCCGGCGAGCTCGG	non-targeting_03030
GCTCGGCCGGGCGCACTAAC	SRSF10_-_24306779.23-P1P2__ENSG00000188529
GCTCGGCGAGGCCCAGGCGC	ORC6_+_46723646.23-P1P2__ENSG00000091651
GCTCGGCGGGACATACTAAC	GTF2B_-_89357167.23-P1P2__ENSG00000137947
GCTCGGCGTGAGTCGCTGCG	RPAP3_+_48099773.23-P1P2__ENSG00000005175
GCTCGGCTGCGCTCACCGGT	BRF1_+_105767309.23-P1P2__ENSG00000185024
GCTCGGGAGCAGAACAGCTT	PRKRIP1_-_102004751.23-P2__ENSG00000128563
GCTCGGGCTACGCGGCGGCG	MLLT6_-_36861571.23-P1P2__ENSG00000275023
GCTCGGGCTCGCGGACGGTA	CHTF18_-_838687.23-P1P2__ENSG00000127586
GCTCGGGGCTCTGGATGCTC	PFDN4_-_52824696.23-P1P2__ENSG00000101132
GCTCGTAAGGAGGATATGCG	non-targeting_00158
GCTCGTGTGCAGGCCCGGCT	PSMD3_-_38137147.23-P1P2__ENSG00000108344
GCTCTAAGGGGATTCGTGAC	ARGFX_-_121286860.23-P1P2__ENSG00000186103
GCTCTATTGTATTGGCGGAG	ACIN1_-_23540730.23-P2__ENSG00000100813
GCTCTCACCGGGAGCGCTCG	CLOCK_-_56412962.23-P1P2__ENSG00000134852
GCTCTCACCTGAGGTCTCGT	SET_+_131451919.23-P1P2__ENSG00000119335
GCTCTCAGAATGAGGCCCCA	LDB1_-_103874770.23-P2__ENSG00000198728
GCTCTCAGAGGCTAAGAAGG	TTC1_-_159436177.23-P1P2__ENSG00000113312
GCTCTCAGCACTAACCGCCG	PABPC1_-_101734307.23-P1P2__ENSG00000070756
GCTCTCAGCTTCGGGTCCTG	IMP3_+_75932526.23-P1P2__ENSG00000177971
GCTCTCGCAACTCAAGATGG	NMT1_-_43138703.23-P1P2__ENSG00000136448
GCTCTCGCGGTTCATGACAG	SEPSECS_-_25161998.23-P1P2__ENSG00000109618
GCTCTCTAGGCGGAGTGGGG	FAM133B_+_92219692.23-P1P2__ENSG00000234545
GCTCTGACCACTCACCCAAC	EIF3F_+_8009255.23-P1P2__ENSG00000175390
GCTCTGGAGGGCTTGAGCGG	OGT_+_70753018.23-P1P2__ENSG00000147162
GCTCTGGGCAGCGGCAACCC	AQR_-_35261877.23-P1P2__ENSG00000021776
GCTCTGGGGTCATCACGCAC	WDR33_-_128568762.23-P1P2__ENSG00000136709
GCTCTGTCCCGACGCCTGAC	ECD_-_74927754.23-P1P2__ENSG00000122882
GCTCTTCAGCCAGACAGCAC	LST1_-_31554050.23-P1__ENSG00000204482
GCTCTTGGCGGCGGAGGCAA	KPNA6_+_32573691.23-P1P2__ENSG00000025800
GCTCTTTCACTGCAAGGCGG	GNB2L1_+_180670882.23-P1P2__ENSG00000204628
GCTCTTTGGCGCGGATTAGG	TADA2A_-_35767029.23-P1P2__ENSG00000276234
GCTGAAACCTGCTAGGGTCC	TBL3_+_2022121.23-P1P2__ENSG00000183751
GCTGAAGGAAGAACGTGAGT	PFDN6_-_33257405.23-P1P2__ENSG00000204220
GCTGACCCGCGGCGGAGACA	RNF20_+_104296142.23-P1P2__ENSG00000155827
GCTGACTGCAGTAGCCGCGG	HUWE1_+_53710912.23-P1P2__ENSG00000086758
GCTGAGAACAGACCTAGGAC	AP2M1_+_183894728.23-P2__ENSG00000161203
GCTGAGACAGAAGGTTGTGT	MED20_+_41888837.23-P1P2__ENSG00000124641
GCTGAGAGGAGCTATCACAT	GPR61_-_110082553.23-P1P2__ENSG00000156097
GCTGAGGAAATGCGCCACCA	SRSF7_-_38978026.23-P1P2__ENSG00000115875
GCTGAGGACGCCGTACCCCT	NCAPH2_-_50946722.23-P1P2__ENSG00000025770
GCTGAGGCAGCGGAGACCCG	UTP20_+_101674131.23-P1P2__ENSG00000120800
GCTGAGGGCGATGGCTGCTG	EIF2B4_+_27593168.23-P1P2__ENSG00000115211
GCTGAGGGTACCCCACACCG	PPARGC1B_+_149110296.23-P1P2__ENSG00000155846
GCTGAGTACCCAGAGTTGCG	GEMIN6_-_39005409.23-P1P2__ENSG00000152147
GCTGATAGAGAAACTACTTA	MFAP1_-_44116904.23-P1P2__ENSG00000140259
GCTGATTTAGATAATTCTAT	ESF1_+_13763379.23-P2__ENSG00000089048
GCTGCAAAGACGAAGAGATC	PKM_-_72523504.23-P1__ENSG00000067225
GCTGCAAGTGTACTTATCAA	non-targeting_01433
GCTGCACCGCGAAGGCCCGG	GCOM1_+_57884092.23-P1P2__ENSG00000137878
GCTGCAGACGGAAACTGACT	MRPS11_-_89010934.23-P1P2__ENSG00000181991
GCTGCAGACTCTCACCGCAG	PSAT1_-_80912059.23-P1P2__ENSG00000135069
GCTGCAGAGCCGCTGCCGGA	CALR_-_13049450.23-P1P2__ENSG00000179218
GCTGCAGCGCTCGGCACTGT	HSCB_+_29138256.23-P1P2__ENSG00000100209
GCTGCAGGTCGGCCAGAGAG	RPL3_+_39715378.23-P1P2__ENSG00000100316
GCTGCATTGAGGCGGGTGAA	RPS8_-_45241305.23-P1P2__ENSG00000142937
GCTGCCATGGCTCAATACAA	FAM50A_-_153672598.23-P1P2__ENSG00000071859
GCTGCCCATTTAGGGAAGTG	TREML2_-_41168880.23-P1P2__ENSG00000112195
GCTGCCCCTGCGCCATGGTC	C19orf53_+_13885284.23-P1P2__ENSG00000104979
GCTGCCCGGAGTACTGCGGA	SLC35G2_+_136537956.23-P1P2__ENSG00000168917
GCTGCCCTAGGAGCCAGGAG	COX15_-_101491751.23-P1P2__ENSG00000014919
GCTGCCGACGTGCGCTCCGG	PGK1_+_77359761.23-P1P2__ENSG00000102144
GCTGCCGCCACGGCTGAGTT	non-targeting_02744
GCTGCCGGAGGCGCTCCCTG	SF3A2_+_2243491.23-P2__ENSG00000104897
GCTGCCGGAGGTGGGATACA	PLRG1_+_155471467.23-P1P2__ENSG00000171566
GCTGCCTCACTTCCCTAAAT	TREML2_+_41168862.23-P1P2__ENSG00000112195
GCTGCCTCGCAGAGCTGCCC	SAMM50_+_44351418.23-P1P2__ENSG00000100347
GCTGCGATGCCGCTGGATCA	RPS18_+_33239917.23-P1P2__ENSG00000231500
GCTGCGCCGCCGGGAGCTCA	MBTPS1_-_84150360.23-P1P2__ENSG00000140943
GCTGCGCTGGAGCTCTAGGC	PPP1R2_+_195270106.23-P1P2__ENSG00000184203
GCTGCGGAACGGGAGGAAAC	TAZ_+_153639918.23-P1P2__ENSG00000102125
GCTGCGGAGCGCAGCTGTGA	NRBP1_-_27651525.23-P1P2__ENSG00000115216
GCTGCGGAGCGGGTGTGAGG	TBCB_-_36606424.23-P1P2__ENSG00000105254
GCTGCGGCCGAGACCCTACG	RPP14_+_58292286.23-P1P2__ENSG00000163684
GCTGCGGCCGGCCAGAATCC	CCT4_+_62115687.23-P1P2__ENSG00000115484
GCTGCGGCGCACTTCCGTAG	RARS2_+_88299680.23-P1P2__ENSG00000146282
GCTGCGGTCAGCGGATTGTG	IPO9_+_201798535.23-P1P2__ENSG00000198700
GCTGCGGTCCAGCTCCGCGG	KDELC2_-_108369130.23-P1P2__ENSG00000178202
GCTGCGTAGAGAACGTGTGG	MMGT1_-_135056233.23-P1P2__ENSG00000169446
GCTGCGTCTACTGCGAGGTA	RPL9_+_39460504.23-P1P2__ENSG00000163682
GCTGCTAGTCGCGGACGCAA	COX5B_-_98262552.23-P1P2__ENSG00000135940
GCTGCTCACGGGCCTAGGCG	ZBTB44_+_130184433.23-P1P2__ENSG00000196323
GCTGCTCCAGTCGCTATCGG	SNRNP70_-_49588721.23-P1P2__ENSG00000104852
GCTGCTCTTCCCGGTCATGG	RPN1_+_128369636.23-P1P2__ENSG00000163902
GCTGCTGAACTGTGCAGGGT	UTP15_-_72861666.23-P1P2__ENSG00000164338
GCTGCTGCTAACGCGGTCCC	EIF3D_+_36925166.23-P1P2__ENSG00000100353
GCTGCTGCTATGGGGCCGGG	MALSU1_-_23338984.23-P1P2__ENSG00000156928
GCTGCTGGGTCCAACTGCAA	ILF3_+_10765043.23-P1P2__ENSG00000129351
GCTGCTTGCTGCAGGCTCTG	VPS35_+_46723052.23-P1P2__ENSG00000069329
GCTGGAAGAGCGCCTCACCG	METAP1_+_99916870.23-P1P2__ENSG00000164024
GCTGGACCCGTCTGGGAGGT	ISG20L2_+_156698201.23-P1P2__ENSG00000143319
GCTGGACTGCGGGCCGAGGG	CS_-_56693735.23-P1P2__ENSG00000062485
GCTGGAGACCCGCTCACAAC	SLC35B1_-_47785236.23-P1P2__ENSG00000121073
GCTGGAGACTCAGGACCCGT	DOHH_-_3500585.23-P1P2__ENSG00000129932
GCTGGAGCCTCAGCGAGCGG	PPP2CA_+_133561727.23-P1P2__ENSG00000113575
GCTGGAGGCGAGGGGAAGAC	TBC1D1_+_37892595.23-ENST00000261439.4__ENSG00000065882
GCTGGCAGCGCCGGGCAACT	DMRTA2_+_50889084.23-P1P2__ENSG00000142700
GCTGGCCAAGCCTGCTGCGG	PTCD3_+_86333402.23-P1P2__ENSG00000132300
GCTGGCCCTGAAAGAGCTAC	TBC1D28_+_18547242.23-ENST00000405044.1__ENSG00000189375
GCTGGCGCTGCTGGAAGACG	ESYT2_+_158621826.23-P1P2__ENSG00000117868
GCTGGCGGAGGAGCAGACGG	TAF5_-_105127776.23-P1P2__ENSG00000148835
GCTGGCGGCCGCGGAGTCTT	EXOC2_+_693074.23-P1P2__ENSG00000112685
GCTGGCTACGTGCGACTGTG	LONP1_+_5720108.23-P1P2__ENSG00000196365
GCTGGCTCCAGGCTCGACAC	ZC3H18_+_88636860.23-P1P2__ENSG00000158545
GCTGGCTCGTGCCAGAACTA	EPRS_-_220219785.23-P1P2__ENSG00000136628
GCTGGCTGCGTAGGAGGGAC	RNF168_+_196230575.23-P1P2__ENSG00000163961
GCTGGGAAAAGGCTTGTGAA	ZNF24_+_32924385.23-P1P2__ENSG00000172466
GCTGGGAACAGGAACTGGGC	AHCY_-_32891145.23-P1P2__ENSG00000101444
GCTGGGAAGGAAGTTCTGGA	EPS8L1_-_55591802.23-P2__ENSG00000131037
GCTGGGAATTGCAGAAGTCA	non-targeting_02361
GCTGGGACCCTCGCCGCCCA	NDUFAF5_+_13765753.23-P1P2__ENSG00000101247
GCTGGGACCGAGCTGAGGGG	SIN3A_+_75747995.23-P2__ENSG00000169375
GCTGGGACGAAAGCTCAGGA	RRN3_+_15187949.23-P1P2__ENSG00000085721
GCTGGGAGTCGGGAGAGGCG	FAM102B_+_109102701.23-P1P2__ENSG00000162636
GCTGGGATAAGACGAGCCCA	PEX1_-_92157440.23-P1P2__ENSG00000127980
GCTGGGCAAAAGCACCCCGG	CRKL_-_21271801.23-P1P2__ENSG00000099942
GCTGGGCGGCCCAACCGGGA	RPP38_+_15139555.23-P1P2__ENSG00000152464
GCTGGGCGTTGGCCGCGCAG	GEMIN8_-_14047941.23-P1P2__ENSG00000046647
GCTGGGCTCCGGAAGGGGAA	FUNDC2_-_154255413.23-P1P2__ENSG00000165775
GCTGGGCTCGGAGCGGAACG	RAB18_-_27793292.23-P1P2__ENSG00000099246
GCTGGGCTGGCTGTGGTGTA	DBR1_+_137893673.23-P1P2__ENSG00000138231
GCTGGGGCCCGGGGGCTCAT	POLR3D_-_22103044.23-P1P2__ENSG00000168495
GCTGGGGCTCCGCTTCGGGG	PDPK1_-_2588046.23-P1P2__ENSG00000140992
GCTGGGGGACGGGCTCCCGG	KPNA6_-_32574074.23-P1P2__ENSG00000025800
GCTGGGTCACCTGTAATTGT	LYRM4_-_5260892.23-P1P2__ENSG00000214113
GCTGGTAACGGCCAAAGAGG	TNPO3_+_128694944.23-P1P2__ENSG00000064419
GCTGGTAGCCGTGGTAGCGG	TADA2B_+_7045440.23-P1P2__ENSG00000173011
GCTGGTCCGAGCGCGGGAAA	NCAPG2_+_158497431.23-P1P2__ENSG00000146918
GCTGGTGGGAGTTGACGACG	SRP54_-_35452258.23-P1P2__ENSG00000100883
GCTGGTTATCGGGAGTTGGA	TAF1D_+_93474608.23-P1__ENSG00000166012
GCTGGTTGGTAGACCTCGAG	GOSR2_-_45000934.23-P1P2__ENSG00000108433
GCTGTCAGAGGGCTCTGTAT	TKT_+_53269134.23-P2__ENSG00000163931
GCTGTCCGGGCCTTCATGTC	RPS15_-_1438633.23-P1P2__ENSG00000115268
GCTGTCCTCAGGGGTCGAGG	ZNF559_-_9435103.23-P1P2__ENSG00000188321
GCTGTCCTCTGGGACAACTC	CHD4_-_6716063.23-P1P2__ENSG00000111642
GCTGTCGGCAGTGAAGTAAG	ZNF674_+_46404797.23-P1P2__ENSG00000251192
GCTGTCGGCCGTAGGGCCAG	AURKB_-_8113518.23-P1P2__ENSG00000178999
GCTGTCTCACCGGTGAGACC	PSMB2_+_36107087.23-P1P2__ENSG00000126067
GCTGTCTCATTGATAGGAGA	HIST2H3D_-_149785258.23-ENST00000331491.1__ENSG00000183598
GCTGTGAGGCGCCAGTTCCG	VWA9_+_65903279.23-P1P2__ENSG00000138614
GCTGTGCGGGGAGCCGGAAA	EIF4G1_-_184032400.23-P1P2__ENSG00000114867
GCTGTGGAAACCGAGCTGGT	PSMB6_+_4700842.23-P2__ENSG00000142507
GCTGTGGCCCTCGTCATCAA	BOP1_-_145512830.23-P2__ENSG00000261236
GCTGTGGCTGTGATTGAGAG	POLD3_-_74303671.23-P1P2__ENSG00000077514
GCTGTGGGCGGCTTCTCCGT	MRPS18A_+_43655465.23-P1P2__ENSG00000096080
GCTGTGGGGCTGCGGCGGTG	TRAPPC11_-_184580498.23-P1P2__ENSG00000168538
GCTGTGTAATCATTAAGGAG	PSMC2_-_102988137.23-P1P2__ENSG00000161057
GCTGTGTCAGCTGACCCAAG	ATP6V1G1_-_117350067.23-P1P2__ENSG00000136888
GCTGTGTCGGACCCGTGCTG	MRPS28_+_80942452.23-P1P2__ENSG00000147586
GCTGTGTGGCGCCTTATTCT	DDX18_-_118572337.23-P1P2__ENSG00000088205
GCTGTGTGGCTGAAAAGTGA	ABCE1_-_146019516.23-P1P2__ENSG00000164163
GCTGTGTTCGCGGACTCAGG	MFAP1_+_44116853.23-P1P2__ENSG00000140259
GCTGTTCACGAACTGCTCCA	COPS3_-_17184489.23-P1P2__ENSG00000141030
GCTGTTGCGCCGAGCAGTCA	TP53RK_+_45318049.23-P1P2__ENSG00000172315
GCTTAAATGACCGGCTTCCA	RRP12_-_99161036.23-P1P2__ENSG00000052749
GCTTACCACCGACGACCAAT	non-targeting_00314
GCTTACCCGACAGGCCGCCG	SERPINB1_-_2842061.23-P1P2__ENSG00000021355
GCTTACCGGCAGCAACCACC	RPL27_+_41150471.23-P1P2__ENSG00000131469
GCTTAGATGCGCCACGGTTT	DYNLL1_-_120933933.23-P1P2__ENSG00000088986
GCTTATTCTAGGCACTTGTT	DDX18_-_118572348.23-P1P2__ENSG00000088205
GCTTCATGCCGCTCAGAAAG	SNAPC2_+_7985235.23-P1P2__ENSG00000104976
GCTTCCACACGCGGACTCAC	GTF2H2C_+_68856066.23-P1P2__ENSG00000183474
GCTTCCAGGATCCTGAGATC	VMP1_-_57785088.23-P1P2__ENSG00000062716
GCTTCCCCAGCGCCCAAGGA	NBPF15_+_148556443.23-P1P2__ENSG00000266338
GCTTCCCCTCTGTCTCAGAC	PRMT5_+_23395600.23-P2__ENSG00000100462
GCTTCCCGGGCTCGGGTAAC	MED18_-_28655598.23-P1P2__ENSG00000130772
GCTTCCCTGAGCGTTGGCCC	SARS_-_109756603.23-P1P2__ENSG00000031698
GCTTCCGGAAGAGGTCGCCA	MOCS3_-_49575382.23-P1P2__ENSG00000124217
GCTTCCTCGGGTCAGACTAC	POGZ_+_151431645.23-P1P2__ENSG00000143442
GCTTCCTGCAATGGGGTCAA	MRPL46_-_89010424.23-P1P2__ENSG00000259494
GCTTCCTGCCCTTACCGTTC	TAF8_+_42018316.23-P1P2__ENSG00000137413
GCTTCCTTCCAGTAAGGAGT	MCL1_+_150552050.23-P1P2__ENSG00000143384
GCTTCGCTTCCGGGACTACT	UBE2Z_+_46985838.23-P1P2__ENSG00000159202
GCTTCTGTCTATCACATAAG	SMC4_-_160122206.23-P2__ENSG00000113810
GCTTCTTGGAGCCTTTTTTA	HIST1H2BM_+_27782850.23-P1P2__ENSG00000273703
GCTTGACTCTGACGTCAGAG	RNPS1_+_2318108.23-P1P2__ENSG00000205937
GCTTGACTTACCCAATTGTG	TRIM49C_+_89764400.23-ENST00000432771.1-ENST00000448984.1__ENSG00000204449
GCTTGCCCAAGCCGCCGCTG	POLR2D_-_128615513.23-P1__ENSG00000144231
GCTTGCCTGGAACTCCTGTA	DNAJC19_+_180707118.23-P1P2__ENSG00000205981
GCTTGCGGCACTTGTGGTGT	CCNK_+_99969150.23-P2__ENSG00000090061
GCTTGCGGGCCTTTCAAACA	LSM11_-_157170761.23-P1P2__ENSG00000155858
GCTTGCTGTGAGTGTCTCTA	RPL38_-_72199864.23-P1P2__ENSG00000172809
GCTTGGAAACACTCACCCGC	SMARCE1_-_38804030.23-P1P2__ENSG00000073584
GCTTGGCAGCGGATAAAAGG	SCD_-_102107036.23-P1P2__ENSG00000099194
GCTTGGCGCGGGCGCTTCGT	NBAS_+_15701258.23-P1P2__ENSG00000151779
GCTTGGGCAGTATTGCACTG	CCDC6_-_61666417.23-P1P2__ENSG00000108091
GCTTGTCGACGCTGTCGCAG	RBM39_+_34330107.23-P1P2__ENSG00000131051
GCTTGTCGGTGAAGCGGCAG	ARPC2_-_219081929.23-P1__ENSG00000163466
GCTTGTCTTGTCAGTCACTG	IPO13_-_44412643.23-P1P2__ENSG00000117408
GCTTGTGGCACGGGGAGAAG	TBRG4_+_45151213.23-P1P2__ENSG00000136270
GCTTGTTGGAGCCCAGGCGG	LRRC37B_+_30334606.23-P1P2__ENSG00000185158
GCTTTCAGTTCCCCGCGCCC	CHMP3_-_86790522.23-P1P2__ENSG00000115561
GCTTTGCTAGCTCGAGATTA	non-targeting_03552
GCTTTGCTGGGGCCGCGGAG	POLRMT_+_633481.23-P1P2__ENSG00000099821
GCTTTGCTTGGTAGATACTG	ARPC3_+_110883121.23-P2__ENSG00000111229
GCTTTTCGCTGACTACATTC	PSMA2_+_42971715.23-P1P2__ENSG00000106588
GGAAAAGAAGGGCAATCCGG	STRAP_+_16035493.23-P1P2__ENSG00000023734
GGAAAAGTCCTCAATACGGT	DDB1_-_61081136.23-P2__ENSG00000167986
GGAAACAGGGAGGCGCGTTG	non-targeting_02668
GGAAACAGTGGTGCGCGGAG	PRPF31_-_54619172.23-P1P2__ENSG00000105618
GGAAACCAGACTCCAAACAT	WDR92_-_68384657.23-P1P2__ENSG00000243667
GGAAACCTAGCGGAGGGAGG	EPB41L2_+_131384358.23-P1P2__ENSG00000079819
GGAAACGACGGAGTATTCCG	non-targeting_00077
GGAAACTCCGAGGGGGGAAG	SIN3A_-_75743971.23-P1__ENSG00000169375
GGAAAGAAAGGGCTGTGTCA	NXF1_+_62566715.23-P2__ENSG00000162231
GGAAAGAGTAGACGAACCGG	CS_-_56694134.23-P1P2__ENSG00000062485
GGAAAGGGCGCGCCAGAACC	NAA38_+_117824200.23-P1P2__ENSG00000183011
GGAAAGTGGTGACACCGCCG	INTS6_+_52027127.23-P1P2__ENSG00000102786
GGAAAGTTGGGCGACTGTCG	TWF1_-_44199727.23-P1P2__ENSG00000151239
GGAAATCTTCCATTAAACAA	WDR74_-_62609072.23-P2__ENSG00000133316
GGAAATGCCCGGCGCCGCAG	RAC3_+_79989567.23-P1P2__ENSG00000169750
GGAAATGTGCTGCAGCAGGC	non-targeting_02292
GGAACAAGGAACAGGGAACA	GTF2E1_+_120461646.23-P1P2__ENSG00000153767
GGAACACTTACCGGGGTCAC	LCE1C_-_152779087.23-P1P2__ENSG00000197084
GGAACAGCAGCTGGTACCGA	SUPT5H_-_39936257.23-P1P2__ENSG00000196235
GGAACAGCCGCAGCCGGTGT	TTK_-_80714487.23-P1P2__ENSG00000112742
GGAACAGCCGCGGCAAGTGG	MBD3_+_1592727.23-P1P2__ENSG00000071655
GGAACATACGGAGATCGTGA	non-targeting_03426
GGAACATGGCCCTGTATCAG	TARS2_-_150459943.23-P1P2__ENSG00000143374
GGAACCAGCCCTAGAAGCGC	EEF1B2_+_207024362.23-P1P2__ENSG00000114942
GGAACCAGGAGATGCGGCGC	NPAT_+_108093330.23-P1P2__ENSG00000149308
GGAACCCAGCCCTCCCACAG	PSMG1_-_40554934.23-P1P2__ENSG00000183527
GGAACCCCTGCGCAGATCTC	ATP6V1E1_-_18111500.23-P1P2__ENSG00000131100
GGAACCCGCGTGCGACCCTC	TFAM_+_60145205.23-P1P2__ENSG00000108064
GGAACCCGGGGAACCAGTGG	POLR3F_+_18448066.23-P1P2__ENSG00000132664
GGAACCCGTCCGTGCTGCTG	MRPL27_-_48450272.23-P1P2__ENSG00000108826
GGAACCGGCAAAATCCGCTC	HIST2H2BE_+_149858162.23-P1P2__ENSG00000184678
GGAACCTTCCCAAGGCGGGG	SSX4_-_48242899.23-ENST00000376886.2__ENSG00000268009
GGAACGAAAAGTCCTCAATA	DDB1_-_61081132.23-P2__ENSG00000167986
GGAACGAGGACCCCGAGCGG	SMAGP_-_51664165.23-P1P2__ENSG00000170545
GGAACGAGGCGAAGGGCGAA	EFR3A_+_132916438.23-P1P2__ENSG00000132294
GGAACGCCCCAGCGAAAGTC	MRPS22_+_139063052.23-P1P2__ENSG00000175110
GGAACGCGACACCGGGTAGA	GMPPB_-_49761366.23-P1P2__ENSG00000173540
GGAACGCGCAGGCAGCACCG	PAF1_-_39881702.23-P1P2__ENSG00000006712
GGAACGGGCCGGCGGGACAC	ATP6AP2_+_40440259.23-P1P2__ENSG00000182220
GGAACTCCGGGATATCTACT	RPL36_+_5690269.23-P1P2__ENSG00000130255
GGAACTGGCATGCGGGAGCG	non-targeting_03391
GGAACTTCCACTCACCATGG	RPL4_-_66797132.23-P1P2__ENSG00000174444
GGAACTTCCTGACTCCTCGG	PRPF4B_+_4021634.23-P1P2__ENSG00000112739
GGAACTTGAGATTGAAAATA	PMPCB_-_102940675.23-P2__ENSG00000105819
GGAAGAAAAGGCGACGGTGG	NOS1AP_+_162039558.23-P1P2__ENSG00000198929
GGAAGAACGGGCAACAGCAG	ANAPC1_-_112641691.23-P1P2__ENSG00000153107
GGAAGACCCCGACTCCTTAC	MCL1_-_150552064.23-P1P2__ENSG00000143384
GGAAGAGAGAAAGGTTGTGA	SYF2_+_25558954.23-P1P2__ENSG00000117614
GGAAGAGAGGGCGTACCTGA	IARS_-_95055898.23-P1P2__ENSG00000196305
GGAAGAGCGAACGGGAGCGA	SNIP1_+_38019797.23-P1P2__ENSG00000163877
GGAAGAGGCGCAGGAAGCCA	PRKRIP1_+_102004333.23-P2__ENSG00000128563
GGAAGAGGCGGGAGTGGACC	ASF1B_+_14247360.23-P1P2__ENSG00000105011
GGAAGATCCTAGAGGTCCCA	DHX16_+_30640731.23-P1P2__ENSG00000204560
GGAAGCACTGGAGAGTGTCA	FAM32A_-_16296256.23-P1P2__ENSG00000105058
GGAAGCAGAGGAGCAGGTAA	VPS41_+_38948746.23-P1__ENSG00000006715
GGAAGCAGCAGCGGCTAGGG	PTPN1_-_49126945.23-P1P2__ENSG00000196396
GGAAGCAGGACGCTGGACCC	CBX1_-_46178513.23-P1P2__ENSG00000108468
GGAAGCAGGACGTTCTCACC	POLA2_-_65029495.23-P1P2__ENSG00000014138
GGAAGCAGTGAATAAGCGGT	HIST1H2BN_-_27806378.23-P1P2__ENSG00000233822
GGAAGCAGTTGGGGCGAAGG	TP53I13_+_27895788.23-P1P2__ENSG00000167543
GGAAGCCCGGCAACTGAGGG	WDR44_-_117480301.23-P1P2__ENSG00000131725
GGAAGCTGCGTGAAGCCCCT	DDX54_-_113599226.23-P2__ENSG00000123064
GGAAGGAAGGTAGAGGATGA	PMPCB_+_102937876.23-P1__ENSG00000105819
GGAAGGACTGCAAACTCCAC	CAD_+_27440356.23-P1P2__ENSG00000084774
GGAAGGATCCTGCACTGAGG	CDC6_-_38444255.23-P1P2__ENSG00000094804
GGAAGGCAGGGAGGTTCTGA	SF3A3_-_38455462.23-P1P2__ENSG00000183431
GGAAGGCGCAGAGCCCTGTC	RPS17_+_82824718.23-ENST00000330339.7__ENSG00000182774
GGAAGGGACCCCGGACCCGG	RAD9A_-_67159466.23-P1P2__ENSG00000172613
GGAAGGGAGCCCCCCGGCGG	ANKRD17_+_74124315.23-P1P2__ENSG00000132466
GGAAGGGCGCCGGCAAATGG	MMGT1_-_135056168.23-P1P2__ENSG00000169446
GGAAGGGTTCGGTCGCCCCG	RNPC3_+_104068758.23-P1P2__ENSG00000185946
GGAAGGTCAGCGTGTGAAGT	TIMM23B_-_51371437.23-P1P2__ENSG00000204152;TIMM23_+_51623316.23-ENST00000260867.4__ENSG00000265354
GGAAGGTCTCGCAAGCTCAC	SMG8_+_57287421.23-P1P2__ENSG00000167447
GGAAGTAGCAATGGACGCGC	GTF3C1_+_27561198.23-P1P2__ENSG00000077235
GGAAGTAGGAACCTCCTGCC	GTF2A2_+_59949653.23-P1P2__ENSG00000140307
GGAAGTGCCGCGGAAAGTGG	MRPL24_+_156710843.23-P1P2__ENSG00000143314
GGAAGTGCGGCCGCCGGAAC	SUPT20H_+_37633798.23-P1P2__ENSG00000102710
GGAATACTTAAGGCTTTAGA	SRSF6_-_42090114.23-P2__ENSG00000124193
GGAATCCCGGGCGCGTGAAA	non-targeting_00504
GGAATCCCTACGCGTCCCTT	PSMA3_-_58711627.23-P1P2__ENSG00000100567
GGAATCCGCGGAAGGCGAGG	CD2BP2_-_30366557.23-P1P2__ENSG00000169217
GGAATCGATGAAGTAACTGG	non-targeting_01195
GGAATGGCGGCCGCCCGCTC	PPP1R10_-_30585037.23-P1P2__ENSG00000204569
GGAATGGGTTCCGGCCTCCG	CABIN1_-_24408062.23-P1P2__ENSG00000099991
GGAATTGCTCTGGCGATCGA	PSMB3_-_36909059.23-P1P2__ENSG00000277791
GGACAAAAGCAAACCCCAAC	PCID2_-_113841606.23-P2__ENSG00000126226
GGACAAACCGGCCTTTCCGG	QARS_-_49142355.23-P1P2__ENSG00000172053
GGACAAGCGCCGGGCCTCAG	BUB1_-_111435363.23-P1P2__ENSG00000169679
GGACACACCGGGGACCGCAG	MEIS3_-_47922702.23-P1__ENSG00000105419
GGACACAGTCAGCGTTGGGC	non-targeting_00953
GGACACCAGGCATACGCTAG	NAT10_-_34127246.23-P1P2__ENSG00000135372
GGACACCCGAGGCGCAGCAG	BRCA2_+_32889673.23-P1P2__ENSG00000139618
GGACACGAACATAGCCACGG	CDC45_+_19467480.23-P1P2__ENSG00000093009
GGACACGCTTCACTGATACC	EEF2_+_3984171.23-P2__ENSG00000167658
GGACAGCAGTTACACTGCGG	H2AFX_+_118966156.23-P1P2__ENSG00000188486
GGACAGCGAAATGGCGCCTC	COPE_+_19030144.23-P1P2__ENSG00000105669
GGACAGCGCCGGGTGACCAG	SNRPG_-_70520494.23-P1P2__ENSG00000143977
GGACAGCGCGAGGAGAAAGA	PRMT5_+_23398566.23-P1__ENSG00000100462
GGACAGCGGGCGCTGCAACT	TMEM242_+_157744504.23-P1P2__ENSG00000215712
GGACAGCGTGCGAGCTCCGG	HYOU1_+_118927661.23-P1P2__ENSG00000149428
GGACAGCTCCGGGTAGACAG	URB2_+_229762047.23-P1P2__ENSG00000135763
GGACAGCTGAGGTACCGAGA	POLR1E_+_37486167.23-P1P2__ENSG00000137054
GGACAGCTTCTGTTCCAGGG	MAP2K7_+_7968839.23-P1P2__ENSG00000076984
GGACATAGCCGTATCTCTCC	SMU1_-_33076622.23-P1P2__ENSG00000122692
GGACATCCAAGATTCCTGGT	RSL24D1_-_55488741.23-P1P2__ENSG00000137876
GGACATCCTAGTTCAGACGG	KCMF1_+_85198557.23-P1P2__ENSG00000176407
GGACATCGCCCCCTCTGTCT	TEN1_+_73975344.23-P1P2__ENSG00000257949
GGACATGGAGCTCCAACCAG	RPL23A_+_27047315.23-P1P2__ENSG00000198242
GGACATTGTGGGGTCAGCCG	C1orf131_-_231376873.23-P1P2__ENSG00000143633
GGACCAAAGCGCCTGAGGAC	XRCC5_-_216974154.23-P1P2__ENSG00000079246
GGACCACCGAATGCCGCCTC	CENPI_+_100353181.23-P1P2__ENSG00000102384
GGACCACTGTGACGAACTTG	RANBP2_+_109335924.23-P1P2__ENSG00000153201
GGACCAGAGGACCAAACTCG	DIEXF_+_210001559.23-P1P2__ENSG00000117597
GGACCCACCTGGAAGCGCCG	ZZZ3_+_78149066.23-P1P2__ENSG00000036549
GGACCCCAAAGAGCCCCGGG	GOLGA6L1_+_22736950.23-ENST00000560659.2__ENSG00000273976
GGACCCCCAGAGCCCGTCAG	NSF_+_44668460.23-ENST00000398238.4__ENSG00000073969
GGACCCCCGGAGTGTAAGAC	RSL1D1_-_11933355.23-P2__ENSG00000171490
GGACCCGAGCGGCCGTACCA	YARS2_+_32908426.23-P1P2__ENSG00000139131
GGACCCGCAGCCAAGTGGAA	NOL9_-_6614523.23-P1P2__ENSG00000162408
GGACCCGGTGGGCTTCGCGG	BCR_-_23523174.23-P1P2__ENSG00000186716
GGACCCGGTTGCAAGTGTTG	COA5_+_99224908.23-P1P2__ENSG00000183513
GGACCCTCGTACGGGAGTGA	CRCP_-_65580068.23-P1P2__ENSG00000241258
GGACCCTGAACCCGAACCAT	CDC40_+_110501678.23-P1P2__ENSG00000168438
GGACCGAAAAGGGAAATTAC	SRFBP1_+_121297913.23-P1P2__ENSG00000151304
GGACCGAGCCTCCGCCACTG	WDHD1_-_55493772.23-P1P2__ENSG00000198554
GGACCGAGCGGGTCTCTCCA	TSPYL5_-_98290161.23-P1P2__ENSG00000180543
GGACCGCACTGCGGGCGTCG	DOHH_+_3500631.23-P1P2__ENSG00000129932
GGACCGCATCCGCCAGACAC	MINOS1_+_19923571.23-P1P2__ENSG00000173436
GGACCGCGGACAGCTTACGA	PDCD6IP_+_33840165.23-P1P2__ENSG00000170248
GGACCGCGGCAGGCGAAGTG	CSNK2B_+_31633873.23-P1P2__ENSG00000204435
GGACCGCGTCTTCAGTACCA	BET1_-_93633620.23-P1P2__ENSG00000105829
GGACCGGGCCGCCTACTCCG	RAD21_+_117886444.23-P1P2__ENSG00000164754
GGACCGGGTGCCTCAGCTGG	RBM25_-_73525471.23-P1P2__ENSG00000119707
GGACCGGTGCGGACAGGAAG	WDR4_+_44299648.23-P1P2__ENSG00000160193
GGACCTAGGTCGCGGCGACA	RPL37A_-_217363600.23-P1P2__ENSG00000197756
GGACCTGTCCGTGCGCCCAG	NDUFB8_-_102289541.23-P1P2__ENSG00000166136
GGACCTTGCCGGAGGAGGGG	CT45A5_-_134975513.23-P1P2__ENSG00000228836
GGACGAAATCTCATGATGAT	SON_-_34921974.23-P2__ENSG00000159140
GGACGAAGCGGGGAATGCAG	PRODH_-_18923767.23-P1__ENSG00000100033
GGACGAAGTCTATAAAGGGC	ATF4_-_39916548.23-P1P2__ENSG00000128272
GGACGATTGGTTGAGGCCGG	non-targeting_01393
GGACGCACGCAGGCGTAGTA	BAG6_+_31620419.23-P1P2__ENSG00000204463
GGACGCCGCTTCTCCGCCCG	HNRNPL_-_39340587.23-P1__ENSG00000104824
GGACGCCGGCGCGAGAGCAG	RAN_+_131356569.23-P1P2__ENSG00000132341
GGACGCGCGCGTCCTCACGG	NSF_-_44668038.23-ENST00000398238.4__ENSG00000073969
GGACGCGTCTGGGCTGCTGG	RCL1_-_4792974.23-P1P2__ENSG00000120158
GGACGCTCCGGGACGATGTG	PEX1_+_92157741.23-P1P2__ENSG00000127980
GGACGCTGCAGAGTGAGTAT	RPL31_-_101618787.23-P1P2__ENSG00000071082
GGACGGAAGAGGCCCTGCGG	PAFAH1B1_-_2497281.23-P1P2__ENSG00000007168
GGACGGAAGCCGAGTGGAGA	MRPL10_-_45908914.23-P1P2__ENSG00000159111
GGACGGACCCGAGGAGTCAG	SUGP1_-_19431214.23-P1P2__ENSG00000105705
GGACGGAGACTGCCCAGGTG	MRPL33_-_27994638.23-P1P2__ENSG00000243147
GGACGGAGGAGCCCAGCACA	C1QBP_-_5342366.23-P1P2__ENSG00000108561
GGACGGAGGCCGGGATACTT	EIF6_+_33872338.23-P1P2__ENSG00000242372
GGACGGCCCGCGGGCGTAAG	NUBP2_-_1832989.23-P1P2__ENSG00000095906
GGACGGCTGCAGGAGATCCG	CHORDC1_-_89955982.23-P1P2__ENSG00000110172
GGACGGGCGGAGAGAAACCC	GAPDH_-_6643761.23-P1__ENSG00000111640
GGACGGGGACCCGGTTGGCA	non-targeting_00165
GGACGGGGGTCGGGGCTCAA	CNOT3_+_54641532.23-P1P2__ENSG00000088038
GGACGGGTATCGCTGATGGG	non-targeting_03653
GGACGGGTCGATGCTAACGT	non-targeting_02977
GGACGGGTGACGAAAGAAGA	AKIRIN2_-_88411464.23-P1P2__ENSG00000135334
GGACGGTAAGACCAGAAGTA	non-targeting_03518
GGACGTAGGCATCGTAGCAG	non-targeting_02567
GGACGTGTGGTTGACGAGCT	UCHL5_+_193028482.23-P1P2__ENSG00000116750
GGACTAAGTCAGTAAAAGAG	MED7_+_156570278.23-P1P2__ENSG00000155868
GGACTACCGAGGGAGGTGAG	EEFSEC_-_127872314.23-P1P2__ENSG00000132394
GGACTAGAACGAAAGGAGTG	GINS1_-_25388381.23-P1P2__ENSG00000101003
GGACTAGGAAACCCTCCGAT	SRSF3_+_36562405.23-P1P2__ENSG00000112081
GGACTAGGACGCGGCTGGAG	LIMS1_-_109150969.23-P1P2__ENSG00000169756
GGACTAGGCCTTCGCCTCGG	HNRNPC_+_21737602.23-P1P2__ENSG00000092199
GGACTCACGAAGACAAGGTC	XAB2_-_7694376.23-P1P2__ENSG00000076924
GGACTCAGGAGGATGAAACA	NUP160_-_47869693.23-P1P2__ENSG00000030066
GGACTCCAGCATGGCGACCG	MRPS5_+_95787523.23-P1P2__ENSG00000144029
GGACTCCCAAGCCACAGTAC	RPS29_-_50052869.23-P1__ENSG00000213741
GGACTCCCTCTCACCCGCCC	MRPS28_-_80942263.23-P1P2__ENSG00000147586
GGACTCCGGCCCGGACCCAC	SPEN_-_16174765.23-P1P2__ENSG00000065526
GGACTCCGGCGGGAGAGTAA	YEATS4_-_69753803.23-P1P2__ENSG00000127337
GGACTCGGCGGGCGCTGTTG	ANAPC11_-_79849637.23-P1P2__ENSG00000141552
GGACTCTGAGCCGAGAAGAG	AAR2_+_34824488.23-P1P2__ENSG00000131043
GGACTCTGAGGGTCTCGGAA	SPAG7_-_4870905.23-P1P2__ENSG00000091640
GGACTGCCCCGGGCCGCTGA	ESPL1_-_53662296.23-P1P2__ENSG00000135476
GGACTGCGGCGCCGAGATCC	C5orf30_+_102594501.23-P1P2__ENSG00000181751
GGACTGGAGCAGGGACAACG	PKM_-_72500954.23-P2__ENSG00000067225
GGACTGGGCGACCCTCGTAC	CRCP_-_65580060.23-P1P2__ENSG00000241258
GGACTGGGCTGGGGCCCTGG	SIGLEC14_+_52150020.23-P1P2__ENSG00000254415
GGACTGGGGCCGGATAATGG	TSR2_-_54466860.23-P1P2__ENSG00000158526
GGACTGGGGTTCCCCTGCAC	TOMM22_+_39078005.23-P1P2__ENSG00000100216
GGACTTACCATGGCGAGCAG	RPL39_-_118925550.23-P1P2__ENSG00000198918
GGACTTCCCCATGGCGACCA	KIN_-_7829906.23-P1P2__ENSG00000151657
GGACTTCCGGGCTCCGCCCG	NBPF12_+_146373532.23-P1P2__ENSG00000268043
GGACTTGGAACCCTTTCCAG	ZNRD1_+_30029087.23-P1P2__ENSG00000066379
GGACTTGTGGCGGTCGAGCG	MCM6_+_136633964.23-P1P2__ENSG00000076003
GGAGAAAGCGCGCAGCCGAG	NARS2_+_78285660.23-P1P2__ENSG00000137513
GGAGAACCCTTGAGGTATGG	MRPL45_+_36453156.23-P1P2__ENSG00000278845
GGAGAAGAATCGGATCAATA	ABCF1_-_30546354.23-P2__ENSG00000204574
GGAGAAGACGCAGCCCAGAT	TAMM41_-_11888321.23-P1P2__ENSG00000144559
GGAGAAGAGGGAACGAGCAA	ADAM10_+_59041978.23-P1P2__ENSG00000137845
GGAGAAGCAGGAAGTAGCGG	ZNF687_-_151254788.23-P1P2__ENSG00000143373
GGAGAAGCCGAGGCCAAGCG	ERAL1_+_27182214.23-P1P2__ENSG00000132591
GGAGAAGCGGGCGGACCGGA	GTF2A1_+_81687215.23-P1P2__ENSG00000165417
GGAGAAGCTGCTTCTTGGTG	KRT8_-_53298844.23-P1__ENSG00000170421
GGAGAAGGGCGACTACAATG	RPUSD4_-_126081590.23-P1P2__ENSG00000165526
GGAGAAGGTGAGTGCTGGTG	ELOF1_+_11669989.23-P1P2__ENSG00000130165
GGAGACCGCGCTCAACACTG	GUCD1_-_24951897.23-P1P2__ENSG00000138867
GGAGACCGGCCAGCAAGCGA	C16orf86_+_67700770.23-P1P2__ENSG00000159761
GGAGACCTCGGTGGGCAGAA	CASP8AP2_-_90539622.23-P1P2__ENSG00000118412
GGAGACTATCGGGAAGAGGT	NOL8_+_95087456.23-P1P2__ENSG00000198000
GGAGACTCGCAGTCCGGCCC	HSPE1_+_198365089.23-P1P2__ENSG00000115541
GGAGACTCGTTCACCACCGA	TMED10_-_75643310.23-P1P2__ENSG00000170348
GGAGACTGGGAGGGCTTCCG	EMC7_+_34394068.23-P1P2__ENSG00000134153
GGAGAGAAGTGTGAGCGTAA	RPS9_+_54704997.23-P1P2__ENSG00000170889
GGAGAGAGCGGGACTTCAGG	DNAJC8_+_28559474.23-P1P2__ENSG00000126698
GGAGAGCCACCCCGGAAGAG	YEATS4_+_69753819.23-P1P2__ENSG00000127337
GGAGAGCGACGTGAGTCCTG	MAX_+_65569008.23-P1P2__ENSG00000125952
GGAGAGCGCAGAGTAGAGCA	SLBP_-_1713995.23-P1P2__ENSG00000163950
GGAGAGCGTGCGGCCGGGTA	MRPL36_+_1799899.23-P1P2__ENSG00000171421
GGAGAGGCCCGCGAACTGAC	MEPCE_-_100026436.23-P1P2__ENSG00000146834
GGAGAGGTCAGATTGCTGTC	NDUFB3_-_201936782.23-P1P2__ENSG00000119013
GGAGAGGTGGTCGGAGAAGT	GTF2A2_+_59949667.23-P1P2__ENSG00000140307
GGAGATACCCCTCACTCTGG	SMARCB1_-_24134004.23-P2__ENSG00000099956
GGAGATCAGGATGATCGTAC	non-targeting_00122
GGAGATCGCGGAGATGCCTG	TAF11_-_34855779.23-P1P2__ENSG00000064995
GGAGATGCTCCTCTCCGCAA	TAF2_-_120845040.23-P1P2__ENSG00000064313
GGAGCAACGTAAAAAGGCTA	DDX46_-_134109475.23-P2__ENSG00000145833
GGAGCAAGGCAAGCGGCCTA	ATP6V1G1_+_117350079.23-P1P2__ENSG00000136888
GGAGCACTAAGTCTCTCGCG	SAP18_+_21714669.23-P1P2__ENSG00000150459
GGAGCACTGAGGGGATTCGT	KDM6A_+_44732471.23-P1P2__ENSG00000147050
GGAGCAGACTTAGAGGGTTC	HIST1H2BB_-_26043881.23-P1P2__ENSG00000276410
GGAGCAGACTTGGCCAGCTC	HIST1H2BL_-_27775680.23-P1P2__ENSG00000185130
GGAGCAGAGCCGGAAGCGGG	WBP1L_-_104503698.23-P1P2__ENSG00000166272
GGAGCAGATAATAGCAGCCA	ZCRB1_-_42719876.23-P1P2__ENSG00000139168
GGAGCAGCAATGGCGGCGGG	WDR43_-_29117577.23-P1P2__ENSG00000163811
GGAGCAGCCGGACTCTGAGG	CYS1_+_10220308.23-P1P2__ENSG00000205795
GGAGCAGCGGCCGCTCTGGT	UBE2Z_-_46985826.23-P1P2__ENSG00000159202
GGAGCAGCGTTGGCTTCGAG	KANSL3_+_97303993.23-P1P2__ENSG00000114982
GGAGCAGGATCCAGGTACAG	ARPC3_-_110888115.23-P1__ENSG00000111229
GGAGCAGGCGAAGAGAATGA	PSMD14_+_162165252.23-P1P2__ENSG00000115233
GGAGCCAGCGCAACTGTCTG	CENPC_-_68411108.23-P1P2__ENSG00000145241
GGAGCCCAGAGGCACCGCCC	PLK4_-_128802116.23-P1P2__ENSG00000142731
GGAGCCCCCGAGCCCAAAGA	LAMB1_-_107643606.23-P1P2__ENSG00000091136
GGAGCCCGGGAGGGACAGAC	RPL13A_+_49994249.23-P2__ENSG00000142541
GGAGCCCGGGCGCCCAGGAT	CDC42_+_22379552.23-P1P2__ENSG00000070831
GGAGCCCGTGTGATTCCCGG	REV3L_+_111804354.23-P1P2__ENSG00000009413
GGAGCCCTTCCCCTACCTGG	FOLR3_+_71846807.23-P2__ENSG00000110203
GGAGCCGAAGCCGCCCTCCA	TIMM13_-_2427532.23-P1P2__ENSG00000099800
GGAGCCGACCGGGCGAGTGA	KDM6A_+_44732968.23-P1P2__ENSG00000147050
GGAGCCGCGGCCCCTCCTCG	TXNL4A_-_77748145.23-P1P2__ENSG00000141759
GGAGCCGGCGAAAGAGATCG	DDX52_-_36003440.23-P1P2__ENSG00000278053
GGAGCCGTGAGCTTGTCCAG	NAF1_+_164087918.23-P1P2__ENSG00000145414
GGAGCCTAGAGTCCGGCTGT	SPC25_+_169746886.23-P1P2__ENSG00000152253
GGAGCCTCAGCGAGCGGAGG	PPP2CA_+_133561724.23-P1P2__ENSG00000113575
GGAGCCTCCCTCTTCCACCG	RPL10A_-_35436407.23-P1P2__ENSG00000198755
GGAGCCTGGGCGACCTGCGG	UTP18_-_49338383.23-P1P2__ENSG00000011260
GGAGCCTTACTATCTCGCTC	IK_+_140027496.23-P1__ENSG00000113141
GGAGCCTTGCGCGCGCAGTG	SKP2_-_36152218.23-P1P2__ENSG00000145604
GGAGCGAACGAAGCAGCGGG	MAT2A_+_85766276.23-P1P2__ENSG00000168906
GGAGCGACCTCGTTCTGGTG	DYNC1I2_-_172544214.23-P1P2__ENSG00000077380
GGAGCGAGTCGTGACCGGTT	PPME1_-_73882402.23-P1P2__ENSG00000214517
GGAGCGCAGCCGGCGGGCTA	SRA1_+_139936988.23-P1P2__ENSG00000213523
GGAGCGCGCTGGTGCTCGGG	KPNB1_+_45727339.23-P1P2__ENSG00000108424
GGAGCGCGGGAGCTTAGGCA	UTP20_-_101674128.23-P1P2__ENSG00000120800
GGAGCGCGTGGGGCCAAGAA	TSEN2_-_12526016.23-P1P2__ENSG00000154743
GGAGCGGACTATCAACTCAG	non-targeting_00589
GGAGCGGCCGCCCTCGATCC	BCL2L1_+_30310660.23-P1__ENSG00000171552
GGAGCGGCGGGGTAAGATGG	SCAF1_-_50145510.23-P1P2__ENSG00000126461
GGAGCGGCGGTGAAGGTCCT	TFB1M_+_155635595.23-P1P2__ENSG00000029639
GGAGCGGCTAGGTGGTGCAC	ELAC2_+_12921317.23-P1P2__ENSG00000006744
GGAGCGGCTCATTGAGAGTC	DMRTA2_+_50889102.23-P1P2__ENSG00000142700
GGAGCGGCTGGCGGCTTCGA	UPF1_-_18942807.23-P1P2__ENSG00000005007
GGAGCGGGAAGGCTAAAACG	NUP107_-_69080796.23-P1P2__ENSG00000111581
GGAGCGGGAGCAGAGCGATG	ZNF718_+_124420.23-ENST00000510175.1-ENST00000511079.1-ENST00000513304.1-ENST00000513889.1__ENSG00000250312
GGAGCGGGCAAGCGGGAACC	GART_+_34914386.23-P1P2__ENSG00000159131
GGAGCGTAGCGGACAGGTGG	UBE2I_+_1359730.23-P1P2__ENSG00000103275
GGAGCGTTCGCAAGGGGTGT	RBM10_-_47004526.23-P1P2__ENSG00000182872
GGAGCTCAGTCTCTTCACCA	ZNF720_-_31724619.23-P1P2__ENSG00000197302
GGAGCTCCCGACAGCCCCTA	UBAP1_+_34179139.23-P1P2__ENSG00000165006
GGAGCTGCACCCGCGTGAGT	CUL7_-_43021528.23-P1P2__ENSG00000044090
GGAGCTGCGCGATGCGGTGG	HSPA9_-_137911079.23-P1P2__ENSG00000113013
GGAGCTGCGGGAGCAGGCAC	IMPA2_-_11981574.23-P1P2__ENSG00000141401
GGAGCTGCGGGGGAAGGTCC	SIRT7_+_79875555.23-P1P2__ENSG00000187531
GGAGCTGGCGCTCTAGCCCA	ZNRD1_-_30029063.23-P1P2__ENSG00000066379
GGAGCTGGCGGTCCGAGCTG	NVL_+_224517846.23-P1P2__ENSG00000143748
GGAGCTGGGCCTGACGAGGG	USP14_+_158644.23-P1P2__ENSG00000101557
GGAGCTGGTGGCGCGGTGCA	MEMO1_+_32264829.23-P1__ENSG00000162959
GGAGCTGTATCGAACAGACA	KRT10_-_38978838.23-P1__ENSG00000186395
GGAGCTTGCGGGCCCGAGAG	SAMD4B_-_39833151.23-P1P2__ENSG00000179134
GGAGCTTTCGCAGCTGGAGA	ELOF1_+_11670004.23-P1P2__ENSG00000130165
GGAGGAAATGTGCGTGGATG	ZNF658_+_40791781.23-ENST00000377626.3-ENST00000602553.1__ENSG00000274349
GGAGGAACATGACATCGCGG	PTPN11_-_112856929.23-P1P2__ENSG00000179295
GGAGGAACCCGGGCCAAACA	RSL24D1_-_55488919.23-P1P2__ENSG00000137876
GGAGGAAGACCCCTAGTGTT	CCDC144NL_+_20799243.23-P2__ENSG00000205212
GGAGGAAGAGCGAGCCCGGA	ADRM1_-_60878073.23-P1P2__ENSG00000130706
GGAGGAAGGCTGTAGTGTCG	PEX19_+_160254880.23-P1P2__ENSG00000162735
GGAGGAATATAACCTTGCTG	ZNF207_+_30687708.23-P2__ENSG00000010244
GGAGGACGCGCTCCTGGGAG	ABCG1_+_43639503.23-P1P2__ENSG00000160179
GGAGGAGAGAGAGCGGGGTT	TOX4_-_21945558.23-P1P2__ENSG00000092203
GGAGGAGAGTCAGAAGGGGG	LTBP4_+_41120130.23-P2__ENSG00000090006
GGAGGAGATAGGCATCTTGG	PSMC4_-_40477133.23-P1P2__ENSG00000013275
GGAGGAGCCAAGAGGCGGGT	TARS_+_33441121.23-P1P2__ENSG00000113407
GGAGGAGCGCGGTTACCGGA	CCNC_+_100016473.23-P1P2__ENSG00000112237
GGAGGAGCGGGATCTAACCC	FAF2_-_175875441.23-P1P2__ENSG00000113194
GGAGGAGCTGAGGAACCGAG	PET117_+_18118767.23-P1P2__ENSG00000232838
GGAGGAGGAGGAGTGCGGCG	ZNF787_+_56632559.23-P1P2__ENSG00000142409
GGAGGAGGAGGCGGCACCAA	RAD51D_-_33446789.23-P1P2__ENSG00000185379
GGAGGAGGAGTCCGGACCGG	ILF3_+_10765009.23-P1P2__ENSG00000129351
GGAGGAGGCGCCGGCCGTGA	HSD17B12_+_43702297.23-P1P2__ENSG00000149084
GGAGGATCGTGGTACTGCTA	MCM2_-_127317312.23-P1P2__ENSG00000073111
GGAGGCAAGCGAACCCGGAC	SP1_+_53773975.23-P1P2__ENSG00000185591
GGAGGCACAAAGGACGAGGA	RPL37_-_40835249.23-P1P2__ENSG00000145592
GGAGGCAGCAGCGGTAGAGG	PC_+_66725818.23-P1P2__ENSG00000173599
GGAGGCAGCCGCAACTTGTG	GRPEL1_+_7069324.23-P1P2__ENSG00000109519
GGAGGCCACGCAGGAGATCA	MRPL55_-_228296953.23-P1P2__ENSG00000162910
GGAGGCCCACACCTCTCGGA	TULP1_-_35480615.23-P1P2__ENSG00000112041
GGAGGCCCCATACTCACCCT	VPS41_-_38969076.23-P2__ENSG00000006715
GGAGGCCGCACGGTAAGCGG	RPS19_-_42364369.23-P1P2__ENSG00000105372
GGAGGCCGGCCGGGCTACTG	PSMG3_-_1609603.23-P1__ENSG00000157778
GGAGGCGAAGAAGACGCCAG	GARS_+_30634882.23-P1P2__ENSG00000106105
GGAGGCGCATATGGAAAGGG	HAPLN2_-_156589396.23-P1P2__ENSG00000132702
GGAGGCGCCGCGGCACTTAC	RPP40_+_5004190.23-P1P2__ENSG00000124787
GGAGGCGCCGCGGCCAGCGG	TWISTNB_+_19748599.23-P1P2__ENSG00000105849
GGAGGCGCGGAGCGAAGTGA	RACGAP1_+_50419209.23-P1P2__ENSG00000161800
GGAGGCGGAACTCTGAGGTG	CAP1_-_40506478.23-P1P2__ENSG00000131236
GGAGGCGGCCCGGCGGTAGG	MED14_+_40594765.23-P1P2__ENSG00000180182
GGAGGCGGCGCAGGGCCTGA	GRSF1_-_71705573.23-P1P2__ENSG00000132463
GGAGGCGGCGCCTGAAGCGG	PPP1R37_-_45596486.23-P1P2__ENSG00000104866
GGAGGCTCGCGGCCGGAGTG	MPHOSPH6_+_82203798.23-P1P2__ENSG00000135698
GGAGGCTCGGAGAGAGCGAG	LDB1_+_103874728.23-P2__ENSG00000198728
GGAGGCTGACTACCCTGCGG	WDR55_-_140044473.23-P1P2__ENSG00000120314
GGAGGCTGAGGCTATGATGG	ATP6AP1_-_153657047.23-P1P2__ENSG00000071553
GGAGGCTGCCATGGACGACG	POLR2E_+_1095301.23-P1__ENSG00000099817
GGAGGCTGCGGCGCACGGTA	C11orf57_-_111945087.23-P1P2__ENSG00000150776
GGAGGCTGCGGCGGCTGACT	MED22_+_136214930.23-P1P2__ENSG00000148297
GGAGGCTGGTGGTCATGCCG	GLB1_+_33138568.23-P1P2__ENSG00000170266
GGAGGCTTCAGCAGACGCGG	DNMT1_-_10305600.23-P1P2__ENSG00000130816
GGAGGGACCCGGACAGTCAG	CHAF1B_+_37757724.23-P1P2__ENSG00000159259
GGAGGGAGGTCACGGCGTAA	CHCHD4_+_14166228.23-P1P2__ENSG00000163528
GGAGGGATCCGAAGGGGGGC	CDC7_+_91966603.23-P1P2__ENSG00000097046
GGAGGGCCCGCGGGTAGGCA	INTS4_+_77705685.23-P1P2__ENSG00000149262
GGAGGGCCGCGCAGTCGGAC	TAF12_+_28969568.23-P1P2__ENSG00000120656
GGAGGGCCGGACAACCGCGG	SRSF6_+_42086965.23-P1__ENSG00000124193
GGAGGGCGACTCGACCACTG	SKIV2L2_-_54603901.23-P1P2__ENSG00000039123
GGAGGGCTACGACTGAGGAA	HCFC1_+_153236644.23-P1P2__ENSG00000172534
GGAGGGCTGCAGGACCGGCA	TWF1_+_44199942.23-P1P2__ENSG00000151239
GGAGGGGAGAGCCCGAGCGC	UPF2_+_12084799.23-P1P2__ENSG00000151461
GGAGGGTCGCGGCTCTGATC	DPH6_+_35838318.23-P1P2__ENSG00000134146
GGAGGGTCGGTGTTGAGTAG	RPS3A_-_152021035.23-P1P2__ENSG00000145425
GGAGGGTGCAGTGCCGGCGT	GTF2E2_+_30515555.23-P1P2__ENSG00000197265
GGAGGGTGCTGAAGGGCCCG	RPIA_+_88991224.23-P1P2__ENSG00000153574
GGAGGTCCTGCCTCCAGGTA	FOLR3_-_71846819.23-P2__ENSG00000110203
GGAGGTGGAAGGCGGGAAAA	HAUS8_+_17186228.23-P1P2__ENSG00000131351
GGAGGTGGCCCCGGATGCTG	GUK1_-_228328011.23-P1P2__ENSG00000143774
GGAGGTGGCGAACCAGCGAA	NASP_+_46049787.23-P1P2__ENSG00000132780
GGAGGTGGGGAGGTCAAGAA	NOL12_+_38082661.23-P1P2__ENSG00000273899
GGAGGTGTCTTGGTTGTGGA	IK_+_140038551.23-P2__ENSG00000113141
GGAGTAAGCTGTGGCGGCGT	INO80B_-_74682266.23-P1P2__ENSG00000115274
GGAGTAGACAGCAGAACCAG	RBM42_-_36120005.23-P1P2__ENSG00000126254
GGAGTAGAGCTGCCTCTCAG	TSSK3_-_32828258.23-P1P2__ENSG00000162526
GGAGTAGCAGACAACTGAAG	ILF2_-_153643469.23-P1P2__ENSG00000143621
GGAGTAGGTGGGCCTCCGTA	HIPK1_+_114472056.23-P1P2__ENSG00000163349
GGAGTCCAAACAGCCTTACC	ATP5J2_-_99063736.23-P1P2__ENSG00000241468;PTCD1_-_99063736.23-P1__ENSG00000106246
GGAGTCGCCCCACTCACCCG	MRPS24_-_43909060.23-P1P2__ENSG00000062582
GGAGTCGGGGGACTTGGTAC	MRPL35_+_86426814.23-P1P2__ENSG00000132313
GGAGTCGGGTCCTAAAGCTA	non-targeting_01052
GGAGTCGTCGAACCGAGACT	SUPT6H_+_26989285.23-P1P2__ENSG00000109111
GGAGTCTACCCAGGCCAGAG	TMA16_+_164416318.23-P1P2__ENSG00000198498
GGAGTCTGGCGGCCCAGGGA	TMEM242_+_157744285.23-P1P2__ENSG00000215712
GGAGTGAACGATTCAACCCG	TCERG1_-_145826962.23-P1P2__ENSG00000113649
GGAGTGAGAGGCGGCGCGCA	KPNB1_+_45727288.23-P1P2__ENSG00000108424
GGAGTGGACGTGCCACTATG	SART1_-_65729256.23-P1P2__ENSG00000175467
GGAGTGTCCGGCCCCAGGTA	ATP5J2_+_99063727.23-P1P2__ENSG00000241468;PTCD1_+_99063727.23-P1__ENSG00000106246
GGAGTGTGATGGAGACCACG	PRPF31_-_54619200.23-P1P2__ENSG00000105618
GGAGTGTTCTGAGGGAAGCA	BUB3_-_124913938.23-P1P2__ENSG00000154473
GGAGTTCAAGCCGGCCGCCC	GNB1L_-_19842322.23-P1P2__ENSG00000185838
GGAGTTGGCGAGTAGTAGCG	RPL41_-_56510638.23-P1P2__ENSG00000229117
GGAGTTTCTGTGGGCGGACA	MED20_+_41888805.23-P1P2__ENSG00000124641
GGATACCCCCAGCCCCGGGA	PHF12_+_27278322.23-P1P2__ENSG00000109118
GGATACTGGATTCGGTGCTG	TOP3A_+_18218270.23-P1P2__ENSG00000177302
GGATCAAGCGGGTGAGGGAA	SFSWAP_+_132196022.23-P1P2__ENSG00000061936
GGATCACACTGGTAAGGAGG	CBLL1_-_107384632.23-P1P2__ENSG00000105879
GGATCAGAGCAAGGACAAGG	MRPL50_+_104160660.23-P1P2__ENSG00000136897
GGATCCGACGCCCGAGCCAG	FBLIM1_+_16085294.23-P1P2__ENSG00000162458
GGATCCGAGAGGACATCCAG	EPS8L1_-_55592168.23-P2__ENSG00000131037
GGATCCGTAATATGGCGGGG	CCP110_-_19535293.23-P1P2__ENSG00000103540
GGATCGCGGAGGGAATGCCC	VHL_-_10183539.23-P1P2__ENSG00000134086
GGATCTGCCACACGCGCGGG	NAA35_+_88556248.23-P1P2__ENSG00000135040
GGATGACGGAGTATCGGAGA	OR2A1_+_144015597.23-ENST00000408951.1__ENSG00000221970
GGATGCAGGGCCGCGTGGCA	C6orf15_+_31080311.23-P1P2__ENSG00000204542
GGATGCCGCAGATGTGTTAG	POLR3A_+_79789257.23-P1P2__ENSG00000148606
GGATGCCGCGGCGGGCCTGT	ERCC3_+_128051692.23-P1P2__ENSG00000163161
GGATGGCCCGCTTCTCTTAC	TDGF1_-_46619494.23-P1P2__ENSG00000241186
GGATGGCGGACATTCAGGTG	RPS11_-_49999733.23-P1P2__ENSG00000142534
GGATGGCGGCGCGCAAGGGT	GRWD1_-_48949282.23-P1P2__ENSG00000105447
GGATGGGAGGATGGACGTAC	RARS_-_167913515.23-P1P2__ENSG00000113643
GGATGTGCCTGTAGAAACCG	WDR46_+_33256781.23-P1P2__ENSG00000227057
GGATGTTTCTGTGCTCGTGG	RPL9_+_39460483.23-P1P2__ENSG00000163682
GGATTAGGCGCACACACGCG	BTF3_+_72794288.23-P1P2__ENSG00000145741
GGATTCAAACTAGTGGCGGG	SKA3_+_21750674.23-P1P2__ENSG00000165480
GGATTCCACGGAAACGGCTT	GON4L_-_155826980.23-P1__ENSG00000116580
GGATTCCCAGGGACTGTCGG	POLR2G_-_62529086.23-P1P2__ENSG00000168002
GGATTCGAGGCGGGGAGCAT	MZF1_+_59084628.23-P1P2__ENSG00000099326
GGATTCGAGGGATGGCACGA	DDX19B_+_70333144.23-P1__ENSG00000157349
GGATTGCAGGATGGCGCCGA	RPS15A_-_18801590.23-P1P2__ENSG00000134419
GGATTGCTGCCTGCAGCTGA	DPH1_+_1936853.23-P2__ENSG00000108963
GGATTTCCGGAGGGGCCCGG	LAMTOR3_-_100815661.23-P1P2__ENSG00000109270
GGCAAAGGTACCACCTACAG	PIK3C3_+_39535224.23-P1P2__ENSG00000078142
GGCAAAGGTCGGACCCTCTA	HIST1H2BL_-_27775105.23-P1P2__ENSG00000185130
GGCAACCAGGAGCTATAGGG	SLC35G6_+_7384868.23-ENST00000412468.2__ENSG00000259224
GGCAACCCGCGAGCTTACAC	COX5A_+_75230394.23-P1P2__ENSG00000178741
GGCAACCGTGTGCGCGACAA	non-targeting_03017
GGCAACTACGCCCGCAGGAA	MDN1_-_90529439.23-P1P2__ENSG00000112159
GGCAACTTGCGTCTAAGTGG	RBBP5_-_205091086.23-P1P2__ENSG00000117222
GGCAAGAACCGCTTGTAGTT	CLP1_-_57425273.23-P1P2__ENSG00000172409
GGCAAGACAGAGAGGTGAGG	ALG1L_-_125655452.23-ENST00000340333.3__ENSG00000189366
GGCAAGCGGCCGCCTTTCCA	MCM4_-_48873574.23-P1P2__ENSG00000104738
GGCAAGCTCAGTGTGATCCC	GATA1_+_48644988.23-P1P2__ENSG00000102145
GGCAAGGAGCGGGTCCGTCG	PTPN11_-_112856894.23-P1P2__ENSG00000179295
GGCAAGGCTACGGAGGAGGG	CSNK1A1_-_148930629.23-P1P2__ENSG00000113712
GGCAAGGTCAGGCCAAGTGG	MOG_+_29624931.23-P1P2__ENSG00000204655
GGCAATCCGTGTACGTGTCA	non-targeting_01278
GGCAATGCCTAAAGGAGGTG	PDAP1_+_99006152.23-P1P2__ENSG00000106244
GGCAATGTGACCCTTCCCAG	RAE1_+_55926696.23-P1P2__ENSG00000101146
GGCACAGCAGCCCGCCGTAA	KDM8_+_27215236.23-P1P2__ENSG00000155666
GGCACAGGAAACGAGAGTTA	non-targeting_02462
GGCACAGGGAGCTGCTGCGG	KAT8_-_31129029.23-P1__ENSG00000103510
GGCACAGTGCCAGGGTCGCT	TPP2_-_103249768.23-P1P2__ENSG00000134900
GGCACCAGCCCGACTCTCCC	PRKCA_-_64298813.23-P1P2__ENSG00000154229
GGCACCCAATGCCTGGTCAG	CDC37_+_10506514.23-P1P2__ENSG00000105401
GGCACCCCCGGCACCCAGTG	EIF2S2_-_32699538.23-P1P2__ENSG00000125977
GGCACCCGCCGCGACCGCAA	ACSS2_-_33464420.23-P1P2__ENSG00000131069
GGCACCCGGGCCCTCCACCC	AGBL5_+_27274578.23-P1__ENSG00000084693
GGCACCGGAAGACGCTTCCT	INTS9_+_28747443.23-P1P2__ENSG00000104299
GGCACCGGCCCGGGAGGGAA	YBX3_-_10875981.23-P1P2__ENSG00000060138
GGCACCGTAATATAACGCTA	non-targeting_01377
GGCACCTTTGAGGGACGGAG	RELL2_+_141016732.23-P1P2__ENSG00000164620
GGCACGAATCGCGACTCCCC	ATP6V0D1_-_67515053.23-P1P2__ENSG00000159720
GGCACGCAGACCGTACGGTG	non-targeting_01317
GGCACGCGACTCAGCAACCT	DNLZ_-_139258138.23-P1P2__ENSG00000213221
GGCACGCGCCGGGAGACCTC	PPARGC1B_+_149110158.23-P1P2__ENSG00000155846
GGCACGGGAGAAGGACATCG	SUPV3L1_+_70940042.23-P1P2__ENSG00000156502
GGCACGGGCCACCGTGGAGT	TUBGCP5_-_22833553.23-P1P2__ENSG00000275835
GGCACGTTGGAGTCATAAGA	NARS_+_55288999.23-P1P2__ENSG00000134440
GGCACTACACATCGCCCCGA	XRCC2_-_152373174.23-P1P2__ENSG00000196584
GGCACTAGGAGCCCTCCGAC	TRMT6_-_5931159.23-P1P2__ENSG00000089195
GGCACTCCTGGTATGCAGGG	RFC1_+_39367769.23-P1P2__ENSG00000035928
GGCACTGACGGACTCACCGT	non-targeting_00821
GGCACTGACGTGTCTCTCGG	SEC61A1_-_127771295.23-P1__ENSG00000058262
GGCACTGCGCGCCGGCACGA	PSTK_-_124714003.23-P2__ENSG00000179988
GGCACTGTCATTCTCACCTG	HNRNPM_+_8536305.23-P2__ENSG00000099783
GGCAGAACGTGCCAACGGCT	GLE1_+_131267242.23-P1P2__ENSG00000119392
GGCAGAACTGGAGGTGCTCG	FAM58A_-_152864602.23-P1P2__ENSG00000262919
GGCAGAAGCTGATGTAATAA	non-targeting_03036
GGCAGACGGAGTGGACGTCT	PPP1R7_+_242089597.23-P1P2__ENSG00000115685
GGCAGAGAGGCGCCCGTGAG	CDK9_-_130548749.23-P1P2__ENSG00000136807
GGCAGAGCAAGACGGGATAG	SRP68_-_74068607.23-P1P2__ENSG00000167881
GGCAGAGCCGACGGAGGACA	COQ4_+_131085154.23-P1P2__ENSG00000167113
GGCAGAGTGCGCAGGCTCGA	NDUFB4_+_120315227.23-P1P2__ENSG00000065518
GGCAGATGCCGCAGGTCCTT	SUPT4H1_-_56429477.23-P1P2__ENSG00000213246
GGCAGATGGTGGTAGATCAG	TCOF1_+_149737342.23-P1P2__ENSG00000070814
GGCAGCAAGTCGAGGAGTCG	NDUFA2_+_140027134.23-P1P2__ENSG00000131495
GGCAGCACGGCCCGGTACGT	CSDE1_-_115300604.23-P1P2__ENSG00000009307
GGCAGCAGCAGCCAGTATTC	SCFD1_-_31091592.23-P1P2__ENSG00000092108
GGCAGCAGCGAGAATCTACA	DDX11_+_31226729.23-P1P2__ENSG00000013573
GGCAGCAGCGGAGCAACTGA	TBCC_-_42713803.23-P1P2__ENSG00000124659
GGCAGCAGCTTCGCTGTCCA	ZNF24_-_32924370.23-P1P2__ENSG00000172466
GGCAGCATGGCGGGCCGAGG	CALR_+_13049478.23-P1P2__ENSG00000179218
GGCAGCCAGGGAAGCCTCCG	COASY_-_40714203.23-P1P2__ENSG00000068120
GGCAGCCATCTTCTCCCGGG	ATP5O_-_35288080.23-P1P2__ENSG00000241837
GGCAGCCCGGTAGCAAGCCG	POLR3F_+_18448087.23-P1P2__ENSG00000132664
GGCAGCCGAGACTCGGAACG	METTL1_+_58165841.23-P1P2__ENSG00000037897
GGCAGCCGCACCGAGTCCTA	PPP2R1A_+_52716201.23-P2__ENSG00000105568
GGCAGCCGCTGGGAGACCGG	RAB4A_-_229406955.23-P1P2__ENSG00000168118
GGCAGCCGGCCCAGACCCGT	YJEFN3_-_19639771.23-P2__ENSG00000250067
GGCAGCCGGCGGTAAGGACG	GINS4_+_41386860.23-P1P2__ENSG00000147536
GGCAGCCGGGCGACAGGCGG	MED9_-_17380394.23-P1P2__ENSG00000141026
GGCAGCCGTGCGACAGGATT	COPS4_-_83956404.23-P1P2__ENSG00000138663
GGCAGCGCAACTGTAAGGAC	RMI1_+_86595743.23-P1P2__ENSG00000178966
GGCAGCGCGCCCTCCCCCGA	PYROXD1_-_21590691.23-P1P2__ENSG00000121350
GGCAGCGGAAAGACCGATAG	RBM15_-_110882298.23-P1P2__ENSG00000162775
GGCAGCGGCAGCGCGAGACC	SETD1A_+_30969358.23-P1P2__ENSG00000099381
GGCAGCGGCGCTGGAGTGAG	SAP130_+_128785641.23-P1P2__ENSG00000136715
GGCAGCGTAGGGCCACTCCG	CDC27_+_45266436.23-P1P2__ENSG00000004897
GGCAGCGTTGGCGGTCCCTC	TAF5_+_105127794.23-P1P2__ENSG00000148835
GGCAGCTCCCCGCCCAGTGA	TSR1_-_2241289.23-P2__ENSG00000167721
GGCAGCTCCGAAACTCACAC	RPL12_-_130213255.23-P1P2__ENSG00000197958
GGCAGCTCCGCCGCTTTCCA	BUD13_+_116643652.23-P1P2__ENSG00000137656
GGCAGCTGGACCAGGAATTA	UFM1_+_38924080.23-P1P2__ENSG00000120686
GGCAGCTGGCAGGGATTGCG	SDAD1_+_76912051.23-P1P2__ENSG00000198301
GGCAGCTTGGCTAAAAGTAA	MRPL2_+_43027129.23-P1P2__ENSG00000112651
GGCAGGAAGGCTCGGACCGG	LRR1_+_50065858.23-P1P2__ENSG00000165501
GGCAGGAAGTGGCGGTGCGA	PFN1_+_4851832.23-P1P2__ENSG00000108518
GGCAGGACGGGGGAGACCGG	PYURF_+_89444471.23-P1P2__ENSG00000145337
GGCAGGAGCGTAGAGAGCGC	NUDC_-_27248296.23-P1P2__ENSG00000090273
GGCAGGAGCGTCGGGTGGGT	FTSJ3_-_61904976.23-P1P2__ENSG00000108592
GGCAGGAGGCCGGTGAACCC	UBE3C_-_156932395.23-P1P2__ENSG00000009335
GGCAGGATTCAGGTCAACTT	USP36_+_76836485.23-P1P2__ENSG00000055483
GGCAGGCAGCGGGGGATACG	NKX6-1_-_85419268.23-P1P2__ENSG00000163623
GGCAGGCCGGTAAGTAACTG	UQCRB_+_97247725.23-P1P2__ENSG00000156467
GGCAGGCGCCTCCCGAGTAC	MTCP1_+_154299359.23-P1P2__ENSG00000214827
GGCAGGCGCGGTTAGTACCG	SMC6_+_17935063.23-P1P2__ENSG00000163029
GGCAGGCGGCGTCCCCAAGG	RPL15_+_23959041.23-P1P2__ENSG00000174748
GGCAGGGCAGGGATCTGCGT	MIPEP_+_24463484.23-P1P2__ENSG00000027001
GGCAGGGCCAGGCTGACTGG	MED12_+_70338552.23-P1P2__ENSG00000184634
GGCAGGGCGGCTGGCACAAA	EGLN2_-_41305138.23-P1__ENSG00000269858
GGCAGGGGCCTAGTTTTCCT	GEMIN8_-_14047956.23-P1P2__ENSG00000046647
GGCAGGTGATTCGTCGGCCC	SNUPN_+_75918041.23-P1P2__ENSG00000169371
GGCAGTCGATGGCCAGAGGG	MIER1_+_67390982.23-P1__ENSG00000198160
GGCAGTCGCCTCCAGAACAC	PGS1_+_76374776.23-P1P2__ENSG00000087157
GGCAGTCGGAGGAACAGACG	CSTF3_-_33182802.23-P1P2__ENSG00000176102
GGCAGTCTCTGCATATCATG	TAF12_+_28969521.23-P1P2__ENSG00000120656
GGCAGTGGAACGCACCGCCC	NOS1AP_+_162039585.23-P1P2__ENSG00000198929
GGCAGTTGCCGTGTTCTGGA	PHAX_+_125939292.23-P2__ENSG00000164902
GGCATACTGACAGCCGCACG	non-targeting_01113
GGCATCCACTCACCATCCTG	RPL5_+_93297664.23-P1P2__ENSG00000122406
GGCATCTCGGGGAACACCTG	PRDM4_-_108154509.23-P1P2__ENSG00000110851
GGCATGATGGCTGGACTCAA	TRAIP_-_49893903.23-P1P2__ENSG00000183763
GGCATGCGCTCGCATCATGG	EMC1_+_19577996.23-P1P2__ENSG00000127463
GGCATGTCGGGAGGGCACCG	DHX33_-_5372196.23-P1P2__ENSG00000005100
GGCCAAAGCGGGAATCTGGG	SKP2_-_36152309.23-P1P2__ENSG00000145604
GGCCAACCACACTGGAAAGT	OR2T5_-_248651931.23-ENST00000366473.2__ENSG00000203661
GGCCAAGACTCGCTCTTCTA	HIST1H2BJ_-_27100913.23-P1P2__ENSG00000124635
GGCCAAGATGGCGACGGGAA	BRD8_+_137514287.23-P1P2__ENSG00000112983
GGCCAAGCGGCTCGAAGTGG	SETD2_-_47205192.23-P1P2__ENSG00000181555
GGCCAAGTCGAGGAGAGCTG	STT3B_+_31574870.23-P1P2__ENSG00000163527
GGCCACACGGCGCGACAAGA	LSM7_+_2328561.23-P1P2__ENSG00000130332
GGCCACAGCATAGATTGATT	non-targeting_01813
GGCCACCCGGCGCGAGTCCG	SRPRB_+_133524699.23-P1P2__ENSG00000144867
GGCCACCCTGAAGCAGGAGA	GRB2_-_73389861.23-P2__ENSG00000177885
GGCCACCGGAAGCCGTACAC	SSRP1_-_57103355.23-P1P2__ENSG00000149136
GGCCACGAAAGGACAGTCCG	HMGCS1_-_43313515.23-P1P2__ENSG00000112972
GGCCACGCCGCGCCGGCTCT	CCT6A_-_56119502.23-P1P2__ENSG00000146731
GGCCACTAGAGAAGGGCGAG	KANSL2_+_49076002.23-P1P2__ENSG00000139620
GGCCACTCCTTACCCGCCTG	MRPL10_-_45908834.23-P1P2__ENSG00000159111
GGCCAGACCGACGGGAAAGT	non-targeting_02531
GGCCAGACTGGCCATCATGT	LPA_-_161084950.23-P1P2__ENSG00000198670
GGCCAGAGAGAGAAGATCGG	PUM1_+_31538495.23-P1P2__ENSG00000134644
GGCCAGAGGCGCCTAGGGTT	GTF2F1_+_6393129.23-P1P2__ENSG00000125651
GGCCAGCAGGACCAAGCATG	ALG1_+_5121857.23-P1P2__ENSG00000033011
GGCCAGCCCCATAGGTCCAG	NAA10_-_153200217.23-P1P2__ENSG00000102030
GGCCAGCCTGCAGATAGCAC	OSGEP_-_20922972.23-P1P2__ENSG00000092094
GGCCAGCGGCGGCTTCTGAT	TWISTNB_+_19748588.23-P1P2__ENSG00000105849
GGCCAGCGGGAACTGTGTAG	PELO_-_52095976.23-P1__ENSG00000152684
GGCCAGCGTGACGGATTGCA	non-targeting_03248
GGCCAGGAGAGCCGCAATGG	CLTC_+_57697287.23-P1P2__ENSG00000141367
GGCCAGGAGCGGGCCCCCGG	DPY19L4_-_95732145.23-P1P2__ENSG00000156162
GGCCAGGCAGGAGTTTCTCT	HIST2H2AA3_+_149814282.23-ENST00000369161.3__ENSG00000203812
GGCCAGGCTGGAGGACTAGA	CCDC144NL_+_20771332.23-P1__ENSG00000205212
GGCCAGGGTCGGCTACTGGG	KAT5_+_65479809.23-P1P2__ENSG00000172977
GGCCAGGTCTAGGTTCCCAG	LAS1L_+_64754550.23-P1P2__ENSG00000001497
GGCCAGTCATTCCAGCTCCG	SMG1_-_18937299.23-P1P2__ENSG00000157106
GGCCATAGCTGCTCCAGCGG	CCT6A_+_56119524.23-P1P2__ENSG00000146731
GGCCATCTTCCCTCCCGAGG	UBE3C_-_156931660.23-P1P2__ENSG00000009335
GGCCATGGCAGCTGTAGTAT	SLC39A9_-_69865448.23-P1P2__ENSG00000029364
GGCCATGGCTGACCAACGCG	NDUFAF3_+_49059560.23-P1P2__ENSG00000178057
GGCCATGGTTTCAGACGGTG	GTF2H3_-_124118424.23-P1P2__ENSG00000111358
GGCCATTGTCAGCCCTGTGA	SPCS3_-_177242413.23-P2__ENSG00000129128
GGCCCAAGCAGAGCCAGCTA	PLA2G10_-_14788222.23-ENST00000438167.3__ENSG00000069764
GGCCCACACGGAAGAGGGGG	DESI1_-_42017080.23-P1P2__ENSG00000100418
GGCCCACAGCTGCCTGGGTA	MRPL51_+_6602410.23-P1P2__ENSG00000111639
GGCCCACGCCCACCCGAGGA	POTEI_-_131267022.23-ENST00000451531.2__ENSG00000196834
GGCCCACTCGGGCAAAGAGG	S100A1_-_153603069.23-P2__ENSG00000160678
GGCCCAGCCAGCGCCCGCGA	ARPC4_-_9834808.23-P1P2__ENSG00000241553
GGCCCAGGAGCGAGCCCGTG	PRODH_+_18905892.23-P2__ENSG00000100033
GGCCCAGTCCTGGGCGGCAG	ETF1_-_137878812.23-P1P2__ENSG00000120705
GGCCCATCCGCCCCAATGGA	ZNF687_+_151255019.23-P1P2__ENSG00000143373
GGCCCCACAGCCCGGGAAGG	NFKBIE_+_44233200.23-P1P2__ENSG00000146232
GGCCCCACGTGAGGCTTGGT	ESF1_+_13765535.23-P1__ENSG00000089048
GGCCCCAGCCGACTTGAGGG	DYNLRB1_-_33104419.23-P1__ENSG00000125971
GGCCCCAGTGCTGTAGAAGT	TRAPPC4_-_118889743.23-P1P2__ENSG00000196655
GGCCCCCACCAGAGCTCCCA	KRT10_-_38978663.23-P1__ENSG00000186395
GGCCCCCCACACACCCGCTG	GTF3C2_-_27579592.23-P1P2__ENSG00000115207
GGCCCCCGAGTACTACCCCG	SUDS3_-_118814571.23-P1P2__ENSG00000111707
GGCCCCCGCGCTTGGAAGAT	DHX33_-_5371956.23-P1P2__ENSG00000005100
GGCCCCCGCGGGCTTCTCCG	COTL1_+_84651284.23-P1P2__ENSG00000103187
GGCCCCCTTCTCTCCTGACC	EPS8L1_+_55587297.23-P1__ENSG00000131037
GGCCCCGCCCCCGTGCCCCA	CMC4_-_154299576.23-P1P2__ENSG00000182712
GGCCCCGGCGGCAGCCATGC	PDCD2_-_170893673.23-P1P2__ENSG00000071994
GGCCCCGGGTGTCCCGAGAG	WDTC1_-_27561600.23-P1P2__ENSG00000142784
GGCCCCGGTGAGGACCAAGA	PSMB3_-_36909230.23-P1P2__ENSG00000277791
GGCCCCTACCTGAGTGAGAA	GTF2E2_-_30515502.23-P1P2__ENSG00000197265
GGCCCCTCCAGTGGGTGCGA	non-targeting_00796
GGCCCCTCCATGCCGCCCCA	PSMG4_+_3259244.23-P1P2__ENSG00000180822
GGCCCCTCTGCCATCACATA	KCNA10_+_111061723.23-ENST00000369771.2__ENSG00000143105
GGCCCCTGAAGTGGAGCGAG	ADAM10_+_59041877.23-P1P2__ENSG00000137845
GGCCCCTGCTCCACAGCGGG	LPIN1_+_11886818.23-P1P2__ENSG00000134324
GGCCCCTGGCAGCCACGACA	USF2_-_35760358.23-P1P2__ENSG00000105698
GGCCCCTTACCCTCATTCCA	EMG1_+_7080302.23-P1P2__ENSG00000126749
GGCCCGACCCAAAAGTAAGG	KARS_-_75681569.23-P1P2__ENSG00000065427
GGCCCGACGGAGCCGTGTGG	ATR_-_142297649.23-P1P2__ENSG00000175054
GGCCCGAGACAAAGCCATCG	HNRNPK_-_86594674.23-P1P2__ENSG00000165119
GGCCCGCAAAACACCACGAG	KTI12_-_52499429.23-P1P2__ENSG00000198841
GGCCCGCACGCCCTAGGGTA	RPL12_+_130213322.23-P1P2__ENSG00000197958
GGCCCGCAGACGGAGCGGAG	POU3F1_+_38512447.23-P1P2__ENSG00000185668
GGCCCGCCGCGTGAGAGGAC	SF1_+_64545972.23-P1P2__ENSG00000168066
GGCCCGCCTAAACTCTTCCT	POT1_+_124569865.23-P1P2__ENSG00000128513
GGCCCGCGAGTCACACCGCA	EIF3CL_-_28415135.23-ENST00000380876.4-ENST00000398943.3-ENST00000398944.3__ENSG00000205609
GGCCCGCGGAGGCCTAGGAG	EIF4H_-_73588899.23-P1P2__ENSG00000106682
GGCCCGCGTGGTGACGCCAG	ARL2_+_64781852.23-P1P2__ENSG00000213465;SNX15_+_64781852.23-P1__ENSG00000110025
GGCCCGCTCTCACTTTTCAG	NSMCE2_-_126104115.23-P1P2__ENSG00000156831
GGCCCGCTTCCAGGTCTCAC	PSMB2_-_36107100.23-P1P2__ENSG00000126067
GGCCCGGAAGACGATTCACG	RPL30_+_99057534.23-P1P2__ENSG00000156482
GGCCCGGACGACTGCAACAG	SMC5_+_72874111.23-P1P2__ENSG00000198887
GGCCCGGACGCCATTTCCAG	DHX36_+_154042240.23-P1P2__ENSG00000174953
GGCCCGGCAGTCTTTCACGG	CTPS1_+_41445384.23-P1P2__ENSG00000171793
GGCCCGGGAGCCGCCTGAGG	HIRA_+_19419231.23-P2__ENSG00000100084
GGCCCGGGCTTGAGGATCCG	INPPL1_+_71935916.23-P1P2__ENSG00000165458
GGCCCGGGGCAGGAAGACCC	PCM1_+_17780823.23-P1P2__ENSG00000078674
GGCCCGGGGTGATATTTAGG	UBA1_-_47050478.23-P2__ENSG00000130985
GGCCCGGTCGCTGTCGGAAG	BOP1_+_145515084.23-P1__ENSG00000261236
GGCCCGTCCGTGCTGTTCTG	SRSF2_+_74733361.23-P1P2__ENSG00000161547
GGCCCGTGCAAGTCCGGGGA	ZRSR2_+_15808801.23-P1P2__ENSG00000169249
GGCCCTCCCCTGGCCACGCG	UBTF_-_42295898.23-P1P2__ENSG00000108312
GGCCCTCCCGGCCACCAACT	CBFA2T3_-_89043387.23-P2__ENSG00000129993
GGCCCTGAGGACTCAGCGAA	RBM17_-_6131049.23-P1P2__ENSG00000134453
GGCCCTGCGCCGGAGATGGA	CENPJ_+_25496834.23-P1P2__ENSG00000151849
GGCCCTGCGGCTGACAGCAG	NCAPH_-_97001726.23-P1P2__ENSG00000121152
GGCCCTGCGGTGTGACTCGC	EIF3CL_+_28415115.23-ENST00000380876.4-ENST00000398943.3-ENST00000398944.3__ENSG00000205609
GGCCCTGGAACGGAGCTTCG	NUP160_+_47869833.23-P1P2__ENSG00000030066
GGCCCTGGCCTCAGGCGGTA	KEAP1_-_10613538.23-P1P2__ENSG00000079999
GGCCCTGGCGTCGCGTAGGA	RNASEH2C_+_65488232.23-P1P2__ENSG00000172922
GGCCCTGGGACCGAGAAGAG	TMSB10_-_85132984.23-P1P2__ENSG00000034510
GGCCCTTCCGTTGGCAGCGC	ANAPC11_+_79849685.23-P1P2__ENSG00000141552
GGCCGAACGAGGACCCCGAG	SMAGP_-_51664162.23-P1P2__ENSG00000170545
GGCCGAAGCGGACAGGGAAT	PEX19_+_160254859.23-P1P2__ENSG00000162735
GGCCGAAGGATCACTACACA	non-targeting_01736
GGCCGACGCCAGCCAGAGAG	SETX_+_135230302.23-P1P2__ENSG00000107290
GGCCGAGCTGGAGGGCGCCG	NELFB_-_140149841.23-P1P2__ENSG00000188986
GGCCGAGGATCGTTGCTAGG	SHC1_-_154946434.23-P2__ENSG00000160691
GGCCGAGGCAGCGCAGCCTA	HCRTR1_-_32083351.23-P1P2__ENSG00000121764
GGCCGAGGCCCAGCCCGAAG	FASN_+_80055614.23-P1P2__ENSG00000169710
GGCCGAGGCCCCGGGTTGAG	MAD2L2_+_11741173.23-P1P2__ENSG00000116670
GGCCGAGGCGACCGAAGTAA	WDR74_+_62609282.23-P2__ENSG00000133316
GGCCGAGGCTGCGATTCCAG	AHCY_-_32890950.23-P1P2__ENSG00000101444
GGCCGAGGGTAGCTTGAGCG	EIF5_-_103800558.23-P1__ENSG00000100664
GGCCGAGGTCACCGCAGCAT	non-targeting_01500
GGCCGCAAACACTTACTCTA	ZWINT_-_58120962.23-P1P2__ENSG00000122952
GGCCGCACAAGGAGTGGAGT	PSME1_+_24605428.23-P1P2__ENSG00000092010
GGCCGCACCGGACCCAGTGC	ACTR5_-_37377178.23-P1P2__ENSG00000101442
GGCCGCACCTCCAGGTCCCG	LSM5_-_32534855.23-P2__ENSG00000106355
GGCCGCACGCCCGACAGCGG	ATP2A2_+_110719114.23-P1P2__ENSG00000174437
GGCCGCAGCTGCCATCTTAG	ARGLU1_+_107220466.23-P1P2__ENSG00000134884
GGCCGCCACGCAGAGGTCTA	OGFOD1_-_56485723.23-P1P2__ENSG00000087263
GGCCGCCAGCGGCTTCTCCG	MVD_-_88729483.23-P1P2__ENSG00000167508
GGCCGCCAGTTGTCACCACA	ANAPC5_-_121790201.23-P1P2__ENSG00000089053
GGCCGCCATCCTCACCCGTG	non-targeting_00877
GGCCGCCCGCGCTCATGGGG	PUF60_-_144911439.23-P1P2__ENSG00000179950
GGCCGCCCGGGAAGTCAACA	MED30_-_118533205.23-P1P2__ENSG00000164758
GGCCGCCCGGGGACTCTCAG	NUTF2_+_67880960.23-P1P2__ENSG00000102898
GGCCGCCGCCGCCCCGCTGT	ZFR_-_32444376.23-P1P2__ENSG00000056097
GGCCGCCGCGGAGACAAAGA	NDUFA3_-_54606189.23-P1P2__ENSG00000170906
GGCCGCCGGCGGGTACCTGG	TRMT112_-_64084926.23-P1P2__ENSG00000173113
GGCCGCCGGTAGTCCATGAC	RIOK1_+_7390229.23-P1P2__ENSG00000124784
GGCCGCCTCAACCCGTCTTA	ZRANB2_-_71546527.23-P1P2__ENSG00000132485
GGCCGCGAGAAGGCCGGGGA	ZBTB17_-_16302540.23-P1P2__ENSG00000116809
GGCCGCGCGAAGGCAACCGT	TACC3_-_1723216.23-P1__ENSG00000013810
GGCCGCGCGAAGGCTTCTGG	CEP97_+_101443780.23-P1P2__ENSG00000182504
GGCCGCGCGACGATGGAACG	C9orf16_+_130922642.23-P1P2__ENSG00000171159
GGCCGCGCTGGGAGCTTGGG	RPS15A_+_18801235.23-P1P2__ENSG00000134419
GGCCGCGCTGGTGAACAGGT	RPL8_+_146017745.23-P1P2__ENSG00000161016
GGCCGCGCTTGGGTGTCCCT	UXT_+_47518485.23-P1P2__ENSG00000126756
GGCCGCGGACACCATGCAGT	MAK16_-_33342733.23-P1P2__ENSG00000198042
GGCCGCGGAGCCCTGCGAGT	EIF3B_-_2394542.23-P1P2__ENSG00000106263
GGCCGCGGATCCGTCTACTG	COPB1_-_14521337.23-P1P2__ENSG00000129083
GGCCGCGGCCCGGTACCAAC	XPO5_+_43543679.23-P1P2__ENSG00000124571
GGCCGCGGCTCACTTACCTC	INTS1_-_1543963.23-P1P2__ENSG00000164880
GGCCGCGGCTCGTGAGGTGA	PI4KA_+_21213009.23-P1P2__ENSG00000241973
GGCCGCGGCTGCGCCATCCG	HUS1_+_48019118.23-P1P2__ENSG00000136273
GGCCGCGGGGAGCCACCGAC	MAD2L2_-_11741158.23-P1P2__ENSG00000116670
GGCCGCGTAAGAGGGGAAGG	FAM136A_-_70528767.23-P1P2__ENSG00000035141
GGCCGCGTGCCTCACTAAAG	CENPP_+_95087933.23-P1P2__ENSG00000188312
GGCCGCTCGCAGCCTAGAGC	UPF1_+_18942771.23-P1P2__ENSG00000005007
GGCCGCTGCTCTCCGGCTGA	CLSPN_+_36235519.23-P1P2__ENSG00000092853
GGCCGGACCGGGAAGACAGC	LSM2_-_31774578.23-P1P2__ENSG00000204392
GGCCGGAGCGTGTCCCCGTC	RPAP2_-_92764613.23-P1P2__ENSG00000122484
GGCCGGAGCTGCTACTATCA	SUGT1_+_53227010.23-P1P2__ENSG00000165416
GGCCGGAGCTTAGGTCGGGA	ATP6V1C1_-_104033365.23-P1P2__ENSG00000155097
GGCCGGAGGCGCCTGTCGTT	NAA25_-_112546549.23-P1P2__ENSG00000111300
GGCCGGAGTGGGGACTCACC	WDHD1_-_55493748.23-P1P2__ENSG00000198554
GGCCGGATCTCGCTTCTCAG	GTF3C4_+_135545609.23-P1P2__ENSG00000125484
GGCCGGCAGGCGGAGTGAGG	GUCD1_-_24951865.23-P1P2__ENSG00000138867
GGCCGGCCCAGACCCGTCGG	YJEFN3_-_19639774.23-P2__ENSG00000250067
GGCCGGCCCCGCAGGGTCTT	DCTN1_+_74618971.23-P1P2__ENSG00000204843
GGCCGGCCGAAAGCTAGGTC	NOP2_+_6677426.23-P1P2__ENSG00000111641
GGCCGGCCTAAGGAGGAGGC	PCNXL3_+_65383286.23-P1P2__ENSG00000197136
GGCCGGCCTGACGTCCAAGG	COPS4_-_83956572.23-P1P2__ENSG00000138663
GGCCGGCCTGCACGGGTACA	DDX56_-_44613091.23-P1P2__ENSG00000136271
GGCCGGCGCCCATATGGAAT	FAM136A_-_70529195.23-P1P2__ENSG00000035141
GGCCGGCGCCGCCCGCAGGG	COX11_+_53045613.23-P1P2__ENSG00000166260
GGCCGGCGCCGGATGGAAGG	C9orf16_+_130922603.23-P1P2__ENSG00000171159
GGCCGGCGCGAGACTCACCA	HNRNPR_-_23670707.23-P1P2__ENSG00000125944
GGCCGGCGCGTCGAGGGGAG	TCEB2_+_2827251.23-P1P2__ENSG00000103363
GGCCGGCGGAACCCAAGGCG	TTC4_-_55181476.23-P1P2__ENSG00000243725
GGCCGGCGTCCCCAACATGG	BNIP1_-_172571554.23-P1P2__ENSG00000113734
GGCCGGCGTCCGGAGCATGG	WBSCR22_-_73097989.23-P1P2__ENSG00000071462
GGCCGGCGTTGCCGGGGTAA	TSEN2_-_12525993.23-P1P2__ENSG00000154743
GGCCGGCTCCGTTGAGGGAA	UNC50_-_99225100.23-P1P2__ENSG00000115446
GGCCGGCTCTTACCGTCTGT	LIN52_+_74551686.23-P1P2__ENSG00000205659
GGCCGGCTTGGTCACTATGG	PSMC4_-_40477115.23-P1P2__ENSG00000013275
GGCCGGGAAGCTTCGTCCAG	LSG1_+_194392901.23-P1P2__ENSG00000041802
GGCCGGGACCCGACTGAACG	CFL1_-_65625654.23-P1P2__ENSG00000172757
GGCCGGGACGAGGGAGACCG	COG6_+_40230096.23-P1P2__ENSG00000133103
GGCCGGGCCCGAGCAGAGTG	YY1_-_100705185.23-P1P2__ENSG00000100811
GGCCGGGGACAGGTGTCCAG	CRNKL1_+_20033001.23-P1P2__ENSG00000101343
GGCCGGGGACCGGCTCCCGG	LURAP1_+_46669040.23-P1P2__ENSG00000171357
GGCCGGGGACGGTGTGAGAG	PSMD11_-_30771536.23-P1P2__ENSG00000108671
GGCCGGGGCCGGAGTATCTG	ZFC3H1_-_72057382.23-P1P2__ENSG00000133858
GGCCGGGGCGCGGGAGGTGA	ARPC1B_-_98972410.23-P1P2__ENSG00000130429
GGCCGGGGCGGAGGGTACGA	MED19_+_57479647.23-P1P2__ENSG00000156603
GGCCGGGTCGAGACAAAGGC	STXBP4_+_53046323.23-P1P2__ENSG00000166263
GGCCGGGTGAGCGCAGCCGG	SRA1_+_139936995.23-P1P2__ENSG00000213523
GGCCGGTGTCTAACAGGATC	TTI2_-_33370638.23-P1P2__ENSG00000129696
GGCCGTAAACCTGAATTCCG	ANKRD49_-_94226994.23-P1P2__ENSG00000168876
GGCCGTACCCGGCAGGCTGG	IWS1_-_128284000.23-P1P2__ENSG00000163166
GGCCGTACGCCCGAGAACTG	SMC1A_-_53449606.23-P1P2__ENSG00000072501
GGCCGTAGAGGGTGAGTCGG	EXOC3_-_443416.23-P1P2__ENSG00000180104
GGCCGTCACCCGGCAGACTC	SGPP1_+_64194764.23-P1P2__ENSG00000126821
GGCCGTCGGTGCACGCAGAT	non-targeting_02697
GGCCGTGAGAACACGCTGTG	ABCE1_-_146019502.23-P1P2__ENSG00000164163
GGCCGTGAGACAGCAAGTGT	PSMB1_+_170862351.23-P1P2__ENSG00000008018
GGCCGTGCCGGGCGCCATCA	NELFCD_-_57556367.23-P1P2__ENSG00000101158
GGCCGTGGGGCGGCATGGAG	PSMG4_-_3259264.23-P1P2__ENSG00000180822
GGCCGTGTTAGTCTGCCGGT	ANAPC4_-_25378954.23-P1P2__ENSG00000053900
GGCCGTTAGGAACATCCAAG	DMAP1_-_44679254.23-P1P2__ENSG00000178028
GGCCTACATGATGGCCAGTC	LPA_+_161084930.23-P1P2__ENSG00000198670
GGCCTAGGGAGAGGCTACAC	MED11_-_4635030.23-P1P2__ENSG00000161920
GGCCTCACCAGCGCCATGCT	COQ2_+_84205909.23-P1P2__ENSG00000173085
GGCCTCACCTGGCTGCCGGT	MRPL4_+_10362971.23-P1P2__ENSG00000105364
GGCCTCACGTAAAGAAGGGT	VPS25_+_40925531.23-P1P2__ENSG00000131475
GGCCTCCCGAGAGGCTCCAG	TIMM10_-_57298218.23-P1P2__ENSG00000134809
GGCCTCCCGGACGCTACCAG	BNIP1_+_172572005.23-P1P2__ENSG00000113734
GGCCTCCGCGCTCTCCGGTC	POP5_-_121019190.23-P1P2__ENSG00000167272
GGCCTCCGGAGCCATGGCGG	METTL17_-_21458170.23-P1P2__ENSG00000165792
GGCCTCCTCAAGCTACAGGG	NR2C2AP_-_19313951.23-P1P2__ENSG00000184162
GGCCTCGCGGATGGTGGCAG	ZNF787_-_56632608.23-P1P2__ENSG00000142409
GGCCTCGCTCGCTCCCGACC	COA5_+_99224923.23-P1P2__ENSG00000183513
GGCCTCGGACCGCGTAGCAA	MRPS30_+_44809088.23-P1P2__ENSG00000112996
GGCCTCGGCCGCCGCAATGC	MED8_+_43855428.23-P1P2__ENSG00000159479
GGCCTCGGGCCGCTCACCTG	FAM136A_-_70528740.23-P1P2__ENSG00000035141
GGCCTCTCAGGTACAACAGA	MZF1_-_59084690.23-P1P2__ENSG00000099326
GGCCTCTCTCAGTCCGGGTT	KCTD10_+_109915092.23-P1P2__ENSG00000110906
GGCCTCTGAGGAGGCGAATC	SNRPB_+_2451365.23-P1P2__ENSG00000125835
GGCCTCTGCCCCCTCACGCA	GNPNAT1_-_53258340.23-P1P2__ENSG00000100522
GGCCTGACCGACCTTCAGCA	ATP5C1_-_7830158.23-P1P2__ENSG00000165629
GGCCTGACTCGCAGTAGACG	UFL1_+_96969723.23-P1P2__ENSG00000014123
GGCCTGCCGCAGGGAGAAGA	PNN_-_39644486.23-P1P2__ENSG00000100941
GGCCTGCTCATCTCCCCGTA	ZRSR2_+_15808666.23-P1P2__ENSG00000169249
GGCCTGCTCCCGGAGAGATA	SMU1_+_33076608.23-P1P2__ENSG00000122692
GGCCTGGAGGACTAGCGAGG	SON_-_34915373.23-P1__ENSG00000159140
GGCCTGGCGTGAAACGGCCG	non-targeting_00218
GGCCTGGGCGGGCTCAGTGG	SLC16A5_-_73084264.23-P1P2__ENSG00000170190
GGCCTGGGCTCCAACAAGAG	LRRC37B_-_30334632.23-P1P2__ENSG00000185158
GGCCTGTGTGGCCTTCCCGG	GLE1_-_131267022.23-P1P2__ENSG00000119392
GGCCTTCCTGGGCTCCGGAA	FUNDC2_-_154255407.23-P1P2__ENSG00000165775
GGCCTTGACCCTCCGCACCA	COPS5_-_67974325.23-P1P2__ENSG00000121022
GGCCTTGGGCAGAGTAACCC	RPL35_-_127624006.23-P1P2__ENSG00000136942
GGCCTTGTGGTGACAACTGG	ANAPC5_+_121790181.23-P1P2__ENSG00000089053
GGCCTTTCGGAACATCCCCG	PAXBP1_-_34143986.23-P1P2__ENSG00000159086
GGCCTTTGCTGACTCGTCGG	SARS2_+_39421325.23-P1P2__ENSG00000104835
GGCGAAAAAGAAGCAGTCCT	DNAJC9_+_75007004.23-P1P2__ENSG00000213551
GGCGAAGCCTGTTAAAGCTT	RPS17_-_82824897.23-ENST00000330339.7__ENSG00000182774
GGCGAAGGCGAAGAAGGTCG	NOP14_+_2965021.23-P1P2__ENSG00000087269
GGCGAATTCGGCACAACCTG	non-targeting_03526
GGCGAATTCTTTCGGCCTGT	ZNF317_-_9251162.23-P1P2__ENSG00000130803
GGCGACACTCACCCATCGCT	RPS8_+_45241261.23-P1P2__ENSG00000142937
GGCGACCAGCCGGTGAGTGC	CLASRP_-_45542376.23-P1P2__ENSG00000104859
GGCGACGACCAAGGCTAGGA	PRPF6_+_62612569.23-P1P2__ENSG00000101161
GGCGACGACGAGAAGGGAGT	RBM10_+_47004643.23-P1P2__ENSG00000182872
GGCGACGCGGGGCCATGTGC	NAA25_+_112546552.23-P1P2__ENSG00000111300
GGCGACGGTGAGGTCGACGC	HSPA5_+_128003614.23-P1P2__ENSG00000044574
GGCGACTGCGGCCGAAACCT	SART3_+_108954905.23-P1P2__ENSG00000075856
GGCGAGAAGAACCAGAAGGT	NUP43_-_150067430.23-P1P2__ENSG00000120253
GGCGAGAAGGCAGGCACGAG	DBF4_-_87505724.23-P1P2__ENSG00000006634
GGCGAGACCGTGAGCCAAGT	non-targeting_00672
GGCGAGCAGAGAGCGTCGGG	FNBP4_-_47788874.23-P1P2__ENSG00000109920
GGCGAGCCGGAGTCGGATGG	RQCD1_-_219433580.23-P1P2__ENSG00000144580
GGCGAGCGGGGCCGCTTCCA	GFER_-_2034253.23-P1P2__ENSG00000127554
GGCGAGGAGGATCGACAGAG	GTF2H4_-_30876180.23-P1P2__ENSG00000213780
GGCGAGGAGTTGCAGAGTGG	DDX10_-_108536148.23-P1P2__ENSG00000178105
GGCGAGGCAGAGGCCGGTAG	TWSG1_+_9335226.23-P1P2__ENSG00000128791
GGCGAGGCGACAAGAGAAGA	CDC73_-_193091272.23-P1P2__ENSG00000134371
GGCGAGGCGGCCGAGCTGGT	UBA52_-_18682701.23-P1__ENSG00000221983
GGCGAGGCGGGAATTCACCA	non-targeting_00354
GGCGAGGCTAGGTGAGCCGT	TPX2_-_30327161.23-P1P2__ENSG00000088325
GGCGAGTAGAGAGGCCATGG	SURF6_-_136202973.23-P1P2__ENSG00000148296
GGCGAGTCGCCGGTGCGTAT	RPL35A_-_197677180.23-P1P2__ENSG00000182899
GGCGAGTGAGCAGTGTGGAT	DHODH_-_72042714.23-P1__ENSG00000102967
GGCGATACTCGGGAACTCCT	TIPIN_-_66649057.23-P1P2__ENSG00000075131
GGCGATGGCAGTGCGGGTGA	E4F1_-_2273644.23-P1P2__ENSG00000167967
GGCGATGGCCTGGATCTCGG	TOMM40_-_45394995.23-P1P2__ENSG00000130204
GGCGATGTGTGGCGACTGTG	FNTB_-_65381231.23-P1P2__ENSG00000257365
GGCGATGTTCCCAACATAGG	non-targeting_03559
GGCGCAACGAGGGCGAACAA	RBMX_-_135962895.23-P1P2__ENSG00000147274
GGCGCAAGCCGGCAAGATGG	ISCU_-_108956404.23-P1P2__ENSG00000136003
GGCGCAAGGCCTGCGACAGG	AURKB_-_8113837.23-P1P2__ENSG00000178999
GGCGCAAGGCGTGGAGTCGA	CIAPIN1_+_57481287.23-P1P2__ENSG00000005194
GGCGCACAGTCGGGAGTGTC	ASUN_-_27090837.23-P1P2__ENSG00000064102
GGCGCACCCGGGGAGCAAGG	PSMD1_-_231921650.23-P1P2__ENSG00000173692
GGCGCACGCGAGTCCTGGGG	MMP17_-_132313404.23-P1P2__ENSG00000198598
GGCGCACGCGCATCTGGGAT	FAM133B_-_92219443.23-P1P2__ENSG00000234545
GGCGCAGAACTGGCAACGGG	METTL23_+_74722937.23-P1P2__ENSG00000181038
GGCGCAGACGTCCCCATCAG	CCDC78_-_776828.23-P1P2__ENSG00000162004
GGCGCAGAGCGTTCTCGGCG	HS6ST1_+_129076424.23-P1P2__ENSG00000136720
GGCGCAGCCAGGAGCCCAAC	CLP1_+_57425308.23-P1P2__ENSG00000172409
GGCGCAGCGCCTAGGCGACC	CENPK_+_64858943.23-P1P2__ENSG00000123219
GGCGCAGCGTTAGATGGCGG	DCAF6_+_167906008.23-P1P2__ENSG00000143164
GGCGCAGGCGCAGCTCAGTC	EXOSC2_+_133569139.23-P1P2__ENSG00000130713
GGCGCAGGTCCCAGCACCGG	RPS19BP1_-_39928369.23-P1P2__ENSG00000187051
GGCGCCAGCGCCCCTCTGAG	ESYT2_-_158622205.23-P1P2__ENSG00000117868
GGCGCCAGGCGCCCCTAAGA	ARGLU1_-_107220477.23-P1P2__ENSG00000134884
GGCGCCCAGCGGAGCTAATC	DHDDS_-_26758867.23-P1P2__ENSG00000117682
GGCGCCCCGCGGGACCCGGA	ATP11B_-_182511533.23-P1P2__ENSG00000058063
GGCGCCCGAAGGTCCGACTG	C7orf26_+_6629704.23-P1P2__ENSG00000146576
GGCGCCCGAGGGGCCGAGCG	STAT5B_+_40428264.23-P1P2__ENSG00000173757
GGCGCCCGCGGTTCAGGTGA	NFRKB_+_129765383.23-P1P2__ENSG00000170322
GGCGCCCGGGAGCCACGCGT	RPL21_+_27825728.23-P1P2__ENSG00000122026
GGCGCCCGTCCGACTGAGGC	RAN_+_131356632.23-P1P2__ENSG00000132341
GGCGCCCTTGTCAGTGGAGG	URM1_-_131133686.23-P1P2__ENSG00000167118
GGCGCCGATCCCGACTGTAG	POLR3B_-_106751729.23-P1P2__ENSG00000013503
GGCGCCGCCATGCCTACCCG	INTS4_-_77705700.23-P1P2__ENSG00000149262
GGCGCCGCCATGTTAGAGTC	ZBTB17_-_16302582.23-P1P2__ENSG00000116809
GGCGCCGCCCTGGTACAGAC	RPS5_+_58898640.23-P1P2__ENSG00000083845
GGCGCCGCGCGACCAGGAGG	LIN54_+_83933961.23-P1__ENSG00000189308
GGCGCCGCGTCCCCATCCCG	ATP11B_+_182511382.23-P1P2__ENSG00000058063
GGCGCCGGACCGGAAAGCCG	TMEM214_-_27255853.23-P1P2__ENSG00000119777
GGCGCCGGCCCCATCACTCA	NOL6_-_33473848.23-P1P2__ENSG00000165271
GGCGCCTCTTACCAATCGGG	ARID3A_-_926025.23-P1P2__ENSG00000116017
GGCGCCTGCCTCTTTCTGAG	SNAPC2_-_7985249.23-P1P2__ENSG00000104976
GGCGCCTGGCAGGCTTTTAC	non-targeting_02659
GGCGCGAGGGCCTGAAGCGG	SIRT7_+_79875714.23-P1P2__ENSG00000187531
GGCGCGCAACAGCCATGGTG	RPS20_+_56986933.23-P1P2__ENSG00000008988
GGCGCGCACGCAAAGCCCGG	TADA2A_-_35766991.23-P1P2__ENSG00000276234
GGCGCGCCAGGGGTTCAGTG	TBP_-_170863462.23-P1P2__ENSG00000112592
GGCGCGCCGGCGGCCATCAA	TACC3_-_1723252.23-P1__ENSG00000013810
GGCGCGCCGGCGGCTCACGG	AFG3L2_-_12377212.23-P1P2__ENSG00000141385
GGCGCGCGAGAGCCACCGGG	DNAAF3_+_55672059.23-P2__ENSG00000167646
GGCGCGCGAGAGGGACCGGG	LMO2_+_33891281.23-P1P2__ENSG00000135363
GGCGCGCGGCCGTAAGACCG	KANSL3_+_97304019.23-P1P2__ENSG00000114982
GGCGCGCGGGCGCGACTCGG	ZNF84_-_133614119.23-P1P2__ENSG00000198040
GGCGCGCGGTTACCGTGGAA	MCM4_+_48873564.23-P1P2__ENSG00000104738
GGCGCGCTGGTACCCGGGAG	PITRM1_+_3214859.23-P1P2__ENSG00000107959
GGCGCGGACCGGGAGCTACC	TSFM_-_58176641.23-P1P2__ENSG00000123297
GGCGCGGACTCAGCTCGACA	WDR5_+_137001236.23-P1P2__ENSG00000196363
GGCGCGGAGAGTTTCCCGGG	WNK1_-_861784.23-P1P2__ENSG00000060237
GGCGCGGCCTGACGGGACCA	DKC1_-_153991174.23-P1P2__ENSG00000130826
GGCGCGGCGCGGTAACAAGT	WDR1_+_10118295.23-P1P2__ENSG00000071127
GGCGCGGCGGCTGTACAACT	C9orf78_+_132597511.23-P1P2__ENSG00000136819
GGCGCGGCTGCCTCACATGG	EIF2S2_-_32699803.23-P1P2__ENSG00000125977
GGCGCGGGAGCCGGACTGAG	PGAM1_-_99185976.23-P1P2__ENSG00000171314
GGCGCGGGCAGCGTGAAGCG	KDM1A_-_23346012.23-P1P2__ENSG00000004487
GGCGCGGGCAGGACTCGTCC	NCAPG_-_17812684.23-P1P2__ENSG00000109805
GGCGCGGGCCCGGGAGTCCA	GFOD2_-_67753186.23-P1P2__ENSG00000141098
GGCGCGGGCGGCTGTTACTG	RPRD1B_-_36662193.23-P1P2__ENSG00000101413
GGCGCGGGCTCGGGCAGCTG	GAB2_-_78128828.23-P1P2__ENSG00000033327
GGCGCGGTCGTAGCTCATGC	PSMA7_-_60718363.23-P1P2__ENSG00000101182
GGCGCGGTGCCCCAGAGACC	C7orf49_+_134854993.23-P1P2__ENSG00000122783
GGCGCGGTTGAGGCCTTCGG	TMED10_+_75643301.23-P1P2__ENSG00000170348
GGCGCGGTTGGCGCGAAAGT	TOPBP1_+_133380779.23-P1P2__ENSG00000163781
GGCGCGTCAGTACAGACCGT	FAU_-_64889639.23-P1P2__ENSG00000149806
GGCGCGTGCGAGCCCCGAGG	JAZF1_+_28219944.23-P1P2__ENSG00000153814
GGCGCGTGCGCCCTCTTACT	IARS2_-_220267478.23-P1P2__ENSG00000067704
GGCGCGTGCGCGGGACACGG	ZNF84_-_133614065.23-P1P2__ENSG00000198040
GGCGCTAGCGGCGGCTGGAA	DPH6_-_35838270.23-P1P2__ENSG00000134146
GGCGCTAGCTGCCCGTCCCG	PXN_-_120703482.23-P1P2__ENSG00000089159
GGCGCTAGGCGGCCGAGAGG	ZNF292_-_87865559.23-P1P2__ENSG00000188994
GGCGCTCACGCAAGCATGGT	RPL36A_-_100646038.23-P1P2__ENSG00000241343
GGCGCTCCGGGATCCATACC	RARS2_-_88299642.23-P1P2__ENSG00000146282
GGCGCTCGGAGCGGTAGATT	CSTF1_-_54967707.23-P1P2__ENSG00000101138
GGCGCTCGGGACGTACAGGA	PPP1R8_+_28157750.23-P1P2__ENSG00000117751
GGCGCTCGGGCGGCACGGGT	FKBP9_+_32997128.23-P1P2__ENSG00000122642
GGCGCTCGGGCTCCTGGTCC	TUFM_+_28857614.23-P1P2__ENSG00000178952
GGCGCTGAGAGGCGAAGAGC	GTF2F2_+_45694677.23-P1P2__ENSG00000188342
GGCGCTGCAGCGAGAGACCG	DPH2_-_44435901.23-P1P2__ENSG00000132768
GGCGCTGCCGGGAGGATTGA	TTC4_-_55181504.23-P1P2__ENSG00000243725
GGCGCTGCGACATTCCCCCT	non-targeting_02766
GGCGCTGGCCGCAGTCTGAC	PPP2R1A_-_52693331.23-P1__ENSG00000105568
GGCGCTGGTGGTCGATCGTG	CHERP_+_16653219.23-P1P2__ENSG00000085872
GGCGCTTACCTGAGGGATCC	ADAT3_+_1905424.23-P1__ENSG00000213638
GGCGCTTCAAGGAGTTCCTG	MCM5_-_35796550.23-P1P2__ENSG00000100297
GGCGGAACAGCCCAAATCTG	NKAP_-_119077682.23-P1P2__ENSG00000101882
GGCGGAACCCGCGGGAGGTG	XRCC3_+_104181754.23-P1P2__ENSG00000126215
GGCGGAACCGAGAGGCCAGG	NCBP1_+_100396123.23-P1P2__ENSG00000136937
GGCGGAACCGAGTGCCTGTC	CWC15_+_94706513.23-P1P2__ENSG00000150316
GGCGGAAGAAGGAGACCGGA	CUL2_+_35379513.23-P1P2__ENSG00000108094
GGCGGAAGCCCTTTACACTA	PRPF38A_-_52870281.23-P1P2__ENSG00000134748
GGCGGAAGGCCAGGAAGAAA	GPN1_-_27852111.23-P1P2__ENSG00000198522
GGCGGAAGGTAACCGAACTG	SMG8_-_57287799.23-P1P2__ENSG00000167447
GGCGGACAGTGCGGAACTAA	PIAS1_-_68346688.23-P1P2__ENSG00000033800
GGCGGACCGAGGCGAGATGG	FNTA_-_42911495.23-P1P2__ENSG00000168522
GGCGGACGACTAGAGTCGTT	NUDC_-_27248261.23-P1P2__ENSG00000090273
GGCGGACGAGCGGAGTCCAG	GTF3C6_-_111280005.23-P1P2__ENSG00000155115
GGCGGACGGCCAGGAAGGAT	ITGB1BP1_+_9563405.23-P1P2__ENSG00000119185
GGCGGACTTCTGCCAAGCAC	CENPA_-_27008942.23-P2__ENSG00000115163
GGCGGAGAGACCTGCACCGG	ATP5I_-_668029.23-P1P2__ENSG00000169020
GGCGGAGCCATATTCGTTAT	non-targeting_02046
GGCGGAGCCCAGAGCCGGTT	ARPC1B_-_98972364.23-P1P2__ENSG00000130429
GGCGGAGCCCGGTGACAGGA	VPS29_+_110939852.23-P1P2__ENSG00000111237
GGCGGAGCTGGAGTCCGGCT	RAB4A_-_229406931.23-P1P2__ENSG00000168118
GGCGGAGGATGTTTCCTCAG	TERF1_-_73921145.23-P1P2__ENSG00000147601
GGCGGAGGGAATGCCCCGGA	VHL_-_10183543.23-P1P2__ENSG00000134086
GGCGGAGGTGAAAGTATTGG	DLD_-_107531673.23-P1P2__ENSG00000091140
GGCGGAGTCGGGGCTCCTGA	SHOC2_-_112679415.23-P1P2__ENSG00000108061
GGCGGAGTTAACCGAAGAGG	CNOT1_+_58663696.23-P1P2__ENSG00000125107
GGCGGATCCGAGGACAGAGG	WDR26_+_224622428.23-P1P2__ENSG00000162923
GGCGGATCTCATGGTCATAG	MSL1_+_38278860.23-P1P2__ENSG00000188895
GGCGGATGCGGCGGGCCAAC	HIST2H3D_-_149784861.23-ENST00000331491.1__ENSG00000183598
GGCGGCACCTAACCCAGTTC	UQCRH_+_46769378.23-P1P2__ENSG00000173660
GGCGGCACTCAGACTTAACG	KIAA0391_+_35591777.23-P1P2__ENSG00000100890
GGCGGCAGAGATCGGCTATG	PRODH_+_18905874.23-P2__ENSG00000100033
GGCGGCAGCAGCAACTACGG	ESYT1_-_56512092.23-P2__ENSG00000139641
GGCGGCAGCGCGGTCAGTGG	SNRNP40_+_31769621.23-P1P2__ENSG00000060688
GGCGGCAGGAGCGGCTGCGT	SYS1_+_43991799.23-P1P2__ENSG00000204070
GGCGGCAGGTGAGAGTGGTG	CIAPIN1_+_57481238.23-P1P2__ENSG00000005194
GGCGGCAGTGGCGGTCCCAC	RTF1_-_41709376.23-P1P2__ENSG00000137815
GGCGGCCACGTTCTTCGGAG	PSMG1_+_40555286.23-P1P2__ENSG00000183527
GGCGGCCCCTCCTCCCAGAG	COPS3_+_17184553.23-P1P2__ENSG00000141030
GGCGGCCCGGCCCTCCAACT	NELFB_+_140150090.23-P1P2__ENSG00000188986
GGCGGCCCGGCGGTAGGCGG	MED14_+_40594762.23-P1P2__ENSG00000180182
GGCGGCCCTCGCAGGGAGTG	RHOQ_-_46769671.23-P1P2__ENSG00000119729
GGCGGCCCTGGCAAGAACGA	PSMG2_+_12703052.23-P1P2__ENSG00000128789
GGCGGCCGAAAGAGGAAACA	RPL8_-_146017783.23-P1P2__ENSG00000161016
GGCGGCCGAGGATGTCGCCA	MRPS2_+_138392554.23-P1P2__ENSG00000122140
GGCGGCCGCGAGCCGAGCTG	RAC3_+_79989590.23-P1P2__ENSG00000169750
GGCGGCCGCGGCGGTGAACG	PSMD8_-_38865454.23-P1P2__ENSG00000099341
GGCGGCCGCTAGGAGACTCA	DHX30_-_47866553.23-P1__ENSG00000132153
GGCGGCCGGCGTCACCGCTG	PARN_+_14724082.23-P1P2__ENSG00000140694
GGCGGCCGGGCAGCATGGCG	EXOSC4_-_145133639.23-P1P2__ENSG00000178896
GGCGGCGACATGGTGAGTGT	RPL37A_-_217363610.23-P1P2__ENSG00000197756
GGCGGCGAGGGACTAGGACG	LIMS1_-_109150960.23-P1P2__ENSG00000169756
GGCGGCGCGCGCCCGCTTAC	TRNT1_+_3168671.23-P1P2__ENSG00000072756
GGCGGCGCGCGGACCCCGAG	PTMA_+_232573482.23-P1P2__ENSG00000187514
GGCGGCGCTCACCCCCAACA	LTV1_+_144164581.23-P1P2__ENSG00000135521
GGCGGCGCTTGACCTGCGAG	CCDC115_+_131099673.23-P1P2__ENSG00000136710
GGCGGCGGCCGCAAATCCCG	SSU72_-_1509959.23-P1P2__ENSG00000160075
GGCGGCGGCGACGGTGACCC	YARS_+_33282894.23-P1P2__ENSG00000134684
GGCGGCGGCGAGAGAAAGAG	CCDC6_-_61666340.23-P1P2__ENSG00000108091
GGCGGCGGCGCAAGCTGAGG	THOC7_-_63849512.23-P1P2__ENSG00000163634
GGCGGCGGCGGCTCTGACGT	ETF1_-_137878861.23-P1P2__ENSG00000120705
GGCGGCGGCTACTCACCGAG	LPIN1_+_11886790.23-P1P2__ENSG00000134324
GGCGGCGGTGGGAAGTCGGG	CCDC6_+_61666039.23-P1P2__ENSG00000108091
GGCGGCGTCCGTGGTCTGTC	UQCRC1_+_48647028.23-P1__ENSG00000010256
GGCGGCTCAGTGCGTGAGGT	GRPEL1_+_7069734.23-P1P2__ENSG00000109519
GGCGGCTCGTGAGGTGATGG	PI4KA_+_21213006.23-P1P2__ENSG00000241973
GGCGGCTGCAGAAGACAGCG	RSL1D1_-_11945349.23-P1__ENSG00000171490
GGCGGCTGCAGAGCGATCAT	YY1_+_100705824.23-P1P2__ENSG00000100811
GGCGGCTGCGAGGCAAGGAC	LYRM4_+_5260749.23-P1P2__ENSG00000214113
GGCGGCTGCTGTTGGTGAGT	RPL30_+_99057726.23-P1P2__ENSG00000156482
GGCGGCTGGCGGGAAACCCA	RPA3_-_7680087.23-P1P2__ENSG00000106399
GGCGGCTGTAACTGTGAGGA	DOLK_+_131709816.23-P1P2__ENSG00000175283
GGCGGCTTCTCAGGCGGTGG	POLR1C_-_43484871.23-P1__ENSG00000171453
GGCGGGAACGTGAAGCTCCG	HSPA14_-_14880317.23-P1P2__ENSG00000284024
GGCGGGAAGAGGATGGATCA	ARID5B_+_63661162.23-ENST00000279873.7__ENSG00000150347
GGCGGGAAGTCTCTGTAGGG	DONSON_+_34960973.23-P1P2__ENSG00000159147
GGCGGGACATACTAACCGGC	GTF2B_-_89357171.23-P1P2__ENSG00000137947
GGCGGGACCCGAGGACGGAG	EIF6_+_33872401.23-P1P2__ENSG00000242372
GGCGGGACGCACGGCACGAT	GEMIN4_-_655466.23-P1P2__ENSG00000179409
GGCGGGACTTCAGGCGGCGG	DNAJC8_+_28559468.23-P1P2__ENSG00000126698
GGCGGGAGCCTTAATCGGGT	DHX8_-_41561447.23-P1P2__ENSG00000067596
GGCGGGAGGCGGCGCATGGT	KDELC2_-_108369098.23-P1P2__ENSG00000178202
GGCGGGCAAGAGGGGAGTCC	RTF1_-_41709401.23-P1P2__ENSG00000137815
GGCGGGCAGATGAGGCCTAG	RGP1_-_35749376.23-P1P2__ENSG00000107185
GGCGGGCAGCGGAGGAGGTA	DDX6_+_118661800.23-P1P2__ENSG00000110367
GGCGGGCAGGCGGCTGACAT	NDUFAB1_-_23607588.23-P1P2__ENSG00000004779
GGCGGGCAGTAGCCGCTGAG	NUDT21_+_56485197.23-P1P2__ENSG00000167005
GGCGGGCCAGGAACACAGAA	TOMM20_-_235292152.23-P1P2__ENSG00000173726
GGCGGGCCCAAGCCTGAAAA	LURAP1_+_46669076.23-P1P2__ENSG00000171357
GGCGGGCGATTTGTAGGTAA	MIS18A_+_33651321.23-P1P2__ENSG00000159055
GGCGGGCGCCACACTTGAAG	HAUS5_-_36103661.23-P1P2__ENSG00000249115
GGCGGGCGCGCGCACCATGG	ARRB2_-_4614022.23-P1P2__ENSG00000141480
GGCGGGCGCGGAGCGAATCC	DDX42_+_61851679.23-P1P2__ENSG00000198231
GGCGGGCGCTGTGCGCACAG	NUP153_+_17707041.23-P1P2__ENSG00000124789
GGCGGGCGGAGAGGACGCGA	RPLP2_+_810206.23-P1P2__ENSG00000177600
GGCGGGCTACCTCAGTTCTC	SMC1A_+_53449593.23-P1P2__ENSG00000072501
GGCGGGCTTCGGAGGCGTGC	SNAPC1_-_62229166.23-P1P2__ENSG00000023608
GGCGGGGACGGAGAGGATGT	DPPA2_-_109035169.23-P1P2__ENSG00000163530
GGCGGGGATCTGAGAAGCGA	GNL3L_+_54556706.23-P1P2__ENSG00000130119
GGCGGGTGAACTAAGAGCGG	TM7SF2_-_64879615.23-P1P2__ENSG00000149809
GGCGGGTGAAGCGCGCAGGT	CENPP_-_95088235.23-P1P2__ENSG00000188312
GGCGGGTGTGAGAGTCCGTA	VMP1_-_57785061.23-P1P2__ENSG00000062716
GGCGGGTGTTGAGAGCGGTG	SMC2_-_106856631.23-P1P2__ENSG00000136824
GGCGGTAGCGATGGACACTC	RPF2_-_111303321.23-P1P2__ENSG00000197498
GGCGGTAGCGTGAAACTTGG	RBM19_+_114404081.23-P1P2__ENSG00000122965
GGCGGTCGCGACATCCTCAC	RFFL_-_33416281.23-P1P2__ENSG00000092871
GGCGGTGAGTGGGGAGCTCG	PFDN4_-_52824681.23-P1P2__ENSG00000101132
GGCGGTGCGCGCAACTTCTC	RPA1_-_1733303.23-P1P2__ENSG00000132383
GGCGGTGGGTGTCTGCACTT	RPS27A_-_55459862.23-P1P2__ENSG00000143947
GGCGTAGTGACCATCATGTG	SNRPD2_+_46195138.23-P1P2__ENSG00000125743
GGCGTATCATCTGCGTTTCT	METTL16_+_2415138.23-P1P2__ENSG00000127804
GGCGTCCCAGGCGAACCAAA	non-targeting_02961
GGCGTCCCAGGCGGTTGCAA	CXXC1_-_47814050.23-P1P2__ENSG00000154832
GGCGTCCCTGGCGCCTTCCA	RPSA_-_39448290.23-P1P2__ENSG00000168028
GGCGTCCGGAAGAAGCCAGT	DYNC1I2_+_172544609.23-P1P2__ENSG00000077380
GGCGTCGCCGCCATGGACCT	GEMIN4_+_655371.23-P1P2__ENSG00000179409
GGCGTCGGAGGCGGTAGTGA	SHFM1_+_96339150.23-P1P2__ENSG00000127922
GGCGTCGGCAGCAGTGTCGA	U2AF1_+_44527626.23-P1P2__ENSG00000160201
GGCGTCGGCGGAGGCGATGG	NOL7_-_13615647.23-P1P2__ENSG00000225921
GGCGTCGGGCCGCACGATGA	PSMD3_+_38137095.23-P1P2__ENSG00000108344
GGCGTGAGCAGGGTATGACA	HIST1H2BJ_-_27100591.23-P1P2__ENSG00000124635
GGCGTGAGCTCTCGGAGTAG	STARD7_-_96874031.23-P1P2__ENSG00000084090
GGCGTGAGGCGGGCCTGAAG	PPP2CB_+_30670275.23-P1P2__ENSG00000104695
GGCGTGAGGCTACGAGCGGT	GEMIN5_+_154317730.23-P1P2__ENSG00000082516
GGCGTGCCCATGTGTCAGGT	CTU2_-_88772951.23-P1P2__ENSG00000174177
GGCGTGCGCGAGGACCCCGA	LRR1_-_50065670.23-P1P2__ENSG00000165501
GGCGTGCTGCCCTGGCTCAG	CCT8_+_30445740.23-P1P2__ENSG00000156261
GGCGTGGAGAGTTCCGAAGG	CEBPZ_+_37458499.23-P1P2__ENSG00000115816
GGCGTGGGGACTGTGTCGAG	KIF14_+_200589810.23-P1P2__ENSG00000118193
GGCGTGGTGCAGACCCACAA	RNF123_-_49727542.23-P1P2__ENSG00000164068
GGCGTTCACATACCCGGGGA	OTX1_-_63277951.23-P1P2__ENSG00000115507
GGCGTTGCCGGCCCCTGAAG	ADAM10_+_59041886.23-P1P2__ENSG00000137845
GGCGTTGGAGGTCGGCGATA	PHAX_-_125936678.23-P1__ENSG00000164902
GGCGTTGGCTTAAGCTGTAG	non-targeting_00216
GGCTAACCCTCGGGCTTGAG	OLFML3_-_114522086.23-P1P2__ENSG00000116774
GGCTAAGGCAGCTGCAGTAC	NPM3_-_103543139.23-P1P2__ENSG00000107833
GGCTACACGTAGGGCCACCT	SNAPC3_+_15422891.23-P1P2__ENSG00000164975
GGCTACCACCTCTGCTTCAG	POLE_-_133263932.23-P1P2__ENSG00000177084
GGCTACGATGGCAGCGTCAG	AARS2_+_44281044.23-P1P2__ENSG00000124608
GGCTACGTCCTCGATGTCTA	ORC3_-_88299910.23-P1P2__ENSG00000135336
GGCTACTGCCCGCCATTAAC	NUDT21_-_56485228.23-P1P2__ENSG00000167005
GGCTACTGCGGGCCCCTCGG	PRDM8_+_81105153.23-P2__ENSG00000152784
GGCTACTTCGATGGCAGTGG	USP5_-_6965971.23-P2__ENSG00000111667
GGCTAGCACGCCAGCCTCTT	SLC1A5_+_47288025.23-P2__ENSG00000105281
GGCTAGCCAGCCACACCATA	SSBP1_+_141438412.23-P1P2__ENSG00000106028
GGCTAGCCCACCGCAGACTG	DYNC1H1_+_102430905.23-P1P2__ENSG00000197102
GGCTAGCCCAGCCGCCTCCT	PRKRIP1_-_102036882.23-P1__ENSG00000128563
GGCTAGGAAGAGGCCGCGTG	MRPL14_+_44095138.23-P1P2__ENSG00000180992
GGCTAGGCTGACCCTCCTGC	RNF40_-_30773681.23-P1P2__ENSG00000103549
GGCTAGGTACTGAGCGCGCG	MRPS21_-_150266318.23-P1P2__ENSG00000266472
GGCTAGTCACGCTCGGTACC	MRPS23_+_55927379.23-P1P2__ENSG00000181610
GGCTATACCACGTTCAGTCA	non-targeting_00262
GGCTCACTTCCGTCCGTGGG	ABHD17A_+_1885470.23-P1P2__ENSG00000129968
GGCTCAGAGGTGCACCACGT	WDR77_+_111991860.23-P1P2__ENSG00000116455
GGCTCAGGGCGTCCACATTG	SPDL1_+_169010824.23-P1P2__ENSG00000040275
GGCTCAGTGGATAAAGAGCG	SKIV2L2_+_54603620.23-P1P2__ENSG00000039123
GGCTCCAAGTAGACCAGCGG	SSBP3_+_54872054.23-P1P2__ENSG00000157216
GGCTCCAGCGGCTCCACATC	ASNA1_+_12848373.23-P1P2__ENSG00000198356
GGCTCCAGGAAGTCGTGCTG	TRAIP_+_49893983.23-P1P2__ENSG00000183763
GGCTCCAGGCTCGACACGGG	ZC3H18_+_88636857.23-P1P2__ENSG00000158545
GGCTCCAGTGTACCTGGCAG	HIST1H2AE_-_26217364.23-P1P2__ENSG00000277075
GGCTCCCACAGCTAACATGG	MRPS9_-_105654556.23-P1P2__ENSG00000135972
GGCTCCCAGCGAAAGCAGCA	MIPEP_+_24463500.23-P1P2__ENSG00000027001
GGCTCCCCGGGAAGCGAAAG	PSMA1_-_14541640.23-P1P2__ENSG00000129084
GGCTCCCGCGATCGGGGACA	non-targeting_01224
GGCTCCCGGCCCCCGACCCA	ARID3A_+_926082.23-P1P2__ENSG00000116017
GGCTCCCGGGCTGCGAGGTC	SEH1L_-_12948044.23-P1P2__ENSG00000085415
GGCTCCGCGATCGGCTCTGT	FDPS_+_155278669.23-P1P2__ENSG00000160752
GGCTCCGCGGCGGCGAGGAG	KDELC2_-_108369140.23-P1P2__ENSG00000178202
GGCTCCGGCGATGGCACCCA	PGAM5_+_133287908.23-P1P2__ENSG00000247077
GGCTCCTGCCGGGTCCCCTC	URB1_+_33765254.23-P1P2__ENSG00000142207
GGCTCCTGCGACCCCCGAGT	HSPD1_+_198364452.23-P1P2__ENSG00000144381
GGCTCGAACGTGCTTGATGG	POLD2_-_44162910.23-P1P2__ENSG00000106628
GGCTCGACTCCGCTCCGCGG	CCNC_-_100016531.23-P1P2__ENSG00000112237
GGCTCGAGCACCGTAATCCC	NOL10_-_10830055.23-P1P2__ENSG00000115761
GGCTCGCCCGGTGCCCACCT	PSMC3_-_47447759.23-P1P2__ENSG00000165916
GGCTCGCGAGATCTTCTCTG	NMD3_-_160939105.23-P1P2__ENSG00000169251
GGCTCGCGCCCGGATCCCTC	ADAT3_-_1905438.23-P1__ENSG00000213638
GGCTCGCGGCCCCGGCCATG	FAM102B_-_109102969.23-P1P2__ENSG00000162636
GGCTCGGCGCACGGATATGG	SRSF1_-_56084638.23-P1P2__ENSG00000136450
GGCTCGGCGTCCCAACACGG	MED7_-_156569591.23-P1P2__ENSG00000155868
GGCTCGGGTAACCGGAGTGC	MED18_-_28655606.23-P1P2__ENSG00000130772
GGCTCTCCTGACGCGCCGGG	NBPF15_-_148556006.23-P1P2__ENSG00000266338
GGCTCTGAGCGCCGGCTGTG	DHX8_-_41561378.23-P1P2__ENSG00000067596
GGCTCTGGACTTAGACCCAA	TSEN54_-_73511850.23-P1P2__ENSG00000182173
GGCTCTGGCAGGCTCCGGGT	HDAC7_+_48213344.23-P1P2__ENSG00000061273
GGCTCTGGCGTCCTGGATGG	COX11_+_53045977.23-P1P2__ENSG00000166260
GGCTCTGGGTGGCCAGCTGT	GLRX5_-_96001390.23-P1P2__ENSG00000182512
GGCTCTTCTGTGTCCAGCGG	CCDC144NL_+_20771514.23-P1__ENSG00000205212
GGCTGAAGCGAGGGATCCAC	SUGP1_-_19431183.23-P1P2__ENSG00000105705
GGCTGACAGACGCAAGATGG	PIAS1_-_68346670.23-P1P2__ENSG00000033800
GGCTGACTCTGGGAGGCGTT	AAMP_+_219134841.23-P1P2__ENSG00000127837
GGCTGAGGCCGTTAACGCCT	YPEL1_-_22090026.23-P1P2__ENSG00000100027
GGCTGAGGCGAGAGGTTGGT	ACTR8_+_53916142.23-P1P2__ENSG00000113812
GGCTGAGGCGGGTGGCATGG	VEZT_-_95611619.23-P1P2__ENSG00000028203
GGCTGAGGGTAGCCACCGGG	CLPB_+_72145356.23-P1P2__ENSG00000162129
GGCTGAGGTTGAACAGGCTG	ZNF207_+_30687693.23-P2__ENSG00000010244
GGCTGAGTAAGGGGCCCTCT	non-targeting_03039
GGCTGCAGAAGTACCGCCTG	ATP5A1_+_43678210.23-P1__ENSG00000152234
GGCTGCAGAGCCCGACTTAG	MMS22L_+_97730632.23-P1P2__ENSG00000146263
GGCTGCAGAGTGAGTATGGG	RPL31_-_101618790.23-P1P2__ENSG00000071082
GGCTGCAGCTGCGATCTCTG	THRAP3_-_36690096.23-P1P2__ENSG00000054118
GGCTGCAGGAAGCTCGATAG	ZZZ3_-_78149063.23-P1P2__ENSG00000036549
GGCTGCAGGAGGCACCGGAT	ACTR1B_-_98280407.23-P1P2__ENSG00000115073
GGCTGCAGGGATGGCGATCA	GJA3_+_20735159.23-P1P2__ENSG00000121743
GGCTGCAGTTGGAACGATGG	VPS51_-_64863728.23-P1P2__ENSG00000149823
GGCTGCCAGGAGAAGCAGTT	TP53I13_+_27895798.23-P1P2__ENSG00000167543
GGCTGCCGCAGATGATGGAA	NMT1_-_43138762.23-P1P2__ENSG00000136448
GGCTGCCTGTGGGCAAGGAG	PPP1CA_+_67168772.23-P1__ENSG00000172531
GGCTGCGAAGGGCCAGGTGT	RPL36AL_+_50087292.23-P1P2__ENSG00000165502
GGCTGCGCAGACCGACTCGG	COG2_+_230778278.23-P1P2__ENSG00000135775
GGCTGCGCCCTTGTCAGTGG	URM1_-_131133683.23-P1P2__ENSG00000167118
GGCTGCGCCGGACGGCTCCC	MRPS6_+_35445887.23-P1P2__ENSG00000243927
GGCTGCGCGCGGTCCGCCAG	RAD51_+_40987382.23-P1P2__ENSG00000051180
GGCTGCGGAGCGGGAGACAG	C5orf30_+_102594537.23-P1P2__ENSG00000181751
GGCTGCGGCGGAACGGCTGT	CCNB1_-_68463002.23-P1P2__ENSG00000134057
GGCTGCGGGACCCGTTCTCA	YKT6_+_44240680.23-P1P2__ENSG00000106636
GGCTGCGTCCCGCATCATAG	non-targeting_01030
GGCTGCGTCGGTCCAATCCC	COPB2_-_139108414.23-P1P2__ENSG00000184432
GGCTGCTCAGGGGAAAGAAC	RRM1_+_4116116.23-P1P2__ENSG00000167325
GGCTGCTCGCCCCACTAATG	MALSU1_-_23339018.23-P1P2__ENSG00000156928
GGCTGCTGCCGGCGGCGACC	ANAPC15_-_71823727.23-P1P2__ENSG00000110200
GGCTGCTGCGGGTCCGTGAT	RRM2_+_10262952.23-P1P2__ENSG00000171848
GGCTGCTTGGTTGGTCAGTG	EIF5A_-_7210932.23-P1P2__ENSG00000132507
GGCTGGACCCGGGACTCTCA	TANGO6_-_68877660.23-P1P2__ENSG00000103047
GGCTGGAGAGAAGCCGGGCG	CAD_+_27440280.23-P1P2__ENSG00000084774
GGCTGGAGCCCAAATCGCGG	DCLRE1B_+_114448001.23-P1P2__ENSG00000118655
GGCTGGATCCCGCCATCGAG	GEMIN6_+_39005603.23-P1P2__ENSG00000152147
GGCTGGCGGGGCACGAGTAG	MED10_-_6378376.23-P1P2__ENSG00000133398
GGCTGGCGGTAGAAGTAGCT	NDUFA6_-_42486727.23-P1P2__ENSG00000184983
GGCTGGCTGGGCGGTTAGGA	CENPT_+_67867777.23-P1P2__ENSG00000102901
GGCTGGGACAGCAGGCCGAT	GRB2_+_73389905.23-P2__ENSG00000177885
GGCTGGGATAATCCGTGGGG	WDR7_+_54318670.23-P1P2__ENSG00000091157
GGCTGGGCAGGTTCCGCCAC	POLR1B_+_113300085.23-P1P2__ENSG00000125630
GGCTGGGCAGTTGGCTGGAG	TBCE_-_235530783.23-P1P2__ENSG00000285053
GGCTGGGCCGAAGGAAGAAG	SMG9_-_44259022.23-P1P2__ENSG00000105771
GGCTGGGGCCACGGGTGAGT	MRPS24_+_43909046.23-P1P2__ENSG00000062582
GGCTGGGGCGCGGGAGACCG	TMSB10_+_85133250.23-P1P2__ENSG00000034510
GGCTGGGTAGGCGACCCGGA	TAF7_+_140700317.23-P1P2__ENSG00000178913
GGCTGGGTTCAAGTGAGTGT	EXOSC8_-_37574969.23-P1P2__ENSG00000120699
GGCTGGTCCCGGGTGATGCT	REXO2_-_114310257.23-P1P2__ENSG00000076043
GGCTGGTTGCCTAAAAGCAG	KDM8_+_27215335.23-P1P2__ENSG00000155666
GGCTGTAAAACCGCCAGAGG	MRTO4_-_19578535.23-P1P2__ENSG00000053372
GGCTGTAGCGGCCGTGGAGG	GLRX3_-_131934729.23-P1P2__ENSG00000108010
GGCTGTGAGGACGTGTTCCG	GOSR2_-_45000519.23-P1P2__ENSG00000108433
GGCTGTGGGACGGAACTACA	MTPAP_-_30638029.23-P1P2__ENSG00000107951
GGCTGTGTAGACTGTTGGGT	TRMT10C_-_101280737.23-P1P2__ENSG00000174173
GGCTGTTAGGGGGAAGACCC	RNF4_-_2471345.23-P1P2__ENSG00000063978
GGCTGTTGCCCCACGAAACG	ATF4_-_39917038.23-P1P2__ENSG00000128272
GGCTGTTTCCTGGCCGAGGT	DCTN3_+_34620473.23-P1P2__ENSG00000137100
GGCTTCCGTCCTGGCTGAGA	GNPAT_-_231376974.23-P1P2__ENSG00000116906
GGCTTCGCTAGGGAGCCTCC	CCDC137_-_79633788.23-P1P2__ENSG00000185298
GGCTTCGGGCCCCAGCGGTG	PTGR2_-_74318712.23-P1P2__ENSG00000140043
GGCTTCTCAGGCCTCTCCGG	SENP6_+_76311992.23-P1P2__ENSG00000112701
GGCTTCTTCTAGGCCAACTT	MTRNR2L1_+_22022917.23-P1P2__ENSG00000256618
GGCTTGCAGTCGGGCTACGG	STXBP4_-_53046156.23-P1P2__ENSG00000166263
GGCTTGGGGTAAGTTGAGCG	RPS12_-_133135766.23-P1P2__ENSG00000112306
GGCTTTCCCGGGCCCCCCAC	SUMO2_+_73178795.23-P1P2__ENSG00000188612
GGGAAACAGATGGCGACGGC	YTHDC1_-_69215755.23-P1P2__ENSG00000083896
GGGAAAGACGTAAGAGGCGG	HERC1_-_64126160.23-P1P2__ENSG00000103657
GGGAAAGGCTACCACTCAAC	CENPH_+_68485427.23-P1P2__ENSG00000153044
GGGAAATGATCCCGAGTACG	GTPBP4_+_1034604.23-P1P2__ENSG00000107937
GGGAACAGACGCGCCTCCCG	OSTC_+_109572000.23-P1P2__ENSG00000198856
GGGAACAGCGCCATGACCAC	NRDE2_-_90798256.23-P1P2__ENSG00000119720
GGGAACCAGAGAATGACACA	OR7A17_+_14992143.23-ENST00000327462.2__ENSG00000185385
GGGAACCCGAGATCTGCGCA	ATP6V1E1_+_18111483.23-P1P2__ENSG00000131100
GGGAACCCGGCTGCAGCGGT	ZFP69B_-_40915813.23-P1P2__ENSG00000187801
GGGAACCCGGGGGAAGATGG	PELP1_+_4607399.23-P1P2__ENSG00000141456
GGGAACGCGGCGCAACAGAG	CHORDC1_-_89955894.23-P1P2__ENSG00000110172
GGGAACGTCGGGAAGCGAGG	EIF1_+_39845185.23-P1P2__ENSG00000173812
GGGAACTCCTGGGGCGAGAA	TIPIN_-_66649067.23-P1P2__ENSG00000075131
GGGAAGAACGTGAGTAGGTT	PFDN6_-_33257410.23-P1P2__ENSG00000204220
GGGAAGAGGCCGAAACCCAG	GTF2H1_+_18344179.23-P1P2__ENSG00000110768
GGGAAGCAAGGACCGACCGA	POLR1D_+_28196016.23-P1__ENSG00000186184
GGGAAGCACGCTGAAACCCT	CLCC1_+_109506061.23-P1P2__ENSG00000121940
GGGAAGCCAGTCCCACCTCC	CMTR2_-_71323260.23-P1P2__ENSG00000180917
GGGAAGCCGTCCGTACGAAT	non-targeting_01273
GGGAAGCGAGGGACCCACGT	MRM1_-_34958038.23-P1P2__ENSG00000278619
GGGAAGCGCCGCGGTAGGGT	SSU72_+_1509976.23-P1P2__ENSG00000160075
GGGAAGCTGGAGCTGTTGCG	RPA1_-_1733358.23-P1P2__ENSG00000132383
GGGAAGGAGTGGGGCGAACA	SNAPC3_-_15422880.23-P1P2__ENSG00000164975
GGGAAGGCCCGCCCTCTACC	MRPS33_-_140714768.23-P1P2__ENSG00000090263
GGGAAGGCGAGACAGGGGGG	non-targeting_03637
GGGAAGGCGGAGTGAGTGTA	UBE2D3_+_103748297.23-P1P2__ENSG00000109332
GGGAAGGTCGTCCCTGTGAC	UQCRFS1_+_29704050.23-P1P2__ENSG00000169021
GGGAAGGTGTGAGTCGTGAA	SURF6_+_136202983.23-P1P2__ENSG00000148296
GGGAAGTCAGCCGTGAGACC	TARDBP_-_11072919.23-P1P2__ENSG00000120948
GGGAAGTCCCCAGACAAGAG	CEP192_+_12991736.23-P1P2__ENSG00000101639
GGGAAGTGGCCGAGGAGGGA	TMEM214_-_27255873.23-P1P2__ENSG00000119777
GGGAATGTGCGGAATGAGCC	TEAD3_-_35464797.23-P1P2__ENSG00000007866
GGGACAACCACGAGCCGCGG	UBA2_+_34919311.23-P1P2__ENSG00000126261
GGGACAAGGAGGTCCGGTTA	MRPL50_+_104160649.23-P1P2__ENSG00000136897
GGGACAAGTGCTAAGTATTG	POLR2D_+_128604811.23-P2__ENSG00000144231
GGGACACATACCAAAGTCAC	LCE1E_+_152758771.23-P1P2__ENSG00000186226
GGGACACGGCGGTAACCGTA	SETD2_-_47205071.23-P1P2__ENSG00000181555
GGGACACGGTGTGACTGGGG	MAD2L1_+_120987540.23-P1P2__ENSG00000164109
GGGACAGCGCGGCTTCCGCC	ARMC7_-_73106057.23-P1P2__ENSG00000125449
GGGACAGGACGGCTGGGACA	RRM2_+_10262870.23-P1P2__ENSG00000171848
GGGACCAGAGGCGACTGGAG	SBNO1_-_123849323.23-P1P2__ENSG00000139697
GGGACCCCCAGGGCGAAGGT	COMTD1_+_76995169.23-P1P2__ENSG00000165644
GGGACCCCCCGCCCAAAGTC	PSMB4_+_151372088.23-P1P2__ENSG00000159377
GGGACCCGAGCGCGACGGTG	CMTR1_-_37401025.23-P1P2__ENSG00000137200
GGGACCCGGACCATGGTTTG	non-targeting_03171
GGGACCCGGAGCCGAAACAC	SMC4_-_160117471.23-P1__ENSG00000113810
GGGACCGAGTGGGGAGATCC	TBC1D1_-_37892592.23-ENST00000261439.4__ENSG00000065882
GGGACCGCGAGGCCTTCCAG	RPP21_-_30312986.23-P1P2__ENSG00000241370
GGGACCGTCTTCTCTCACCA	FCF1_+_75179898.23-P1P2__ENSG00000119616
GGGACCTGGGAAGGAAGTTC	EPS8L1_-_55591798.23-P2__ENSG00000131037
GGGACGACGAGTGAGGCCGG	non-targeting_02982
GGGACGAGTTACAGCTGCCG	IGBP1_-_69353829.23-P1P2__ENSG00000089289
GGGACGCAGCTAGACCTTGG	CUL1_-_148396040.23-P1P2__ENSG00000055130
GGGACGCGAGCAAACTAGGC	RBM28_-_127983894.23-P1P2__ENSG00000106344
GGGACGCGAGTTGGAGATGT	ELP5_-_7155875.23-P1P2__ENSG00000170291
GGGACGCGGAGACTGCCGGA	KLHL17_+_896003.23-P1P2__ENSG00000187961
GGGACGCGGGACCCGTACAG	URB2_-_229762001.23-P1P2__ENSG00000135763
GGGACGCGTGGGCCTCGGAG	RCCD1_-_91500418.23-P2__ENSG00000166965
GGGACGGGCACCTCTAGGGC	MRPL24_-_156710833.23-P1P2__ENSG00000143314
GGGACGGGGCCGCACAGGAC	CNN2_+_1026619.23-P1P2__ENSG00000064666
GGGACGGTGCCTCAACCGGG	PIAS4_+_4008092.23-P1P2__ENSG00000105229
GGGACGTGAGCCAGGGCAGT	KRTAP4-7_+_39240927.23-ENST00000391417.4__ENSG00000240871
GGGACGTGGTGGTAGCCGTT	ZNF207_-_30677224.23-P1__ENSG00000010244
GGGACTAGAGCCAGGGTAAG	CEP152_+_49103224.23-P1P2__ENSG00000103995
GGGACTAGCCGGGTTGTATT	POLR2K_-_101162904.23-P1P2__ENSG00000147669
GGGACTCGCGTGACAGTTCC	YARS_+_33282919.23-P1P2__ENSG00000134684
GGGACTCGGCGGCCCCGATG	WDR18_-_984406.23-P1P2__ENSG00000065268
GGGACTCGGTTGGCGTTGTG	VPS33A_+_122750974.23-P1P2__ENSG00000139719
GGGACTGGAGCAGATTTGAC	HIST1H2BM_+_27782830.23-P1P2__ENSG00000273703
GGGAGAACGCGCGAGAGGTG	RUVBL1_+_127842420.23-P1P2__ENSG00000175792
GGGAGAAGATGGCGACCGTG	PSMC3_+_47447767.23-P1P2__ENSG00000165916
GGGAGAAGGGGCAGACCGGT	NASP_-_46049966.23-P1P2__ENSG00000132780
GGGAGAAGTGCAGTTCCCCC	ZBTB11_+_101395930.23-P1P2__ENSG00000066422
GGGAGACCTTGGCGGAGCGG	DLD_-_107531642.23-P1P2__ENSG00000091140
GGGAGAGGCAGCAGCCGCGA	TCEB2_+_2827236.23-P1P2__ENSG00000103363
GGGAGAGGCCGGTAGGCGTG	PPP2CB_+_30670289.23-P1P2__ENSG00000104695
GGGAGAGTCAGCGCACAGTC	ASUN_-_27090828.23-P1P2__ENSG00000064102
GGGAGATAGAAACTGGCCCG	TGS1_+_56686046.23-P1P2__ENSG00000137574
GGGAGCAACCAGGAGCTATA	SLC35G6_+_7384871.23-ENST00000412468.2__ENSG00000259224
GGGAGCAAGAGCCGCTGGAA	ABT1_-_26597263.23-P1P2__ENSG00000146109
GGGAGCAAGATGGCGATTCC	NSRP1_-_28443874.23-P1P2__ENSG00000126653
GGGAGCAAGCGCGGAAGGCT	POLR2I_+_36605783.23-P1P2__ENSG00000105258
GGGAGCCAAGCCGATGCACA	non-targeting_00208
GGGAGCCCAAGCTCTCAACG	AFG3L2_-_12377232.23-P1P2__ENSG00000141385
GGGAGCCCCGCACACAATAG	BCR_-_23522920.23-P1P2__ENSG00000186716
GGGAGCCGCCTAGCATCACC	REXO2_+_114310243.23-P1P2__ENSG00000076043
GGGAGCCGGCTCCGCCCTAA	DYNC1H1_+_102430877.23-P1P2__ENSG00000197102
GGGAGCGCCACCGCCGACTC	STIL_-_47779785.23-P1P2__ENSG00000123473
GGGAGCGCCCGAGGGACGGT	PSMG3_+_1610218.23-P2__ENSG00000157778
GGGAGCGCCGCTGCTTACCT	MRPL16_+_59578187.23-P1P2__ENSG00000166902
GGGAGCGCCGGAGCAAGCGG	LMO2_+_33891064.23-P1P2__ENSG00000135363
GGGAGCGCCGGAGTTCCTTG	RCC1_-_28844804.23-P2__ENSG00000180198
GGGAGCGGCGGTCCAGACTG	DRAP1_-_65686753.23-P1P2__ENSG00000175550
GGGAGCGGCGTCTTCTCGCG	TFIP11_+_26908398.23-P1P2__ENSG00000100109
GGGAGCGGCGTGCGTAATGT	POLRMT_+_633505.23-P1P2__ENSG00000099821
GGGAGCTACGTTCCCGGCGA	non-targeting_02477
GGGAGCTGCAATTACCGTGT	BANP_+_87985113.23-P1P2__ENSG00000172530
GGGAGGAAGGAGGCGAACTG	DNM1L_-_32832237.23-P1P2__ENSG00000087470
GGGAGGAGCGGTAACTACCC	DNAJA1_-_33025322.23-P1__ENSG00000086061
GGGAGGAGGAAACCAGACCC	NUP62_-_50432220.23-P1P2__ENSG00000213024
GGGAGGAGGAGACTGCGCAG	SRRM1_+_24970012.23-P1P2__ENSG00000133226
GGGAGGAGTCGGAACCCGAA	DDX41_+_176943922.23-P1P2__ENSG00000183258
GGGAGGCAGCGGCTGTAGCG	IPO13_-_44412666.23-P1P2__ENSG00000117408
GGGAGGCCGGGACAAGGCGC	PSMD2_-_184017084.23-P1P2__ENSG00000175166
GGGAGGCCTCCGCTCCGGAA	ATP6V1F_+_128503227.23-P1P2__ENSG00000128524
GGGAGGCGCGAGAATGGAGG	RFC2_+_73668703.23-P1P2__ENSG00000049541
GGGAGGCGGACCATGAGGAG	DNLZ_+_139257766.23-P1P2__ENSG00000213221
GGGAGGCGGCACCAAGGGTA	RAD51D_-_33446794.23-P1P2__ENSG00000185379
GGGAGGCGGCGCATGGTCGG	KDELC2_-_108369101.23-P1P2__ENSG00000178202
GGGAGGCTAGGCCCTAAGCG	KDM5C_-_53254184.23-P1P2__ENSG00000126012
GGGAGGCTCGAGGTCCGTCT	PPP1R12A_-_80328652.23-P1P2__ENSG00000058272
GGGAGGGACCCTGAGGTAGA	SHC1_+_154946876.23-P2__ENSG00000160691
GGGAGGGCAAGTGAGTGCGG	WDR82_+_52312203.23-P1P2__ENSG00000164091
GGGAGGGCCCCGAGGTAGTG	MYCBP_+_39338845.23-P1P2__ENSG00000214114
GGGAGGGCCCCTGGGTAATG	TM7SF2_-_64879547.23-P1P2__ENSG00000149809
GGGAGGGCCCGCAAGGAGGG	NPEPPS_+_45608486.23-P1P2__ENSG00000141279
GGGAGGGCCTCGGCTTTCCA	CBFA2T3_+_89043351.23-P2__ENSG00000129993
GGGAGGGCTGGGGGCCTACT	C1orf109_+_38157864.23-P2__ENSG00000116922
GGGAGGGTTTCATCCCGCAG	TULP1_-_35480631.23-P1P2__ENSG00000112041
GGGAGTAAGGGACTTAGCAG	ZNHIT6_+_86173852.23-P1P2__ENSG00000117174
GGGAGTCGCGAGTCAGTCAG	GSK3B_-_119812883.23-P1P2__ENSG00000082701
GGGAGTGAAAGCGAAAGCCC	PSME2_+_24615830.23-P1P2__ENSG00000100911
GGGAGTGGCCGGCGACAAGA	HSD17B10_+_53461288.23-P1P2__ENSG00000072506
GGGAGTGGCTGCTCGCGGAG	MASTL_-_27444320.23-P1P2__ENSG00000120539
GGGAGTGGGACAACTCCTAA	USP8_-_50716851.23-P1P2__ENSG00000138592
GGGAGTTAGCGTCCTCAATG	SPDL1_-_169010834.23-P1P2__ENSG00000040275
GGGAGTTCCTAGTAAAGTGG	HAUS1_-_43684365.23-P1P2__ENSG00000152240
GGGATAAATGGAGGAGTACG	HSPA9_-_137911031.23-P1P2__ENSG00000113013
GGGATACCGAACCCAAAGGA	USP37_-_219433009.23-P1P2__ENSG00000135913
GGGATCAAGGCGAGAGGATC	AATF_-_35306346.23-P1P2__ENSG00000275700
GGGATCCGGTGTTCCAACCC	NIP7_-_69373724.23-P1P2__ENSG00000132603
GGGATCCTTTCCACGGCCCG	NF1_+_29421971.23-P1P2__ENSG00000196712
GGGATCTGGATCCGGATCAG	KXD1_-_18668945.23-P1P2__ENSG00000105700
GGGATGAGCCGTGCTCCCGG	DNAJC19_+_180707414.23-P1P2__ENSG00000205981
GGGATGCAGTATCTCACAGG	EXOSC1_-_99205735.23-P1P2__ENSG00000171311
GGGATGCGAACCAGGAACCC	GLB1_-_33138573.23-P1P2__ENSG00000170266
GGGATGGACAGACTCCAAAC	LST1_+_31554051.23-P1__ENSG00000204482
GGGATGGCACGAGGGATCGT	DDX19B_+_70333136.23-P1__ENSG00000157349
GGGATGGCAGCCGATTGGTA	RPL34_+_109541791.23-P1P2__ENSG00000109475
GGGATGGCCGAAGGTTGCGG	HSP90B1_+_104324674.23-P1P2__ENSG00000166598
GGGATGGCCGCCACAGCTGT	DDX46_-_134094510.23-P1__ENSG00000145833
GGGATGGTCTCCATATGTGA	KCNA10_-_111061735.23-ENST00000369771.2__ENSG00000143105
GGGATGGTGAACCCTGAAGT	IST1_-_71929459.23-P1P2__ENSG00000182149
GGGATGTCGCGACCGCCCCC	RFFL_+_33416253.23-P1P2__ENSG00000092871
GGGATGTTGGTCAGGATCAT	PRPF38B_+_109235390.23-P1P2__ENSG00000134186
GGGATTCAGCCCCACAAAAT	KANSL1_-_44270236.23-P1P2__ENSG00000120071
GGGATTCCAGACTTAGGGAA	SLC4A5_+_74517243.23-P1__ENSG00000188687
GGGATTCGGTTAGGTGAGTG	IST1_-_71929501.23-P1P2__ENSG00000182149
GGGATTCTCACACGGTTCCA	C3orf17_-_112738463.23-P1P2__ENSG00000163608
GGGCAAAGACCTCCTAGCAG	CYP4F11_+_16045652.23-P1P2__ENSG00000171903
GGGCAAAGGACAGTCCGGTG	CHEK1_-_125495912.23-P1P2__ENSG00000149554
GGGCAAAGGCGACGGAATGG	NUBP1_-_10837726.23-P1P2__ENSG00000103274
GGGCAACCCGCTCTCCGTTC	USP19_-_49158246.23-P1P2__ENSG00000172046
GGGCAACCGGAAGTGGTCCA	CMC4_-_154299159.23-P1P2__ENSG00000182712;MTCP1_-_154299159.23-P1P2__ENSG00000214827
GGGCAATCCCCGCTACTAAG	MCEE_-_71357135.23-P1P2__ENSG00000124370
GGGCACAGAATGAGACCTGA	MRPL9_-_151735983.23-P1P2__ENSG00000143436
GGGCACAGTCAGCCACGCAG	KRT8_-_53298430.23-P1__ENSG00000170421
GGGCACCAAGCAGAACCGTT	AASDHPPT_+_105948450.23-P1P2__ENSG00000149313
GGGCACCAGCGACTCCCAGT	RPS29_-_50052902.23-P1__ENSG00000213741
GGGCACCTTGCAGTATCACT	WDR7_-_54318645.23-P1P2__ENSG00000091157
GGGCACGGGTAGCTCGGGTG	ATP6V1B2_+_20054954.23-P1P2__ENSG00000147416
GGGCACTAGGCGGAGAGAGG	TFPT_+_54619005.23-P1P2__ENSG00000105619
GGGCACTAGGGATCGTCCGC	KAT7_-_47866093.23-P1P2__ENSG00000136504
GGGCACTGCGGTGAAAGCCG	AP2M1_-_183892660.23-P1__ENSG00000161203
GGGCACTGGCGCACCGTCCC	ARMC7_+_73106080.23-P1P2__ENSG00000125449
GGGCACTGTGAAAGGCACTA	SF3A1_-_30736509.23-P2__ENSG00000099995
GGGCAGAAAGGGAGAGTGCT	SDR39U1_+_24911928.23-P1P2__ENSG00000100445
GGGCAGAGGACTGGGAACCG	PELO_-_52084090.23-P2__ENSG00000152684
GGGCAGAGGCAGTGCGGATC	UTP11L_-_38478438.23-P1P2__ENSG00000183520
GGGCAGAGGCGGAGCCGCTG	BRCA2_-_32889662.23-P1P2__ENSG00000139618
GGGCAGCACCTCCCAAGCTG	SCAP_-_47517316.23-P1P2__ENSG00000114650
GGGCAGCAGCGGCTTTAGCG	UBE2M_-_59070250.23-P1P2__ENSG00000130725
GGGCAGCAGCTGCGACGGGT	LSM5_-_32529957.23-P1__ENSG00000106355
GGGCAGCATGTCGGCAACAG	RRP9_+_51975867.23-P1P2__ENSG00000114767
GGGCAGCCAGCGAGGGAGAA	KIF23_+_69707149.23-P1P2__ENSG00000137807
GGGCAGCCCAGCGGGACCCA	MBNL1_-_151987167.23-P1P2__ENSG00000152601
GGGCAGCGGCCACAGCACCG	WEE1_-_9595630.23-P1P2__ENSG00000166483
GGGCAGCGGCGCCAACTACA	WAC_+_28822278.23-P1P2__ENSG00000095787
GGGCAGCGGGCCACCCTCAG	FOXS1_+_30433217.23-P1P2__ENSG00000179772
GGGCAGCTCGACCTCCTCTC	CHAF1A_+_4402728.23-P1P2__ENSG00000167670
GGGCAGCTTGAAGGGCGAGA	POLE2_+_50154818.23-P1P2__ENSG00000100479
GGGCAGGCAGTGAGTGATCC	NSRP1_-_28443894.23-P1P2__ENSG00000126653
GGGCAGGCTCCTCTCCAAAA	UBA52_+_18682887.23-P1__ENSG00000221983
GGGCAGGGCCATGTTCACGA	PDCD7_-_65426129.23-P1P2__ENSG00000090470
GGGCAGGGGGCCTGAAGCGG	MTOR_+_11322547.23-P1P2__ENSG00000198793
GGGCAGGGGTCTCGGTCATA	non-targeting_01798
GGGCAGGGTGGTGGATCTGT	RIOK1_-_7390078.23-P1P2__ENSG00000124784
GGGCAGGTGAGCGGAGACTG	VPS37C_+_60928845.23-P1P2__ENSG00000167987
GGGCAGTCTCGGCCTCCAGG	ZNF706_+_102217338.23-P1P2__ENSG00000120963
GGGCAGTGAAGTAAGCGGGA	ZNF674_+_46404792.23-P1P2__ENSG00000251192
GGGCAGTGCTCGCCTAAAGG	LARS2_-_45430128.23-P1P2__ENSG00000011376
GGGCAGTGGACCACAGCGGG	AQP7_+_33402012.23-P1P2__ENSG00000165269
GGGCATCCCCCGCCCCCCAC	TRNP1_+_27320260.23-P1P2__ENSG00000253368
GGGCATGGATGTCTCCCTCT	SF3B3_-_70558137.23-P1P2__ENSG00000189091
GGGCCAAAGGCAATACTCAC	EIF4E_-_99850247.23-P1P2__ENSG00000151247
GGGCCAAGAATCCCCGTTCG	SUMO2_-_73178625.23-P1P2__ENSG00000188612
GGGCCAAGGGCAAAACCCGG	NOP16_+_175815510.23-P1P2__ENSG00000048162
GGGCCAGAAGGTGCGCGCAG	NUP98_-_3818519.23-P1P2__ENSG00000110713
GGGCCAGACTAGAGGAGTGG	LTB4R2_-_24779567.23-P1P2__ENSG00000213906
GGGCCAGAGAGAGGCCGTAA	RPL3_+_39715369.23-P1P2__ENSG00000100316
GGGCCAGCCACACACTGTAC	TACC3_+_1725320.23-P2__ENSG00000013810
GGGCCAGCGAGGAGGCACGG	GYG1_+_148709329.23-P1P2__ENSG00000163754
GGGCCAGGACACGCTCCCTT	TIGD1_-_233415185.23-P1P2__ENSG00000221944
GGGCCAGGGAACTCCGAACA	GTF2E1_+_120461660.23-P1P2__ENSG00000153767
GGGCCAGTCCCTAAGCACGT	MTHFD1_-_64855062.23-P1P2__ENSG00000100714
GGGCCAGTGACTAGAAGGCG	GTF3C6_-_111279959.23-P1P2__ENSG00000155115
GGGCCATGGACGCAGGATGG	TPP2_+_103249372.23-P1P2__ENSG00000134900
GGGCCCACCGTCTTCATTAT	ZNF407_+_72343057.23-ENST00000299687.5__ENSG00000215421
GGGCCCACGTGCCCGTGGAA	N6AMT1_-_30257642.23-P1P2__ENSG00000156239
GGGCCCAGCCAGGCGTCGCG	URI1_+_30433164.23-P1P2__ENSG00000105176
GGGCCCAGGGAGAACGGGGA	KIF4A_-_69509986.23-P1P2__ENSG00000090889
GGGCCCATAGGGGAAGATGG	WDR33_+_128568707.23-P1P2__ENSG00000136709
GGGCCCCAGCGCCTACTGCT	SMG6_-_2206815.23-P1P2__ENSG00000070366
GGGCCCCAGCGGAATGACCA	USP5_+_6961501.23-P1__ENSG00000111667
GGGCCCCAGGCAGCGTGTGT	DAP3_-_155658930.23-P1P2__ENSG00000132676
GGGCCCCAGGGAATGCTCAG	IFITM3_+_320534.23-P1P2__ENSG00000142089
GGGCCCCCTCCCAAAACCCG	DDX59_+_200639063.23-P1P2__ENSG00000118197
GGGCCCCGGGCCGCGCTCGA	MYBL2_+_42295803.23-P1P2__ENSG00000101057
GGGCCCGAACCCTCGTGTGA	PHB2_+_7079788.23-P1P2__ENSG00000215021
GGGCCCGAGCGGCAAGGCGG	ANKRD11_-_89556765.23-P1P2__ENSG00000167522
GGGCCCGCCCGGCCAGTCGG	ZNF236_+_74534757.23-P1P2__ENSG00000130856
GGGCCCGCCGCGCCCTTGGA	ADAT3_+_1907955.23-P2__ENSG00000213638
GGGCCCGCGGGAACCACACA	EEF1A1_-_74230714.23-P1P2__ENSG00000156508
GGGCCCGCGGGACCGCGCAC	TBCD_+_80710368.23-P1P2__ENSG00000141556
GGGCCCGCGTCAGTCACCTC	HAUS3_-_2243782.23-P1P2__ENSG00000214367
GGGCCCGCTTGAGGCGTAGG	PCID2_+_113862975.23-P1__ENSG00000126226
GGGCCCGGCGAACTAGAGGG	GSK3B_-_119812860.23-P1P2__ENSG00000082701
GGGCCCGGCGTCCCAGGCGG	ZNF143_+_9483027.23-P1P2__ENSG00000166478
GGGCCCGGGTGGGGAGACAA	LRP5_+_68080451.23-P1P2__ENSG00000162337
GGGCCGACGTGCACCAAGGT	RCC1_-_28844824.23-P2__ENSG00000180198
GGGCCGCAGCCATGAGGTGA	RPL19_-_37356608.23-P1P2__ENSG00000108298
GGGCCGCAGCCGGGAACCCA	HMGB3_-_150152173.23-P1P2__ENSG00000029993
GGGCCGCCCCCCGAAGCCCA	ZNF236_-_74534593.23-P1P2__ENSG00000130856
GGGCCGCCCGGTCTCAGCTC	RBBP5_-_205091035.23-P1P2__ENSG00000117222
GGGCCGCCGAAGCCTGGATC	ECD_-_74927732.23-P1P2__ENSG00000122882
GGGCCGCGCTGAGGGACCGG	GARS_+_30634632.23-P1P2__ENSG00000106105
GGGCCGCGGAAGCCTGGAGT	CIAO1_-_96932005.23-P1P2__ENSG00000144021
GGGCCGCGGCGGCCTGTTCA	USP19_+_49158108.23-P1P2__ENSG00000172046
GGGCCGCGGGGAACGTCCTC	CHERP_-_16653216.23-P1P2__ENSG00000085872
GGGCCGCTTGGAGCTCGTGT	MRPL41_-_140446416.23-P1P2__ENSG00000182154
GGGCCGGAACCGCCATGTTG	TRAPPC8_-_29523060.23-P1P2__ENSG00000153339
GGGCCGGAACGCGAAGAGGG	ROMO1_-_34287419.23-P1P2__ENSG00000125995
GGGCCGGACATCTCCACTAC	USP39_+_85843306.23-P1__ENSG00000168883
GGGCCGGAGCCGCTACAGGG	CDC27_+_45266576.23-P1P2__ENSG00000004897
GGGCCGGCCGGACGGACAGG	SYNGR3_-_2040062.23-P1P2__ENSG00000127561
GGGCCGGCCGGGGCCGTTTC	HERC1_+_64125897.23-P1P2__ENSG00000103657
GGGCCGGCTTGAAAAGAGGT	CDC26_+_116037656.23-P1P2__ENSG00000176386
GGGCCGGGACGGACTCGACA	TSG101_-_18548267.23-P1P2__ENSG00000074319
GGGCCGGGAGAGAAGAAGCG	C14orf166_+_52456301.23-P1P2__ENSG00000087302
GGGCCGGGCATGCTGGGATC	BCAR1_+_75285561.23-P1__ENSG00000050820
GGGCCGGGCCGCGTCCGCAG	MCM3_-_52149354.23-P1P2__ENSG00000112118
GGGCCGGGCGGTCTGCGGTC	TADA1_+_166845487.23-P1P2__ENSG00000152382
GGGCCGGGCTGCGAATGAGT	CCDC6_-_61666258.23-P1P2__ENSG00000108091
GGGCCGGGTACCATGGACGT	CTNNBL1_-_36322534.23-P1P2__ENSG00000132792
GGGCCGGTAGTGGAGATGTC	USP39_-_85843325.23-P1__ENSG00000168883
GGGCCGGTCAATCAACTTTC	non-targeting_01607
GGGCCGTCCGGACTCTACTG	CHCHD2_+_56174001.23-P1P2__ENSG00000106153
GGGCCGTGGCCCAGACAGTG	TNPO3_+_128694901.23-P1P2__ENSG00000064419
GGGCCGTTAACGCCTAGGCA	YPEL1_-_22090031.23-P1P2__ENSG00000100027
GGGCCTAGCAGAGCGAGGGT	SMARCE1_+_38803858.23-P1P2__ENSG00000073584
GGGCCTCAGAGAGCGAACCG	INO80_+_41408265.23-P1P2__ENSG00000128908
GGGCCTCCGTACCTTACGGG	MLST8_+_2255502.23-P1P2__ENSG00000167965
GGGCCTCGACCCGGCCGGGG	RGPD6_+_111334479.23-ENST00000329516.3__ENSG00000183054
GGGCCTGCAACGTGTCTCTG	DDB1_+_61100555.23-P1__ENSG00000167986
GGGCCTGCCGGGAGTGAGCG	NOL11_-_65714041.23-P1P2__ENSG00000130935
GGGCCTGGACGAGCCTAAAA	non-targeting_00054
GGGCCTGGCCGCGAATACCC	EIF3G_-_10230310.23-P1P2__ENSG00000130811
GGGCCTGGCGAGAGTTTGTG	TRMT112_+_64085002.23-P1P2__ENSG00000173113
GGGCCTGGGATAGTGGAGTA	SNRPE_-_203830935.23-P1P2__ENSG00000182004
GGGCCTGTGTCGGGTAGAAA	CCDC174_-_14693310.23-P1P2__ENSG00000154781
GGGCGAAAAGCGAGCCTAGG	non-targeting_00451
GGGCGAACCAGTCTCTTCCT	PTCD1_-_99036387.23-P2__ENSG00000106246
GGGCGAACGGTCTTCGGAAG	NAA20_-_19998029.23-P1P2__ENSG00000173418
GGGCGAAGAGGTTCTATCCG	IPO7_-_9406180.23-P1P2__ENSG00000205339
GGGCGACCCGAGAAGCGGCG	TLN1_+_35732111.23-P1P2__ENSG00000137076
GGGCGACCCGAGAGTCGTTG	ZNF131_-_43121745.23-P1P2__ENSG00000172262
GGGCGACGAACGGAAGATGG	SYMPK_+_46366386.23-P1P2__ENSG00000125755
GGGCGACGACTACGACCACT	PPP1R37_-_45596454.23-P1P2__ENSG00000104866
GGGCGAGAGAACGAAGACTG	RAD51C_+_56770199.23-P1P2__ENSG00000108384
GGGCGAGCAGGGGAAGCCGG	CEBPG_-_33864647.23-P1P2__ENSG00000153879
GGGCGAGCCTAGGGTCCGAG	RPA2_+_28240864.23-P1P2__ENSG00000117748
GGGCGAGCCTCCACCTGTGG	SNRNP48_-_7590517.23-P1P2__ENSG00000168566
GGGCGAGCGCGAGGAAATGG	DICER1_+_95623669.23-P1P2__ENSG00000100697
GGGCGAGCTGAACCCAGACT	RNF14_-_141349121.23-P1P2__ENSG00000013561
GGGCGAGCTGCCATCGTCGA	non-targeting_00394
GGGCGATCCGAGGAGACCTT	NCOA4_+_51565254.23-P1P2__ENSG00000266412
GGGCGCAACGTCGTGGAAGC	non-targeting_02947
GGGCGCACGCGGCCTCGGTC	TIMM13_+_2427547.23-P1P2__ENSG00000099800
GGGCGCAGGAGCGGCACTCG	SOD2_+_160114265.23-P1P2__ENSG00000112096
GGGCGCCACCGCGAACTCGG	MED21_-_27175714.23-P1P2__ENSG00000152944
GGGCGCCCAGAGTTCCGGGA	CDC123_-_12238200.23-P1P2__ENSG00000151465
GGGCGCCGCCATCTTCCCTC	MRPL38_-_73900966.23-P1P2__ENSG00000204316
GGGCGCCGCCCTGAGCCGGA	CENPE_+_104119357.23-P1P2__ENSG00000138778
GGGCGCCGGCCGTGACGGTG	HSD17B12_+_43702292.23-P1P2__ENSG00000149084
GGGCGCCGGGTGAGAGCGTG	MRPL36_+_1799909.23-P1P2__ENSG00000171421
GGGCGCCTGGTGTCTCAGAG	SDE2_+_226187037.23-P1P2__ENSG00000143751
GGGCGCGAAGGCGACAGCGG	NUB1_-_151038835.23-P1P2__ENSG00000013374
GGGCGCGCCACTCCTCCCGG	ARHGAP6_+_11445719.23-P1P2__ENSG00000047648
GGGCGCGCCGCGCGGTGAGT	POLD2_+_44163100.23-P1P2__ENSG00000106628
GGGCGCGCGCGGTCAGCTGT	MBTPS2_-_21857794.23-P1P2__ENSG00000012174
GGGCGCGCTTGGGCTCCCGG	PPP1R37_-_45596434.23-P1P2__ENSG00000104866
GGGCGCGGCATAGCCCGGCT	PNN_-_39644446.23-P1P2__ENSG00000100941
GGGCGCGGCGGTGGCGACTC	PCBP1_+_70314626.23-P1P2__ENSG00000169564
GGGCGCGGCTACCATGGCGG	DDX20_-_112298555.23-P1P2__ENSG00000064703
GGGCGCGGCTTGGCAGACGG	TP53RK_+_45317813.23-P1P2__ENSG00000172315
GGGCGCGGTCGCAGTCTCCA	NRF1_-_129251633.23-P1P2__ENSG00000106459
GGGCGCGTGGGACCTTACGC	EIF3A_+_120840264.23-P1P2__ENSG00000107581
GGGCGCTATGCTATCACCCG	PDRG1_+_30539748.23-P1P2__ENSG00000088356
GGGCGCTCCCGGCATCCCTC	CPSF4_-_99036577.23-P1P2__ENSG00000160917
GGGCGCTCGGCAAGGTAGGT	RPS7_-_3622948.23-P1P2__ENSG00000171863
GGGCGCTGCCCGGAGTACTG	SLC35G2_+_136537960.23-P1P2__ENSG00000168917
GGGCGCTGCCGTAAATCAGG	PSMD8_-_38865407.23-P1P2__ENSG00000099341
GGGCGCTGCGGGCGATGCGG	ATP6V1B2_-_20054940.23-P1P2__ENSG00000147416
GGGCGCTGCTGCCCCAACAC	EMC3_+_10052774.23-P2__ENSG00000125037
GGGCGGAAGCATGAGGCTAA	ARHGAP11B_-_30918382.23-P1P2__ENSG00000284906
GGGCGGACACGTGGCAACAG	ATP1A1_-_116915929.23-P1P2__ENSG00000163399
GGGCGGACAGACGAGCTGAC	EXOC1_-_56720023.23-P1P2__ENSG00000090989
GGGCGGACAGCGACGAGAGT	DGCR8_+_20068125.23-P1P2__ENSG00000128191
GGGCGGACATTAAAGTGAAG	KIF18A_+_28129657.23-P1P2__ENSG00000121621
GGGCGGACGATCCTGGGAGG	BOD1L1_-_13629267.23-P1__ENSG00000038219
GGGCGGATGTGGATATCGAA	MYSM1_+_59165688.23-P1P2__ENSG00000162601
GGGCGGCATTCGGTGGTCAG	CENPI_-_100353207.23-P1P2__ENSG00000102384
GGGCGGCCAGAGAAGAGTCA	NDUFS5_-_39492056.23-P1__ENSG00000168653
GGGCGGCCAGGAGTCGGAGT	NUDT15_-_48611931.23-P1P2__ENSG00000136159
GGGCGGCCCAGGCCGAAGAG	MRPS34_-_1822906.23-P1P2__ENSG00000074071
GGGCGGCCCGGGACACCGAC	VPS13D_-_12290177.23-P1P2__ENSG00000048707
GGGCGGCCGCGTCCTCAAGC	NUP93_-_56764090.23-P1P2__ENSG00000102900
GGGCGGCCTGCTCCAGGAAA	DDOST_-_20987605.23-P1P2__ENSG00000244038
GGGCGGCGACGACTACTCAG	HAUS7_+_152735963.23-P1__ENSG00000213397;TREX2_+_152735963.23-P1P2__ENSG00000183479
GGGCGGCGAGAGCCATGAAG	CABIN1_+_24408004.23-P1P2__ENSG00000099991
GGGCGGCGCTGGACCCGACG	DRAP1_-_65686955.23-P1P2__ENSG00000175550
GGGCGGCGGAGACAGGGACC	UNCX_+_1272543.23-P1P2__ENSG00000164853
GGGCGGCGGAGACCCGAACA	NISCH_-_52489660.23-P1P2__ENSG00000010322
GGGCGGCGGATGGAGGTCAG	TBRG4_+_45151254.23-P1P2__ENSG00000136270
GGGCGGCGGCACCATGGGCC	CADM4_+_44143932.23-P1P2__ENSG00000105767
GGGCGGCGGCGGCGTTTGAG	FBXO42_+_16678915.23-P1P2__ENSG00000037637
GGGCGGCGGCGTTTGAGTGG	FBXO42_+_16678912.23-P1P2__ENSG00000037637
GGGCGGCTCCCGGACGGTGG	PRPF4B_+_4021605.23-P1P2__ENSG00000112739
GGGCGGCTCCGTGACCACGG	EIF2B4_+_27593203.23-P1P2__ENSG00000115211
GGGCGGCTGCAGCTACGAAC	COPS6_-_99686651.23-P1P2__ENSG00000168090
GGGCGGCTGCGCGGTGAACG	INPPL1_-_71935867.23-P1P2__ENSG00000165458
GGGCGGGAAGAGACTGCGAG	SUPT16H_-_21851767.23-P1P2__ENSG00000092201
GGGCGGGACGCGCAGCGCTA	COG6_-_40229866.23-P1P2__ENSG00000133103
GGGCGGGACTGAGTGACCTA	RPL28_+_55897540.23-P1P2__ENSG00000108107
GGGCGGGCCGGGAAGAGGCA	SPG7_-_89575215.23-P1P2__ENSG00000197912
GGGCGGGGATACTAAAGCGA	CDK7_-_68530696.23-P1P2__ENSG00000134058
GGGCGGGGCGAGCAGGCGAG	HMX3_+_124895494.23-P1P2__ENSG00000188620
GGGCGGTACGGTAACCGAGG	GAR1_-_110736887.23-P1P2__ENSG00000109534
GGGCGGTCCGCGGTCCTGGG	PPP2R1A_-_52693691.23-P1__ENSG00000105568
GGGCGTCAGCGAGAGACAAT	ZNF506_-_19932561.23-P1P2__ENSG00000081665
GGGCGTCCAGGAGTGACCTG	DSN1_+_35402097.23-P1P2__ENSG00000149636
GGGCGTCGGAGACATCTTCT	THOC1_-_268026.23-P1P2__ENSG00000079134
GGGCGTCGGGCGAACAACGC	VCP_-_35072535.23-P1P2__ENSG00000165280
GGGCGTGAGCGAGAGCGATG	SART3_+_108954728.23-P1P2__ENSG00000075856
GGGCGTGGAAAGCTAACCAA	BANF1_+_65770320.23-P1P2__ENSG00000175334
GGGCTACAGGGTATCCACGT	RRP12_+_99161057.23-P1P2__ENSG00000052749
GGGCTACGAGGCCGGTGAGG	SART1_-_65729572.23-P1P2__ENSG00000175467
GGGCTAGCCGGAGGAAGCTT	ORC1_+_52869923.23-P1P2__ENSG00000085840
GGGCTAGGGCGGTACTCTGG	non-targeting_02527
GGGCTCAACGGCTCGCGGAG	PRC1_+_91537748.23-P1P2__ENSG00000198901
GGGCTCACTAGCTTCCCTCC	RPL39_-_118925380.23-P1P2__ENSG00000198918
GGGCTCACTTACGAGAGCTA	PUF60_-_144911459.23-P1P2__ENSG00000179950
GGGCTCAGGGTGCAGTTGTA	AP2S1_-_47354099.23-P1P2__ENSG00000042753
GGGCTCAGTAGCGATAGCAG	ARIH1_-_72766686.23-P1P2__ENSG00000166233
GGGCTCCAACGAGGTAAGTG	TOPBP1_+_133380602.23-P1P2__ENSG00000163781
GGGCTCCCCCGAAATCTGGA	POLR1C_-_43477509.23-P2__ENSG00000171453
GGGCTCCCTGGAGCCGGCAG	DHX29_-_54603249.23-P1P2__ENSG00000067248
GGGCTCCGAATAACCTAGAA	MT2A_+_56642728.23-P1P2__ENSG00000125148
GGGCTCCGAGGCCTAGAGTC	ERH_-_69864782.23-P1P2__ENSG00000100632
GGGCTCCTGCGAGAAGCAAG	HAUS3_+_2243788.23-P1P2__ENSG00000214367
GGGCTCGCGGAGCGGCTACG	PRC1_+_91537740.23-P1P2__ENSG00000198901
GGGCTCGGCCCCTGAGACAG	TIMM22_-_900430.23-P1P2__ENSG00000177370
GGGCTCGGCCGTCATCTGGT	COTL1_+_84651438.23-P1P2__ENSG00000103187
GGGCTCGGTGGGTACTGTCG	POP1_-_99129573.23-P1P2__ENSG00000104356
GGGCTCTCCCAATCCCGACA	HBS1L_-_135375685.23-P1P2__ENSG00000112339
GGGCTCTCGCGAGTCTGGGT	POLE_+_133263949.23-P1P2__ENSG00000177084
GGGCTCTGCCAGGCATCTAG	KLF7_+_208031206.23-P1P2__ENSG00000118263
GGGCTCTGCGGCCGTCACCA	NSA2_-_74063188.23-P1P2__ENSG00000164346
GGGCTGAAGGCGATCCGGAG	BPTF_-_65821672.23-P1P2__ENSG00000171634
GGGCTGAAGGGGATACTCAC	DPH2_-_44435714.23-P1P2__ENSG00000132768
GGGCTGAGTGAGAACCTTGG	NAA30_-_57857335.23-P1P2__ENSG00000139977
GGGCTGATGACATAAAAACC	WBSCR22_-_73097911.23-P1P2__ENSG00000071462
GGGCTGCAGGGTCCGGTACC	RPS10-NUDT3_-_34393835.23-P1P2__ENSG00000270800
GGGCTGCCGGACGGTGGGAA	SMC5_-_72873963.23-P1P2__ENSG00000198887
GGGCTGCCTGACTGGAATGA	SNTB2_-_69221075.23-P1P2__ENSG00000168807
GGGCTGCGCCGAGGTCGTAG	JMJD6_+_74722579.23-P1P2__ENSG00000070495
GGGCTGCGGATAGACAGTAG	NACA_-_57119029.23-P1P2__ENSG00000196531
GGGCTGCGTCGGCCTGAGCA	HTATSF1_-_135579440.23-P1P2__ENSG00000102241
GGGCTGGAGAGGGAACCATG	SAMM50_-_44351462.23-P1P2__ENSG00000100347
GGGCTGGAGGAAGAGCGGTG	PRKRA_-_179315799.23-P1P2__ENSG00000180228
GGGCTGGCACATGTGTATGG	WDR4_+_44299621.23-P1P2__ENSG00000160193
GGGCTGGCACCTTCCCTAAG	RPL11_+_24018674.23-P1P2__ENSG00000142676
GGGCTGGGCAAGGCGAACTT	ZNF492_+_22817388.23-P1P2__ENSG00000229676
GGGCTGGGCCCGCCCCACTA	YBX3_-_10875418.23-P1P2__ENSG00000060138
GGGCTGGTTGGCGCGGAATC	POLA1_-_24712065.23-P1P2__ENSG00000101868
GGGCTGTAGCCGGAGTGGAG	EGLN2_-_41284213.23-P2__ENSG00000269858;RAB4B_-_41284213.23-P1P2__ENSG00000167578
GGGCTGTCAGCCGGCCTAGG	NOMO3_-_16326444.23-P1P2__ENSG00000103226
GGGCTGTCCGGACGGTGCAG	COPS8_-_237994589.23-P1P2__ENSG00000198612
GGGCTGTCTAGACCCACCCA	EXOC8_-_231473564.23-P1P2__ENSG00000116903
GGGCTGTGCTGGGTCCGCTA	WRB_+_40752275.23-P1P2__ENSG00000182093
GGGCTGTTGCAGCTGATGGG	CCNK_+_99969115.23-P2__ENSG00000090061
GGGCTGTTTGGGGCCGGGGT	PGAM5_-_133287684.23-P1P2__ENSG00000247077
GGGCTGTTTTGGGGCGACGG	WDR54_+_74649083.23-P1P2__ENSG00000005448
GGGCTTACAGTGGCGGGAGT	DTL_-_212209126.23-P1P2__ENSG00000143476
GGGCTTACCAGCGCAGCGGC	HIST2H3A_+_149824178.23-P1P2__ENSG00000203852
GGGCTTCACGAAGGTGCTGG	NDUFA6_-_42486713.23-P1P2__ENSG00000184983
GGGCTTCCTACTCTAAACCA	COPZ1_+_54719129.23-P1__ENSG00000111481
GGGCTTCCTAGGGGGATACG	TAF2_-_120844853.23-P1P2__ENSG00000064313
GGGCTTCGGCGGAACCCGAG	BRF1_-_105767306.23-P1P2__ENSG00000185024
GGGCTTGCCTGTATAGGGTT	UQCRB_+_97247539.23-P1P2__ENSG00000156467
GGGCTTGGTAGGACTGCGGA	ESF1_+_13765524.23-P1__ENSG00000089048
GGGGAACAGACGGATCGGCA	INTS12_+_106629806.23-P1P2__ENSG00000138785
GGGGAACCGGGATCCCTCTC	TLCD1_-_27053186.23-P1P2__ENSG00000160606
GGGGAACGCTCAGGAGCCGG	BCAR1_+_75299843.23-P2__ENSG00000050820
GGGGAACGGCTTGTGGAGAG	MTBP_-_121457873.23-P1P2__ENSG00000172167
GGGGAAGCGCTCACTTACCG	EXOSC1_-_99205715.23-P1P2__ENSG00000171311
GGGGAAGCGTCGCGCCGGAA	non-targeting_00060
GGGGAAGGTGACATATACAG	RPL4_+_66797200.23-P1P2__ENSG00000174444
GGGGACATCCCAGAGACTCT	RPP30_+_92631924.23-P1P2__ENSG00000148688
GGGGACCCGGACGGAGGTAG	NDUFB10_-_2009580.23-P1P2__ENSG00000140990
GGGGACCGGAGAACCAGGAC	ATP6V0D1_-_67515028.23-P1P2__ENSG00000159720
GGGGACGATGATGATTGGTA	WBP1_-_74685547.23-P1P2__ENSG00000239779
GGGGACGCCGGCTGACTGGT	NPB_+_79860130.23-P1P2__ENSG00000183979
GGGGACGGTTGAGCCTTGGG	TIMM9_-_58893843.23-P1P2__ENSG00000100575
GGGGACGTTGTCTGCAGGTA	RPL34_-_109541761.23-P1P2__ENSG00000109475
GGGGACTACCCTAGGTGAAA	RAD17_+_68665692.23-P1P2__ENSG00000152942
GGGGAGAAGCAGAACACCGG	CCNB1_+_68463036.23-P1P2__ENSG00000134057
GGGGAGAGTAGTCTGCCGGA	RPAP2_+_92764606.23-P1P2__ENSG00000122484
GGGGAGCAGGAAAACTCTAG	TAF6_-_99716931.23-P1P2__ENSG00000106290
GGGGAGCCCAAGCGCATCCC	NSMCE1_-_27280049.23-P1P2__ENSG00000169189
GGGGAGGAAGCGACCAGGTC	CSNK2B_-_31634088.23-P1P2__ENSG00000204435
GGGGAGGCACCTCGGAGATC	LAMTOR2_-_156024648.23-P1P2__ENSG00000116586
GGGGAGGGCGGGGAAATAAG	FARS2_-_5261304.23-P1P2__ENSG00000145982
GGGGAGGGTGGTGTACGTGA	HSPD1_+_198364183.23-P1P2__ENSG00000144381
GGGGAGGTCCCATCTTTCCT	NCAPH_+_97001557.23-P1P2__ENSG00000121152
GGGGAGTAAGCCACTGCCGG	THOC5_-_29949705.23-P1P2__ENSG00000100296
GGGGAGTCTCAGTCCTGTGT	UBA52_-_18684292.23-P2__ENSG00000221983
GGGGAGTGGAACCTCGATAT	MTHFD1_-_64855109.23-P1P2__ENSG00000100714
GGGGAGTTGGGCTCGTTACG	PCBP1_+_70314830.23-P1P2__ENSG00000169564
GGGGATACCTAACCCCCGAC	non-targeting_03218
GGGGATCTTGAGCCCCTCTG	IRF2BP2_-_234743498.23-P2__ENSG00000168264
GGGGATGCTGAAAAGCAACG	MED29_-_39882017.23-P1P2__ENSG00000063322
GGGGATGGCACAGGATGTTG	NXF1_-_62566496.23-P2__ENSG00000162231
GGGGATGTAAGCGCGGAGGT	MEN1_+_64577980.23-P1P2__ENSG00000133895
GGGGATGTCACAGAACGCCG	TRAPPC11_+_184580504.23-P1P2__ENSG00000168538
GGGGATTAGCCTGAGAGGTC	SASS6_-_100598444.23-P1P2__ENSG00000156876
GGGGCAAGAGCTGGTAACCC	KIF20A_+_137514914.23-P1P2__ENSG00000112984
GGGGCAAGGGAAGCTAGTAG	TINF2_+_24711839.23-P1P2__ENSG00000092330
GGGGCACCCGCGGCTCCCCA	non-targeting_02721
GGGGCACGCGCGCGTCTGAT	non-targeting_00553
GGGGCAGAGCCCGGCTGAGA	SNRNP25_-_103898.23-P1P2__ENSG00000161981
GGGGCAGCCCCGGTAGCTGA	CUL1_-_148396020.23-P1P2__ENSG00000055130
GGGGCAGCGCGGGGTCGCCA	FAM136A_+_70529139.23-P1P2__ENSG00000035141
GGGGCAGGGCGGGTACTCAC	TMEM214_+_27256031.23-P1P2__ENSG00000119777
GGGGCCAGCAGCCGTCTACC	GMPPB_+_49761355.23-P1P2__ENSG00000173540
GGGGCCAGCAGCTCTGCGAG	HHEX_-_94449724.23-P1P2__ENSG00000152804
GGGGCCAGGGAAGCCGTACC	CHAF1B_+_37757745.23-P1P2__ENSG00000159259
GGGGCCAGTGATCCGCGTCA	DNAJC11_-_6761928.23-P1P2__ENSG00000007923
GGGGCCATGGCGGAGGAGCA	ALG2_+_101984159.23-P1P2__ENSG00000119523
GGGGCCCAGACGCCGCCCTG	non-targeting_02307
GGGGCCCAGCCGGCGACGGG	EIF1AX_+_20159985.23-P1P2__ENSG00000173674
GGGGCCCGCGGCTCTGCAGT	DDN_+_49393144.23-P1P2__ENSG00000181418
GGGGCCCGCTTGCGATACTC	non-targeting_02989
GGGGCCCTATTGGAACACCG	non-targeting_00845
GGGGCCCTGCCAGACGCACA	GTF3C5_-_135906397.23-P1P2__ENSG00000148308
GGGGCCCTGGACCTACTCCG	MRPL15_-_55047895.23-P1P2__ENSG00000137547
GGGGCCGAGAGCCAGCGTAG	HNRNPH1_-_179050392.23-P1P2__ENSG00000169045
GGGGCCGCTGGCCGGTGAGG	SETD1A_-_30969713.23-P1P2__ENSG00000099381
GGGGCCGGGGCGGTAAGAGT	PDCD6_+_271842.23-P1P2__ENSG00000249915
GGGGCCTAGACCACCAACCC	CHMP1A_+_89723672.23-P1P2__ENSG00000131165
GGGGCCTAGTGTGGGGCTGA	STX18_+_4543702.23-P1P2__ENSG00000168818
GGGGCCTCCATGCGGCAGAA	NUP205_-_135242670.23-P1P2__ENSG00000155561
GGGGCCTCGGCGCTGACCAG	NDUFS3_-_47600710.23-P1P2__ENSG00000213619
GGGGCCTGAAGCGGCGGTAC	MTOR_+_11322541.23-P1P2__ENSG00000198793
GGGGCCTGAGGGGGACCGGG	MED28_+_17616313.23-P1P2__ENSG00000118579
GGGGCGAGCGAGGAGGATGG	SHOC2_-_112679397.23-P1P2__ENSG00000108061
GGGGCGAGCGCTGACATAAG	NDUFA2_-_140027105.23-P1P2__ENSG00000131495
GGGGCGCAGCGGCGTCAAGA	KLHL11_+_40021619.23-P1P2__ENSG00000178502
GGGGCGCAGCGGGGTCGCTG	POLR2F_-_38349783.23-P1P2__ENSG00000100142
GGGGCGCCAAGCGGTAGGTA	ADNP2_-_77867365.23-P1P2__ENSG00000101544
GGGGCGCGCGCCAACCGGGA	CDCA5_-_64851512.23-P1P2__ENSG00000146670
GGGGCGCGCGCCGCTCAGAG	TRNT1_-_3168701.23-P1P2__ENSG00000072756
GGGGCGCTCTCTCCCGGTGT	KIF18B_+_43025067.23-P1P2__ENSG00000186185
GGGGCGCTGGAAACCCTTAC	ANAPC13_-_134204795.23-P1P2__ENSG00000129055
GGGGCGGACCTAGCTTCCCA	SNUPN_+_75918062.23-P1P2__ENSG00000169371
GGGGCGGCGCAGAGCGTTCT	HS6ST1_+_129076429.23-P1P2__ENSG00000136720
GGGGCGGCTGGCACAAACGG	EGLN2_-_41305141.23-P1__ENSG00000269858
GGGGCGGGAGGCTCTCGGGA	EP400_-_132434629.23-P1P2__ENSG00000183495
GGGGCGGGCGGACAGACTGC	ATP6V0B_-_44440640.23-P1P2__ENSG00000117410
GGGGCGGGGAGTGAAGACCC	CYCS_+_25164679.23-P1P2__ENSG00000172115
GGGGCGGTGGACAGTCATGG	DTYMK_+_242626191.23-P1P2__ENSG00000168393
GGGGCGGTGTCAGGTCCCGG	CHMP1A_-_89724068.23-P1P2__ENSG00000131165
GGGGCGGTTCAGACTCAGGG	DDX23_+_49245865.23-P1P2__ENSG00000174243
GGGGCGTCCGGAACAGTCGA	PKMYT1_+_3030383.23-P1P2__ENSG00000127564
GGGGCGTGCCAGTTTATAAA	TXN_+_113018808.23-P1P2__ENSG00000136810
GGGGCTCGGCGCGATGGAGG	EXOSC5_+_41903223.23-P1P2__ENSG00000077348
GGGGCTCTCATAGTGCTGGA	DTYMK_+_242626160.23-P1P2__ENSG00000168393
GGGGCTGCAGGCCGCTACCA	NCAPD3_-_134093802.23-P1P2__ENSG00000151503
GGGGCTGCTGGGACTCGCGT	SRP9_-_225965560.23-P1P2__ENSG00000143742
GGGGCTGGAGCAGACTTAGA	HIST1H2BB_-_26043875.23-P1P2__ENSG00000276410
GGGGCTGGCAGAGGCGAGGG	CDIPT_+_29874410.23-P1P2__ENSG00000103502
GGGGCTGGCGAGTGGATTCA	ALDOA_+_30077177.23-P1P2__ENSG00000149925
GGGGGAAACGAAACTGAGGG	CMTR1_-_37401070.23-P1P2__ENSG00000137200
GGGGGACGGCGGGGACAGAA	WDR1_-_10117920.23-P1P2__ENSG00000071127
GGGGGAGCTCCCTACCAGAT	LAMTOR4_+_99746556.23-P1P2__ENSG00000188186
GGGGGATCTACAGCAGCCAA	MRPL18_-_160211527.23-P1P2__ENSG00000112110
GGGGGATTCACGGGTCAATG	non-targeting_00863
GGGGGCAGAGGTGGAGGCAT	SF3A1_-_30736749.23-P2__ENSG00000099995
GGGGGCCAGGAGAGCCGCAA	CLTC_+_57697290.23-P1P2__ENSG00000141367
GGGGGCCCCGAGAACTCCAA	LENG8_+_54960715.23-P1P2__ENSG00000167615
GGGGGCCGCACAGGACGGGA	CNN2_+_1026615.23-P1P2__ENSG00000064666
GGGGGCCGCGAAGTTGGAGA	POP4_-_30097259.23-P1P2__ENSG00000105171
GGGGGCCGGGAAGACGCAAG	ACTR2_-_65454971.23-P1P2__ENSG00000138071
GGGGGCGGAAGCACGATCTC	EFTUD2_+_42976772.23-P1P2__ENSG00000108883
GGGGGCTCCGGCAGCGGACG	USP7_-_9057709.23-P1P2__ENSG00000187555
GGGGGCTGCGAGAGTGACCG	PDCD5_-_33072142.23-P1P2__ENSG00000105185
GGGGGCTTACGTGACCCGGG	LSM5_+_32534880.23-P2__ENSG00000106355
GGGGGCTTGCCTGAAGCGAG	CCNK_-_99947816.23-P1__ENSG00000090061
GGGGGCTTTAGGACGTGAGC	SPTSSA_+_34931459.23-P1P2__ENSG00000165389
GGGGGGCTCTCACCGAGCGG	RBBP6_+_24550948.23-P1P2__ENSG00000122257
GGGGGGGAAACGCATGAGGC	ZC3H4_-_47615493.23-P1__ENSG00000130749
GGGGGTACCACGAGGTGCAT	non-targeting_01376
GGGGGTATGCGGAACCCGGT	INTS8_+_95835564.23-P1P2__ENSG00000164941
GGGGGTCCCCGAGGAACTTA	TONSL_-_145669773.23-P1P2__ENSG00000160949
GGGGTCATCGGAGAAGCCCG	DENR_+_123237807.23-P1P2__ENSG00000139726
GGGGTCCCGGGCTAAGGCGG	DCTN2_-_57940946.23-P1P2__ENSG00000175203
GGGGTCCTAGCAGGAAAGAC	CYP2A13_-_41594703.23-P1P2__ENSG00000197838
GGGGTCGCCGAGCTAACCCG	TRAPPC3_+_36615009.23-P1P2__ENSG00000054116
GGGGTCGGACCGGGTCCCTA	YAE1D1_+_39606256.23-P1P2__ENSG00000241127
GGGGTCGTGCTTCGGGAAAC	FOXL2_+_138665897.23-P1P2__ENSG00000183770
GGGGTCTCAGGGTCAGGTCG	RFC5_-_118454562.23-P1P2__ENSG00000111445
GGGGTCTGCGAAGAGATGGG	UBQLN4_+_156023323.23-P1P2__ENSG00000160803
GGGGTCTTTCGAGAGGAGAG	CA5A_+_87969837.23-P1P2__ENSG00000174990
GGGGTGACAGGGACACAACA	MOK_+_102771461.23-P1P2__ENSG00000080823
GGGGTGAGTTGATGGTATCT	FOLR3_-_71825990.23-P1__ENSG00000110203
GGGGTGCAGACGGGAAGTTG	POLG_+_89878037.23-P1P2__ENSG00000140521
GGGGTGGCGGTGGAAGTTAA	ACTL6A_-_179280784.23-P1P2__ENSG00000136518
GGGGTGGGACACTGCTCTGC	non-targeting_02227
GGGGTGGGAGAGTTCTACGA	AKIRIN2_+_88411936.23-P1P2__ENSG00000135334
GGGGTGGGTAGGGTCTCACC	TRAPPC5_+_7745760.23-P1P2__ENSG00000181029
GGGGTTCTCTATCTAGTCCA	DCTN4_+_150138508.23-P1P2__ENSG00000132912
GGGGTTGAACGTTGCAACTA	USPL1_-_31192127.23-P1P2__ENSG00000132952
GGGTAAAGATGGCGGAGCGC	PSMA2_+_42971742.23-P1P2__ENSG00000106588
GGGTAAATTAGGGAGTTGGT	NDUFB3_-_201936802.23-P1P2__ENSG00000119013
GGGTAAGCCGCGAGGAGGAA	TFPT_+_54618985.23-P1P2__ENSG00000105619
GGGTACAGCGGCGGTTTCTG	DDX24_+_94547508.23-P1P2__ENSG00000089737
GGGTACAGGCCTGGAGCTAG	CDC26_+_116037488.23-P1P2__ENSG00000176386
GGGTACCGCGTCTGCAGGTC	DBF4_+_87505889.23-P1P2__ENSG00000006634
GGGTACCGTGAATCGGGGAA	SARNP_+_56211428.23-P1P2__ENSG00000205323
GGGTACTTGGTGAATCCTAT	DHODH_-_72049691.23-P2__ENSG00000102967
GGGTAGAGTTGTAGCCGAGG	SACM1L_-_45730905.23-P1P2__ENSG00000211456
GGGTAGCAAAGCCGAGCTCT	SEC62_-_169684666.23-P1P2__ENSG00000008952
GGGTAGCGGCGGCGGGAAAT	SNRPB_+_2451405.23-P1P2__ENSG00000125835
GGGTAGGAAGGAGCGCACCG	MRPS18A_-_43655340.23-P1P2__ENSG00000096080
GGGTAGTGAAGAAGGGTCGG	TMEM214_-_27255939.23-P1P2__ENSG00000119777
GGGTATAGGGGAAGCGCTCC	PSMA3_-_58711601.23-P1P2__ENSG00000100567
GGGTCAATGAGAGGACTAAG	PFDN5_+_53689579.23-P1P2__ENSG00000123349
GGGTCACATAGCCAACCTCC	SNAPC5_-_66790097.23-P1P2__ENSG00000174446
GGGTCACTGTGCAGGCGCTT	RFC5_-_118454586.23-P1P2__ENSG00000111445
GGGTCAGTCAATCCCAGCAG	WDR24_-_740033.23-P1P2__ENSG00000127580
GGGTCCAGACTCACCCGTAG	ELOVL1_-_43833593.23-P1P2__ENSG00000066322
GGGTCCAGGTGGAGGTCTTG	MRPL37_-_54665902.23-P1P2__ENSG00000116221
GGGTCCCAGACTCAGCCCTA	XRCC2_-_152373149.23-P1P2__ENSG00000196584
GGGTCCCGTTCACTAAAGGC	TUBA3D_+_132233982.23-ENST00000321253.6__ENSG00000075886
GGGTCCCTGTAGAACCACTG	COPG1_-_128968486.23-P1__ENSG00000181789
GGGTCCGGCGTGGTTCAGGC	GNL2_+_38061508.23-P1P2__ENSG00000134697
GGGTCCGGTAAGTATCGAGG	ALG14_+_95538302.23-P1P2__ENSG00000172339
GGGTCCGGTGAGTAAGTGAG	CPAMD8_+_17137774.23-ENST00000443236.1__ENSG00000160111
GGGTCCTCGGAGACACGCGG	IMPDH2_+_49066798.23-P1P2__ENSG00000178035
GGGTCGACGGTGGCCGATAG	CARF_-_203776953.23-P1P2__ENSG00000138380;WDR12_-_203776953.23-P1P2__ENSG00000138442
GGGTCGCCGGCTGCTTACGT	STX18_+_4543725.23-P1P2__ENSG00000168818
GGGTCGGCGATATGGAAGAT	PHAX_-_125936686.23-P1__ENSG00000164902
GGGTCGGCGGGGCACAACTG	KDELC2_-_108369114.23-P1P2__ENSG00000178202
GGGTCGGGCCTTGAGGTGGA	HAUS8_+_17186239.23-P1P2__ENSG00000131351
GGGTCGGGCGCTCCTGAGGT	CACTIN_-_3626555.23-P1P2__ENSG00000105298
GGGTCGGTCCGTCACAGAGG	PSMA4_+_78833014.23-P1P2__ENSG00000041357
GGGTCGTCTAAACGCACAGA	non-targeting_03192
GGGTCTCTGACGTGGAGAGA	NAPG_+_10526066.23-P1P2__ENSG00000134265
GGGTCTGAAAGGGAGTGTTC	PRPF4_-_116037989.23-P1P2__ENSG00000136875
GGGTCTGGCGCGGAAAACGA	ESPL1_-_53662083.23-P1P2__ENSG00000135476
GGGTCTGGTGGGTCGAGGAA	BRIP1_+_59940833.23-P1P2__ENSG00000136492
GGGTCTGTCACCGAACACGT	FAM72D_-_143913113.23-ENST00000400889.1__ENSG00000215784
GGGTCTTGGCGAACGGTCTT	NAA20_-_19998023.23-P1P2__ENSG00000173418
GGGTCTTGGTGGTTTCGCCG	MRPL32_-_42972023.23-P1P2__ENSG00000106591
GGGTGAGCGCTACACGGTCG	DEPDC5_-_32150002.23-P1P2__ENSG00000100150
GGGTGAGGAGCTGGTGGCGT	UBL5_-_9938639.23-P1P2__ENSG00000198258
GGGTGAGGCGGTCCGCGAAG	CCDC59_+_82752125.23-P1P2__ENSG00000133773
GGGTGAGTGAGAGAGTTGGT	SRSF3_-_36562179.23-P1P2__ENSG00000112081
GGGTGCAGCAGCCGTCTGAG	COG4_+_70557377.23-P1P2__ENSG00000103051
GGGTGCCGGTGGAGTCGTGT	PSMA5_+_109968996.23-P1P2__ENSG00000143106
GGGTGCCTCAGAAGACCCTC	MED17_+_93517550.23-P1P2__ENSG00000042429
GGGTGCGCTGCAGCGGTCTG	TSEN34_-_54695166.23-P1P2__ENSG00000170892
GGGTGCGGCGAGGGAGTTCC	ECT2_+_172468782.23-P1P2__ENSG00000114346
GGGTGCGTGGCGGAAGTTAA	GON4L_+_155826818.23-P1__ENSG00000116580
GGGTGCTAACCTCCCTCACG	TBL3_-_2022111.23-P1P2__ENSG00000183751
GGGTGCTCGAGCACGCTGGT	NOL10_+_10830023.23-P1P2__ENSG00000115761
GGGTGCTGCAGGGCCACCGG	PLA2G10_-_14788129.23-ENST00000438167.3__ENSG00000069764
GGGTGCTGCGAGCAGGTCTG	LSM2_-_31774599.23-P1P2__ENSG00000204392
GGGTGGAGCAGAGCCGGAAG	WBP1L_-_104503694.23-P1P2__ENSG00000166272
GGGTGGAGGAACAGCACCGA	ALG2_-_101984133.23-P1P2__ENSG00000119523
GGGTGGAGGAACCGCTCCGG	FBXO5_-_153304140.23-P1P2__ENSG00000112029
GGGTGGCGACAGTGCTATGA	PHAX_-_125939291.23-P2__ENSG00000164902
GGGTGGCGATTGGACTTGGT	CHMP6_-_78965692.23-P1P2__ENSG00000176108
GGGTGGCGCTCTCCGTTCGG	PCID2_+_113862955.23-P1__ENSG00000126226
GGGTGGCTCCGGAACGGTAA	TAF8_-_42018330.23-P1P2__ENSG00000137413
GGGTGGCTCGCGCAGCTTGT	GTF2A1_+_81687253.23-P1P2__ENSG00000165417
GGGTGGCTGAGAAGGCAGCG	TMED2_-_124069112.23-P1P2__ENSG00000086598
GGGTGGCTGCATAGTCTTGG	MRPS17_-_56019620.23-P1P2__ENSG00000239789
GGGTGGCTGGCTCAGAAAAA	GAPDH_-_6647239.23-P2__ENSG00000111640
GGGTGGGGCAGGCGACGGTG	DERL2_+_5389484.23-P1P2__ENSG00000072849
GGGTGGGGGTACAAGAGAAG	PRDM8_+_81104954.23-P2__ENSG00000152784
GGGTGGGTCGGTAGTAGCGA	DCTN3_+_34620457.23-P1P2__ENSG00000137100
GGGTGTCAGGCTCTCGGTGG	SP2_-_45973616.23-P1P2__ENSG00000167182
GGGTGTCAGTACCTGCGCTG	SRP72_-_57333845.23-P1P2__ENSG00000174780
GGGTGTCTCAGAGAGGCTTG	SDE2_+_226187030.23-P1P2__ENSG00000143751
GGGTGTCTGAGTGCTCCGCG	RARS_-_167913535.23-P1P2__ENSG00000113643
GGGTGTGCAGGCCCTAGGAG	FAM58A_+_152864198.23-P1P2__ENSG00000262919
GGGTGTGTAAAGTAGTATGG	CRLS1_-_5986777.23-P1P2__ENSG00000088766
GGGTGTTGCCGAGTGCGAGG	POLR1E_-_37486076.23-P1P2__ENSG00000137054
GGGTGTTGTTTCCCTCACAC	KDM2A_+_66886784.23-P1P2__ENSG00000173120
GGGTTAAGCAGCAGTAGGCG	LTB4R2_+_24779396.23-P1P2__ENSG00000213906
GGGTTAGAACCGAGGATCAA	ALG1_+_5122098.23-P1P2__ENSG00000033011
GGGTTCCCGCGGCGAGCCAG	C18orf21_-_33552676.23-P1P2__ENSG00000141428
GGGTTCCGGCCGCACCGTGT	DHX15_+_24586128.23-P1P2__ENSG00000109606
GGGTTCCGGGTCCCAAGATT	NR2C2AP_+_19314199.23-P1P2__ENSG00000184162
GGGTTCCTGAGCGGATGCTG	MBTPS2_-_21857766.23-P1P2__ENSG00000012174
GGGTTCCTGGACGGACACTA	EIF3E_+_109260706.23-P1P2__ENSG00000104408
GGGTTCTCCCGGAGGCAGAC	WDR25_+_100842799.23-P1P2__ENSG00000176473
GGGTTCTCGTCCCCTCACCC	FBXO42_+_16678481.23-P1P2__ENSG00000037637
GGGTTCTGACAGTAAATCTA	KAT8_+_31141331.23-P2__ENSG00000103510
GGGTTGAGCCTTGGGAGGGA	TIMM9_-_58893848.23-P1P2__ENSG00000100575
GGGTTGAGTTGCGGCGAAGG	ZNF292_-_87865358.23-P1P2__ENSG00000188994
GGGTTGCCTGAGGACCTACC	MRPS31_-_41345123.23-P1P2__ENSG00000102738
GGGTTGGAGCCCAGGTGAGA	NMD3_-_160939520.23-P1P2__ENSG00000169251
GGGTTGGATTTCATCCTCAT	OR2T29_+_248722733.23-ENST00000328570.3__ENSG00000182783
GGGTTGTGTACGGTCCGCAG	ORC4_+_148778281.23-P1P2__ENSG00000115947
GGGTTTGGTACCGAGCGGAG	SLC39A10_-_196521978.23-P1P2__ENSG00000196950
GGTAACGCCCCAGCAGTCCG	DPH3_-_16306427.23-P1P2__ENSG00000154813
GGTAAGACACAGTACAAACG	HIST2H2BE_-_149858212.23-P1P2__ENSG00000184678
GGTAAGCGGATTGGGAACCA	RPL24_-_101405503.23-P1P2__ENSG00000114391
GGTAAGGACAGGAACCGCCG	RMI1_+_86595732.23-P1P2__ENSG00000178966
GGTAAGGCCGGGCCTCGGAG	SERPINB1_+_2842023.23-P1P2__ENSG00000021355
GGTAAGTGCGTGTGCAGAGG	SUPT5H_-_39936298.23-P1P2__ENSG00000196235
GGTAAGTTGAAGCGGGTCAG	EFTUD2_+_42976714.23-P1P2__ENSG00000108883
GGTAAGTTTGCTGGCTCTGG	EEF1G_+_62341280.23-P1P2__ENSG00000254772
GGTACAAGTGCCCACAAGTG	non-targeting_00289
GGTACACCGAGGAACAGCCA	WDR61_-_78591737.23-P1P2__ENSG00000140395
GGTACACGAACGGCACCGGG	non-targeting_03135
GGTACACGCGCGCTGCGGCA	TSR1_+_2239717.23-P1__ENSG00000167721
GGTACACGGAATCCCAACGC	RPL41_+_56510460.23-P1P2__ENSG00000229117
GGTACAGATCACCGCACAGG	FAM103A1_+_83655189.23-P1P2__ENSG00000169612
GGTACCAACGCAAAAGGACA	NDUFB6_-_32573089.23-P1P2__ENSG00000165264
GGTACCGGCCCGCAGAGGGA	C7orf49_+_134855108.23-P1P2__ENSG00000122783
GGTACCGGCGGTCGTCGGGT	MSRB1_+_1993208.23-P1P2__ENSG00000198736
GGTACCTAAGTTCCCGCTGT	PIK3C3_-_39535233.23-P1P2__ENSG00000078142
GGTACCTGCTGTAGTCACGA	SNRPF_-_96252795.23-P1P2__ENSG00000139343
GGTACGCGCCGGCATCTCGG	DNMT1_-_10305582.23-P1P2__ENSG00000130816
GGTACGCGTGGGCCCTGACG	IMP3_+_75932082.23-P1P2__ENSG00000177971
GGTACGGGATCGGAGCGAAG	TOMM22_-_39078185.23-P1P2__ENSG00000100216
GGTACTCTAGAAAGAACCCT	POT1_-_124569870.23-P1P2__ENSG00000128513
GGTACTGAGCGCGCGAGGTG	MRPS21_-_150266323.23-P1P2__ENSG00000266472
GGTACTGCACCCTTCACACG	PHB2_-_7079800.23-P1P2__ENSG00000215021
GGTACTGGGACAGTTGGGTA	MRPL22_-_154320703.23-P1P2__ENSG00000082515
GGTAGACGCGCGGGGTCCCA	HSPA14_-_14880699.23-P1P2__ENSG00000284024
GGTAGAGCGGCATGGTAGTA	ACTR10_+_58666925.23-P1P2__ENSG00000131966
GGTAGAGGCCGAAAGAGGCA	NDUFAF5_+_13766054.23-P1P2__ENSG00000101247
GGTAGAGTATGGGGTCCGAG	XRCC1_-_44079668.23-P1P2__ENSG00000073050
GGTAGCCGTAGAGGGTGAGT	EXOC3_-_443413.23-P1P2__ENSG00000180104
GGTAGCGCCAATCTAGGCAG	BGLAP_-_156182840.23-P1P2__ENSG00000242252
GGTAGCGCCAGGGGACAACG	SLMO2_-_57617833.23-P1P2__ENSG00000101166
GGTAGCGGCCCGACAGACCA	UQCRC1_-_48647042.23-P1__ENSG00000010256
GGTAGCGTACTCATCCTCCC	NOL12_+_38082332.23-P1P2__ENSG00000273899
GGTAGCGTGTGGCCTCCACC	POLG_-_89878016.23-P1P2__ENSG00000140521
GGTAGCTGCTTCTCGACAGA	BUD31_+_99006585.23-P1P2__ENSG00000106245
GGTAGGCCCTACCTGGAAGA	RPL21_+_27825711.23-P1P2__ENSG00000122026
GGTAGGCCCTGGGAGAACTC	POLR3K_-_103144.23-P1P2__ENSG00000161980
GGTAGGCGCGGCTGACCGGT	DERL2_-_5389442.23-P1P2__ENSG00000072849
GGTAGGCGCTTCAGGCTTAG	DEPDC5_-_32150032.23-P1P2__ENSG00000100150
GGTAGGCTGCAGGCTCGGGG	ACTR1B_+_98280464.23-P1P2__ENSG00000115073
GGTAGGGCAGAGGCACCGGA	COX17_-_119395995.23-P1P2__ENSG00000138495
GGTAGGGCCCTGGACCCGCG	UXS1_+_106810706.23-P1P2__ENSG00000115652
GGTAGGGCGCATTACAGCGA	ZNHIT2_-_64885059.23-P1P2__ENSG00000174276
GGTAGGGGCCAGGCGGGCAA	ELOVL1_-_43833608.23-P1P2__ENSG00000066322
GGTAGGTGTTGTGTCTGAGG	ZMAT2_-_140080084.23-P1__ENSG00000146007
GGTAGTGCCGCCGGGACTCT	SRSF7_+_38978481.23-P1P2__ENSG00000115875
GGTAGTGGCGGAGAGGATCG	MCM2_-_127317301.23-P1P2__ENSG00000073111
GGTAGTGTTGCCGCGAGTAC	ELP4_-_31531374.23-P1P2__ENSG00000109911
GGTATATAACCGAGCGGCAG	non-targeting_02363
GGTATCAAGGAATCCCGGCG	PRMT5_+_23398587.23-P1__ENSG00000100462
GGTATCACCGTGCCCCGGGA	CCNL1_+_156877490.23-P1P2__ENSG00000163660
GGTATCTGGGACGAAAGCTC	RRN3_+_15187953.23-P1P2__ENSG00000085721
GGTATTGGAGCTGAAGGCGG	COG3_-_46039318.23-P1P2__ENSG00000136152
GGTCAAGCAGCGGCCAATCA	KATNB1_-_57769699.23-P1P2__ENSG00000140854
GGTCACCAGGACCCCTTCTG	ALDOA_+_30077139.23-P1P2__ENSG00000149925
GGTCACGTAGGTTCAGTGGG	GUK1_-_228327987.23-P1P2__ENSG00000143774
GGTCACTCACTGGGCCATGG	PGD_+_10459169.23-P1P2__ENSG00000142657
GGTCAGCAAGAAGTTCGTGT	PPP1CA_-_67188663.23-P2__ENSG00000172531
GGTCAGCCGCTGTCTGTTAC	MSTO1_-_155582441.23-P1P2__ENSG00000125459
GGTCAGGGTCCGCCAGCTCG	CEP68_-_65283603.23-P1P2__ENSG00000011523
GGTCAGGTAGAGGGATTGAG	non-targeting_00004
GGTCAGGTATGTGCAGATGA	WBP11_+_14946647.23-P2__ENSG00000084463
GGTCCAATGGAGCGAGGCGT	SRP9_-_225965515.23-P1P2__ENSG00000143742
GGTCCAGGCTCTCCGGTCGC	DGCR8_+_20067792.23-P1P2__ENSG00000128191
GGTCCAGGTAGCTACAGCAG	EXOSC7_-_45017841.23-P1P2__ENSG00000075914
GGTCCAGTTCTCCGGCCTGG	ATRIP_-_48488199.23-P1P2__ENSG00000164053
GGTCCATACGGCGTTGTTCT	RPSA_-_39448255.23-P1P2__ENSG00000168028
GGTCCCAAGTGCTCGGTGGG	TUBB_+_30689505.23-P2__ENSG00000196230
GGTCCCAGCTACCGCGAAGA	FAU_-_64889592.23-P1P2__ENSG00000149806
GGTCCCAGGGTCGGGAGTCA	PGPEP1_-_18451728.23-P1P2__ENSG00000130517
GGTCCCCCGGGCGACAGCGG	BAG6_+_31620398.23-P1P2__ENSG00000204463
GGTCCCCCTCACGTCCGGCT	CUL3_-_225449997.23-P1P2__ENSG00000036257
GGTCCCCGCCTGCCGCACCA	TKT_+_53289954.23-P1__ENSG00000163931
GGTCCCGCGAGTGAGCAGTG	DHODH_-_72042709.23-P1__ENSG00000102967
GGTCCCGCGCCGGTCCCGGT	GART_+_34914420.23-P1P2__ENSG00000159131
GGTCCCGGGAACGGCGCTCA	non-targeting_01160
GGTCCCGGGTGCTTCCCCTA	NUP107_-_69080973.23-P1P2__ENSG00000111581
GGTCCCGGTCCCGGCGTCAG	CAPZB_-_19811972.23-P1P2__ENSG00000077549
GGTCCCGGTTCCTCTCGAGT	CPSF1_+_145634685.23-P1P2__ENSG00000071894
GGTCCCGTCGCAGACTGTGG	CTU2_+_88772905.23-P1P2__ENSG00000174177
GGTCCGAGCGCGGGAAACGG	NCAPG2_+_158497428.23-P1P2__ENSG00000146918
GGTCCGGACGGGGGACACCG	SH3KBP1_+_19905303.23-P1P2__ENSG00000147010
GGTCCGGGAGCGGCGCTCAG	MEX3A_-_156052213.23-P1P2__ENSG00000254726
GGTCCGGGTCGCGGCAGCAG	HNRNPDL_-_83350544.23-P1P2__ENSG00000152795
GGTCCGTATGACGCTTCTTC	CENPW_+_126661305.23-P1P2__ENSG00000203760
GGTCCTAGTCGGGCACTACT	non-targeting_01428
GGTCCTCGAGTGAGGCGAGG	FBXO42_+_16678568.23-P1P2__ENSG00000037637
GGTCCTGGCACGCCTCGGAG	STAT5A_-_40440847.23-P1P2__ENSG00000126561
GGTCCTGGCGGGGAACTCGG	KEAP1_-_10613269.23-P1P2__ENSG00000079999
GGTCCTGTCTCTCGAGTTGG	C12orf60_-_14956657.23-P1P2__ENSG00000182993
GGTCCTGTTGCCCAAGAAAA	HIST2H2AC_+_149859102.23-P1P2__ENSG00000184260
GGTCCTTGGACTTAGAGAGT	CYCS_+_25164869.23-P1P2__ENSG00000172115
GGTCCTTGGCCACAGTAAAG	EIF3I_+_32688206.23-P1P2__ENSG00000084623
GGTCGACCTGGGGCCTCTCG	PET117_-_18118759.23-P1P2__ENSG00000232838
GGTCGAGCGGGTGCTGCTAG	ING3_-_120590856.23-P1P2__ENSG00000071243
GGTCGAGGTCGCAGACCTAG	TAZ_-_153640125.23-P1P2__ENSG00000102125
GGTCGATGCCGGAGTCAGAG	ZNF335_+_44600782.23-P1P2__ENSG00000198026
GGTCGCAAGGCTCTCCCCCA	EXOC7_-_74099399.23-P1P2__ENSG00000182473
GGTCGCAGGAGTAACCTACT	NUP54_+_77069544.23-P1P2__ENSG00000138750
GGTCGCCATGAACAGTGTGG	TRIAP1_+_120884159.23-P1P2__ENSG00000170855
GGTCGCCGCGGAGAAATTGT	MCRS1_+_49961849.23-P1P2__ENSG00000187778
GGTCGCGATACGCTCCTCAG	CNOT3_-_54641691.23-P1P2__ENSG00000088038
GGTCGCGCAGAGCTGACTCT	AAMP_+_219134851.23-P1P2__ENSG00000127837
GGTCGCGCCGGCAAGAGCAG	PFDN2_+_161087778.23-P1P2__ENSG00000143256
GGTCGCGCGAAGGTTCAGCA	GTF3A_-_27998788.23-P1P2__ENSG00000122034
GGTCGCGGGGCGCACATCTG	RPF1_-_84945270.23-P1P2__ENSG00000117133
GGTCGCTGCGGTGTTGCTGT	IK_-_140027453.23-P1__ENSG00000113141
GGTCGCTGGTTGCTACGAGC	PAK1IP1_-_10695248.23-P1P2__ENSG00000111845
GGTCGGACATCGTGAACCCC	PSMD9_+_122326749.23-P1P2__ENSG00000110801
GGTCGGAGGGATCCGAAGGG	CDC7_+_91966607.23-P1P2__ENSG00000097046
GGTCGGAGTGAGGAGGACGG	MBIP_+_36789486.23-P1P2__ENSG00000151332
GGTCGGAGTTTGAGCCCCGG	PAM16_+_4401248.23-P1P2__ENSG00000217930
GGTCGGCCCGACGCAGGGGG	CIAO1_+_96932066.23-P1P2__ENSG00000144021
GGTCGGCGCCGCGTGCGGGC	PPA1_+_71993121.23-P1P2__ENSG00000180817
GGTCGGCGTGGTCTTGCGAG	EIF3M_-_32605405.23-P1P2__ENSG00000149100
GGTCGGCTGGCGGCGGTGAG	RNF14_-_141348739.23-P1P2__ENSG00000013561
GGTCGGCTGTGTAGACTGTT	TRMT10C_-_101280733.23-P1P2__ENSG00000174173
GGTCGGCTTTTCTACTGCTT	SPATA5_-_123844278.23-P1P2__ENSG00000145375
GGTCGGGACAGGTTGCACGC	MT2A_+_56642522.23-P1P2__ENSG00000125148
GGTCGGGCGCATCACGCGGG	non-targeting_00204
GGTCGGGCTAACAAGCGCAG	EIF2B5_-_183853234.23-P1P2__ENSG00000145191
GGTCGGGGCTGGTTCCCTCG	SLC39A10_-_196522142.23-P1P2__ENSG00000196950
GGTCGGTGGGGAACACACCG	non-targeting_00508
GGTCGTTTCTGTAGCCGTGG	MRPS30_+_44809137.23-P1P2__ENSG00000112996
GGTCTAAGAAGGAGAGTATG	DCAF6_-_167905955.23-P1P2__ENSG00000143164
GGTCTAGTGCCCATTTACTC	PPY_+_42019795.23-P1P2__ENSG00000108849
GGTCTCAGCTGTTCCGCCTG	GPN2_+_27216709.23-P1P2__ENSG00000142751
GGTCTCCAGCGAAAGAGCAA	PSTK_+_124713944.23-P2__ENSG00000179988
GGTCTCCCGCAGGCCCTCGT	CHCHD4_-_14166123.23-P1P2__ENSG00000163528
GGTCTCCCGGCTAGTCGCCC	PSME2_-_24615835.23-P1P2__ENSG00000100911
GGTCTCCGCCTCGCCCAGAA	CDC16_-_115000772.23-P1P2__ENSG00000130177
GGTCTCGCGATAGCCAGCCG	NDUFA11_+_5903777.23-P1P2__ENSG00000174886
GGTCTCTCTCACCATTATCA	WBP11_-_14946707.23-P2__ENSG00000084463
GGTCTGAGGGGGCTTGTAGG	MNAT1_-_61201531.23-P1P2__ENSG00000020426
GGTCTGCAAACTCCGGTGGT	UTP3_-_71554284.23-P1P2__ENSG00000132467
GGTCTGCAACAGCAACCGTG	BRF2_-_37707367.23-P1P2__ENSG00000104221
GGTCTGCTCAAATCTAGGTG	non-targeting_00652
GGTCTGGCCAGGCTCCGACA	INTS2_-_60004971.23-P1P2__ENSG00000108506
GGTCTGGCGTGGAGAGTTTG	MRPL18_-_160211509.23-P1P2__ENSG00000112110
GGTCTGTGTGTGGGACTGAG	BAP1_+_52443980.23-P1P2__ENSG00000163930
GGTCTTAGAAGGACCGTTCG	non-targeting_00619
GGTCTTCATCTATCAGCCCA	SLC25A26_-_66119330.23-ENST00000354883.6__ENSG00000144741
GGTCTTGCCGAGGCCCGGGC	DNM2_-_10828821.23-P1P2__ENSG00000079805
GGTCTTTGGTCGGGTTTCGG	STX5_+_62599500.23-P1P2__ENSG00000162236
GGTGAACGAAGAAGGCGTCC	MCM10_-_13203599.23-P1P2__ENSG00000065328
GGTGAACGGCTGCGCGACAG	RPL18A_-_17970722.23-P1P2__ENSG00000105640
GGTGAAGCCGAATGAAATTG	GPKOW_-_48980022.23-P1P2__ENSG00000068394
GGTGAAGTGCGGAAAACCAG	MCM5_-_35796201.23-P1P2__ENSG00000100297
GGTGAATACCCTGACTCCTA	BGLAP_+_156183115.23-P1P2__ENSG00000242252;PMF1_+_156183115.23-P1P2__ENSG00000160783
GGTGACCCGGCGTGGCTACT	MRPL13_+_121457366.23-P1P2__ENSG00000172172
GGTGACGCGGCGCTGCTCCA	CDT1_+_88870237.23-P1P2__ENSG00000167513
GGTGAGAACCTTGGCGGCTG	NAA30_-_57857341.23-P1P2__ENSG00000139977
GGTGAGAATAGTCATCAGGT	LSM3_+_14220565.23-P1P2__ENSG00000170860
GGTGAGAATTGGCTATATCC	METTL3_+_21979431.23-P1P2__ENSG00000165819
GGTGAGAGCAGCGAGCCCGG	SET_-_131451955.23-P1P2__ENSG00000119335
GGTGAGAGCTGGCGGAGCGG	ANKRD17_+_74124528.23-P1P2__ENSG00000132466
GGTGAGATCAAGCGAAGAGG	THOC2_-_122866493.23-P1P2__ENSG00000125676
GGTGAGCAGCCGGAGGATCG	USP10_-_84733673.23-P1P2__ENSG00000103194
GGTGAGCGGGCGTCGGGAGT	MEPCE_-_100026461.23-P1P2__ENSG00000146834
GGTGAGCGTAGTGGGGAAGA	ARL6IP6_-_153574693.23-P1P2__ENSG00000177917
GGTGAGGACCCCAGCGTCGT	WDR83OS_+_12780145.23-P1P2__ENSG00000105583
GGTGAGGAGAGGCGCCTGAG	NUMA1_+_71791334.23-ENST00000393695.3__ENSG00000137497
GGTGAGGAGGAGTAGCGCTG	RPL7L1_-_42847842.23-P1P2__ENSG00000146223
GGTGAGGCCCGAGGGCCCGC	FAM32A_-_16296348.23-P1P2__ENSG00000105058
GGTGAGGCGGAAGCTGTGTA	CNOT10_-_32726718.23-P1P2__ENSG00000182973
GGTGAGGGCTCTGGCGCCGG	RNF40_-_30773702.23-P1P2__ENSG00000103549
GGTGAGGGGCGGCTTTGAGT	NBEAL1_-_203879821.23-P1P2__ENSG00000144426
GGTGAGTAGGAAACAGCTAG	BET1_-_93633591.23-P1P2__ENSG00000105829
GGTGAGTCGGAGCTCTATGG	EIF4G2_+_10830444.23-P1__ENSG00000110321
GGTGATAGCCAACAGGAACC	SNX15_-_64781624.23-P1__ENSG00000110025
GGTGATTTGGCGGCTCCGAC	KIF11_-_94352939.23-P1P2__ENSG00000138160
GGTGCAAACCCTCCCGATGA	GRB2_-_73401305.23-P1__ENSG00000177885
GGTGCACAGAGGTCCCCGTG	KIAA0947_+_5422874.23-P1P2__ENSG00000164151
GGTGCACGGTGGCCACAGTA	GTF3C2_-_27579430.23-P1P2__ENSG00000115207
GGTGCACGTACTCCCAACTG	POLR2H_-_184081237.23-P1P2__ENSG00000163882
GGTGCAGCCGGCGCATGGGA	POLR2B_+_57845253.23-P1P2__ENSG00000047315
GGTGCAGCGCGCTGTCAGAC	EIF2B1_+_124118187.23-P1P2__ENSG00000111361
GGTGCAGCGCGGCAGAATGA	C1orf131_+_231376880.23-P1P2__ENSG00000143633
GGTGCAGCGGGAGATTCACC	BRK1_-_10157427.23-P1P2__ENSG00000254999
GGTGCAGTCCCCGGTACTGA	RBBP4_-_33117042.23-P1P2__ENSG00000162521
GGTGCAGTCGCTGGGAAGGA	DDX17_+_38902286.23-P1P2__ENSG00000100201
GGTGCATACGGCTGCCGGCA	GTPBP4_-_1034422.23-P1P2__ENSG00000107937
GGTGCATCACGGCCGCGAGA	ZBTB17_-_16302530.23-P1P2__ENSG00000116809
GGTGCATGCCGTGGGTCTGA	SEPHS2_+_30457164.23-P1P2__ENSG00000179918
GGTGCCACAGTGGTTCTACA	COPG1_+_128968468.23-P1__ENSG00000181789
GGTGCCCAGACTGGGAAGGA	SIN3A_-_75743934.23-P1__ENSG00000169375
GGTGCCGGACCATGGCGCAG	C19orf53_-_13885302.23-P1P2__ENSG00000104979
GGTGCCGGCTGCGGAGCGGG	TUBB2A_-_3157719.23-P1P2__ENSG00000137267
GGTGCCTCACTTGTTCGACG	non-targeting_00288
GGTGCCTGACCAGAAGGGTT	RNPC3_+_104068769.23-P1P2__ENSG00000185946
GGTGCCTGCGAAGAGCCACA	LSM7_+_2328574.23-P1P2__ENSG00000130332
GGTGCGACAGCCGTCACTTA	MEMO1_+_32264870.23-P1__ENSG00000162959
GGTGCGCCGGCTGGATGGCT	ACOT12_-_80689897.23-P1P2__ENSG00000172497
GGTGCGGACGCTTTCCCTAC	KIF14_+_200589734.23-P1P2__ENSG00000118193
GGTGCGGCGCGGGATGCTCC	MRPS27_+_71616011.23-P1P2__ENSG00000113048
GGTGCGGGTCCGGGTGAAGC	KLC2_-_66025300.23-P1P2__ENSG00000174996
GGTGCGTCCGCGGCTGATCG	MRPS34_+_1823083.23-P1P2__ENSG00000074071
GGTGCTCATGCTCGCTGCAG	SAP18_-_21714706.23-P1P2__ENSG00000150459
GGTGCTCCGCCGGGAAGATG	FAM207A_-_46359977.23-P1P2__ENSG00000160256
GGTGCTGCCATCCCAGCCAA	NCL_+_232326465.23-P2__ENSG00000115053
GGTGCTGCGCTCCTCTAATT	HMGA1_-_34204692.23-P1P2__ENSG00000137309
GGTGCTTCCGGTGAGCCGAC	non-targeting_00495
GGTGGAAGAACGCTTATGAA	non-targeting_03476
GGTGGAAGTAGCAGCCAGGG	SLC4A5_+_74517447.23-P1__ENSG00000188687
GGTGGAGCTCCATAAGCTAA	SARNP_+_56211448.23-P1P2__ENSG00000205323
GGTGGAGGACACAGCAGCAT	PPAN_-_10217074.23-P1P2__ENSG00000130810
GGTGGATCTAGAGCTGAAGA	PFDN1_+_139682624.23-P1P2__ENSG00000113068
GGTGGATTCCCAGGGACTGT	POLR2G_-_62529083.23-P1P2__ENSG00000168002
GGTGGCAGCGCCCTCTCCCG	TPI1_-_6976921.23-P1P2__ENSG00000111669
GGTGGCAGTGGCGGTGATGT	CAMLG_+_134074264.23-P1P2__ENSG00000164615
GGTGGCAGTTACAGCTACTG	ABCF1_+_30539238.23-P1__ENSG00000204574
GGTGGCCTCCGAGCAGCTCA	MRPL15_-_55047812.23-P1P2__ENSG00000137547
GGTGGCGGAGCCGACTACAG	UBE3D_-_83775212.23-P1P2__ENSG00000118420
GGTGGCGGCGCAGTCTCGGT	VPS72_+_151162601.23-P1P2__ENSG00000163159
GGTGGCGGCGCGGGTGACCA	NAA35_-_88556178.23-P1P2__ENSG00000135040
GGTGGCGGCGGGGAAGATGG	MAP2K7_-_7968835.23-P1P2__ENSG00000076984
GGTGGCTGTTGGCTTGGCGG	CCDC144A_-_16593586.23-P1P2__ENSG00000170160
GGTGGGAAGCGATACTGCCA	VPS25_+_40925514.23-P1P2__ENSG00000131475
GGTGGGAGCGCGGGCGACGG	CPSF3_+_9564024.23-P1P2__ENSG00000119203
GGTGGGCTCTGAACCCTGAA	MRPL28_+_420497.23-P1P2__ENSG00000086504
GGTGGGCTGCGGAATTCTCG	BANP_+_87985096.23-P1P2__ENSG00000172530
GGTGGGGGGTGGAAAATACA	ASUN_-_27090687.23-P1P2__ENSG00000064102
GGTGGGGTGCGGATACTCAC	PUM1_-_31538464.23-P1P2__ENSG00000134644
GGTGGTCCTCCCGTAGGAAC	VPS33A_+_122750997.23-P1P2__ENSG00000139719
GGTGGTCTGGGAACCCACGT	DHX37_+_125473628.23-P1P2__ENSG00000150990
GGTGGTCTTGCGGGAGGCGT	PARS2_+_55230144.23-P1P2__ENSG00000162396
GGTGGTGATACCGGGTACCC	CCDC84_-_118868904.23-P1P2__ENSG00000186166
GGTGGTGCGCTGCCTACTCC	SFPQ_-_35658295.23-P1P2__ENSG00000116560
GGTGGTGGCGGCGACACCGA	RCL1_+_4792990.23-P1P2__ENSG00000120158
GGTGGTTACCAGATCTGCAC	DNTTIP2_+_94344679.23-P1P2__ENSG00000067334
GGTGGTTGCTGTCCGCGGAG	MAD2L1_+_120987919.23-P1P2__ENSG00000164109
GGTGTAAGTGGCCGCGGTCG	RRS1_+_67341681.23-P1P2__ENSG00000179041
GGTGTACAGCGAACCCAAAG	PAK1IP1_+_10695250.23-P1P2__ENSG00000111845
GGTGTCAGTGGCGCTAGCGG	ACTR1A_+_104262449.23-P1P2__ENSG00000138107
GGTGTCTAGGTGAGTCGCGG	HNRNPH1_+_179050622.23-P1P2__ENSG00000169045
GGTGTCTCAAGGCATGACAG	MRPL23_+_1968754.23-P1P2__ENSG00000214026
GGTGTCTCGAAGATGCTCGA	OTOP1_+_4228580.23-P1P2__ENSG00000163982
GGTGTCTCTAGGGTGATACG	RPL38_-_72199874.23-P1P2__ENSG00000172809
GGTGTCTGCACTACAGCGAA	TRAPPC1_+_7835084.23-P1P2__ENSG00000170043
GGTGTGAAACGAGCGCGGGG	RBM15_-_110882113.23-P1P2__ENSG00000162775
GGTGTGAGCCCGGCCCGTGG	AHCTF1_+_247094988.23-P1P2__ENSG00000153207
GGTGTGAGCTGCATCGCGGG	SPTSSA_+_34931416.23-P1P2__ENSG00000165389
GGTGTGCTAGGAGATGATCG	ASUN_+_27090863.23-P1P2__ENSG00000064102
GGTGTGCTTCGCGACCTGTC	NOP9_+_24769138.23-P1P2__ENSG00000196943
GGTGTGGATTCCGCCGGTGA	EIF2B2_-_75469671.23-P1P2__ENSG00000119718
GGTGTGTGTGAAGCGTACCT	NUDCD3_+_44530211.23-P1P2__ENSG00000015676
GGTGTTAGAGAACGTCGCGG	MIS18BP1_+_45722381.23-P1P2__ENSG00000129534
GGTGTTGCTGCGGAGAGGTG	NEDD1_-_97301083.23-P1P2__ENSG00000139350
GGTGTTGGAGAGACCGCTAC	PSMB5_+_23504053.23-P1P2__ENSG00000100804
GGTTAGAAAAGACGAAGAGG	PTEN_+_89623582.23-P1P2__ENSG00000171862
GGTTAGAGCCCGTGCGGAGG	TRA2B_+_185655783.23-P1P2__ENSG00000136527
GGTTAGCCGGGACCCGACTC	CCAR1_-_70481039.23-P1P2__ENSG00000060339
GGTTAGGAAGCCACTATGTC	HIST1H2AE_-_26217209.23-P1P2__ENSG00000277075
GGTTAGGGGTGTACAAGACG	GINS3_+_58426428.23-P1P2__ENSG00000181938
GGTTATCGTGAGGCGGAGCG	HSPA8_+_122933024.23-P1P2__ENSG00000109971
GGTTATGGAGAGACTTACTA	non-targeting_03731
GGTTATTCGGTGAGCGGTGG	PSMA4_-_78832818.23-P1P2__ENSG00000041357
GGTTCAGAGCCCACCGGAAC	MRPL28_-_420527.23-P1P2__ENSG00000086504
GGTTCAGCCAAGGTCACAGA	BANF1_-_65770396.23-P1P2__ENSG00000175334
GGTTCAGCTGTGAACGAAGA	MCM10_-_13203591.23-P1P2__ENSG00000065328
GGTTCCACCATACTCACCCG	EWSR1_+_29664332.23-P1P2__ENSG00000182944
GGTTCCCACTGTCATCGTAC	SEC63_-_108279195.23-P1P2__ENSG00000025796
GGTTCCCGACTCCGGCAAGA	GNB1L_+_19842341.23-P1P2__ENSG00000185838
GGTTCCGCCCGACTCTAACA	ZBTB17_+_16302567.23-P1P2__ENSG00000116809
GGTTCCGTGGGCAAGGCCGT	NUP214_-_134001051.23-P1P2__ENSG00000126883
GGTTCCTGGGAGCGGCGCAG	WDR24_-_740276.23-P1P2__ENSG00000127580
GGTTCGCAACCGACAGAGCG	non-targeting_02191
GGTTCGCCCGCTTCCTTTAT	KRT17_-_39780860.23-P1P2__ENSG00000128422
GGTTCGGATGGCGAAGGATT	RPL6_-_112847347.23-P1P2__ENSG00000089009
GGTTCGGCGACGCGGAGGGA	DPY19L4_-_95732174.23-P1P2__ENSG00000156162
GGTTCGTCAGCTCTCACCCC	HDAC3_-_141016238.23-P1P2__ENSG00000171720
GGTTCTCACCGCTGCTATGG	MRPL39_+_26979780.23-P1P2__ENSG00000154719
GGTTCTCCAGGCCTCACCCG	TUBGCP6_-_50683394.23-P1P2__ENSG00000128159
GGTTCTTCAGGATCTCAGGG	DPH1_+_1936832.23-P2__ENSG00000108963
GGTTGCCCAGCCATTAACAC	SLC25A26_-_66119533.23-ENST00000354883.6__ENSG00000144741
GGTTGCGGCGGGGACTTCAG	KAT8_-_31129050.23-P1__ENSG00000103510
GGTTGCGGGGCATAGACGAG	PXN_+_120703483.23-P1P2__ENSG00000089159
GGTTGCTGCAGTGCATTCGG	ZNF284_-_44576326.23-ENST00000421176.3__ENSG00000186026
GGTTGGAGAGCGAGCAGGTA	SRP14_+_40331287.23-P1P2__ENSG00000140319
GGTTGGCCAAGAGCATGTCG	HYPK_-_44093008.23-P1P2__ENSG00000242028
GGTTGGCCCGGTAGGTCCTC	MRPS31_+_41345107.23-P1P2__ENSG00000102738
GGTTGGGTCAAGCGAGCCCG	non-targeting_02043
GGTTGTCCCACTCCTCTCCG	USP8_+_50716821.23-P1P2__ENSG00000138592
GGTTGTCGGATTTTAGAGGA	FAM103A1_-_83654987.23-P1P2__ENSG00000169612
GGTTGTGAGCCCGCTATCAG	NELFE_+_31926720.23-P1P2__ENSG00000204356
GGTTGTGAGCCGGGTCGCTG	RNF123_-_49727026.23-P1P2__ENSG00000164068
GGTTGTTTGGGCTGTCCCTG	WDR70_-_37379443.23-P1P2__ENSG00000082068
GGTTTGAATGTGAGGCGGAG	CSE1L_-_47662888.23-P1P2__ENSG00000124207
GGTTTGACCTACAGCCGCCC	ATP5O_+_35288072.23-P1P2__ENSG00000241837
GGTTTGGGAGGTAACTGTGG	KDM5C_+_53254327.23-P1P2__ENSG00000126012
GGTTTGTGTCGGCTCGGAGG	MYBBP1A_-_4458722.23-P1P2__ENSG00000132382
GTAAAAGGCCGGCAGAAGGG	FAM213A_-_82168390.23-P1__ENSG00000122378
GTAAACTCATGGTCCTGAAG	non-targeting_03468
GTAAAGCGGAAGGCTCCCCG	CENPW_-_126661477.23-P1P2__ENSG00000203760
GTAAAGTAGTATGGAGGCAG	CRLS1_-_5986783.23-P1P2__ENSG00000088766
GTAAATAGCTGTGAAACTAC	TBC1D3_-_36357846.23-ENST00000537432.1__ENSG00000274611
GTAAATGCTTGTTTACATGT	DNAJA1_-_33027087.23-P2__ENSG00000086061
GTAACAAGCCGCGGCAACAG	PPP6C_-_127952026.23-P1P2__ENSG00000119414
GTAACAGCGGCAGGTAGAGA	METTL14_+_119606842.23-P1P2__ENSG00000145388
GTAACCGAACTGCAGCGCCC	DAD1_-_23057953.23-P1P2__ENSG00000129562
GTAACCTGGATATAGAACCG	KXD1_-_18669142.23-P1P2__ENSG00000105700
GTAACGGATCCCGGGCTGAG	ADSL_-_40742737.23-P1P2__ENSG00000239900
GTAACGGGCAGGCTCGGGAG	TPRKB_+_73964387.23-P1P2__ENSG00000144034
GTAACTCCCCGCGGGACCCA	EXOSC2_-_133569408.23-P1P2__ENSG00000130713
GTAACTCGGAGCCGTTGGGT	PTBP1_-_797442.23-P1P2__ENSG00000011304
GTAACTGAATATTGGATACA	OR4K1_-_20403828.23-ENST00000285600.4__ENSG00000155249
GTAAGAGGCGACGCTGGAGC	CHD4_+_6716555.23-P1P2__ENSG00000111642
GTAAGCAGCTCGGAAAGGTC	NUP155_-_37370958.23-P1P2__ENSG00000113569
GTAAGCCGCCCGGGAGAGAA	EEF1G_-_62341383.23-P1P2__ENSG00000254772
GTAAGCGGCCGGGACGTACT	non-targeting_02458
GTAAGCTCGTGTAACGGCGG	ERH_+_69864986.23-P1P2__ENSG00000100632
GTAAGGAACTTGGCCTTTCA	NANOG_+_7942378.23-P1P2__ENSG00000111704
GTAAGGCGTGAGGCTACGAG	GEMIN5_+_154317734.23-P1P2__ENSG00000082516
GTAAGGGCGACGTTCGGTAA	non-targeting_03719
GTAAGTAAAGCGCCGGAGTG	UNCX_-_1272523.23-P1P2__ENSG00000164853
GTAAGTCCCGTCGGGCTCCA	POLR2I_-_36605759.23-P1P2__ENSG00000105258
GTAAGTCGGCCTTCCCAACA	PFDN5_-_53689354.23-P1P2__ENSG00000123349
GTAAGTGAGGGGACGATCCC	CPAMD8_+_17137763.23-ENST00000443236.1__ENSG00000160111
GTAAGTTGGAGCCGACTCAG	DDX17_+_38902321.23-P1P2__ENSG00000100201
GTAATTCAGAGCGGCGGCGG	CBLN1_+_49315691.23-P1P2__ENSG00000102924
GTACAAGGGGCCCCTACAAG	DDX49_-_19030541.23-P1P2__ENSG00000105671
GTACACGGTTGTGGAGGGTA	RNF103_+_86850932.23-P1P2__ENSG00000239305
GTACAGGACTCACCCCTCCG	SNRNP27_+_70121140.23-P1P2__ENSG00000124380
GTACCAGCCGCCAATTAACG	non-targeting_02520
GTACCAGGCGACTCCGGGAC	RRP1_-_45209489.23-P1P2__ENSG00000160214
GTACCCACAGAGGCCCGCCG	HUS1_+_48019133.23-P1P2__ENSG00000136273
GTACCCACGAGTCCCCGGCA	RPE_+_210867340.23-P1P2__ENSG00000197713
GTACCCAGAGCAGAGGGTGA	BRCA1_-_41277311.23-P1P2__ENSG00000012048
GTACCCCTAGTCAGGGAGAG	USP37_-_219433042.23-P1P2__ENSG00000135913
GTACCCGCGGGCTGCAGAGA	POLR3E_+_22308794.23-P1P2__ENSG00000058600
GTACCCGGCTTATTATTCCG	CDK1_+_62538309.23-P1P2__ENSG00000170312
GTACCGAGAAGGCTAGGGAT	INTS5_-_62420595.23-P1P2__ENSG00000185085
GTACCGCACAATCCAGTTCT	MED24_-_38210631.23-P1P2__ENSG00000008838
GTACCGCGGCGACACAACCC	CTDP1_+_77439863.23-P1P2__ENSG00000060069
GTACCGGAGGAGAAAGATGG	PSMB6_-_4699495.23-P1__ENSG00000142507
GTACCGGCTGCGGGCGATTC	MRPL34_+_17416659.23-P1P2__ENSG00000130312
GTACCTGGGGATCTCACCCG	NCAPD2_+_6603301.23-P1P2__ENSG00000010292
GTACGACCACTCGGTGATGG	non-targeting_01188
GTACGAGCGTTAGAATACGT	non-targeting_03652
GTACGCACCTGAGGCTCTCC	KIF4A_+_69510413.23-P1P2__ENSG00000090889
GTACGCGATCGACAACGGAA	non-targeting_03400
GTACGCGCACCGGAAGACGG	RPS4X_+_71497070.23-P1P2__ENSG00000198034
GTACGGAAGAACCAGGAGTT	FCF1_-_75179892.23-P1P2__ENSG00000119616
GTACGGAGCCCCCGAAAGAC	SEC61B_+_101984577.23-P1P2__ENSG00000106803
GTACGTGCCTGGCCAGGAAG	POLR2M_+_57999324.23-P1P2__ENSG00000255529
GTACGTGCGACTGTGGGGAG	LONP1_+_5720103.23-P1P2__ENSG00000196365
GTACTTAAGGCGTCTGTTCT	EIF4A3_+_78120934.23-P1P2__ENSG00000141543
GTAGAAACCGCGGCGATACT	WDR46_+_33256771.23-P1P2__ENSG00000227057
GTAGACACGCTGAAGGGACT	WDR36_-_110428101.23-P1P2__ENSG00000134987
GTAGACTCCGGACCCGCCAG	NUFIP1_+_45563572.23-P1P2__ENSG00000083635
GTAGAGCCGCTCTCTCTCAC	CDCA8_-_38158209.23-P1P2__ENSG00000134690
GTAGAGTGGGGGGCACGTAG	AP2A1_-_50270622.23-P1P2__ENSG00000196961
GTAGATCGGATCTTGTCTCC	HPS5_-_18343658.23-P1P2__ENSG00000110756
GTAGATGCTGGCGAAGGCCA	TKT_-_53269130.23-P2__ENSG00000163931
GTAGCACACCGGTCCTTCCC	ASUN_-_27090898.23-P1P2__ENSG00000064102
GTAGCACTACTGCGCAACGA	RBMX_-_135962885.23-P1P2__ENSG00000147274
GTAGCAGGCGGGGACCGAAC	MKRN1_+_140179259.23-P1P2__ENSG00000133606
GTAGCAGTTTTAGAGCTAAT	PMPCB_-_102941127.23-P2__ENSG00000105819
GTAGCATTTATAACAATTAT	RPS3_+_75111893.23-P2__ENSG00000149273
GTAGCCAATAGGAGCCGCGC	HMGB1_+_31040082.23-P1__ENSG00000189403
GTAGCCATCGGTGTGTGGCA	BDP1_-_70751510.23-P1P2__ENSG00000145734
GTAGCCGGTCAGACAAGCAC	CHTOP_-_153606538.23-P1P2__ENSG00000160679
GTAGCCGGTCGATAGCTGGG	non-targeting_01197
GTAGCCTGCGAGTGTTCTGA	BUB3_-_124913930.23-P1P2__ENSG00000154473
GTAGCCTTCGCGGGGCAAAA	TMEM258_+_61560026.23-P1P2__ENSG00000134825
GTAGCGGCCGTGGAGGAGGT	GLRX3_-_131934733.23-P1P2__ENSG00000108010
GTAGCGGGAGGGCAGACTCT	INO80E_-_30007611.23-P1P2__ENSG00000169592
GTAGCTCCGACCGGCTGAGG	HNRNPK_+_86595098.23-P1P2__ENSG00000165119
GTAGCTCGGACGGCAAGCGG	PLK4_-_128802078.23-P1P2__ENSG00000142731
GTAGCTGCAGACATAGTACC	PPWD1_-_64859355.23-P1P2__ENSG00000113593
GTAGCTGCTGGGAGAACCAG	ATL2_+_38604046.23-P1P2__ENSG00000119787
GTAGCTGGGAAACCTCGTTA	DDX54_-_113599205.23-P2__ENSG00000123064
GTAGCTGTAGCTTCCGAATT	RBM22_-_150080586.23-P1P2__ENSG00000086589
GTAGCTTTGGCCAGGTTCTT	TACC3_+_1725283.23-P2__ENSG00000013810
GTAGGACCCAACACAAGGAA	OR1D2_-_2995858.23-ENST00000331459.1__ENSG00000184166
GTAGGACGGTGCCCCGAGAG	RBM4_-_66406629.23-P2__ENSG00000173933
GTAGGATCGCGCCCAGGAGG	NUDT15_-_48612216.23-P1P2__ENSG00000136159
GTAGGCCAGGATCTCTAGGC	RBMXL1_-_89458434.23-P1P2__ENSG00000213516
GTAGGCGGCATAAGAGGAGT	TSR2_-_54467042.23-P1P2__ENSG00000158526
GTAGGCGGCGGCGGTCCCGA	YKT6_-_44240662.23-P1P2__ENSG00000106636
GTAGGCGGCGGTGGCTGAGA	TMED2_-_124069104.23-P1P2__ENSG00000086598
GTAGGCGGGAGGCGAGGTGA	CTBP2_-_126849603.23-P1P2__ENSG00000175029
GTAGGCTCCAAGGAAGCCAA	EXOC4_+_132937814.23-P1P2__ENSG00000131558
GTAGGCTCCGGCGTCTGCAG	TRAPPC3_+_36615028.23-P1P2__ENSG00000054116
GTAGGGACAGAACCTTCCCA	SSX4_-_48242891.23-ENST00000376886.2__ENSG00000268009
GTAGGGCCGCCACTCACTGT	FARSB_-_223520739.23-P1P2__ENSG00000116120
GTAGGGCCTGAGGCAGCGGT	TOX4_-_21945773.23-P1P2__ENSG00000092203
GTAGGGCTCACTGGGTCTGT	GSDMA_+_38119266.23-P1P2__ENSG00000167914
GTAGGGCTGGGAGAATCGGA	PPP1R11_-_30035402.23-P1P2__ENSG00000204619
GTAGGGTCTCCCGAAGAACA	SKP1_-_133512401.23-P1P2__ENSG00000113558
GTAGGTCAGGGATCAGGGAC	LST1_+_31555054.23-P2__ENSG00000204482
GTAGGTGCCCGAGCTACTGA	ENY2_-_110346603.23-P1P2__ENSG00000120533
GTAGTACGGTCTTGAAATGG	OGT_+_70752948.23-P1P2__ENSG00000147162
GTAGTACTGCCGGTTGGTCA	TRAPPC8_+_29523066.23-P1P2__ENSG00000153339
GTAGTCGGCTGCAATGGCGC	CCDC59_+_82752145.23-P1P2__ENSG00000133773
GTAGTCTCAGACCAGACCAC	NDOR1_-_140100218.23-P1P2__ENSG00000188566
GTAGTGACTAGCGAGAAGTT	TMA16_+_164416208.23-P1P2__ENSG00000198498
GTAGTTCCGCCAGCATTTAG	non-targeting_00857
GTAGTTTGTAGCGGACAACA	MRPS14_+_174992540.23-P1P2__ENSG00000120333
GTATAATGCGAGGGTCTGGA	MYC_-_128748308.23-P1P2__ENSG00000136997
GTATAGAGGCCCGTCCTCTG	ZNF253_-_19976741.23-P1P2__ENSG00000256771
GTATCCAGCAGCTGGGTCTG	GSDMA_+_38119296.23-P1P2__ENSG00000167914
GTATCCCGCGGGCCAAGGGG	MRPL20_+_1342447.23-P1P2__ENSG00000242485
GTATCCGCCCGGGTGACCTT	SDHA_+_218895.23-P1P2__ENSG00000073578
GTATCTATTAGTGAGTATAT	TAF1D_-_93471390.23-P2__ENSG00000166012
GTATCTTCAGACAGCCAAGG	RPS24_+_79793627.23-P1P2__ENSG00000138326
GTATGACAAAGGAGGAGAAC	DNAJA1_-_33026888.23-P2__ENSG00000086061
GTATGAGCAGGCGCTAAACC	TAF1A_-_222763187.23-P1P2__ENSG00000143498
GTATGGCCGAGGCCAGGAAG	TCOF1_-_149737329.23-P1P2__ENSG00000070814
GTATGGCGACACCCAGCCTG	CHCHD1_-_75541853.23-P1P2__ENSG00000172586
GTATTAGCAAGCAGCAAATA	CEP97_-_101443523.23-P1P2__ENSG00000182504
GTATTCGTACCGGGCAGCAG	non-targeting_00339
GTATTCTCCGAGCTTCGCAA	RPS25_+_118888990.23-P1P2__ENSG00000118181
GTATTGTTCGAATAGACCTG	SPCS3_-_177242377.23-P2__ENSG00000129128
GTCAAAGCTGGTGGTCCCTA	ALG13_+_110924465.23-P1P2__ENSG00000101901
GTCAAGACGCTACCTTCCTG	OGFOD1_+_56485469.23-P1P2__ENSG00000087263
GTCAAGCCGCGCGGGAAACT	UNC45A_+_91473462.23-P2__ENSG00000140553
GTCAAGGACCGGGAGGTAAG	TMEM161B_+_87564596.23-P1P2__ENSG00000164180
GTCAAGGCGAGTAGCATGTG	C10orf2_-_102747330.23-P1P2__ENSG00000107815
GTCAAGTGAGTGTTGGCGGG	EXOSC8_-_37574976.23-P1P2__ENSG00000120699
GTCACAACCAGGGCACACGG	USP9X_+_40945320.23-P1P2__ENSG00000124486
GTCACACGTGGCGCCAGCGG	GNL3_-_52720071.23-P1P2__ENSG00000163938
GTCACCCAGGAAGAGGCCAG	COMTD1_-_76995609.23-P1P2__ENSG00000165644
GTCACCCGCAGCGCCTGAAG	ACIN1_-_23564284.23-P1__ENSG00000100813
GTCACCCGGCAGACTCCGGA	SGPP1_+_64194760.23-P1P2__ENSG00000126821
GTCACCCGTCAGATCGGGTT	non-targeting_03462
GTCACCGGGAGCGCTCGCGG	CLOCK_-_56412965.23-P1P2__ENSG00000134852
GTCACCGGGAGGAGATAACG	DCUN1D5_-_102962856.23-P1P2__ENSG00000137692
GTCACCTGGCACCGGCTGAA	VPS18_-_41186699.23-P1P2__ENSG00000104142
GTCACGGAGCGCCCGAGGGA	PSMG3_+_1610222.23-P2__ENSG00000157778
GTCACGGCCACTTCCGACCA	PNKP_-_50370765.23-P1P2__ENSG00000039650
GTCACGGGAGTCCTCCGCCC	PKMYT1_+_3030402.23-P1P2__ENSG00000127564
GTCACTAGTCACGAAGGCTG	HARS2_+_140071077.23-P1P2__ENSG00000112855
GTCACTGGCACCAACTACTC	RCOR1_+_103058974.23-P1P2__ENSG00000089902
GTCACTGTAGGTGCGGCCCA	FARSB_-_223520751.23-P1P2__ENSG00000116120
GTCAGACAAGTCGGAGGGGA	SPCS2_-_74660310.23-P1P2__ENSG00000118363
GTCAGACAGCCAGCGGGAGG	WDFY3_+_85887823.23-P1P2__ENSG00000163625
GTCAGAGGAACCAGAATTGC	OR7A10_+_14952616.23-ENST00000248058.1__ENSG00000127515
GTCAGATCTGAGGCGAGGCT	TPX2_-_30327150.23-P1P2__ENSG00000088325
GTCAGCAGATCTCTGCCATG	SLC4A5_+_74590462.23-P2__ENSG00000188687
GTCAGCAGCAGCGAGATGGA	COG3_+_46039129.23-P1P2__ENSG00000136152
GTCAGCCGCCGCAGCCATCT	SEC16A_-_139377484.23-P1P2__ENSG00000148396
GTCAGCCGCGGAGTGAGCGA	PRRC2A_-_31588521.23-P1P2__ENSG00000204469
GTCAGCCTAGAGCTCTCCGG	ATXN10_-_46067769.23-P1P2__ENSG00000130638
GTCAGCCTCACCCTTTCCCG	NUP205_-_135242651.23-P1P2__ENSG00000155561
GTCAGCGCCCGGGGTCGGAG	RPP14_+_58292248.23-P1P2__ENSG00000163684
GTCAGCTCGGCCGGGCTCGT	CTPS1_-_41445838.23-P1P2__ENSG00000171793
GTCAGCTCTCCCGGTATCTG	RELL2_-_141016558.23-P1P2__ENSG00000164620
GTCAGCTGCGCCAACGACTC	KIAA0391_+_35591884.23-P1P2__ENSG00000100890
GTCAGGATGTAAAAGACGAA	KAT8_+_31141409.23-P2__ENSG00000103510
GTCAGGATTGCCGCCGGCAG	MSL1_+_38278902.23-P1P2__ENSG00000188895
GTCAGGCCGGCCATGAGACC	RBM28_-_127983855.23-P1P2__ENSG00000106344
GTCAGGCCGGCTCTCCTGCG	SACM1L_-_45730829.23-P1P2__ENSG00000211456
GTCAGGCGTACGGGATTCTG	IRF2BP2_-_234743790.23-P2__ENSG00000168264
GTCAGGGCAGTTTCTACCGC	RAE1_-_55926344.23-P1P2__ENSG00000101146
GTCAGGTAAGGCGGGAGTAG	SNRPA_+_41257176.23-P1P2__ENSG00000077312
GTCAGGTGCGGACTCGGGGT	RPS11_-_49999745.23-P1P2__ENSG00000142534
GTCAGTCCGTCGGGAGGGCT	SRCAP_-_30710513.23-P1P2__ENSG00000080603
GTCAGTGCGGCGGGGACGAA	non-targeting_03685
GTCAGTGGACTTGGCGGCAG	UTP11L_-_38478424.23-P1P2__ENSG00000183520
GTCAGTGGCCCGGTCAGTGG	CCT3_-_156307863.23-P1P2__ENSG00000163468
GTCAGTTGTCTGCTACTCAG	ILF2_+_153643443.23-P1P2__ENSG00000143621
GTCATAATCAAGGAGTATGG	DPY19L2_-_64062190.23-P1P2__ENSG00000177990
GTCATCAGCGGGATAAGACA	EIF3L_+_38245454.23-P1P2__ENSG00000100129
GTCATGCAGGCGGCCAGGTG	ANKS6_+_101558408.23-P1P2__ENSG00000165138
GTCATGGACGAGGACTACTA	NELFCD_-_57556383.23-P1P2__ENSG00000101158
GTCATTGCCCCAGTAGAGTC	CHCHD2_-_56174016.23-P1P2__ENSG00000106153
GTCCAAACCCGGACTGAGAG	KCTD10_-_109915112.23-P1P2__ENSG00000110906
GTCCAACAGGCAGGCTCCAC	SMNDC1_-_112064253.23-P1P2__ENSG00000119953
GTCCAATAGGGATGTATGGA	non-targeting_02478
GTCCAATTGGGGCCGTACCA	DCTN6_-_30013902.23-P1P2__ENSG00000104671
GTCCACGCCCGGCTTCCCCA	CCDC78_-_776428.23-P1P2__ENSG00000162004
GTCCACGGCGCAGTCAGTCC	THOC3_-_175395273.23-P1P2__ENSG00000051596
GTCCACGGGAAAACCCGCAA	CDK7_+_68530926.23-P1P2__ENSG00000134058
GTCCACTTGCACCACCGCGG	COASY_+_40714195.23-P1P2__ENSG00000068120
GTCCAGCCGGAGCCGGAGTG	INO80D_+_206950364.23-P1P2__ENSG00000114933
GTCCAGGACGGGAGAAACCC	CHCHD3_-_132766538.23-P1P2__ENSG00000106554
GTCCATCTGTAAGAGCTCCT	DNAJC17_-_41099633.23-P1P2__ENSG00000104129
GTCCCACAGACGGTAAGAGC	LIN52_-_74551706.23-P1P2__ENSG00000205659
GTCCCACCAGTCCAACTGCG	EIF1AD_-_65769584.23-P1P2__ENSG00000175376
GTCCCAGCGCGCGGCCCGAA	DDX54_+_113623252.23-P1__ENSG00000123064
GTCCCAGGAGGGAGAAACGA	ACTR3_+_114648069.23-P1P2__ENSG00000115091
GTCCCAGGCGTCCGCCATCA	UFL1_+_96969744.23-P1P2__ENSG00000014123
GTCCCAGTCCGGGCAAGAGG	UBE2H_+_129592365.23-P1P2__ENSG00000186591
GTCCCCACAGACGTAGGTCC	non-targeting_02405
GTCCCCACGGCTACACCCAG	ACD_-_67694143.23-P1P2__ENSG00000102977
GTCCCCCAGAGCAGCCGAGT	ZCCHC9_+_80597457.23-P1P2__ENSG00000131732
GTCCCCGATAAGGTCTACCT	PRELID1_+_176731181.23-P1P2__ENSG00000169230
GTCCCCGCGCGGGCCCTGGT	CPSF3L_+_1259813.23-P1P2__ENSG00000127054
GTCCCCGCTCCCGCACTCAC	MTG2_+_60758110.23-P1P2__ENSG00000101181
GTCCCCGGCAAACTCCTCCC	ABCF1_+_30539469.23-P1__ENSG00000204574
GTCCCCGGCCCTGAGAGGAG	MFN2_-_12040716.23-P1__ENSG00000116688
GTCCCCGGGTCGATCCTCTG	ELP6_-_47554896.23-P1P2__ENSG00000163832
GTCCCCTCTCAACCCTCTGG	PPIL1_-_36842357.23-P1P2__ENSG00000137168
GTCCCGAGGGAAGGGATGGG	SLC2A8_+_130159972.23-P1P2__ENSG00000136856
GTCCCGCAGAAGCTCCGGAT	SKA3_-_21750609.23-P1P2__ENSG00000165480
GTCCCGCCAAAGGCCAAAGG	ETV4_-_41623221.23-P1P2__ENSG00000175832
GTCCCGCCACCCGGGAACAG	PRIM2_-_57182458.23-P1P2__ENSG00000146143
GTCCCGCCGGGCAGGTCGGA	ZDHHC7_-_85045069.23-P1P2__ENSG00000153786
GTCCCGCCTGAGTCGTCTGT	TOE1_+_45805889.23-P1P2__ENSG00000132773
GTCCCGCGACTAGAAGTGTG	GABPA_+_27107761.23-P1P2__ENSG00000154727
GTCCCGCTCGGAAGGTGAGT	GLI4_-_144349662.23-P1P2__ENSG00000250571
GTCCCGGCCAGGAAACGCCG	SETD5_-_9439569.23-P1P2__ENSG00000168137
GTCCCGGCGCCACTCGGCCC	TFDP1_-_114239078.23-P1P2__ENSG00000198176
GTCCCGTTGAGAGAGGACAC	non-targeting_00081
GTCCCTCCGGAAGACCCCGG	HIRA_-_19435159.23-P1__ENSG00000100084
GTCCCTCGGCATCGCTCCTC	TUBG1_+_40761744.23-P1P2__ENSG00000131462
GTCCCTGCGAGGATCAAAGT	RBM48_-_92158122.23-P1P2__ENSG00000127993
GTCCCTGGAGTCGGTACTGG	BORA_-_73302125.23-P1P2__ENSG00000136122
GTCCCTGGGCGGCCTTGGGG	GIT2_+_110433842.23-P1P2__ENSG00000139436
GTCCCTTCGCGAAAGAGCAC	MNAT1_+_61201445.23-P1P2__ENSG00000020426
GTCCCTTTCCCCAGTAGTTT	IFITM3_-_320890.23-P1P2__ENSG00000142089
GTCCGAAACCCAGCCCACGT	DHX37_-_125473637.23-P1P2__ENSG00000150990
GTCCGAGAATGAAGAGTAAG	POP4_-_30097239.23-P1P2__ENSG00000105171
GTCCGAGACTCTCCGACCTG	NUP54_+_77069376.23-P1P2__ENSG00000138750
GTCCGAGGCTGACTACCCTG	WDR55_-_140044470.23-P1P2__ENSG00000120314
GTCCGCCCAGCGCCGCACTC	MPHOSPH6_-_82203808.23-P1P2__ENSG00000135698
GTCCGCCGACCCCCGAACTC	ALG11_+_52586530.23-P1P2__ENSG00000253710
GTCCGCCGAGTCTAAACTTC	non-targeting_00215
GTCCGCCGCCGGCTTCGCTA	PPIL1_+_36842544.23-P1P2__ENSG00000137168
GTCCGCCGGATAGTCCCAAA	non-targeting_03470
GTCCGCGAGATCTTCGGTGG	CCNH_+_86708689.23-P1P2__ENSG00000134480
GTCCGCGGAGCGACGACCGG	XRN1_+_142166856.23-P1P2__ENSG00000114127
GTCCGCGTGGTTCGTTGTGG	WDR75_-_190306258.23-P1P2__ENSG00000115368
GTCCGCGTGTGTGAGTACCG	PDCD11_-_105156445.23-P1P2__ENSG00000148843
GTCCGCTGCGAAAGATGCTA	SNRPD3_+_24951988.23-P1P2__ENSG00000100028
GTCCGCTGCGGCACACGGTC	MCM3_-_52149307.23-P1P2__ENSG00000112118
GTCCGGACCCGCCAGTGGTA	NUFIP1_+_45563567.23-P1P2__ENSG00000083635
GTCCGGAGATGGTCTGAGGT	HINFP_-_118992315.23-P1P2__ENSG00000172273
GTCCGGAGCCGCACAAACCA	FBL_+_40336946.23-P1P2__ENSG00000105202
GTCCGGATCCTGTTAGACAC	TTI2_+_33370618.23-P1P2__ENSG00000129696
GTCCGGCAGTGACAGCAGTG	BOP1_+_145512867.23-P2__ENSG00000261236
GTCCGGCCCCCAGTGCGTCT	TPRKB_-_73964451.23-P1P2__ENSG00000144034
GTCCGGCGAAGTTAAACCCT	DPH3_+_16306434.23-P1P2__ENSG00000154813
GTCCGGCGCTTGGGCCAGAG	DIMT1_+_61699702.23-P1P2__ENSG00000086189
GTCCGGCGGGACCTGCTCGG	RPN2_-_35807757.23-P1P2__ENSG00000118705
GTCCGGCTCGGTAAAGATGG	RBM19_+_114404111.23-P1P2__ENSG00000122965
GTCCGGGACGTGGAGACCCG	SNF8_+_47022133.23-P1P2__ENSG00000159210
GTCCGGGTTGTCACTCTCTC	ZC3H8_+_113012608.23-P1P2__ENSG00000144161
GTCCGGTACCGGGGCTGGAA	RPS10-NUDT3_-_34393845.23-P1P2__ENSG00000270800;RPS10_-_34393845.23-P1P2__ENSG00000124614
GTCCGGTCTCTGGCCCATTA	XAB2_-_7694239.23-P1P2__ENSG00000076924
GTCCGGTGGCCGGCTTAGTT	PHF5A_+_41864661.23-P1P2__ENSG00000100410
GTCCGTCCCCAACTGGGCCC	TMEM242_-_157744573.23-P1P2__ENSG00000215712
GTCCGTGTTGACGTTTCCCT	non-targeting_01537
GTCCTACGGTGGAAAAACAG	MRPL53_-_74699616.23-P1P2__ENSG00000204822
GTCCTAGTTCCAGTACAGCG	NOP58_-_203130504.23-P1P2__ENSG00000055044
GTCCTCAGAATGGCGGGCAC	BCAS2_+_115124198.23-P1P2__ENSG00000116752
GTCCTCCACCTTTGACGCTG	GAPDH_-_6647118.23-P2__ENSG00000111640
GTCCTCCCGGCGGGTAAGGG	EDC4_-_67907370.23-P1P2__ENSG00000038358
GTCCTCCTCCGGGCTGACGG	GCLC_-_53409486.23-P1P2__ENSG00000001084
GTCCTCGAGGGCCTCACCAC	PIK3R4_-_130465552.23-P1P2__ENSG00000196455
GTCCTCGCCGGTGGACACTG	DCUN1D5_-_102962827.23-P1P2__ENSG00000137692
GTCCTCGGCCCGCCACCGAA	ADAM10_-_59041501.23-P1P2__ENSG00000137845
GTCCTCGGTTCCCAGTGTTC	GTF2F2_-_45694663.23-P1P2__ENSG00000188342
GTCCTGACAGGCTAAGGCGC	TUBGCP3_-_113242418.23-P1P2__ENSG00000126216
GTCCTGACTCAAAAACGCTA	NPM3_-_103543124.23-P1P2__ENSG00000107833
GTCCTGAGCCGATTACAGCT	MRPL16_+_59578213.23-P1P2__ENSG00000166902
GTCCTGAGCGCTTGGGAGTT	NXF1_+_62572883.23-P1__ENSG00000162231
GTCCTGCGAGCGAGGAGCGC	MYBL2_-_42295783.23-P1P2__ENSG00000101057
GTCCTGCTGCGGAGCCCCAG	EIF2B1_-_124118132.23-P1P2__ENSG00000111361
GTCCTGGCTCGGGAGATGGA	RPUSD3_+_9885666.23-P1P2__ENSG00000156990
GTCCTGTCTCAGGTTGAGGT	MFN2_+_12042061.23-P2__ENSG00000116688
GTCCTGTTCTTTCCAAAAAC	SPDYE2_-_102196628.23-ENST00000341656.4__ENSG00000205238
GTCCTTTCAGCGGAGCGCGG	RPS3_-_75110586.23-P1__ENSG00000149273
GTCCTTTCCAGCCCCGGTAC	RPS10_+_34393825.23-P1P2__ENSG00000124614
GTCGAAAGCGGAGTGAAAGA	PPP4C_-_30087373.23-P1P2__ENSG00000149923
GTCGAACACACAGACGGAAC	SF3B1_-_198299753.23-P1P2__ENSG00000115524
GTCGAAGCAAAAGACACTGA	RNF113A_-_119005686.23-P1P2__ENSG00000125352
GTCGAAGTAAGAGTGTGCAA	HIST2H2BF_+_149783484.23-P1P2__ENSG00000203814
GTCGAGCGGTAAATACTCCC	NCAPG_-_17812596.23-P1P2__ENSG00000109805
GTCGAGGTCGGGCTTGGGAA	AURKAIP1_+_1310516.23-P1P2__ENSG00000175756
GTCGAGTCAAGAACCCCGGG	TSR1_-_2241066.23-P2__ENSG00000167721
GTCGATGCAGGAGGGCGGAC	SRF_+_43139367.23-P1P2__ENSG00000112658
GTCGCAATGGTAAGCTTCAG	RPS25_+_118888977.23-P1P2__ENSG00000118181
GTCGCACAGCGCGGACATCC	INTS5_-_62420725.23-P1P2__ENSG00000185085
GTCGCACCGAGGAGGCGGCT	PRKRIP1_+_102036866.23-P1__ENSG00000128563
GTCGCAGCAGTTACTCACCA	RNF20_+_104296191.23-P1P2__ENSG00000155827
GTCGCAGCCGCTCTCCACGG	SNRNP27_-_70121148.23-P1P2__ENSG00000124380
GTCGCAGCGCGCAGCCACGG	GPS1_+_80010011.23-P1P2__ENSG00000169727
GTCGCAGCTGCGGGTGAACG	KRI1_+_10676632.23-P1P2__ENSG00000129347
GTCGCAGGCAGCGCGGTCGG	MCMBP_+_121632370.23-P1P2__ENSG00000197771
GTCGCAGGCCGGAGGGAAGA	MRPL38_+_73900952.23-P1P2__ENSG00000204316
GTCGCAGTAGGAGTCGAGAT	PNISR_+_99848916.23-P2__ENSG00000132424
GTCGCCAGCCATTCCTGAGG	RBM14_-_66384112.23-P1P2__ENSG00000239306;RBM4_-_66384112.23-P1__ENSG00000173933
GTCGCCAGCGGCTTCAACTG	NUP153_+_17707004.23-P1P2__ENSG00000124789
GTCGCCATGGCTAAGGCCGA	MZT1_-_73301754.23-P1P2__ENSG00000204899
GTCGCCATGGGGCGAGGCAG	HGS_-_79651112.23-P1P2__ENSG00000185359
GTCGCCCCGCGCCGCTCCAG	RAB6A_+_73472126.23-P1P2__ENSG00000175582
GTCGCCCGCAGCCGGTACTG	MRPL34_-_17416686.23-P1P2__ENSG00000130312
GTCGCCGCTAGGCCCCAAGA	SUPT20H_-_37633730.23-P1P2__ENSG00000102710
GTCGCCGGCAGCGCAGGACA	PSMA7_+_60718471.23-P1P2__ENSG00000101182
GTCGCCGGCTCAATACTCCG	CPOX_+_98312416.23-P1P2__ENSG00000080819
GTCGCCTACGACAGCAGCAG	CDC73_+_193091167.23-P1P2__ENSG00000134371
GTCGCCTAGGGGGTTACCGT	TBPL1_+_134274557.23-P1P2__ENSG00000028839
GTCGCCTCCGAAGCTGTCAG	COG4_+_70557397.23-P1P2__ENSG00000103051
GTCGCCTGGGAAAATCGAGG	SLC35G2_+_136537981.23-P1P2__ENSG00000168917
GTCGCCTGTCTCCGTCGGAA	SNRNP35_-_123942744.23-P1P2__ENSG00000184209
GTCGCGGACTCGGGAGATGG	ZC3H3_+_144623584.23-P1P2__ENSG00000014164
GTCGCGGCTGAATCTCTCGC	EXOSC3_+_37785000.23-P1P2__ENSG00000107371
GTCGCGGGCTTGGGGCCATC	WDR54_-_74649047.23-P1P2__ENSG00000005448
GTCGCGGTAAAGACAGACCC	non-targeting_02990
GTCGCTCCCAACCCAAGGGC	FBXO42_-_16678549.23-P1P2__ENSG00000037637
GTCGCTCGCGCTGGAAGAAG	C14orf178_+_78227476.23-P1P2__ENSG00000197734
GTCGCTGCAGCGATCTCCCA	MRPL17_+_6704492.23-P1P2__ENSG00000158042
GTCGCTGCTCCCGGAGTAGT	RCOR1_-_103058986.23-P1P2__ENSG00000089902
GTCGCTGGGCCGCGGCTCCC	SLC7A5_+_87903056.23-P1P2__ENSG00000103257
GTCGGACACGAACATAGCCA	CDC45_+_19467483.23-P1P2__ENSG00000093009
GTCGGACGAGCGCCCCACTG	RBBP6_+_24550884.23-P1P2__ENSG00000122257
GTCGGAGAGGCATCTGGGTT	RIOK2_+_96518907.23-P1P2__ENSG00000058729
GTCGGAGGCGGTAGTGACGG	SHFM1_+_96339147.23-P1P2__ENSG00000127922
GTCGGCAAGACGCCCGCTCC	DNM2_+_10828788.23-P1P2__ENSG00000079805
GTCGGCAGGGTCGGCGGCGT	U2AF1_+_44527641.23-P1P2__ENSG00000160201
GTCGGCCCCAGACTAAACCC	PSMA6_+_35761833.23-P1P2__ENSG00000100902
GTCGGCCGATTCCGTTCCAC	non-targeting_03310
GTCGGCCGGGCCTACTCCCA	INF2_-_105156371.23-P1P2__ENSG00000203485
GTCGGCGAGTAGAACCGCTG	PARN_+_14724027.23-P1P2__ENSG00000140694
GTCGGCGGCGCGTTCCTCCA	SERBP1_-_67896013.23-P1P2__ENSG00000142864
GTCGGCTCCTGTGTGTAGGA	LUC7L3_-_48796990.23-P1P2__ENSG00000108848
GTCGGCTGGGACGCTTCGGT	DDX47_+_12966328.23-P1P2__ENSG00000213782
GTCGGCTGGGAGCCTCGTGG	WDR3_-_118472399.23-P1P2__ENSG00000065183
GTCGGCTTAATCGGAACCAT	DDX27_-_47836019.23-P1P2__ENSG00000124228
GTCGGGAGCATACCAAGTGT	non-targeting_00353
GTCGGGAGCCTTAGCAGCAG	DDX20_-_112298588.23-P1P2__ENSG00000064703
GTCGGGCCCAGCGACCCCAG	METAP2_+_95868341.23-P1P2__ENSG00000111142
GTCGGGCCGAGTGACCGAAG	PRPF8_+_1588005.23-P1P2__ENSG00000174231
GTCGGGCGCAGCGCACACTG	GJA3_+_20735180.23-P1P2__ENSG00000121743
GTCGGGTCACATAGGCTCAG	URB1_+_33764965.23-P1P2__ENSG00000142207
GTCGGGTGGCCATCTTGTGG	RPRD1B_-_36662169.23-P1P2__ENSG00000101413
GTCGGTGAGTGTGGCGGAGA	MYBBP1A_+_4458615.23-P1P2__ENSG00000132382
GTCGGTGGGTACTGTCGCGG	POP1_-_99129576.23-P1P2__ENSG00000104356
GTCGGTTGCGCGGGAGACTA	PIP4K2C_-_57985075.23-P1P2__ENSG00000166908
GTCGTCCTCCCCGGGAACAG	HDAC7_-_48213211.23-P1P2__ENSG00000061273
GTCGTCGGCCGCGCCCTCTC	COX17_-_119396037.23-P1P2__ENSG00000138495
GTCGTCTGAAGAGTCCCATG	OR2T5_+_248651939.23-ENST00000366473.2__ENSG00000203661
GTCGTGAGTGATGGCGTCCC	MARS_-_57881904.23-P1P2__ENSG00000166986
GTCGTGGGGACTCTTAATGG	non-targeting_02080
GTCGTGGGGCGCCTGGAGTG	LSM6_-_147096941.23-P1P2__ENSG00000164167
GTCGTGGGTGCCGGAAGTGG	EDC4_-_67906984.23-P1P2__ENSG00000038358
GTCGTGGTGAGAAGCCGTCA	MRPL42_-_93861330.23-P1P2__ENSG00000198015
GTCGTTGTTGAGGGTCTCGG	TAF3_-_7860714.23-P1P2__ENSG00000165632
GTCTAATAAGTCAGGACTGG	MFN2_-_12042038.23-P2__ENSG00000116688
GTCTAGAGCGGTGGTGAAAC	CWC25_+_36981555.23-P1P2__ENSG00000273559
GTCTAGGGGCAATGTCTGAG	POLR2F_-_38349919.23-P1P2__ENSG00000100142
GTCTCAAAGAACACTTACCG	LCE1C_-_152779080.23-P1P2__ENSG00000197084
GTCTCACGGGAGAAACACCG	COX6C_-_100905522.23-P1P2__ENSG00000164919
GTCTCAGACGGGGAGACTCT	HLA-C_-_31239308.23-P1P2__ENSG00000204525
GTCTCCACGGCGCAGGCCCA	NRF1_-_129251646.23-P1P2__ENSG00000106459
GTCTCCCCCGTTTCTCACCC	ISCA2_+_74960428.23-P1P2__ENSG00000165898
GTCTCCCTCCGCAGTACTCC	SLC35G2_-_136537974.23-P1P2__ENSG00000168917
GTCTCCTCCGGGACGCTGAG	GINS2_+_85722546.23-P1P2__ENSG00000131153
GTCTCCTGGTCAAAGAGGCT	TBC1D28_+_18545467.23-ENST00000345096.4__ENSG00000189375
GTCTCGCTGCAGTCGGAGTA	ZNF492_-_22817155.23-P1P2__ENSG00000229676
GTCTCGGCTCAAGGACCGGG	TMEM161B_+_87564603.23-P1P2__ENSG00000164180
GTCTCGGTAAGCTAAGAACG	RPL36AL_+_50087262.23-P1P2__ENSG00000165502
GTCTCTCAGGCTCCTCGGAG	SMG7_+_183441690.23-P1P2__ENSG00000116698
GTCTGACGTGCCGGGCGGGA	SRBD1_+_45838356.23-P1P2__ENSG00000068784
GTCTGAGAAGCCGGACTACG	RTCB_+_32808194.23-P1P2__ENSG00000100220
GTCTGCCCGGATGGAAGCTC	WBP1_-_74685599.23-P1P2__ENSG00000239779
GTCTGCCGGCCGGTAGTCCC	CPSF2_-_92588375.23-P1P2__ENSG00000165934
GTCTGCCTGCGGGGACTCCA	CWC22_-_180871781.23-P1P2__ENSG00000163510
GTCTGCGAGACCGACTTGGA	PREB_+_27357474.23-P1P2__ENSG00000138073
GTCTGCGCGGCGAGGAGGAG	MCMBP_-_121632467.23-P1P2__ENSG00000197771
GTCTGCTACCGTGACTAAGA	PSMB4_-_151372066.23-P1P2__ENSG00000159377
GTCTGGAAAGACCCGCCCAG	SNW1_+_78227503.23-P1__ENSG00000100603
GTCTGGACTCTCAGCCGCCA	INTS10_+_19674977.23-P1P2__ENSG00000104613
GTCTGGAGGCCGAGCTGACC	GFER_-_2034199.23-P1P2__ENSG00000127554
GTCTGGCGCTTCACCACCGG	PPP1R12A_-_80328635.23-P1P2__ENSG00000058272
GTCTGGCTGGTCGCACCCGG	MRPL39_+_26979728.23-P1P2__ENSG00000154719
GTCTGGGCCCGCAGTTGAAG	MKRN1_+_140179306.23-P1P2__ENSG00000133606
GTCTGGGCTGCCAACATGGT	RPL27A_-_8704367.23-P1P2__ENSG00000166441
GTCTGGGGAGAATGTGAGTC	HLA-C_-_31239876.23-P1P2__ENSG00000204525
GTCTGTAGCTCCATAATCAA	VPS41_+_38969081.23-P2__ENSG00000006715
GTCTGTGAGGCGCAGAGGTG	GTF2H2_+_70363440.23-ENST00000274400.5-ENST00000330280.7__ENSG00000145736
GTCTTAAGTTCGTACCTCCA	EEF1B2_+_207024400.23-P1P2__ENSG00000114942
GTCTTAGAGATAAGACATAG	TBC1D28_+_18547665.23-ENST00000405044.1__ENSG00000189375
GTCTTCCAGAGCGGATATCT	KRT10_-_38975915.23-P2__ENSG00000186395
GTCTTCGCGCGGAAGGTCAC	non-targeting_03351
GTCTTCGGCCCCTCCCATCG	non-targeting_01357
GTCTTGACCGTATAGATAAT	HIST1H2AI_-_27775977.23-ENST00000358739.3__ENSG00000196747
GTCTTTGGGCGGCTTCTCCT	CHMP3_-_86790451.23-P1P2__ENSG00000115561
GTGAAACCGGGAGAGAGCAG	HMGA1_+_34204957.23-P1P2__ENSG00000137309
GTGAAACCTCCCGACAAAGG	PPP2R3C_+_35590978.23-P1P2__ENSG00000092020
GTGAACCCAGTTGGCGGGAG	MASTL_-_27444305.23-P1P2__ENSG00000120539
GTGAACGCGGCCCTCTGTAA	TCERG1_-_145826915.23-P1P2__ENSG00000113649
GTGAAGAGGAAGACGATCAA	RPL15_+_23958699.23-P1P2__ENSG00000174748
GTGAAGCCGGGAAACAGCCC	GOLT1B_+_21654765.23-P1P2__ENSG00000111711
GTGAAGCGCGCACATTGAGT	SPATA5_-_123844261.23-P1P2__ENSG00000145375
GTGAAGCGCGGCGGAGAGGG	FASN_-_80056084.23-P1P2__ENSG00000169710
GTGAAGCGCGGGGCGCTCCA	YBX1_+_43148871.23-P1P2__ENSG00000065978
GTGAAGCGGGTCCCGCACCA	ATP6V1H_-_54755777.23-P1P2__ENSG00000047249
GTGAAGGGGGACGTGAGCCA	KRTAP4-7_+_39240934.23-ENST00000391417.4__ENSG00000240871
GTGAAGTGTGATGAGGGCAA	SPCS2_+_74660597.23-P1P2__ENSG00000118363
GTGAATGTGAGGCGGAGCGG	CSE1L_-_47662891.23-P1P2__ENSG00000124207
GTGACAGGGACACAACATGG	MOK_+_102771458.23-P1P2__ENSG00000080823
GTGACCAGCTGCGCATACCG	GPN3_-_110906004.23-P1P2__ENSG00000111231
GTGACCAGTTGGCGACATGG	ELP2_-_33709902.23-P1P2__ENSG00000134759
GTGACGAGGACGGGCATCCG	USP9X_-_40944738.23-P1P2__ENSG00000124486
GTGACGGACCAGAGCAGGTA	PSMC5_-_61904879.23-P1P2__ENSG00000087191
GTGACGGCCGCCAAGAAGCA	CHMP4B_-_32399446.23-P1P2__ENSG00000101421
GTGACGGGACGAGATGGTCC	RTTN_+_67872884.23-P1P2__ENSG00000176225
GTGACGTGAGGAGTGCGGAG	WBP11_+_14956413.23-P1__ENSG00000084463
GTGACGTGGAAGCCCTTCAA	non-targeting_02855
GTGACTCGAGAGCCGGCTAT	DHPS_+_12792583.23-P1P2__ENSG00000095059
GTGACTGGGGGAACCGACAG	BPTF_+_65821601.23-P1P2__ENSG00000171634
GTGAGACCAGTGGACCAGAG	HYPK_-_44092879.23-P1P2__ENSG00000242028
GTGAGAGCGCGACCACAGTT	POLR2H_+_184081227.23-P1P2__ENSG00000163882
GTGAGCAGAGGTTTTACCTG	HSPA8_-_122932776.23-P1P2__ENSG00000109971
GTGAGCCACGCCCGGGCTGT	SAP30BP_-_73663445.23-P1P2__ENSG00000161526
GTGAGCCCCGCACCCGAGTT	RAD21_-_117886366.23-P1P2__ENSG00000164754
GTGAGCCGCAACCTTTCCAA	SLC25A3_-_98987489.23-P1P2__ENSG00000075415
GTGAGCTCCAAGTAGACCAG	SSBP3_+_54872057.23-P1P2__ENSG00000157216
GTGAGCTTGCCACATCCCCA	GATA1_-_48645022.23-P1P2__ENSG00000102145
GTGAGGAAGACGCGGTCGTA	RPS20_+_56987038.23-P1P2__ENSG00000008988
GTGAGGAAGCGAGGAGGCGT	SRRM2_-_2802723.23-P1P2__ENSG00000167978
GTGAGGACAGTGGGAAACCT	PPIE_+_40204766.23-P1P2__ENSG00000084072
GTGAGGACTCAGCGAAGGGT	RBM17_-_6131053.23-P1P2__ENSG00000134453
GTGAGGAGGTCCGGGCAGGT	COPG1_-_128984639.23-P2__ENSG00000181789
GTGAGGCAACGGCCAGAGGG	INF2_+_105156050.23-P1P2__ENSG00000203485
GTGAGGCCCGAGCTCGTTGT	TOR2A_-_130497575.23-P1P2__ENSG00000160404
GTGAGGCCTTCACGAAGCGG	U2AF2_-_56165795.23-P1P2__ENSG00000063244
GTGAGGCGGGCAACTAAGGA	BRD2_+_32940409.23-P1__ENSG00000204256
GTGAGGCTATCAGATCGGTA	MRPL37_-_54665919.23-P1P2__ENSG00000116221
GTGAGGCTCGGAGTCGCCGG	FASTKD5_+_3140485.23-P1P2__ENSG00000215251
GTGAGGGAGGCGGGAGACTT	ESYT1_-_56512124.23-P2__ENSG00000139641
GTGAGGGCCCGGTTAGTTAG	HNRNPC_-_21737369.23-P1P2__ENSG00000092199
GTGAGGGCCGCACAGGTAGA	ATP6V1H_-_54755805.23-P1P2__ENSG00000047249
GTGAGGTCCGAGGAAGACAG	BYSL_-_41889603.23-P1P2__ENSG00000112578
GTGAGGTGGCCGGTTTGTTA	BUB1B_-_40453297.23-P1P2__ENSG00000156970
GTGAGGTGTAAGCCCTGAGG	CCT3_+_156308067.23-P1P2__ENSG00000163468
GTGAGTAGAGGGCCGAAGAG	SRRT_+_100472814.23-P1P2__ENSG00000087087
GTGAGTCCCAGTGGGCCACC	DCTN5_-_23652764.23-P1P2__ENSG00000166847
GTGAGTGACCCACCGACTGA	CCNK_-_99947838.23-P1__ENSG00000090061
GTGAGTGAGCTGTAGTTCCG	RPL7A_-_136215123.23-P1P2__ENSG00000148303
GTGAGTGCCCGATCCCGCCG	PNPT1_-_55920888.23-P1P2__ENSG00000138035
GTGAGTGGCGGGCCAGGGTG	NUBP2_-_1833059.23-P1P2__ENSG00000095906
GTGAGTGTGAGCTCGTGAGT	TAF6L_-_62538896.23-P1P2__ENSG00000162227
GTGCAAGGCGGCGGCAGGAG	GNB2L1_+_180670873.23-P1P2__ENSG00000204628
GTGCACACGGCAGTAGAAAA	non-targeting_00198
GTGCACGCTGGAACCATGTG	WDR74_+_62607006.23-P1__ENSG00000133316
GTGCACTGGTCCCCAACCGC	PPA2_-_106395156.23-P1P2__ENSG00000138777
GTGCAGACGACGGAGATACG	PTPN23_+_47422702.23-P1P2__ENSG00000076201
GTGCAGACTTGGAGGGTCCG	ACSS2_-_33464845.23-P1P2__ENSG00000131069
GTGCAGAGCCCCGGTACTTA	UBA3_-_69129485.23-P1P2__ENSG00000144744
GTGCAGCGGCTTCGGAAGGT	NFS1_+_34287226.23-P1P2__ENSG00000244005
GTGCAGCGGGCCCTTGGCGG	AARS_+_70323362.23-P1P2__ENSG00000090861
GTGCAGCTGAGGTACAGCGG	DDX24_+_94547517.23-P1P2__ENSG00000089737
GTGCAGGCAAGAGTGCTGGA	NEDD8_+_24701539.23-P1P2__ENSG00000129559
GTGCAGGGCCCGGCTCGAGG	PPP1R37_-_45596868.23-P1P2__ENSG00000104866
GTGCAGTCCTGCTCCGCCTA	THAP1_+_42698211.23-P1P2__ENSG00000131931
GTGCCAAGCCGGAGAAGAAT	ABCF1_-_30546344.23-P2__ENSG00000204574
GTGCCAGTCCCGGGCATAAA	FBXO42_-_16678698.23-P1P2__ENSG00000037637
GTGCCCAGCTTGACAGCTAA	USP5_+_6966012.23-P2__ENSG00000111667
GTGCCCCGGGGGACCAACTC	CDC5L_+_44355934.23-P1P2__ENSG00000096401
GTGCCCGGAGGAATCTGCCA	CARS_-_3078598.23-P1P2__ENSG00000110619
GTGCCGCCCCCGGAAGTAGT	CNOT10_-_32726684.23-P1P2__ENSG00000182973
GTGCCGGGGCGGCGATCTTA	VARS_+_31763457.23-P1P2__ENSG00000204394
GTGCCGGTAAGTAGAAGCTT	RPL27_-_41150504.23-P1P2__ENSG00000131469
GTGCCTGGAGCGAGCAGACG	PSMA6_-_35761832.23-P1P2__ENSG00000100902
GTGCCTTGGAACGCAACGCA	SNRPG_-_70520827.23-P1P2__ENSG00000143977
GTGCGAAGAGTATCGAAGAG	CWF19L2_+_107328479.23-P1P2__ENSG00000152404
GTGCGAGCCGCGGCAGAGTG	HSPH1_+_31735990.23-P1P2__ENSG00000120694
GTGCGCAGCGCTGAGTGTCG	MCM3AP_+_47706142.23-P1P2__ENSG00000160294
GTGCGCCAGGAGCACTTCCG	CHTF8_-_69166513.23-P1P2__ENSG00000168802
GTGCGCCAGGGCTACATCCG	CD2BP2_-_30366596.23-P1P2__ENSG00000169217
GTGCGCCGACAGCCCTCTGG	CCND1_+_69455918.23-P1__ENSG00000110092
GTGCGCCGCGGTGCCTAGTG	MEN1_+_64578000.23-P1P2__ENSG00000133895
GTGCGCCTCGGGGCGAGCAG	EXOSC9_-_122722508.23-P1P2__ENSG00000123737
GTGCGCGGTAAGAAGCTGCG	ZCCHC9_-_80597504.23-P1P2__ENSG00000131732
GTGCGCGGTGAGGAAGACCA	MRPL20_-_1342598.23-P1P2__ENSG00000242485
GTGCGCTGCCGCAACGAATA	RNF168_+_196230600.23-P1P2__ENSG00000163961
GTGCGGACCGGGCCGGGTAC	SMARCB1_+_24129228.23-P1__ENSG00000099956
GTGCGGAGCAAGGGGCCCGG	HIPK1_-_114472284.23-P1P2__ENSG00000163349
GTGCGGATACTACCTCAAGG	TTC27_+_32853190.23-P1P2__ENSG00000018699
GTGCGGCCGTCGGGGATCTG	ESPN_+_6484906.23-P1__ENSG00000187017
GTGCGGCGCACGGCACTCCC	SETD5_+_9439604.23-P1P2__ENSG00000168137
GTGCGGCTCGGCGGAGAGTG	UPF3A_-_115047112.23-P1P2__ENSG00000169062
GTGCGGGCTCGCGAGTCCCA	CCND3_-_41909437.23-P1P2__ENSG00000112576
GTGCGGGGACGTTCGAGCAA	LRPPRC_+_44223082.23-P1P2__ENSG00000138095
GTGCGGGGCTCGGGTTCTTG	PMPCA_-_139305175.23-P1P2__ENSG00000165688
GTGCGTAAGTACCTCGCCGG	CASC3_-_38296783.23-P1P2__ENSG00000108349
GTGCGTGAGGCGAGAGGAGC	UBE2N_+_93835696.23-P1P2__ENSG00000177889
GTGCGTGTCAGTGGCGCTAG	ACTR1A_+_104262452.23-P1P2__ENSG00000138107
GTGCGTGTGCTTGTGGGTGA	SDR39U1_+_24911952.23-P1P2__ENSG00000100445
GTGCTAGAGATTGCCAGCTT	TDGF1_-_46619550.23-P1P2__ENSG00000241186
GTGCTCAGGCAGCGAGAACA	TAF1_-_70586444.23-P1P2__ENSG00000147133
GTGCTCCGAAAGACTTACCG	MED17_-_93517473.23-P1P2__ENSG00000042429
GTGCTCTGCGCTGAGGTGCT	GTF2H3_-_124118399.23-P1P2__ENSG00000111358
GTGCTGCCCGGGGAGACCGG	PSTK_+_124739974.23-P1__ENSG00000179988
GTGCTGCCGGGACTGCTCCG	PRPF19_-_60673960.23-P1P2__ENSG00000110107
GTGCTGCCTGTTGAATGTGG	FOXO1_-_41240729.23-P1P2__ENSG00000150907
GTGCTGCTGGGGCTTTGAGG	TAF3_-_7860540.23-P1P2__ENSG00000165632
GTGCTGGGACCTGCTGGGTC	FOXS1_-_30433385.23-P1P2__ENSG00000179772
GTGCTGGTGCCGGCCTAAGG	PCNXL3_+_65383293.23-P1P2__ENSG00000197136
GTGCTTCCGCCTCCCTGTGG	MAU2_-_19431643.23-P1P2__ENSG00000129933
GTGCTTCCTGTGGGACGTGG	ZNF207_-_30677213.23-P1__ENSG00000010244
GTGCTTCGGCGACCGGGCGG	GRB2_+_73401721.23-P1__ENSG00000177885
GTGGAAAAAGGGGTTTCCAG	NANOG_+_7942493.23-P1P2__ENSG00000111704
GTGGAAAGGGAAGAACCTCC	DIS3_+_73356045.23-P1P2__ENSG00000083520
GTGGAAGCAGGTGAGAATGG	PHB_+_47492183.23-P1P2__ENSG00000167085
GTGGAATACGGCGGGAGGTA	TEFM_+_29233099.23-P1P2__ENSG00000172171
GTGGACCGGGCAGCACGGGG	LZTR1_-_21336686.23-P1P2__ENSG00000099949
GTGGAGAAGCATCAGCTGAG	GPR61_-_110082539.23-P1P2__ENSG00000156097
GTGGAGAGGTGTTACCGGAA	PNISR_+_99873121.23-P1__ENSG00000132424
GTGGAGAGTCTGCATCACCC	OR2A1_-_144015646.23-ENST00000408951.1__ENSG00000221970
GTGGAGATGCAGCCTCCCCG	SARS2_-_39421318.23-P1P2__ENSG00000104835
GTGGAGGACTCTGAAGCACT	DDX56_+_44613471.23-P1P2__ENSG00000136271
GTGGAGGCGGCGGCGCCTAT	MMS19_+_99258100.23-P1P2__ENSG00000155229
GTGGAGGCGTTCCAGCCCAA	NDUFB7_+_14682513.23-P1P2__ENSG00000099795
GTGGAGGGGACAGATTACAG	LAMTOR1_+_71814088.23-P1P2__ENSG00000149357
GTGGAGGTGGCGAAACGAGG	SF3A2_-_2236876.23-P1__ENSG00000104897
GTGGAGTCATAAGACGGCGT	NARS_+_55288993.23-P1P2__ENSG00000134440
GTGGAGTGTCCGCTGTGCCC	EIF3M_-_32605424.23-P1P2__ENSG00000149100
GTGGAGTTTGGTTCTCGAGG	MED26_+_16738991.23-P1P2__ENSG00000105085
GTGGATGTGGATACCCCGAG	RBX1_-_41347436.23-P1P2__ENSG00000100387
GTGGCAACCGTTGTAAGTGT	RUVBL2_-_49497190.23-P1P2__ENSG00000183207
GTGGCAACGACTCCCCGGGT	MRPL43_+_102747000.23-P1P2__ENSG00000055950
GTGGCACTCGGCGGTCGAAA	NDUFA8_+_124922020.23-P1P2__ENSG00000119421
GTGGCACTTGTGACTGAAGG	KAT5_-_65480114.23-P1P2__ENSG00000172977
GTGGCAGCTCGAGTTCCCGG	RFC3_+_34392294.23-P1P2__ENSG00000133119
GTGGCAGTTGGTGAGCATCA	RUVBL2_-_49497171.23-P1P2__ENSG00000183207
GTGGCCAGAGTCGTACAGGT	PLEKHN1_+_901890.23-P1P2__ENSG00000187583
GTGGCCAGCCGCTGACGGGT	PTCD3_-_86333438.23-P1P2__ENSG00000132300
GTGGCCAGTGCCAAGAGCAG	DDX19B_-_70328715.23-P2__ENSG00000157349
GTGGCCGAGTCTCCTCACTG	MRPS26_+_3026693.23-P1P2__ENSG00000125901
GTGGCCGCGGGAGAACGCTC	FAM229A_-_32827628.23-P1P2__ENSG00000225828
GTGGCCGGCCGGGTCACTGG	PABPN1_-_23791085.23-P1P2__ENSG00000100836
GTGGCCGTCGGCCCGCTCAG	CPNE1_-_34252842.23-P1P2__ENSG00000214078
GTGGCCTAGGACGGAGGGAA	GIT2_-_110433753.23-P1P2__ENSG00000139436
GTGGCCTCCCTAGTGCGGGC	SNRNP25_-_103870.23-P1P2__ENSG00000161981
GTGGCCTCGGCGGGATCCTG	NAA38_-_117824411.23-P1P2__ENSG00000183011
GTGGCCTGTAGAGAGAAAGG	UNC45A_+_91478755.23-P1__ENSG00000140553
GTGGCGAAGCCAGCTGCTGG	ANAPC10_+_146019314.23-P1P2__ENSG00000164162
GTGGCGATGGGACTAATGTG	OXA1L_-_23235932.23-P1P2__ENSG00000155463
GTGGCGCATAGGGGTTCTCC	HBS1L_+_135375911.23-P1P2__ENSG00000112339
GTGGCGCCAGCTCCCGGGTT	NOP56_+_2633285.23-P1P2__ENSG00000101361
GTGGCGCGACCGGAAGTGAT	METTL23_+_74722914.23-P1P2__ENSG00000181038
GTGGCGCGGGACAAACGCCA	KIF11_-_94352958.23-P1P2__ENSG00000138160
GTGGCGCGTGGCTTACGCAA	SLC9B1_+_103940810.23-P1P2__ENSG00000164037
GTGGCGGACCCCGGAAGTGT	VPS37C_+_60928912.23-P1P2__ENSG00000167987
GTGGCGGATGACAAGGTGAG	SLC35A4_-_139944450.23-P1P2__ENSG00000176087
GTGGCGGCGGTGGATATCCG	MED6_+_71067331.23-P1P2__ENSG00000133997
GTGGCGGTCGGGAACTCGGT	CDK2_-_56360602.23-P1P2__ENSG00000123374
GTGGCGGTTACTGCAAGCCC	NOL9_+_6614393.23-P1P2__ENSG00000162408
GTGGCGTCGGGCAGCGGGGT	ZMAT2_-_140080067.23-P1__ENSG00000146007
GTGGCGTTGGCCGGGTAGAG	CAST_-_95998431.23-P2__ENSG00000153113
GTGGCTACCACCCTAGAGCG	HAUS7_-_152760909.23-P2__ENSG00000213397
GTGGCTATGATGGAGGTCCA	TNFSF10_+_172241151.23-P1P2__ENSG00000121858
GTGGCTATTGGGAACAAGCT	CRKL_-_21271784.23-P1P2__ENSG00000099942
GTGGCTCCTGGAAGCAGGGC	TVP23C_+_15466774.23-P1P2__ENSG00000175106
GTGGCTGCGCTGACACTGAG	NSUN4_-_46806520.23-P1P2__ENSG00000117481
GTGGCTGCTGTGTGGACCAG	PSMB6_+_4700995.23-P2__ENSG00000142507
GTGGCTGGGATCATCCGCGG	LSM6_-_147096913.23-P1P2__ENSG00000164167
GTGGCTGTCTCTGCAGTCGA	MRPS35_-_27863821.23-P1P2__ENSG00000061794
GTGGCTTCAAAACGGTAGAG	non-targeting_03570
GTGGCTTCAGTTCACCTCAG	MRPL11_-_66206259.23-P1P2__ENSG00000174547
GTGGGAAGAAGTCCGAGCAG	HARS2_+_140071236.23-P1P2__ENSG00000112855
GTGGGACCAGGCGGGCCAAG	TMEM199_+_26684570.23-P1P2__ENSG00000244045
GTGGGACTCGGACCCCGGCG	MPG_+_128262.23-P1P2__ENSG00000103152
GTGGGAGATGTGCAGCCTCA	SLC4A5_-_74590469.23-P2__ENSG00000188687
GTGGGAGGGAAAGTCGGGGG	HEXIM1_-_43225895.23-P1P2__ENSG00000186834
GTGGGATCGCGGGCCGTAAG	MVD_+_88729520.23-P1P2__ENSG00000167508
GTGGGCACCCGAGTCCCGAG	IPO11_-_61708830.23-P1P2__ENSG00000086200
GTGGGCAGGGAGAACTCCGG	ZNF253_+_19976912.23-P1P2__ENSG00000256771
GTGGGCAGTCGAACAGCGGG	PPP1R8_+_28157375.23-P1P2__ENSG00000117751
GTGGGCGGTCGAAGAGATGG	HAUS5_-_36103753.23-P1P2__ENSG00000249115
GTGGGCGTCGGTCGTCGGTG	DCTN1_+_74618953.23-P1P2__ENSG00000204843
GTGGGCTCCCGGGTACTGGG	EXOSC10_-_11159881.23-P1P2__ENSG00000171824
GTGGGCTCCTTGGTACCATG	HEATR1_+_236767776.23-P1P2__ENSG00000119285
GTGGGCTCGGGCAGCTTGAA	POLE2_+_50154826.23-P1P2__ENSG00000100479
GTGGGCTGCAGTTGGAACGA	VPS51_-_64863725.23-P1P2__ENSG00000149823
GTGGGCTGGGTGACGCCAGG	FXN_+_71650730.23-P1P2__ENSG00000165060
GTGGGGACAGAGTAGGTGAG	NF1_-_29422451.23-P1P2__ENSG00000196712
GTGGGGACGACAGTGTCGAG	SF3B1_-_198299356.23-P1P2__ENSG00000115524
GTGGGGAGAAGCGGAGAACC	STRAP_+_16035370.23-P1P2__ENSG00000023734
GTGGGGAGGCGTGAGGGAAA	C1QTNF4_-_47615924.23-P1P2__ENSG00000172247
GTGGGGCGAATCAGGTGTAG	non-targeting_00434
GTGGGGCGAGGCGGTGAGTG	AAR2_-_34824434.23-P1P2__ENSG00000131043
GTGGGGCGAGGGAGAAACCC	PPP1CA_+_67168941.23-P1__ENSG00000172531
GTGGGGCGCCTGTAAAGTTA	THG1L_-_157158472.23-P1P2__ENSG00000113272
GTGGGGCGCGGGCGATTTGT	MIS18A_+_33651327.23-P1P2__ENSG00000159055
GTGGGGGAGCAGCCGAAGAG	STAT5A_-_40440912.23-P1P2__ENSG00000126561
GTGGGGGCCGCTAGGAAATG	RPTOR_+_78519208.23-P1P2__ENSG00000141564
GTGGGGGTGTGCGATTGTGT	TSG101_+_18548431.23-P1P2__ENSG00000074319
GTGGGGTCCTCGATACGGAA	SNW1_+_78227421.23-P1__ENSG00000100603
GTGGGGTGGGGGAAAGGAAC	SMUG1_+_54582758.23-P1P2__ENSG00000123415
GTGGGTCCGGGAGAATCTGT	IMP4_+_131100464.23-P1P2__ENSG00000136718
GTGGGTCCGGTGGGGTCAGT	ASF1B_-_14247349.23-P1P2__ENSG00000105011
GTGGGTCCTTCGGCAGGAGG	DDOST_+_20987846.23-P1P2__ENSG00000244038
GTGGGTCGAGCCTGACGAGG	ATXN10_+_46067906.23-P1P2__ENSG00000130638
GTGGGTCGGGAGTCACGGTG	DDX46_-_134094650.23-P1__ENSG00000145833
GTGGGTGCAACAAGAGAAGG	RPL18A_+_17970907.23-P1P2__ENSG00000105640
GTGGGTGTCTGCTCGCGTAA	non-targeting_03602
GTGGGTTCAGGGCGAGCGGG	ATIC_+_216176831.23-P1P2__ENSG00000138363
GTGGTAACAGCACACGAGAG	MED4_+_48669127.23-P1P2__ENSG00000136146
GTGGTAGCATAGTTCTTCAG	CFDP1_-_75448185.23-P2__ENSG00000153774
GTGGTAGGACTTGCTGGTGG	RPL36A_-_100646053.23-P1P2__ENSG00000241343
GTGGTCCCCTGGGTCCCGCC	ZDHHC7_-_85045057.23-P1P2__ENSG00000153786
GTGGTCCGCGGCGCCCGAGG	LRP5_-_68080086.23-P1P2__ENSG00000162337
GTGGTCCTGAAGCCTGGATA	ARPC2_-_219103608.23-P2__ENSG00000163466
GTGGTGAGAGCTGCGGAATC	RPL35_+_127624168.23-P1P2__ENSG00000136942
GTGGTGAGCGCGGGTACCCG	PSMG3_+_1609624.23-P1__ENSG00000157778
GTGGTGCAGGGAGCGAGAAT	HMGN2_-_26799202.23-P1P2__ENSG00000198830
GTGGTGGCGGCGCTCCGCAG	NAE1_+_66864833.23-P1P2__ENSG00000159593
GTGGTGTAGCAGCCATATCC	ARPC2_+_219103598.23-P2__ENSG00000163466
GTGGTGTCCTGGCAAAAGCA	NACA_+_57118865.23-P1P2__ENSG00000196531
GTGGTTTGATGGAGGAATAG	SPDYE2_+_102191744.23-ENST00000432940.1-ENST00000507918.1__ENSG00000205238
GTGTAGGAGGGGCCGACCAG	PIGH_-_68066655.23-P1P2__ENSG00000100564
GTGTATGAGGCCATAGAGGA	OR1D2_-_2995835.23-ENST00000331459.1__ENSG00000184166
GTGTCAGCCGGCCTAGGAGG	NOMO1_-_14927632.23-P1P2__ENSG00000103512
GTGTCCATGTGGACAGGGGT	SENP6_+_76311650.23-P1P2__ENSG00000112701
GTGTCCCCGGGCTACACCTG	BRIX1_-_34916034.23-P1P2__ENSG00000113460
GTGTCCCTGACGCGGATCAC	DNAJC11_+_6761910.23-P1P2__ENSG00000007923
GTGTCCGGGGTGATGTCCAC	NLE1_-_33469053.23-P1P2__ENSG00000073536
GTGTCCTGGTGCATGGTGGT	ZNF143_-_9482591.23-P1P2__ENSG00000166478
GTGTCGCGGCCTCTGTCCCA	PPP6C_+_127951685.23-P1P2__ENSG00000119414
GTGTCGTCGGAGAGGCATCT	RIOK2_+_96518912.23-P1P2__ENSG00000058729
GTGTCTACCAGTTCCTGAGA	NAT10_-_34127188.23-P1P2__ENSG00000135372
GTGTGAAGCGGCGAAGGAGG	CPNE1_+_34252796.23-P1P2__ENSG00000214078;RBM12_+_34252796.23-P1P2__ENSG00000244462
GTGTGAGAGCGGTAAGATGG	PSMD11_-_30771547.23-P1P2__ENSG00000108671
GTGTGAGCAAATCTTGGTGG	MBIP_+_36789822.23-P1P2__ENSG00000151332
GTGTGCAGCGGGAAAGTCCA	CEP192_+_12991384.23-P1P2__ENSG00000101639
GTGTGCAGGCCGGGAGGTAG	ARHGAP11B_-_30918429.23-P1P2__ENSG00000284906
GTGTGCGCGAGTTAAGCTGG	STRIP1_-_110577243.23-P1P2__ENSG00000143093
GTGTGCGCGCCTCCAGGGAA	RPAIN_-_5323498.23-P1P2__ENSG00000129197
GTGTGCGGCTCCGGAGTCCG	FBL_-_40336975.23-P1P2__ENSG00000105202
GTGTGGAGCAGCACTCCTTC	PSMC6_-_53174195.23-P1P2__ENSG00000100519
GTGTGGAGGCAGACTTCGCA	non-targeting_02273
GTGTGGCCGTGGCTACCGAT	COG8_-_69373434.23-P1P2__ENSG00000213380
GTGTGGCGGTACGGTAACCG	GAR1_-_110736884.23-P1P2__ENSG00000109534
GTGTGGGCCCGGGCCGTCGT	GLRX5_-_96001406.23-P1P2__ENSG00000182512
GTGTGGTGCTGGCGGCGACG	PMPCA_-_139305149.23-P1P2__ENSG00000165688
GTGTGGTGGTTCCCGCAGAG	THOC2_+_122866836.23-P1P2__ENSG00000125676
GTGTGGTTCATGGTGACCAG	IFITM2_+_308180.23-P1P2__ENSG00000185201
GTGTGTCGCATACCGCCCTC	RBM48_+_92158174.23-P1P2__ENSG00000127993
GTGTGTCGCCGGCTCCTTGA	UTP15_-_72861621.23-P1P2__ENSG00000164338
GTGTGTTCGCAGCCTTGCCG	CHMP7_-_23104196.23-P1P2__ENSG00000147457
GTGTTAGGTCGTCGTAGCTG	non-targeting_02684
GTGTTCGGGGAGGATTCCGA	RPS29_+_50065387.23-P2__ENSG00000213741
GTGTTCGGTTAGACAGTGCC	non-targeting_01110
GTGTTTAGAGAAAGGGTCGA	non-targeting_03052
GTGTTTCTGCGCGAGCGCCA	non-targeting_03155
GTGTTTGAGGATGTAGGCAC	TARS2_-_150459914.23-P1P2__ENSG00000143374
GTGTTTGCTTCGGCAGAAAA	NDUFS5_-_39494612.23-P2__ENSG00000168653
GTGTTTGGTGGAGCCCGCGA	EXOSC3_+_37785037.23-P1P2__ENSG00000107371
GTTAAGAAGCAGTGAATAAG	HIST1H2BN_-_27806374.23-P1P2__ENSG00000233822
GTTAAGAGCTCAGACGGCGG	non-targeting_02443
GTTAAGGAGCAATACTACAG	HOXC10_+_54379003.23-P1P2__ENSG00000180818
GTTACCAAGGCACGAGGATC	NIP7_-_69373710.23-P1P2__ENSG00000132603
GTTACCGGGACCGAGGCCAC	UTP23_+_117778813.23-P1P2__ENSG00000147679
GTTACCGGTCGGAATACCTA	ZNHIT6_-_86174058.23-P1P2__ENSG00000117174
GTTACCTACCCAGACCCCAG	PPP1R2_+_195269654.23-P1P2__ENSG00000184203
GTTACTACAGGAGCCGAAGG	non-targeting_00531
GTTAGCACGAGCCTGAAACT	TPT1_-_45915260.23-P1P2__ENSG00000133112
GTTAGCCAGGTTATCCCCAG	PPP1R11_-_30035028.23-P1P2__ENSG00000204619
GTTAGCCGGACAAGAACGAT	non-targeting_00295
GTTAGCCTTGGGAGGAACAG	LAMB1_-_107643640.23-P1P2__ENSG00000091136
GTTAGCGCGCTAGTATATAG	non-targeting_00266
GTTAGGGCAGGGACAGGTGT	EPS8L1_-_55591980.23-P2__ENSG00000131037
GTTAGGGGGAAGACCCGGGC	RNF4_-_2471349.23-P1P2__ENSG00000063978
GTTAGGTGAACGACGTGGTG	NOL8_+_95087581.23-P1P2__ENSG00000198000
GTTATGGCCGAAGGGGACGG	ZNF100_-_21950100.23-P1P2__ENSG00000197020
GTTATTTATTAACATAGACA	OR7A17_-_14992230.23-ENST00000327462.2__ENSG00000185385
GTTCAGCTCTAGATCCACGG	PFDN1_-_139682650.23-P1P2__ENSG00000113068
GTTCAGTCGGGTCCCGGCAG	CFL1_+_65625628.23-P1P2__ENSG00000172757
GTTCCACCGCCACCCACCTC	ACTL6A_+_179280755.23-P1P2__ENSG00000136518
GTTCCACTAGACACGCTGAA	WDR36_-_110428095.23-P1P2__ENSG00000134987
GTTCCAGACCGGCACACAGT	SDHAF2_+_61197835.23-P1P2__ENSG00000167985
GTTCCAGCGGGACCAAGCAA	RPS3A_+_152021229.23-P1P2__ENSG00000145425
GTTCCCAGAACAGACCTAGG	TLCD1_+_27053148.23-P1P2__ENSG00000160606
GTTCCCGGCCTGGTAAGTGT	POLR2B_+_57845291.23-P1P2__ENSG00000047315
GTTCCCGGGGACCTAGACTG	LAMTOR1_-_71813943.23-P1P2__ENSG00000149357
GTTCCCTGACGGTCACCTTA	MRPL21_+_68671245.23-P1P2__ENSG00000197345
GTTCCCTGCCGGAGTCCGGG	ZNF830_+_33288601.23-P1P2__ENSG00000198783
GTTCCGCCGGGCTCCCGATG	NHLRC2_+_115614607.23-P1P2__ENSG00000196865
GTTCCGCCTGGATAGTGCGG	non-targeting_01795
GTTCCGGCCACAAGCCGCAC	RPS26_+_56436127.23-P1P2__ENSG00000197728
GTTCCTCGCGCTCCCGGTAG	KRI1_-_10676612.23-P1P2__ENSG00000129347
GTTCCTGCGCAATTCCGGCG	non-targeting_01948
GTTCGAGTGGACCATCAGGT	COPZ1_+_54695041.23-P2__ENSG00000111481
GTTCGCACGACGCAGCGGTT	PCF11_-_82868190.23-P1P2__ENSG00000165494
GTTCGCCTCCGGAGCCATGG	METTL17_-_21458167.23-P1P2__ENSG00000165792
GTTCGGGAGCGGCGACGGGA	GABPB1_-_50647212.23-P1P2__ENSG00000104064
GTTCGGGGAAGAGGAGCTCT	HAUS4_+_23426073.23-P1P2__ENSG00000092036
GTTCGGGGCCCCACTCACTT	SNRPC_+_34725323.23-P1P2__ENSG00000124562
GTTCGTCTGGGAAGGTCCTA	SPTLC1_+_94877225.23-P1P2__ENSG00000090054
GTTCGTCTGGGCTGCCAACA	RPL27A_-_8704363.23-P1P2__ENSG00000166441
GTTCGTTGGGGCAGCATTGT	C1D_+_68289917.23-P1P2__ENSG00000197223
GTTCTACTGGAGACCACTTT	PPIL4_+_149867112.23-P1P2__ENSG00000131013
GTTCTAGCCCTCCCATCCCA	OSTC_-_109572201.23-P1P2__ENSG00000198856
GTTCTAGGGTTCATGACAGT	OR4N2_+_20296003.23-ENST00000315947.1__ENSG00000176294
GTTCTGCAGAGGAGACCGGA	WDR12_+_203776353.23-P1P2__ENSG00000138442
GTTCTGGGCGGACGCTCTGG	ARMC6_-_19144470.23-P1P2__ENSG00000105676
GTTCTTGGCGCCGGAGGAAG	NAPG_-_10526057.23-P1P2__ENSG00000134265
GTTGAAACTAGATAGGCCGC	non-targeting_02969
GTTGAAAGTAGGGACCTCAG	CCND1_-_69467368.23-P2__ENSG00000110092
GTTGAAGCGGGTGAGTAGAG	POLD1_-_50887659.23-P1P2__ENSG00000062822
GTTGAGACTGAGAAGAATAA	UQCRC1_+_48643236.23-P2__ENSG00000010256
GTTGAGCCGGCGAGCTGCAC	CPOX_-_98312447.23-P1P2__ENSG00000080819
GTTGAGCGGGACCGGAGCTG	SAE1_-_47634169.23-P1P2__ENSG00000142230
GTTGAGCGGGGGCCGACCGA	TXNL4B_+_72127483.23-P1P2__ENSG00000140830
GTTGAGGAGTAACGGCCCAG	TIMM23B_-_51371488.23-P1P2__ENSG00000204152;TIMM23_+_51623265.23-ENST00000260867.4__ENSG00000265354
GTTGAGGCCCAACCAGGGAG	YPEL5_-_30369815.23-P1P2__ENSG00000119801
GTTGAGGGCGAAGAAACAAG	PCBP2_-_53836012.23-P2__ENSG00000197111
GTTGAGTCTGAAGCGCTGGG	KIF18A_+_28129677.23-P1P2__ENSG00000121621
GTTGATTGGGGTCCTCGATA	C14orf178_+_78227426.23-P1P2__ENSG00000197734
GTTGCAGCCTGGCCTGCGCG	NUP133_-_229644064.23-P1P2__ENSG00000069248
GTTGCAGGGACAAGTTTACT	HIST1H2BE_+_26184396.23-ENST00000356530.3__ENSG00000274290
GTTGCCAGGGACAGACGGCG	MIS12_+_5389910.23-P1P2__ENSG00000167842
GTTGCCTTAGAGAGGTTCCC	DPAGT1_+_118972531.23-P1P2__ENSG00000172269
GTTGCGCGAGCCGGGCTGTC	ELP6_+_47555158.23-P1P2__ENSG00000163832
GTTGCGCGCGCGGGAGTCAG	POLD1_-_50887603.23-P1P2__ENSG00000062822
GTTGCGGAGGTTGTCGACAA	MYO1H_+_109826602.23-ENST00000431443.2__ENSG00000174527
GTTGCGTGGCGGGAACGCGG	SHQ1_+_72897533.23-P1P2__ENSG00000144736
GTTGCTGAGGTGACTTCAGT	SDHC_-_161284228.23-P1P2__ENSG00000143252
GTTGCTTGCGAAGCCGGCTT	MED27_+_134955254.23-P1P2__ENSG00000160563
GTTGGAGCCTGGCGTAGTCA	SPC24_+_11266448.23-P1P2__ENSG00000161888
GTTGGCCGAGTGAGTCACTC	CYFIP1_+_22892711.23-P1P2__ENSG00000273749
GTTGGCCTGGTGTTCCTCCT	POTEI_+_131267148.23-ENST00000451531.2__ENSG00000196834
GTTGGCGAAGTGGGTTCCGG	TUT1_+_62358999.23-P1__ENSG00000149016
GTTGGCGCGCGCGCCCTAGG	NUP155_+_37371164.23-P1P2__ENSG00000113569
GTTGGCGGAGGTGAGTCTCG	MRPS17_-_56019635.23-P1P2__ENSG00000239789
GTTGGCGGTCGTGGTTCCGG	SS18L2_-_42632379.23-P1P2__ENSG00000008324
GTTGGGACTCCGCGATCCTC	USP10_+_84733660.23-P1P2__ENSG00000103194
GTTGGGAGTGCAGCCGCGGC	LSM12_-_42143977.23-P1P2__ENSG00000161654
GTTGGGTAGAGGAAGCCGTG	ATP6V1C1_-_104033344.23-P1P2__ENSG00000155097
GTTGGTCGCGCGCCTTCCTG	SF3B2_-_65819849.23-P1P2__ENSG00000087365
GTTGTCGAGGGAGAAGTTAA	non-targeting_01783
GTTGTCGCCGGCCACTCCAC	HSD17B10_-_53461314.23-P1P2__ENSG00000072506
GTTGTGGTCAGCCATCGTCT	CENPT_-_67867769.23-P1P2__ENSG00000102901
GTTGTTACCGAGGAAGATGG	MED16_+_893155.23-P1P2__ENSG00000175221
GTTTCAGCGGCAGGCGAAGG	NSMCE2_-_126104128.23-P1P2__ENSG00000156831
GTTTCAGGTGGGAACTATCC	HAPLN2_+_156589260.23-P1P2__ENSG00000132702
GTTTCCTGCGCAGGAGGTGA	RPL13_-_89627126.23-P1P2__ENSG00000167526
GTTTCTCTCGGAGGCCGGAG	ARIH1_-_72766733.23-P1P2__ENSG00000166233
GTTTGCAGGAGTCTACACCC	DBR1_+_137893744.23-P1P2__ENSG00000138231
GTTTGCCGAATACCGAGGCA	non-targeting_02819
GTTTTCGGGCTTGTACCGCT	MRPS16_+_75012360.23-P1P2__ENSG00000182180
GTTTTCTCACCTGGTTCCCG	C18orf21_-_33552665.23-P1P2__ENSG00000141428
