GAAAAACAAACGACCCAGAG	ADAT3_+_1908004.23-P2
GAAAACCAGCAAGAAGGCGG	INTS7_+_212208849.23-P1P2
GAAAACGAGAAAGTACTGAA	GON4L_+_155829093.23-P2
GAAAACTGAGAGCCATCATA	HIST1H2AB_+_26033417.23-P1P2
GAAAAGAAACTCCTGGCCGT	TXNL4B_-_72127489.23-P1P2
GAAAAGCATGCTATACGGCG	non-targeting_00919
GAAAAGCGGCGCAGTATTTG	non-targeting_01976
GAAAAGGCCTATTATCTATA	HIST1H2AI_+_27775962.23-ENST00000358739.3
GAAAAGGCTATGGAAAACAT	DDX46_-_134109485.23-P2
GAAAAGTTGGGCCGAAGGAG	ACTR2_-_65454953.23-P1P2
GAAACATGGAGGAGCGGGAG	LSM11_-_157170775.23-P1P2
GAAACCAGGCTGCATAGGGA	PWP1_+_108079624.23-P1P2
GAAACCCAGGAAGCGTCTTC	INTS9_-_28747461.23-P1P2
GAAACCCGCCGCGGAGGAAG	TIMM8A_-_100603638.23-P1P2
GAAACGCACAGCAACTCGCA	DHX9_+_182808499.23-P1P2
GAAACGCGGGCGTAGGTGAC	ELAC2_+_12921295.23-P1P2
GAAACGCTCCCCACGGGTAA	NUP35_+_183989105.23-P1P2
GAAACGGGCTCAGAGCCACG	SLC1A5_+_47291839.23-P1
GAAACTGTCGCAGAGGGGAA	RBM8A_+_145507591.23-P1P2
GAAAGCGCCTTGACAATCAG	non-targeting_00635
GAAAGCGGTCAAGGCATTAA	non-targeting_01425
GAAAGCTCCAGCGACCACGG	SYS1_+_43991817.23-P1P2
GAAAGGAAGCGGGCGAACCC	KRT17_+_39780834.23-P1P2
GAAAGGATGGTAGACCCGTG	NSA2_-_74063329.23-P1P2
GAAAGGGGAGCGGGCGGGAA	PCBP2_+_53846112.23-P1
GAAAGGGGCCTCAAAGAGGT	MED10_-_6378270.23-P1P2
GAAAGTCGGGAGAATAAACC	non-targeting_00843
GAAATCGAGTCCACCCTCAG	TPR_-_186344344.23-P1P2
GAAATGGCTGCGTCTTCGAG	MED4_+_48669194.23-P1P2
GAAATGGTGAGAGCGTTGAG	TMEM258_+_61560010.23-P1P2
GAACAAAAGTGGGACAACCG	SRRT_+_100472790.23-P1P2
GAACAAAGGACATTAGACTC	ESF1_+_13763214.23-P2
GAACAACTACGGCTGCGGTG	ACTR6_-_100594617.23-P1P2
GAACACGAGCAGGAAGCTCC	UTP6_-_30228710.23-P1P2
GAACACTGCAGCAGCCTCCA	THOC3_-_175395258.23-P1P2
GAACAGCTCGTCTACCTCCC	COPE_-_19030119.23-P1P2
GAACAGGGCTTGACAGCGCG	INTS7_+_212208875.23-P1P2
GAACATGGCCGCCGCCTGAG	POLR3E_-_22308778.23-P1P2
GAACCAGCTGACTCCCGTAG	ATP6V1D_+_67826497.23-P1P2
GAACCCAAAGCGGCCGCCGT	MRPL35_-_86426601.23-P1P2
GAACCCAGGAGAGTAAGGCT	ZNF468_-_53360493.23-P1P2
GAACCCGAGGAGATGAAGTA	RBMX2_-_129536016.23-P1P2
GAACCCGGCAGAAACCCGGG	SRP19_+_112197012.23-P1P2
GAACCGTGTGAGAATCCCTA	C3orf17_+_112738436.23-P1P2
GAACCTCACCCGCGCTGAAG	COG1_-_71189243.23-P1P2
GAACCTGGTGCGAGCAGCCC	CD3EAP_-_45909922.23-P1P2
GAACGAGCAGCGGAACCCCA	SSRP1_-_57102976.23-P1P2
GAACGCCGGGACTCCCATAG	XRN2_+_21284031.23-P1P2
GAACGCGAACTAGAGACCGT	MMS19_-_99258162.23-P1P2
GAACGCGGCGCGGGAGACTA	TIMELESS_-_56842929.23-P1P2
GAACGCTCTCGGAATTATGG	MED6_+_71067347.23-P1P2
GAACGGCCGCATGGTAACTC	RUVBL1_+_127842630.23-P1P2
GAACGGGGAAGAATTGAAGG	NDC80_-_2571961.23-P1P2
GAACGTGAGCGATGCCGCAG	OIP5_-_41624746.23-P1P2
GAACGTGCCCCCGGTCGTCG	non-targeting_01119
GAACTACTGGCAGGAAAGAA	TBC1D3_-_36357859.23-ENST00000537432.1
GAACTCAGGCAGGAGCGAGG	LTBP3_-_65325688.23-P1P2
GAACTCGCGGCCCATTGTGG	UQCRQ_+_132202565.23-P1P2
GAACTCGGCGCCTGGAAAGA	ZWINT_+_58120993.23-P1P2
GAACTGAAGGGGTGAACTAG	DHDDS_-_26758897.23-P1P2
GAACTGCAGAGGCTATTTCC	OR4F4_+_102463292.23-ENST00000326183.3
GAACTGCGGCTCGGGACCTG	SNRPF_-_96252774.23-P1P2
GAACTGGAGAGTTCTAATAG	ZMAT2_+_140083724.23-P2
GAACTTCCTTCTGACCGTGA	OR7A10_+_14952334.23-ENST00000248058.1
GAAGAATCCCTGGGCATCAG	LCN10_-_139636440.23-P1P2
GAAGACAGCCAGCAACGACG	non-targeting_01395
GAAGACGGCTCGGATGCCGG	PSMC5_-_61904830.23-P1P2
GAAGAGGAAGGTGAGCCTCT	RPS3_-_75110633.23-P1
GAAGAGGATTTGGAGGGTAC	GPN1_-_27852137.23-P1P2
GAAGAGGCCGGTGGTGCTGG	POLR1A_+_86332623.23-P1P2
GAAGAGGGTCGCAGTCTCCG	ACTR10_+_58666892.23-P1P2
GAAGAGTGGTAAGCCTGTAA	ARPC3_-_110883364.23-P2
GAAGATAAGATAAGATATAC	ZNF718_-_154974.23-ENST00000400172.3;ZNF718_-_154974.23-ENST00000502662.1
GAAGATAGCTGCTAACTGAG	C12orf60_-_14956629.23-P1P2
GAAGATCTCGCGGAAGCCTA	CCNH_-_86708719.23-P1P2
GAAGATGACCCCGCTCCCAC	ERCC3_-_128051699.23-P1P2
GAAGATGGCAATACATACCC	WARS_-_100841623.23-P1P2
GAAGATGGCTGGAGTAAGAA	ZMAT2_-_140083696.23-P2
GAAGATGTCGAAGCGAGGTG	RPL23_+_37009944.23-P1P2
GAAGCAAAATACCCCAAGGG	DDX52_-_36003249.23-P1P2
GAAGCAAGTAGCGCCAATCT	PMF1-BGLAP_-_156182834.23-P1P2;PMF1_-_156182834.23-P1P2
GAAGCAGCCAGCCAGCTCGT	POP7_+_100303782.23-P1P2
GAAGCAGGGGCAGAATGTGG	SERBP1_+_67895645.23-P1P2
GAAGCCAGGGATGAAGGATG	TBCD_+_80709982.23-P1P2
GAAGCCAGTCTGAGACAGAG	PRMT5_-_23395618.23-P2
GAAGCCCGGCCAGCCGACCG	ACTB_+_5570130.23-P1P2
GAAGCCGGACTACGCGGCAG	RTCB_+_32808188.23-P1P2
GAAGCCGGTCGGAACTGCTC	CDC20_-_43824668.23-P1P2
GAAGCGACGGCCTAGAGGAG	TARS_+_33441139.23-P1P2
GAAGCGCCGCACTCTCCTTA	RAD51_+_40987418.23-P1P2
GAAGCGCGCTGCGGTTCCGG	MSRB1_+_1993161.23-P1P2
GAAGCGCTGCAGGAACTGTC	NCBP1_+_100396100.23-P1P2
GAAGCGGAGCCTGGTTACCC	SF3B2_-_65820053.23-P1P2
GAAGCGGCACTCAAGATGGT	IMP4_-_131100512.23-P1P2
GAAGCGTGACCGGGCTGCAC	MED11_-_4634925.23-P1P2
GAAGCGTTTCCTGAGTTCGG	ALG11_-_52586543.23-P1P2
GAAGCTATGAGGTATAGACC	NOL6_+_33473879.23-P1P2
GAAGCTCCCGGTTTCAGGTT	UTP6_-_30228722.23-P1P2
GAAGCTCGGCTCACAGTCGC	EMC3_+_10028469.23-P1
GAAGCTCGGGTCCTCTCTGT	DNTTIP2_-_94344536.23-P1P2
GAAGCTGAAAGGCCCGGGAA	HAUS4_-_23426310.23-P1P2
GAAGCTGGTCCGCCATGGTG	POLD3_+_74303696.23-P1P2
GAAGGAAGCAGCTAGTCACC	RPS21_+_60962140.23-P1P2
GAAGGACGGCGATTACCTAA	LSM5_-_32529937.23-P1
GAAGGAGTCACCGAACTGTC	ERAL1_+_27182286.23-P1P2
GAAGGATGGTTTGGCCGAGG	DR1_-_93811723.23-P1P2
GAAGGCGAGTACCTCCTCCC	MOCS3_+_49575386.23-P1P2
GAAGGCGTGAGTCAAGCGAA	SNRPD3_+_24951964.23-P1P2
GAAGGCTGAACCCGCTTCCA	CCDC130_-_13842623.23-P2
GAAGGCTGGAAGACGAGGTA	TTI1_+_36661799.23-P1P2
GAAGGGACGGTGGCGCGCAA	RPL32_-_12883061.23-P1P2
GAAGGGCAAGGGGACCTGTA	ABCB7_+_74375885.23-P1P2
GAAGGGCGGCCGGTAGAGTA	CHEK1_-_125495934.23-P1P2
GAAGGGGACATGCACCCCAA	MOG_-_29624930.23-P1P2
GAAGGGGAGGAGGGCCCGCA	NPEPPS_+_45608493.23-P1P2
GAAGGGTACCTGAAGCGAAT	COX7B_-_77155002.23-P1P2
GAAGGTACCTGGCTCCCCGG	ZMAT5_-_30162951.23-P1P2
GAAGGTATTTTTAGCCTGGA	non-targeting_02790
GAAGGTCACACGCGGTTCCC	MRPL12_+_79670494.23-P1P2;SLC25A10_+_79670494.23-P1P2
GAAGGTCCTGAAGGGAGGTT	PRELID1_-_176731244.23-P1P2
GAAGGTGGGTTTGGAAGGTT	KRTAP4-2_-_39334474.23-P1P2
GAAGTCCCGTGGCGCCGGGT	GFM1_+_158362379.23-P1P2
GAAGTCCGGCGGGGAGACCA	LTV1_+_144164541.23-P1P2
GAAGTCGATTCAAAGGACAC	RPL23_-_37010011.23-P1P2
GAAGTCTACAAGCATCTTGG	OR4K1_+_20404057.23-ENST00000285600.4
GAAGTCTGGCCCGGCCCAAC	SMC2_+_106856781.23-P1P2
GAAGTGAGAGGGCGCCACGC	non-targeting_03541
GAAGTGCGCCGCGCGGGACC	RRP7A_+_42915752.23-P1P2
GAAGTGTGAGGGCGAAGCGG	CPSF3_+_9563875.23-P1P2
GAAGTTAGGTGTCCAGAGCA	TTF2_-_117602996.23-P1P2
GAAGTTGGCCCTCTTTTCCG	RPS6_+_19380221.23-P1P2
GAAGTTTGTGAGGTGAGTAG	PRPF3_-_150294051.23-P1P2
GAATAAACCCGAAAATGATG	ZNF407_-_72343011.23-ENST00000299687.5
GAATACACGAGAGCAATTAG	TMX2_+_57480105.23-P1P2
GAATATCACCCCGGGCCCGG	UBA1_+_47050450.23-P2
GAATCCCGGCTGGGACTATG	U2SURP_+_142720684.23-P1P2
GAATGCAGGCAGATGAGCAT	CSH2_+_61950403.23-P1
GAATTAATACTTTTAAGTAA	SRSF6_-_42090460.23-P2
GAATTGAGCGGAGAGCGACG	CDK1_-_62538284.23-P1P2
GAATTTAACTGGGATAACCC	RPL35A_+_197677288.23-P1P2
GAATTTAGAAGCAGAGGATC	TAF1D_+_93471338.23-P2
GAATTTCTATGTATCCAGAA	SMC4_-_160122169.23-P2
GACAAAGGGAAGGGACCCAA	ERVW-1_-_92107250.23-ENST00000603053.1
GACAAGCCGCCGCCACAGGG	MAU2_+_19431630.23-P1P2
GACAATCGGCTGGGACGCTT	DDX47_+_12966332.23-P1P2
GACACACGACAACTCCGCGG	UFM1_+_38924011.23-P1P2
GACACAGTGGCTGTTCCCCA	PLEKHN1_+_901909.23-P1P2
GACACCATGGTGAGTAGGGT	ISY1_+_128879801.23-P1P2
GACACCGTCGCCAATCTCCT	LUC7L3_+_48797010.23-P1P2
GACACGCTCCCTTAGGAGAG	TIGD1_-_233415192.23-P1P2
GACACGTGAGTCCGGAGCGG	RRP15_+_218458665.23-P1P2
GACACTCAGAGGCCGCGGCG	non-targeting_01407
GACACTGGAAGGAGTCATGG	FARSA_+_13044503.23-P1P2
GACAGAATGAGACCTGAGGG	MRPL9_-_151735986.23-P1P2
GACAGACACCCACTCAACGG	non-targeting_00667
GACAGACCTAGGACAGGCGG	AP2M1_+_183894722.23-P2
GACAGCAGAACCAGCGGCGG	RBM42_-_36120011.23-P1P2
GACAGCCACCGGGACCATGG	CDC23_-_137548987.23-P1P2
GACAGCCAGGTGCACAGCGG	ESPN_-_6508158.23-P2
GACAGCCCAAACAACTGCAG	WDR70_+_37379414.23-P1P2
GACAGCCCCGGGGCCCAGCA	HSF1_+_145515304.23-P1P2
GACAGCCGACCTGACCTAGT	C1orf109_-_38157872.23-P2
GACAGCGGCCCAGACAGAGG	TEN1_-_73975358.23-P1P2
GACAGCGGCGGTACTGGGAT	NBPF3_-_21766678.23-P1P2
GACAGCGGTAGCAGCCCGGG	ATP1A1_-_116915944.23-P1P2
GACAGCTCACTCACCATCTT	RPL7A_+_136215092.23-P1P2
GACAGGACTGAGACTCCCCT	UBA52_+_18684266.23-P2
GACAGGAGAAATGAAATACC	EIF4G2_-_10828931.23-P2
GACAGGAGGATCCGGTGCAG	BRK1_-_10157414.23-P1P2
GACAGGATCAGTGAGCTAAA	non-targeting_00347
GACAGGCCGGGGTCCGGAAG	NUMA1_+_71791707.23-ENST00000393695.3
GACAGGCCTGCGCTCAAAGG	BRIP1_-_59940486.23-P1P2
GACAGGGGCCCCGTGAGCTC	RPS16_-_39926387.23-P1P2
GACAGGGTGGGGAAAGGTAG	SRP14_-_40330986.23-P1P2
GACAGTAAGACTCACCATGT	RPL14_+_40498846.23-P1P2
GACAGTAGCTACAGCCCCGG	XPO1_+_61765301.23-P1P2
GACAGTGGCGGCCCAAACTC	RRS1_+_67341292.23-P1P2
GACATAGAGGAGGTGAGCCA	SPC24_+_11266414.23-P1P2
GACATGAAACCGAGCTGGAG	SNX15_+_64794991.23-P2
GACATGTCTGAGTCGGAGCT	MINOS1_-_19923558.23-P1P2
GACATTCTTCACATGTGTAG	ZNF718_+_155065.23-ENST00000400172.3
GACCAAACCGGGGACGCCGC	FASTKD5_-_3140461.23-P1P2
GACCAAAGCGATCTCTTCTG	RPS15_-_1438413.23-P1P2
GACCAAAGGAGGGAACCGGA	TRRAP_-_98476572.23-P1P2
GACCAAGACACCTCGGGACA	IK_-_140038581.23-P2
GACCACAATGCGGCGACTCC	NCBP2_-_196669410.23-P1P2
GACCACAGCGGGAGGCGTGC	AQP7_+_33402004.23-P1P2
GACCACAGGCAGCTGCACGG	SF3A2_+_2243552.23-P2
GACCACCAGCAACCAGCGTG	DNAJA3_+_4475898.23-P1P2
GACCACCCGGGTCTCACATG	non-targeting_01276
GACCACCGACTGGGTCATGG	TUBE1_-_112408641.23-P1P2
GACCACCGCCCCCTAGACAC	NOC3L_-_96122495.23-P1P2
GACCACCGCTGGAGCAACGC	EIF2B2_-_75469856.23-P1P2
GACCACGCTCGCGCGGACCA	HMGB1_-_31191681.23-P2
GACCACTGAGGTAGTGACTG	ZNF574_-_42583382.23-P2
GACCACTGCAGACTGAGCGG	NOP10_+_34635306.23-P1P2
GACCAGCTGTCCTCTCCTCT	ANLN_+_36429487.23-P1P2
GACCAGGCCGCACCGCCAAG	MRPS16_-_75012367.23-P1P2
GACCAGGGAGCAGAGCGGAG	WDR26_+_224622446.23-P1P2
GACCAGGTCCGACGCCCGGG	WNK1_+_862246.23-P1P2
GACCATCCCTGGAGGAGACC	KLF7_+_208030196.23-P1P2
GACCATGAGCAAGCGGAACC	KIAA1143_+_44803075.23-P1P2
GACCATGGAAGCGAATGGGT	UROD_-_45477955.23-P1P2
GACCATGGCTGCAGCACAAG	RPS18_+_33239879.23-P1P2
GACCCACATCCGATCGGTAC	TRMT5_+_61447749.23-P1P2
GACCCACCTGCGCTGGGAGG	RABGGTA_-_24740707.23-P1P2
GACCCAGCCACGCTCTAGGG	HAUS7_+_152760894.23-P2
GACCCAGCCTCGGAGGCCGT	RINT1_+_105172659.23-P1P2
GACCCAGGCTCCCGTTCCGG	SPCS3_+_177241168.23-P1
GACCCCAAGCCGCCTAGCCG	SPRTN_+_231474047.23-P1P2
GACCCCAGGACTCACCCCAA	SNX15_-_64795079.23-P2
GACCCCAGGTCCCAAGCCAC	RPTOR_+_78519157.23-P1P2
GACCCCGGTTGCCCGTCCGG	ESPN_+_6508187.23-P2
GACCCCTACACAGTTCCCGC	PELO_+_52095956.23-P1
GACCCGCAAGACGACCGCCA	SRBD1_-_45838340.23-P1P2
GACCCGCAGAGTGGACAAGA	MRPL17_-_6704339.23-P1P2
GACCCGCGGCTTACCTCTTG	NOC2L_-_894602.23-P1P2
GACCCGCGGGTGCGCAGCGT	SMN1_+_70220903.23-ENST00000380707.4;SMN2_+_69345485.23-ENST00000380743.4
GACCCGCTCACAACCGGCAC	SLC35B1_-_47785242.23-P1P2
GACCCGGCCGGGGGGGGAGG	RGPD6_+_111334472.23-ENST00000329516.3
GACCCGGCGGCCTGACGATG	PAFAH1B1_-_2497388.23-P1P2
GACCCTAGAGGGTAAACTGG	UQCRH_+_46769577.23-P1P2
GACCCTCACCCGGAAACCTA	HEATR1_-_236767819.23-P1P2
GACCCTCGGGCTCGAGACAG	TINF2_+_24711802.23-P1P2
GACCCTGAGACCTCTTCCCG	MRPL44_+_224822378.23-P1P2
GACCGAAAGGTCCCAGAACG	AURKAIP1_-_1310395.23-P1P2
GACCGAAGAAAGAGGAGCCA	H3F3A_+_226250768.23-P1P2
GACCGAAGCGGGAGCGGGTA	RPL26_+_8286468.23-P1P2
GACCGAGACTCCCGCCCTTA	HAUS6_-_19102902.23-P1P2
GACCGAGAGAAACTCCTGCC	HIST2H2AA3_-_149814302.23-ENST00000369161.3
GACCGAGGCCCAGCGTGAGG	METTL3_-_21979084.23-P1P2
GACCGAGGTGAACGTAAAGC	ENO1_-_8938710.23-P1P2
GACCGCCAGGGCCCACGAGT	DDX19A_+_70380901.23-P1P2
GACCGCCGTCCGGACCACTC	SNIP1_+_38019681.23-P1P2
GACCGCGAAGGCCCTCTCAC	DDX3X_+_41193428.23-P1P2
GACCGCGGCGACTATCCCAT	COG8_+_69373427.23-P1P2
GACCGCTACCTCCGGACCAG	NFATC2IP_+_28962358.23-P1P2
GACCGGAACGGCGGCGACAA	PNISR_+_99873109.23-P1
GACCGGACAGAAGCGCTGGT	TUBD1_+_57970066.23-P1P2
GACCGGATCGGTGACTGTGG	UQCRQ_-_132202364.23-P1P2
GACCGGCAGCTGAACCCACC	GFM1_-_158362387.23-P1P2
GACCGGCATGCGTGCGGATG	RPS12_-_133135705.23-P1P2
GACCGGCCGCGGCCCCGTAG	CDK11A_+_1655695.23-P1P2
GACCGGCCGGGGCTCTCCTC	LSG1_-_194392885.23-P1P2
GACCGGGCAGGGCTCCCCGT	PTCD1_+_99036338.23-P2
GACCGGGCCGCTCTGTCCTC	LSM10_-_36863497.23-P1P2
GACCGGGCTTGTCGGTGAAG	ARPC2_-_219081923.23-P1
GACCGGGGGGGGGAAACGAA	PPP4R2_+_73046046.23-P1P2
GACCGTCGCGGTGACCGGAA	SETDB1_-_150898815.23-P1P2
GACCGTGGGTAGCTGCGGCG	TAF1C_+_84220626.23-P1P2
GACCGTGTGGGCTGTAGTAG	DHX15_+_24586116.23-P1P2
GACCTAGAGTCTCCAAACTA	RPF1_+_84945350.23-P1P2
GACCTAGCCAGGTCCCTGAG	RGP1_-_35749355.23-P1P2
GACCTAGTGGCAATGGCTCC	CSH2_+_61973860.23-P2
GACCTCCAGGCGACCACGAG	TUBGCP4_+_43663480.23-P1P2
GACCTCGGCAGCGTCCATGG	GINS2_-_85722508.23-P1P2
GACCTCGTCATCCTCGCCTA	DDX27_+_47836013.23-P1P2
GACCTGCAATAACAGAAGGT	non-targeting_02652
GACCTGCACAGACCACTCGG	CXXC1_-_47814029.23-P1P2
GACCTGCCCGCGCCTTGGGA	NUF2_+_163291904.23-P1P2
GACCTGCGGTCCCGAGACAA	CDCA8_+_38158230.23-P1P2
GACCTGCTGAGGCAATCATC	LARS_-_145562203.23-P1P2
GACCTGGAGCCATTGCCACT	CSH2_-_61973880.23-P2
GACCTGGATCCTGCTCCTCT	ARPC3_+_110888087.23-P1
GACCTGGGCTCTCACGTACC	CPSF6_+_69633482.23-P1P2
GACGAAGGCAAGGGGCGCCC	MKI67IP_-_122494239.23-P1P2
GACGAAGGGGAACCAGCGTA	EIF3A_-_120840274.23-P1P2
GACGAAGGGGCGTCTGACCT	non-targeting_03181
GACGACCGGCAGTCCTCCTC	RBM14_+_66384103.23-P1P2;RBM4_+_66384103.23-P1
GACGACCGGCATGGTGACAA	C9orf78_-_132597510.23-P1P2
GACGAGTGCGCGTGCTCGGT	NPM1_-_170814669.23-P1P2
GACGCAAAGCCCTATCAACT	RPL32_-_12882840.23-P1P2
GACGCACGTCCGGGGCGGTG	WDR18_-_984344.23-P1P2
GACGCAGACGGAAAAAGAGG	E2F6_-_11606229.23-P1P2
GACGCAGGAAAGACGCACTG	SNRNP200_-_96971287.23-P1P2
GACGCCCCATGCTGAAACCG	non-targeting_00237
GACGCCGGAGGGTCGCACGC	TFAM_-_60145223.23-P1P2
GACGCCTGAGGGACAGTCTG	COPS8_-_237994564.23-P1P2
GACGCCTGCGCAGTGTGACC	GGPS1_-_235491895.23-P1P2
GACGCGAAAGGCCCTTTCTA	TSR1_+_2239506.23-P1
GACGCGCGGAGGACGAGTGA	PGD_+_10459120.23-P1P2
GACGCGCGTCTGTGGAGAAG	TOP2A_+_38574121.23-P1P2
GACGCGGCCGCGTGAGGACG	TEX10_+_103115177.23-P1P2
GACGCGGCGCTGCTCCATGG	CDT1_+_88870234.23-P1P2
GACGCGTCCGACCTCGCCAT	ABT1_+_26597412.23-P1P2
GACGCTGAGGGAGCTGACAG	CMPK1_+_47799577.23-P1P2
GACGCTGCCTGACTGCCGGG	TOP1_+_39657511.23-P1P2
GACGCTTAGGTGGGCGACGT	C7orf50_+_1177839.23-ENST00000357429.6-ENST00000397098.3-ENST00000397100.2
GACGCTTCGGGTTGGTGTCA	NOC2L_+_894616.23-P1P2
GACGGAACTACAGGGCAAAC	MTPAP_-_30638037.23-P1P2
GACGGAAGAACCAGTGGATG	EXOSC6_+_70285844.23-P1P2
GACGGACACTAAGGATCTTC	EIF3E_+_109260697.23-P1P2
GACGGACGCACAAAGCCCAG	PPP1CB_+_28975409.23-P1P2
GACGGCACGCCGCGGCGGGG	GPS1_-_80009799.23-P1P2
GACGGCAGGGAAGTTCGTGG	PYROXD1_-_21590709.23-P1P2
GACGGCCCAGACGCCCAAAC	VPS37A_+_17104492.23-P1P2
GACGGCCGCGACGCAGAGAG	ISCA2_-_74960525.23-P1P2
GACGGCGCACCCTCGAACTA	NDUFB6_-_32573107.23-P1P2
GACGGCGGCACCGGGCGGGT	GTF3C4_-_135545497.23-P1P2
GACGGCGGTGGTCTTGCGGG	PARS2_+_55230150.23-P1P2
GACGGCTGAGGCTGCTACCA	TOP1_+_39657538.23-P1P2
GACGGGAACCAACGCTGACT	ZW10_-_113644416.23-P1P2
GACGGGACTACGGGAAGCAG	LAMTOR2_-_156024614.23-P1P2
GACGGGCGGCGGATCGGCAA	ACTB_-_5570191.23-P1P2
GACGGGGCGGGCTGCTACTC	PGAM1_-_99186020.23-P1P2
GACGGGGTCTGAGCCATCAG	CCT2_-_69979656.23-P1P2
GACGGGTCCTCCAAGAGTTT	DAD1_+_23058092.23-P1P2
GACGGGTGGCGGCCCTCGAC	RTEL1_-_62289757.23-P1P2
GACGGTAGTGGTGGCTTGTT	POLG2_+_62493131.23-P1P2
GACGGTCACTGCCGGATTAA	UQCRC2_+_21964701.23-P1P2
GACGGTCAGGGCGTGACGTC	CCDC130_-_13858757.23-P1
GACGGTGAGCCCCGAGACCA	SDC1_+_20424403.23-P1P2
GACGGTGCGCGATGGACCGA	ANKRD11_+_89556932.23-P1P2
GACGTACTGGCCCTTATGGA	non-targeting_03044
GACGTGACCACGGAGTAGGA	SUPT16H_-_21851725.23-P1P2
GACGTGCGTCGGACAGGACA	PPIA_+_44836665.23-P1P2
GACGTGGAGACCCGGGGTCC	SNF8_+_47022127.23-P1P2
GACGTGGAGTCTGCCTCAGG	FBXO5_-_153304123.23-P1P2
GACGTGGGGACGCAGGATGG	NLE1_+_33469287.23-P1P2
GACGTTGAGGCCGCGTTGGG	DDX23_+_49245881.23-P1P2
GACTAGAAGGCAGTTCCCGC	NDOR1_+_140100172.23-P1P2
GACTAGAGGCCACCGAACCC	HMGCR_+_74633092.23-P1P2
GACTAGGACAGCGAGGGATC	NUP133_-_229644034.23-P1P2
GACTAGGTGATTCTTGGAGC	TFB2M_+_246729456.23-P1P2
GACTCAAGCCGTCAGACCCA	SEPHS2_-_30457178.23-P1P2
GACTCACACACGCGGAGACC	PDCD11_+_105156417.23-P1P2
GACTCACAGTCATCGCGGAG	UNC45A_+_91478544.23-P1
GACTCACCAGGGCAGAGCGG	HNRNPR_-_23670718.23-P1P2
GACTCACCCCCCCACAGCAG	SIGLEC14_-_52149990.23-P1P2
GACTCACCTCAGCCTCCACG	WDR3_+_118472389.23-P1P2
GACTCACGATGAGCCCTCGG	NDUFB4_+_120315370.23-P1P2
GACTCACTCTACACCCTCCA	RPL7_-_74205848.23-P1P2
GACTCAGAGCAATCCGGTAG	non-targeting_03060
GACTCCAGCCGCCTAGACGC	MOB4_-_198380805.23-P1P2
GACTCCGAATCCGAGAGCGG	EBNA1BP2_-_43637779.23-P1P2
GACTCCTGGGCTGAAAAGGA	COPZ1_+_54694980.23-P2
GACTCGACCGGGCCTTGACC	SLC39A9_+_69865454.23-P1P2
GACTCGCCGCCTGGACGGTA	SEPSECS_-_25162088.23-P1P2
GACTCGGCCGAGGAGGAACC	UQCRFS1_-_29703611.23-P1P2
GACTCGGGTTGCGCACTTCC	PRPF8_+_1588152.23-P1P2
GACTGAAGGGTAAGAAGCAT	GON4L_+_155829080.23-P2
GACTGAAGTCCGGGAACCCG	CCNA2_+_122744606.23-P1P2
GACTGACTGCCTGAGCGGAC	CWC22_+_180871546.23-P1P2
GACTGAGGTAGTGACTGAGG	ZNF574_-_42583385.23-P2
GACTGAGTCCCCGGCCACAG	PRPF3_+_150294085.23-P1P2
GACTGCCCGGGACAAGGTCG	MYO1H_-_109826559.23-ENST00000431443.2
GACTGCCGTCTAGTGTGAGG	RPL5_-_93297968.23-P1P2
GACTGCGGCGAAGGAAAAGG	ATP2A2_+_110719087.23-P1P2
GACTGCGGCTCCGTCTACTC	COPB1_-_14521352.23-P1P2
GACTGGACCCGGCAGCCCGG	IPO9_+_201798365.23-P1P2
GACTGGAGTCGAAGGCCGTG	C1D_+_68290088.23-P1P2
GACTGGATTCGGTGCTGAGG	TOP3A_+_18218267.23-P1P2
GACTGGCATTGAGGGTACTG	UTP23_-_117778780.23-P1P2
GACTGGCCCAAGGCTCACAG	FEN1_+_61560617.23-P1P2
GACTGGCGGGCCCTCCCCTC	DDX59_-_200638659.23-P1P2
GACTGGGATGCTTCGCCCCC	CYP2A13_+_41594737.23-P1P2
GACTGGGCAGCTCCGGCTCA	AP2S1_-_47354086.23-P1P2
GACTGGGCCTGAAAGGGTAC	PSMD7_-_74330744.23-P1P2
GACTGGGGACAGATATATAC	ATF5_+_50432424.23-P1P2
GACTGTCCATGTACTACTGG	NUS1_-_117996643.23-P1P2
GACTTAAGGGAAGTGGACCA	AQR_+_35261872.23-P1P2
GACTTCCGCAAGAGCCTGAC	OPA1_+_193310990.23-P1P2
GACTTCGCGGGAGAAGTTGT	RFC1_+_39367944.23-P1P2
GACTTGCGACCCCGAAGAAT	non-targeting_00236
GACTTGCGGTAGTGACCCTC	NEMF_+_50319478.23-P1P2
GACTTGGCGGCTAGGGGTGT	BUB1B_-_40453273.23-P1P2
GACTTGTGCGGTTCCAAGTG	FTSJ3_+_61904432.23-P1P2
GACTTTGCTGTACCCATCAG	BRD4_-_15391173.23-ENST00000263377.2-ENST00000371835.4
GACTTTTCCTCGTATACTGT	non-targeting_00684
GAGAAAACAAGACCAAGGTT	DYNLRB1_+_33114045.23-P2
GAGAAACCATGCCGGCGACC	LSM10_-_36863481.23-P1P2
GAGAAACCCGGCAGAAACCC	SRP19_+_112197015.23-P1P2
GAGAAACTCGGGGGGCCAGG	DYNLL1_-_120934043.23-P1P2
GAGAAAGCCGCTGGGAGGGT	ACTR3_+_114648124.23-P1P2
GAGAAAGCTGGGTGAGTTGA	FOLR3_-_71825982.23-P1
GAGAACCTCGGAACATACGG	SMARCB1_+_24133953.23-P2
GAGAACTGCGACCCAAATCC	UBC_-_125399182.23-P1P2
GAGAAGACGCTCAGGAAACG	SFPQ_-_35658705.23-P1P2
GAGAAGCAGGTCCCAGGCGG	SRP68_+_74068540.23-P1P2
GAGAAGCGGCCATAGTGGAA	INTS3_+_153700541.23-P1P2
GAGAAGCTGGAGTGACTCTA	EIF2S3_-_24073117.23-P1P2
GAGAAGGACCCCCACCGCCG	NAGLU_+_40688309.23-P1P2
GAGAAGGACCGACAAGACAC	ZNF284_+_44576342.23-ENST00000421176.3
GAGAAGGCCGCGGCTCCCCA	YJEFN3_-_19627479.23-P1
GAGAAGGGCTGCGGGTTAGG	NFRKB_+_129765408.23-P1P2
GAGAAGGTGTACATCGTGCA	EXOSC7_-_45017818.23-P1P2
GAGAAGTTGCAGGGTTGAGT	GINS4_-_41386785.23-P1P2
GAGAATGCGGAACACCGCGC	PGK1_+_77359734.23-P1P2
GAGACAAGCACTGGACGTGG	CHTOP_-_153606547.23-P1P2
GAGACACCCACCGCAGATGG	RPS27A_+_55459832.23-P1P2
GAGACACGGAGACAGCGCCG	MED19_+_57479662.23-P1P2
GAGACAGAGAAAGACGACGG	BTF3L4_+_52521967.23-P1P2
GAGACAGGCCTGGAGCACGT	RPAP1_+_41836411.23-P1P2
GAGACCCGCGGGGGACGGAG	PTBP1_+_797463.23-P1P2
GAGACCGACCCGCCCGCCCG	PABPC1_+_101734089.23-P1P2
GAGACCGGTAGAAATGAATG	DDX5_-_62502405.23-P1P2
GAGACCGTCCCGAGCCAGAT	CA5A_+_87969813.23-P1P2
GAGACTACCAAGGAGTCCGG	TUBA1C_+_49658873.23-P1P2
GAGACTCACGGAACCAGCAT	DDX10_+_108535803.23-P1P2
GAGACTCGGGGTGCGCGAGG	GTF2H4_-_30876167.23-P1P2
GAGACTGGGAAAAGATAGTA	SUPT6H_+_26989271.23-P1P2
GAGACTGGGCAGGATGGTTG	GINS3_+_58426400.23-P1P2
GAGACTTGAGGCGCAAGCAC	MCM3AP_-_47706135.23-P1P2
GAGAGAAACCCGGGAGGCTA	GAPDH_-_6643770.23-P1
GAGAGAAAGGCTGGAAGACG	TTI1_+_36661804.23-P1P2
GAGAGAAGCGGACCACAATG	NCBP2_-_196669400.23-P1P2
GAGAGAAGGTTTGCACAATG	IFITM2_+_308197.23-P1P2
GAGAGACCCGGATGGCACAA	RSRC2_-_123011518.23-P1P2
GAGAGAGAGACACACCACGT	ARGFX_-_121286824.23-P1P2
GAGAGAGCAGGGTCAGTTCC	RABGGTB_+_76251918.23-P1P2
GAGAGATGGTCGCAAGATGG	ELL_+_18632858.23-P1P2
GAGAGCAGCGGCCGCCTGAG	CHAF1A_-_4402710.23-P1P2
GAGAGCCACGCGGCACGCCC	SLC1A5_+_47291829.23-P1
GAGAGCCCAGGGCCCAACGC	GINS1_+_25388562.23-P1P2
GAGAGCCCGAGCGCTGGAGT	UPF2_+_12084793.23-P1P2
GAGAGCCCGGCGAACTCCCG	NOC4L_+_132629052.23-P1P2
GAGAGCCTTTGGGTTTACTA	HIST1H2BE_+_26184421.23-ENST00000356530.3
GAGAGCGGAAAGAACAGACC	CWF19L2_+_107328464.23-P1P2
GAGAGCGGCAGCGCGGTCAG	SNRNP40_+_31769624.23-P1P2
GAGAGCGGCGCCCAGCATGA	COX5A_-_75230359.23-P1P2
GAGAGGAACTGGGCCTGAAA	PSMD7_-_74330738.23-P1P2
GAGAGGAAGAGGAGTCGGAA	PCF11_-_82868415.23-P1P2
GAGAGGAGGCGCGAGAATGG	RFC2_+_73668706.23-P1P2
GAGAGGCTGTCACCACGGAG	ATP6V1A_+_113465895.23-P1P2
GAGAGGGGAGAGCTCCGCGG	SCD_-_102107388.23-P1P2
GAGAGTCGTAATGTGCAGGG	non-targeting_01281
GAGAGTGACCCAGTCAGCGT	ZW10_+_113644402.23-P1P2
GAGAGTGCGATTGCAGAAGG	EIF4G2_+_10828816.23-P2
GAGAGTGGCGAAGAACCGGA	RPL6_-_112847189.23-P1P2
GAGATCACCCTCTCAATGAA	PELO_-_52083812.23-P2
GAGATCCATTGACAATGTAA	EIF5_+_103803074.23-P2
GAGATCGCTGGGAGCGGTTG	EIF2B3_+_45452232.23-P1P2
GAGATGAAGGTAGGTGATGG	RPS6_+_19380173.23-P1P2
GAGATGGAGCCGGCAGTCGG	STRIP1_-_110577278.23-P1P2
GAGATTGGCTTGGATTCTGT	SLU7_+_159846060.23-P1P2
GAGCAAAGCCGCTAGAGGTG	ARPC4_-_9834275.23-P1P2
GAGCAAGGTCGAGGCCGGGT	MRPL41_-_140446382.23-P1P2
GAGCACACGAACCTTCCACG	RPLP0_-_120638895.23-P1P2
GAGCACAGCCAGGAGCGTCC	WRB_-_40752309.23-P1P2
GAGCACCTTGTACACGTAAA	HIST2H2BF_-_149783762.23-P1P2
GAGCACGCACGGCCGGGGAG	HDAC3_+_141016415.23-P1P2
GAGCACGCTGAAACCCTGGG	CLCC1_+_109506058.23-P1P2
GAGCACTGCGGGGATGGGCA	SLC16A5_-_73084484.23-P1P2
GAGCACTGGGAAAGACACCG	OSGEP_-_20922986.23-P1P2
GAGCAGAAAACCAATCAAGG	MED31_-_6554548.23-P1P2
GAGCAGACTGCTGCGGTTCC	TRAPPC5_-_7745764.23-P1P2
GAGCAGCACCAGGCCGCCCA	ELP5_+_7155888.23-P1P2
GAGCAGCACCCGCTCGACTC	ING3_+_120590830.23-P1P2
GAGCAGCCAGTATTCGGGAA	SCFD1_-_31091597.23-P1P2
GAGCAGCGCTGGGTGTTCAG	PPRC1_-_103892819.23-P1P2
GAGCAGCGGCCGCCATTTCA	RBM39_+_34330131.23-P1P2
GAGCAGCTGCCGACAGATCC	TNNT2_-_201346779.23-P1P2
GAGCAGGAATACCCGGCAGG	CKAP5_-_46848381.23-P2
GAGCAGGTAAAGGGTGCAGG	VPS41_+_38948736.23-P1
GAGCAGTCCGAGGGGAACGT	USPL1_-_31192108.23-P1P2
GAGCAGTGCTAGCCCCGTCA	ATP6V0B_+_44440710.23-P1P2
GAGCATACTTCGGATCCCCG	ISG20L2_-_156698173.23-P1P2
GAGCATGAGGAGGTCCGGGC	COPG1_-_128984635.23-P2
GAGCATGGCGTCGGTGGTGT	MRPL27_+_48450512.23-P1P2
GAGCATTTCCGGGCCTCCTG	SRCAP_-_30710672.23-P1P2
GAGCCAACCCCGAAGGGATC	SEC61G_-_54826545.23-P1P2
GAGCCAAGCAAGGCCTAACA	SNRPA1_-_101835035.23-P1P2
GAGCCAAGCGACGGCGATGG	NCL_-_232329135.23-P1
GAGCCACACCAAGCCCAAGG	EIF3H_-_117767820.23-P1P2
GAGCCACCCCACCCCGGGAA	CINP_-_102829164.23-P1P2
GAGCCACGCGCCACCCAGGT	SLC9B1_-_103940841.23-P1P2
GAGCCACGGCGTGGGAGTAG	EBNA1BP2_+_43637890.23-P1P2
GAGCCATGGATACACCGTTA	CCDC86_-_60609614.23-P1P2
GAGCCATGGCAGATTCCTCC	CARS_+_3078579.23-P1P2
GAGCCATGGCGCCGCAGGTC	MPHOSPH10_-_71357812.23-P1P2
GAGCCCAGATAGGCTCGGGT	TAMM41_-_11888331.23-P1P2
GAGCCCCCGCGACAGTGCCA	UBA2_+_34919335.23-P1P2
GAGCCCCGCCTGGGTACGCG	non-targeting_00166
GAGCCCCGTCAAGCAGAGGG	DOLK_-_131709668.23-P1P2
GAGCCCGCCGCAGAGGGACG	C17orf58_+_65989617.23-P1P2
GAGCCCGGCGGAGGAGACAG	MRGBP_-_61427962.23-P1P2
GAGCCCGGCTCCGCCCCCCA	POU5F1B_+_128428174.23-P1P2
GAGCCCGTGCGGAGGCGGTG	TRA2B_+_185655778.23-P1P2
GAGCCGACTCGAGAGGAACC	CPSF1_-_145634704.23-P1P2
GAGCCGAGAAGCCCGTGACT	TMEM127_+_96931644.23-P1P2
GAGCCGAGCAGCGACGAGAA	MRPS25_-_15106759.23-P1P2
GAGCCGAGCGCATCGCAGGG	TMEM240_+_1475971.23-P1P2
GAGCCGAGCGGAGAGGAATC	SDC1_+_20424790.23-P1P2
GAGCCGAGTAGGCGACGGTG	HSPA5_+_128003624.23-P1P2
GAGCCGATAATGGTCCTTTG	non-targeting_01564
GAGCCGCAAGCGGAGTTGGT	PDRG1_+_30539768.23-P1P2
GAGCCGCCCGTAAGGTACGG	MLST8_-_2255521.23-P1P2
GAGCCGCCGTCGGGACACCG	DPAGT1_-_118972536.23-P1P2
GAGCCGCCTCACAGCGATGG	SMG5_+_156252585.23-P1P2
GAGCCGCGATAAACACCCTC	TSFM_+_58176556.23-P1P2
GAGCCGCGGGTGAGATCCCC	NCAPD2_-_6603320.23-P1P2
GAGCCGCGTGAGATCCGCGC	MRPS25_+_15106771.23-P1P2
GAGCCGCTAACAGAGACTAA	ABCB7_-_74376019.23-P1P2
GAGCCGCTCTAGGTTCATGG	CDC16_+_115000554.23-P1P2
GAGCCGGCAGGTCGCTTCCA	non-targeting_01946
GAGCCGGCGCTCGGCAAGGT	RPS7_-_3622944.23-P1P2
GAGCCGGGAGGCGTTAGCGA	SKP1_-_133512608.23-P1P2
GAGCCGTGGGCACTTTCCAC	TUBGCP6_+_50683388.23-P1P2
GAGCCTCCTTCAGCCCCAAG	SLC1A5_-_47288033.23-P2
GAGCCTCGGTGCGACGTGGA	VPS54_+_64246129.23-P1P2
GAGCCTCTTGAGGAGTTCTC	MRPS22_-_139062922.23-P1P2
GAGCCTGAGGCGAGAGAAAG	PSMC1_-_90723020.23-P1P2
GAGCCTGGCGCGGAGGCTAT	RFT1_+_53164411.23-P1P2
GAGCGAAGCGCACGCTGAGG	EIF2S1_-_67827080.23-P1P2
GAGCGAATCTCGGAGTCGGT	ANAPC2_+_140082989.23-P1P2
GAGCGACACTCACCCTCCGG	PLK1_+_23690651.23-P1P2
GAGCGACTTCTAGGAGCCTG	NUP85_-_73201846.23-P1P2
GAGCGAGCCATTTAACATGG	TERF1_-_73921127.23-P1P2
GAGCGAGGAGAGCAAGCGGG	USP7_-_9057818.23-P1P2
GAGCGAGGAGGCGTCGGCGT	SRRM2_-_2802729.23-P1P2
GAGCGAGGCACCGGACACCC	CHMP2A_-_59066282.23-P1P2
GAGCGCACGCTGAGGAGGAT	EIF2S1_-_67827085.23-P1P2
GAGCGCAGCGGCTGACGGGC	ATP6V0C_-_2563995.23-P1P2
GAGCGCCACCAAAGAACAAG	ZNF133_+_18269225.23-P1P2
GAGCGCCAGGAGCTGCGGGT	TADA3_-_9834393.23-P1P2
GAGCGCCAGGCAGCGCGGAG	ESPN_-_6484873.23-P1
GAGCGCCAGGGACTACCGGC	CPSF2_+_92588358.23-P1P2
GAGCGCCCAGGCCAACCCTC	SF3A1_-_30752688.23-P1
GAGCGCCCGGGACCTCGTAG	JMJD6_+_74722315.23-P1P2
GAGCGCCGCGTGGTTAGCGT	MKI67IP_+_122494437.23-P1P2
GAGCGCGAGCCCAAATGGGA	ACIN1_+_23563962.23-P1
GAGCGCGGACGGCTCGGCGC	SLC7A5_+_87902916.23-P1P2
GAGCGCGGGTGAGGTTGCCG	COG1_+_71189215.23-P1P2
GAGCGCGTAGAGGTCCCCCC	non-targeting_03672
GAGCGCGTTTGCCTGTTGAG	CENPH_-_68485438.23-P1P2
GAGCGCTGGTCGGCGTCTGG	TUBD1_+_57970056.23-P1P2
GAGCGCTTCAGTAGCGAGAG	INTS6_+_52027153.23-P1P2
GAGCGCTTCCGGGTCGCCGC	ANAPC15_+_71823713.23-P1P2
GAGCGGAGCCGCGGTCCGGA	PFN1_+_4851797.23-P1P2
GAGCGGAGCTGGAGTAATAA	non-targeting_01399
GAGCGGAGGCAAGACCCGGG	NAA50_+_113464573.23-P1P2
GAGCGGAGTTCGCCATGGTA	TUBA3D_-_132233780.23-ENST00000321253.6
GAGCGGCCCCGCACCCCGTC	SNRNP70_+_49588915.23-P1P2
GAGCGGCGCCAACTACACGG	WAC_+_28822275.23-P1P2
GAGCGGCGCCGTCACCCTCT	SNRPD1_+_19192365.23-P1P2
GAGCGGCGCGAGGTGAGGAG	EIF5A_-_7211217.23-P1P2
GAGCGGCGCGTGCTCGGTGT	ADAT2_+_143771740.23-P1P2
GAGCGGCTCCTCCTGTGTGA	KDM2A_-_66886795.23-P1P2
GAGCGGCTTCAGCAGATCGG	SOD2_+_160114227.23-P1P2
GAGCGGGGCCGCTGGTCCGG	NFATC2IP_-_28962372.23-P1P2
GAGCGGGGGATTTCTTTTCC	TRIM49C_-_89764362.23-ENST00000432771.1-ENST00000448984.1
GAGCGGGTCTGTCCTCTTCA	TEFM_+_29233191.23-P1P2
GAGCGGTTGCTGGTTCTGAC	DHX36_+_154042223.23-P1P2
GAGCGTCATGGAGGGCTCAG	TRMT6_+_5931035.23-P1P2
GAGCGTCCGCCCAGAAGAAG	ARMC6_+_19144442.23-P1P2
GAGCGTGCAGAGCAGCGGCC	CACNB3_-_49209408.23-P2
GAGCGTGGGCCGCCAGACTC	ORC5_+_103848420.23-P1P2
GAGCGTGTGTCCCGACCCAT	CACTIN_-_3626762.23-P1P2
GAGCGTTCGTCTTCCTCGCG	RPL28_-_55897357.23-P1P2
GAGCTACGGAACGGCAGCGG	NAA15_-_140222868.23-P1P2
GAGCTAGAGCCTGAGGTCGG	TEX10_+_103115133.23-P1P2
GAGCTAGCGACAAAGATCCC	GSPT1_-_12009714.23-P1P2
GAGCTCATAGCAGCAGAGTG	CLNS1A_-_77348773.23-P1P2
GAGCTCATGCGCAGTATGTG	PHB_+_47492231.23-P1P2
GAGCTCCATCCAGATTTCGG	POLR1C_+_43477492.23-P2
GAGCTCCCGCGGGGAACCTC	CDC42_+_22379247.23-P1P2
GAGCTCCTGGGACATCGCTC	TCP1_+_160210609.23-P1P2
GAGCTCGAGACTCCAATCCC	FIP1L1_+_54243867.23-P1P2
GAGCTCGGGCCTCACCCGGA	TOR2A_+_130497545.23-P1P2
GAGCTGACAGGGAAGGTACC	GBF1_-_104005325.23-P1P2
GAGCTGCACTAGGTGATTCT	TFB2M_+_246729462.23-P1P2
GAGCTGCCACGTCCGAGACC	SEC13_+_10362755.23-P1P2
GAGCTGCCGAGGCAAAGAGG	PTPMT1_+_47587437.23-P1P2
GAGCTGCCGCCGCACATAGT	DHFR_-_79950787.23-P1P2
GAGCTGTCCGGCCAACCTGC	MRPS27_-_71615981.23-P1P2
GAGCTGTGATGGTGATGACG	LIN54_+_83931898.23-P2
GAGCTGTTCTCTGTCAGTGG	PC_+_66725836.23-P1P2
GAGCTTAAGAATCGTCCGGA	DPPA2_+_109035295.23-P1P2
GAGCTTCCGAATTGGGAGAG	RBM22_-_150080593.23-P1P2
GAGCTTCCGAGGAGTTGAGA	non-targeting_03535
GAGCTTGGGCTCCCTTCCGA	SNRNP35_+_123942733.23-P1P2
GAGCTTTGCCCCTCCTTCGG	U2SURP_+_142720444.23-P1P2
GAGGAAGACGAAGGGAGCTA	ACIN1_-_23540292.23-P2
GAGGAAGAGGCACTGCTGAG	SYMPK_+_46366344.23-P1P2
GAGGAAGAGTGGCTCTATGG	FIP1L1_-_54244090.23-P1P2
GAGGAAGATGTCGTAATGAG	SP2_-_45973659.23-P1P2
GAGGAAGCCGAGCCTCAGCT	PREB_-_27357471.23-P1P2
GAGGAAGTCGTGCTCGTTGC	USP5_+_6961472.23-P1
GAGGAAGTGGACAGCATGGA	KRT8_-_53343631.23-P2
GAGGAATACCCGGCAGGCGG	CKAP5_-_46848384.23-P2
GAGGACCAGTGCTTGGCCCG	non-targeting_01685
GAGGACCTGAGGGTTACCGG	ERCC2_+_45873591.23-P1P2
GAGGACGAGTACGCGGTCCC	AAAS_-_53715438.23-P1P2
GAGGACGCGGCCAGGCGATT	ORC4_+_148778242.23-P1P2
GAGGACTCCGGCACTATGAG	PPA1_+_71993075.23-P1P2
GAGGAGCAATACTACAGCGG	HOXC10_+_54379000.23-P1P2
GAGGAGCAGAAACAAGCCGG	RPN1_-_128369629.23-P1P2
GAGGAGCAGCGGGCCACTGG	RBMX2_-_129536058.23-P1P2
GAGGAGCGCCTCTTTCCCTT	RPL10_-_153626730.23-P1P2
GAGGAGCGGCGCAGGGGATG	HIRA_+_19419212.23-P2
GAGGAGGAGGTCCCGAATAG	AIFM1_+_129299638.23-P1P2
GAGGAGGCCGGAGCAAGTTG	LTBP3_-_65325704.23-P1P2
GAGGAGGTGAGGGCCAATTA	GOLGA6L1_+_22736912.23-ENST00000560659.2
GAGGAGGTTGCGAAAGGCGC	CCNA2_-_122744979.23-P1P2
GAGGAGTCGTCCGCTTATAG	UBE2H_+_129592745.23-P1P2
GAGGAGTTGAGAGAACGGAG	SON_-_34915392.23-P1
GAGGCAAGCGGCCCAGATCT	HAMP_+_35773493.23-P1P2
GAGGCACCACGACAGACCCG	SOD1_+_33032480.23-P1P2
GAGGCACGCAGGGAGCGTCA	POLR3B_-_106751759.23-P1P2
GAGGCACGGGCACTCCGCGC	non-targeting_02540
GAGGCACTCCTGGCCCCGAG	MAX_-_65568906.23-P1P2
GAGGCAGACGAAACCAGATT	SPATA5L1_+_45694589.23-P1P2
GAGGCAGCGCAGCCTAGGGA	HCRTR1_-_32083355.23-P1P2
GAGGCAGCGGGCAGACGAGC	AP2M1_-_183892679.23-P1
GAGGCAGGAAAAGCGGAAGA	FAM72D_+_143913122.23-ENST00000400889.1
GAGGCAGGGGATTATTTCTC	ERVW-1_-_92100632.23-ENST00000493463.2
GAGGCAGGTGAGTATAGGTG	KRTAP4-2_-_39334001.23-P1P2
GAGGCCAGCGCGGCCCAGAG	NOMO3_+_16326739.23-P1P2
GAGGCCATGAGCGGGTCGTG	non-targeting_03258
GAGGCCCACCTAGAGCCGGG	DNAJA3_-_4475855.23-P1P2
GAGGCCCAGCCTTCTCGTTA	YTHDC1_-_69215701.23-P1P2
GAGGCCCAGTCATCCTACAC	BRD4_-_15391126.23-ENST00000263377.2-ENST00000371835.4
GAGGCCCCGCCGCTATCCCA	VARS2_+_30882095.23-P1P2
GAGGCCCCGCGCGAACCCCG	COQ2_-_84205900.23-P1P2
GAGGCCCGAAGACGCCGAGG	SLBP_+_1713634.23-P1P2
GAGGCCCGGGCGCGACAATC	RPS14_+_149829238.23-P1P2
GAGGCCGACGGGGCGCCGTA	ATP6V1F_-_128502898.23-P1P2
GAGGCCGCCAGCAATAAGAA	UXT_-_47518537.23-P1P2
GAGGCCGCGCAGGTCGAACC	HECTD1_-_31676712.23-P1P2
GAGGCCGCGTGGGGCGAAGG	MRPL14_+_44095129.23-P1P2
GAGGCCGGATGTGAGTGGAG	RAC1_-_6414149.23-P1P2
GAGGCCGGGCTAGGCTTAGG	SNRPD2_+_46195119.23-P1P2
GAGGCCTCGCGGTCCTTCAC	RPP21_+_30312957.23-P1P2
GAGGCCTGAGCGGGAAGCAT	NUP85_-_73201818.23-P1P2
GAGGCCTGCAGACCGCTCAG	AHCTF1_-_247095134.23-P1P2
GAGGCCTGCGTGTCGGAGTG	HJURP_+_234762977.23-P1P2
GAGGCCTTACGTGCCTAGAG	THOC6_+_3074256.23-P1P2
GAGGCGAAGACAGCCATCTT	MRPL51_-_6602409.23-P1P2
GAGGCGAAGGAGCAACCCCG	DENR_+_123237630.23-P1P2
GAGGCGAGCGAGGAGACCAC	DUT_+_48624414.23-P1P2
GAGGCGATAGAGGCCGGCGG	MRPL19_+_75874011.23-P1P2
GAGGCGCCCCAGGAAGGAAT	PALB2_-_23652582.23-P1P2
GAGGCGCGGTGGGTGTCTGC	ARL4D_-_41476396.23-P1P2
GAGGCGGCAGGGCTGATCGA	GNL2_+_38061333.23-P1P2
GAGGCGGCGCTAACCTCGGG	non-targeting_00532
GAGGCGGCGTGGAGATCGCT	EIF2B3_+_45452243.23-P1P2
GAGGCGGCTCCTGCGATCGA	HSP90B1_-_104324265.23-P1P2
GAGGCGGGTGCCGAAGCACG	PCBP2_-_53835509.23-P2
GAGGCGTCCGAAGGGCAGCA	COPA_+_160313005.23-P1P2
GAGGCGTCTGTTCTCGGCAG	EIF4A3_+_78120928.23-P1P2
GAGGCTACGGAGCAGGCGAG	ZNF574_-_42580345.23-P1
GAGGCTAGTGAAGAGCGACA	QARS_-_49142149.23-P1P2
GAGGCTCGGGAGAGGAAACG	NDC80_-_2571946.23-P1P2
GAGGCTCTGGGGAGTCGCCA	VPS35_+_46723041.23-P1P2
GAGGCTGGGGCAACCACCGC	HARS_+_140070923.23-P1P2
GAGGCTGTGGGAGTCCGGGG	WDTC1_-_27561699.23-P1P2
GAGGGAAGCATGGAGGTCCA	C12orf45_-_105380143.23-P1P2
GAGGGAAGCCCGCCCGGTGG	UNC50_-_99225118.23-P1P2
GAGGGAAGGTCAGCTAGAGA	C1QTNF4_-_47615942.23-P1P2
GAGGGAAGTCCCGAGACAAA	UBE2I_-_1359701.23-P1P2
GAGGGAGGAATCGGAGACTG	non-targeting_01810
GAGGGAGTCGCTGTGATCCG	NRBP1_-_27651543.23-P1P2
GAGGGCAGAAGGAGATCCCA	BCAR1_-_75285241.23-P1
GAGGGCAGCAACCGCACCAG	ATL2_+_38604354.23-P1P2
GAGGGCAGGGTCTCACGGGG	RPL26L1_+_172386510.23-P1P2
GAGGGCCACGAGCTGCGAAA	ATF5_+_50432696.23-P1P2;NUP62_+_50432696.23-P1P2
GAGGGCCACGTTCCAGGGTC	VARS2_-_30882058.23-P1P2
GAGGGCCCGACCCAAAAGTA	KARS_-_75681566.23-P1P2
GAGGGCCGCAGTTGCAGTCA	CEP68_-_65283588.23-P1P2
GAGGGCCGCCCGCACCACCT	RHPN1_+_144451061.23-P1P2
GAGGGCCGCGCGCAGGCGAG	GNPNAT1_-_53258358.23-P1P2
GAGGGCCTAGTACAGCTTAG	MST1_-_49726286.23-ENST00000449682.2
GAGGGCCTCGCGTGAATGAC	PCBP2_+_53846301.23-P1
GAGGGCGGCCTACCTCTCCT	AARS_-_70323332.23-P1P2
GAGGGGAACGAACCCGTGCT	CACNB3_+_49212331.23-P1
GAGGGGAGGAAGCGTGAAAG	SETDB1_+_150898858.23-P1P2
GAGGGGGAAAAAGAGGTCAC	QRSL1_+_107077496.23-P1P2
GAGGGGGAGGTTACTGGTGG	LIN54_+_83931965.23-P2
GAGGGGTCGGAGCAGAGCTG	FDXR_+_72868908.23-P1P2
GAGGGGTCTTTTGTAACATG	non-targeting_02214
GAGGGTCTATATATAAGCGC	NPM1_-_170814840.23-P1P2
GAGGGTCTTAACTCTTGTCC	POLR2D_+_128605175.23-P2
GAGGGTGAGTGTCGCTGCTG	PLK1_-_23690679.23-P1P2
GAGGGTTGAGAGCTTTACAG	KRT8_-_53343612.23-P2
GAGGTAGGCCGCAGGCTGTG	ARFRP1_+_62339198.23-P1P2
GAGGTCCGGAAAGAGAGAAC	RPL18_-_49122442.23-P1P2
GAGGTCGAAGTGGCCCATGT	SF3B5_-_144416509.23-P1P2
GAGGTCGCGAAGCACACATG	NOP9_-_24769165.23-P1P2
GAGGTCGCGCTTGGAGGAAG	CDC5L_-_44355475.23-P1P2
GAGGTCGCTTGAGAAAACGT	TUBA1C_+_49659305.23-P1P2
GAGGTCGGGCAGGTTCGCTG	TBP_-_170863481.23-P1P2
GAGGTGAGGCAACTAGACGT	INO80_+_41408150.23-P1P2
GAGGTGCTGCACAGCTGTGG	PLRG1_+_155471521.23-P1P2
GAGGTGCTGTGTAATCATTA	PSMC2_-_102988132.23-P1P2
GAGGTGTCCAGAGCACGGTA	TTF2_-_117603001.23-P1P2
GAGGTTCGGAGCGGGAGCTC	CHTF18_-_838671.23-P1P2
GAGGTTCGGGTCAGAATACG	SNRPE_-_203830890.23-P1P2
GAGGTTGCCCGAGGATGGTC	MRPS7_-_73258021.23-P1P2
GAGGTTGCTGTTCCCAGCCA	FDXR_+_72869065.23-P1P2
GAGGTTGGAATGCGCCCCAG	TUBB_+_30688173.23-P1
GAGGTTGTCTAGTCCACGCT	RPS16_+_39926539.23-P1P2
GAGGTTGTGAGTAACCCCGT	TTC1_-_159436216.23-P1P2
GAGTAACCCGCAATGCGGAA	UNC45A_-_91473443.23-P2
GAGTACCTCCATGGTCCCGG	CDC23_+_137548970.23-P1P2
GAGTACGGCGCGGAGGTCAA	NEMF_-_50319451.23-P1P2
GAGTACTGATGTGACGATGG	non-targeting_01512
GAGTAGCGACGGCAGCGGGC	TERF2_+_69419708.23-P1P2
GAGTAGGCAGAGAGCGGACC	EXOSC4_-_145133618.23-P1P2
GAGTATGTTGGAGTTGGTGG	SF3B3_-_70557770.23-P1P2
GAGTCACCCGGCAGAGATAT	RPS21_+_60962128.23-P1P2
GAGTCACCGCGGAGCAGACG	POLR2C_-_57496613.23-P1P2
GAGTCCTGGCGCCCCGCTGG	ZNF133_-_18269198.23-P1P2
GAGTCCTGGGCCCAGATCTG	SPDYE2_+_102191690.23-ENST00000432940.1-ENST00000507918.1
GAGTCGCTGCGGGGCTGACG	RPAP3_+_48099764.23-P1P2
GAGTCGGAGCTCTATGGAGG	EIF4G2_+_10830441.23-P1
GAGTCGGCAAAGCCACGGGT	MPHOSPH10_-_71357866.23-P1P2
GAGTCGGCCCTGGTCGGAGG	DTL_+_212209345.23-P1P2
GAGTCGTGGCTGCAGCGCTG	ACTR8_+_53916157.23-P1P2
GAGTCTCACGCGTGCGACCT	RPLP2_+_809986.23-P1P2
GAGTCTCAGGACGGGCGCTT	DAP3_-_155658904.23-P1P2
GAGTCTGACGGTCAGTGGAT	COPB2_+_139108459.23-P1P2
GAGTCTTCGGCGAGACCTAC	EXOC2_+_693061.23-P1P2
GAGTCTTCTCCGCCATGGTA	DCTN6_+_30013892.23-P1P2
GAGTGAAACGAATAACTCTA	OR4F4_+_102463258.23-ENST00000326183.3
GAGTGAAGCTGGGCTCGAGA	VPS54_+_64246255.23-P1P2
GAGTGAAGGTTGCCCGAGGA	MRPS7_-_73258016.23-P1P2
GAGTGAGCGCGGCCGTACTT	NOL11_-_65714052.23-P1P2
GAGTGCCGGGACGAGGTGAG	KIN_+_7829774.23-P1P2
GAGTGCGTGACGCTCGTCAG	GNL3_-_52720042.23-P1P2
GAGTGGCAGCTGCAGCCCGG	AARS2_+_44281027.23-P1P2
GAGTGGCCGGTCCAGAGCTG	AATF_-_35306286.23-P1P2
GAGTGGGAGCTGCCGGGAGT	POLR3K_+_103606.23-P1P2
GAGTGGGCCCGGCGAATGGA	DDB1_+_61100263.23-P1
GAGTGGGCGCGGATCTGGTG	SPC25_+_169746860.23-P1P2
GAGTGGTCCTCCGCCGGCTA	RANBP2_-_109335960.23-P1P2
GAGTGGTCGCTTCTTCTCCT	RCC1_-_28832596.23-P1
GAGTGGTGAGTTGGAGCGCA	WDR61_+_78591885.23-P1P2
GAGTGTGACGGCTGGAACTC	RNMT_-_13726752.23-P1P2
GAGTTACAGACAGCTGACCA	UROD_-_45477940.23-P1P2
GAGTTCCAGTACAGCGTGGA	NOP58_-_203130508.23-P1P2
GAGTTCTGCCCATGACCAAT	ZNF676_+_22379558.23-ENST00000397121.2
GAGTTGCGCGCACAGAAGGC	MRPL49_-_64889803.23-P1P2
GAGTTGGACTGGTGGGAACT	EIF1AD_+_65769557.23-P1P2
GAGTTGGGGGGTGATCTCTG	MTBP_-_121457707.23-P1P2
GAGTTGGTAGAGACCATTCA	COPS5_-_67974403.23-P1P2
GAGTTGTCTTGGTAGTTACT	NCL_+_232326222.23-P2
GAGTTTGAGGCACTAGGAGG	XPO1_+_61765384.23-P1P2
GATAACGGCCCGCTTACCTT	XRCC6_+_42017343.23-P1P2
GATACACACGTATAGCCCCG	non-targeting_00587
GATACGTGCCCACTCAGGAG	UQCRC1_-_48643052.23-P2
GATAGCGGGCGCGTCGAGCT	EIF4B_+_53400192.23-P1P2
GATAGGAAGCCGCCTCAGCA	MRPS18B_+_30585664.23-P1P2
GATAGGCCGCCGGCCAGATG	HSCB_-_29138088.23-P1P2
GATAGGGACCAGGGTAGAAG	BCAS2_-_115124045.23-P1P2
GATCAATCTGAAGTCCCCGG	MED1_-_37607464.23-P1P2
GATCACCTGAATAAAGGCAT	HNRNPM_-_8536287.23-P2
GATCAGAGGAGGGGACCGGT	CDC37_-_10506403.23-P1P2
GATCAGTGACCTCCTCCTGT	TBC1D28_-_18545637.23-ENST00000345096.4
GATCATGGATCACACTGGTA	CBLL1_-_107384626.23-P1P2
GATCCAGACCCGGAAACCGC	non-targeting_03441
GATCCAGGCGGGGGACCCTG	POLR2E_+_1089911.23-P2
GATCCCGGGAACGAGATGTC	RPL7_+_74205616.23-P1P2
GATCCGCGTCCTAGAAAGGG	POLR3C_+_145610846.23-P1P2
GATCCGCTGGGTGTAGCCGT	ACD_+_67694124.23-P1P2
GATCCGGGACCCGGGCCTAG	PRRC2A_+_31588595.23-P1P2
GATCCGGGTAACGTCAGGGG	RNGTT_-_89673283.23-P1P2
GATCCGTCAGGCCGGAACCA	DNAJC17_+_41099640.23-P1P2
GATCCTGGGACCCACACCTC	CD3EAP_+_45909934.23-P1P2
GATCGCGCCGAGCCCACGTG	EXOSC5_-_41903252.23-P1P2
GATCGCGGCGAAGGGGACAG	PSMD6_-_64009114.23-P1P2
GATCGCTGCCGAGGGCCGTG	MCM7_-_99698936.23-P1P2
GATCGGCCCCGGGTCTGTCC	TMEM127_+_96931705.23-P1P2
GATCGGGAGATTCGGGACCA	POLA1_-_24712081.23-P1P2
GATCGGGCGGCGGTTCCCAG	THAP1_-_42698019.23-P1P2
GATCGGGGGAGCGGAGGTGA	ZNF317_+_9251231.23-P1P2
GATCGGGTGGCGGCTCGGGA	TFRC_+_195808926.23-P1P2
GATCTAAGGGGGCCTACCAG	PRPF18_+_13629281.23-P1P2
GATCTCCGGGGCGTTAGGCC	non-targeting_00035
GATCTCCTAGGAGCTAGTCC	SPRTN_-_231474045.23-P1P2
GATCTCTGGTGGCTCTGCTA	ELP3_-_27950720.23-P1P2
GATCTGGGCCGGGTGGACGG	SNRPC_-_34725456.23-P1P2
GATCTTATGGCCGAAGGGGA	ZNF100_-_21950097.23-P1P2
GATCTTGGCAAGAGGCGAAG	ARCN1_-_118443144.23-P1P2
GATGAACTCTCCCGCCACCC	PRIM2_-_57182450.23-P1P2
GATGAAGTAAGCACGACCCG	RPL24_+_101405498.23-P1P2
GATGACCGTTACATTGTCAA	EIF5_-_103803091.23-P2
GATGAGCCAGACGGAGTAAC	BRD8_+_137513959.23-P1P2
GATGAGCCCGGGCAAATGTG	PELP1_-_4607218.23-P1P2
GATGAGGAATAGGGTGAGGT	KRR1_+_75904938.23-P1P2
GATGAGGACAGATGAAATGG	COX7C_+_85913816.23-P1P2
GATGAGGCCAAACCATCAAG	non-targeting_03439
GATGAGGGCGGCCATTGCTG	PDPK1_-_2588030.23-P1P2
GATGATGTGGCACCTGAAAG	RSL1D1_+_11933720.23-P2
GATGCAGGGCCTGGGAACAG	TRIAP1_-_120884014.23-P1P2
GATGCCACAGCGAAGATCAA	NXF1_-_62572847.23-P1
GATGCCAGGGAGACCTCGGT	CASP8AP2_-_90539614.23-P1P2
GATGCGCAGGCAGGTGATGG	DPH1_-_1933469.23-P1
GATGCGCTCGGAAAAGGAGG	UPF3A_-_115047135.23-P1P2
GATGCGGCTCTGCAGGTACG	NOB1_+_69788742.23-P1P2
GATGCTCCCGGGTGAGCTCG	RPS13_+_17099153.23-P1P2
GATGCTCTGTCTCTCCGTGG	OR1E2_+_3336672.23-ENST00000248384.1
GATGGAGTAACCTGACAGCG	DICER1_+_95623701.23-P1P2
GATGGCAGCGCTGTGAGCAG	CUL2_+_35379233.23-P1P2
GATGGCCGCGGGAGCCGGGA	TERF2_+_69419852.23-P1P2
GATGGCCTCCCGTCGGACGC	non-targeting_03522
GATGGCGGACGACGTAGACC	LSM3_-_14220381.23-P1P2
GATGGCGGCAGGGGTCGAAG	HNRNPM_-_8509903.23-P1
GATGGCGGCGGTGTTGAGGT	SFSWAP_-_132195670.23-P1P2
GATGGCGGCTTCTCAGGCGG	POLR1C_-_43484868.23-P1
GATGGCGGGGTCTCCTGAGT	NSL1_+_212965083.23-P1P2
GATGGCGTCTGTATGATCTT	CWC15_+_94706688.23-P1P2
GATGGGCCAAATGCTCTTGT	SON_+_34922044.23-P2
GATGGGTTCGTGCTGCAGAG	HNRNPU_-_245027750.23-P1P2
GATGGTGGCCGGCCCAGGCG	CPNE7_+_89642204.23-P1P2
GATGTCCGGGAGGGAACGGG	NCAPH2_+_50946746.23-P1P2
GATGTCGGTGGCCTTCGTAC	SS18L2_-_42632410.23-P1P2
GATGTGCGGATACTACCTCA	TTC27_+_32853193.23-P1P2
GATGTGGCGGCCGGATCACC	FOXD4_-_118168.23-ENST00000382500.2
GATGTGTCGAAAGTAAAGAG	HIST1H2BC_-_26124168.23-P1P2
GATGTTGGCCGCCGCTGCGA	CAMLG_+_134074249.23-P1P2
GATTAAATCTGTAACATCAA	CCND1_+_69467581.23-P2
GATTACTTCCCCCCAACCGG	CCT5_+_10250415.23-P1P2
GATTCAGCCTCGCCTCACCC	IGBP1_-_69353474.23-P1P2
GATTCCCGCCGCCCACGCAG	RPS2_-_2014779.23-P1P2
GATTCGCGCTGAGAGGCCCG	TELO2_-_1543415.23-P1P2
GATTCTGCTGTGTAGAATCC	ZNF676_-_22379471.23-ENST00000397121.2
GATTCTGTCGGATGGACTTG	SLU7_+_159846048.23-P1P2
GATTCTGTTAACGGTAGTGG	POLG2_+_62493140.23-P1P2
GATTGGAAGTTTCCTGTTTT	SPDYE2_+_102196618.23-ENST00000341656.4
GATTGGTCCAATGTGATGTG	MTRNR2L1_+_22023007.23-P1P2
GATTGTGCGACCAACTCCTC	TRPM7_-_50978936.23-P1P2
GATTGTTATAAATGCTAAGT	RPS3_-_75111920.23-P2
GATTTAGGGTACCAGACCAC	YARS2_-_32908772.23-P1P2
GATTTCGCGCTGCCCATCCC	TAF7_+_140700244.23-P1P2
GATTTGACAGTCGGAAGCAG	non-targeting_03678
GCAAAAAGCACCCTCAGCCG	non-targeting_03123
GCAAAAGGACATGAGAAACG	ZNF718_-_154794.23-ENST00000502662.1
GCAAACTGCGGAGGGTGACA	CCDC115_+_131099730.23-P1P2
GCAAAGCGAGCTCACCATGA	RPL18_-_49122404.23-P1P2
GCAAAGCGGAGAACGCTGGT	EMC4_-_34517254.23-P1P2
GCAAAGCGTGAGAACCCTCC	C1orf109_-_38156166.23-P1
GCAAATAAAGGGGAGCGCAG	WTAP_-_160148592.23-P1P2
GCAACACTCACCATAAGCCG	RPL29_-_52029883.23-P1P2
GCAACAGCGACTACGAGGGA	SUGT1_-_53227058.23-P1P2
GCAACCCGCAGTGTCGGGGT	COX6C_-_100905842.23-P1P2
GCAACCCGGACGCGACGAGA	ZC3H8_-_113012642.23-P1P2
GCAACCGGCGGAGACCGCTA	CCT5_+_10250403.23-P1P2
GCAACGCCACCATGATCCCA	NCAPD3_-_134093829.23-P1P2
GCAACGCGCGGATCTCAGCA	LRPPRC_-_44223078.23-P1P2
GCAACTGACGGACTCCATAT	TBCC_-_42713815.23-P1P2
GCAAGAGAACCCTTGAGGTA	MRPL45_+_36453159.23-P1P2
GCAAGATGAACCGACTCTTC	CHMP5_-_33265093.23-P1P2
GCAAGATGGTGAGTGACTAA	PSMC1_-_90722958.23-P1P2
GCAAGGAGCAGAAGTACGAC	NAE1_+_66864757.23-P1P2
GCAAGGCCAACCGAGCTCCT	EXOC8_-_231473581.23-P1P2
GCAAGTTACCCACGAGTCCC	RPE_+_210867345.23-P1P2
GCAATAATTCAGAGCGGCGG	CBLN1_+_49315694.23-P1P2
GCAATATGTCGGACCCACGG	WDR83OS_+_12780184.23-P1P2
GCAATCGCAACCGGGAACAA	non-targeting_02911
GCAATCGTGCCAGTCGCAGT	PNISR_+_99848928.23-P2
GCAATCTGGGAAAGACCTGT	ZNF506_-_19932149.23-P1P2
GCAATGACTTGGGACGAGAT	COX7B_+_77155209.23-P1P2
GCACAAACCGCCCGACCCAG	TUBGCP4_-_43663451.23-P1P2
GCACACAGAAGCGGCCATAG	INTS3_+_153700546.23-P1P2
GCACACCCAGGCTCCCGTTC	SPCS3_+_177241171.23-P1
GCACACCCGGCTCGAGATGG	EIF3J_-_44829398.23-P1P2
GCACAGCAGCTCTCCAAAGC	MED27_-_134955263.23-P1P2
GCACAGCCTGTCCCCCGTCC	BRCA1_-_41277370.23-P1P2
GCACAGCGCGGCAGCGGGTC	NAA50_+_113465067.23-P1P2
GCACAGCTCGTGAGTGGACG	BIRC5_+_76210725.23-P1P2
GCACAGGCGGGCACTCTCTG	EMC3_+_10052758.23-P2
GCACAGGTTATTCCGAACGA	non-targeting_00879
GCACAGTACAAGAAAGGCAG	RBM4_+_66406241.23-P2
GCACAGTGGTCCGGGACCGG	PTK2_-_142011343.23-P1P2
GCACATAAGAGGCTGCGTAT	RPLP1_-_69745147.23-P1P2
GCACCAAAGTGTCAAATGAA	HIST2H2AC_+_149859001.23-P1P2
GCACCAACCCGGAACCACTT	SDHD_+_111957583.23-P1P2
GCACCAAGTGAGCGATCAGA	non-targeting_00904
GCACCACGACAGACCCGCGG	SOD1_+_33032477.23-P1P2
GCACCATACAAAACCTCCGG	SMUG1_-_54582517.23-P1P2
GCACCATGGCGCCAGCTCCC	NOP56_+_2633290.23-P1P2
GCACCATGTTGCCGGTCCTC	XRCC5_+_216974143.23-P1P2
GCACCCAGAGCCCCCAAAAA	WDR92_-_68384628.23-P1P2
GCACCCGCTAGGCCGCTGCT	TARDBP_+_11072781.23-P1P2
GCACCCTGATCAGGGAGTAT	DSN1_+_35402133.23-P1P2
GCACCGCAGGTCGAGACAGC	HARS_+_140070910.23-P1P2
GCACCGCGGAGCAGACGCGG	POLR2C_-_57496616.23-P1P2
GCACCGGCACCGGACGACTT	non-targeting_02376
GCACCGTCCGGATCCCCCCT	POLR3H_+_41940057.23-P1P2
GCACCGTGTGCCGGAGATAG	DPM2_+_130700064.23-P1P2
GCACCTCCAGATCTCACTAG	HMGCR_+_74633106.23-P1P2
GCACCTCCGCGGGTCACCCC	HMGB1_-_31191644.23-P2
GCACCTGAAGGCAACAGCAC	RPP38_+_15139358.23-P1P2
GCACCTGCCTCAGGCCGGAT	PPY_-_42019846.23-P1P2
GCACGACAAGGGACCCGAGG	USF2_-_35760370.23-P1P2
GCACGAGGTCTGAGAGACAG	NOP16_+_175815576.23-P1P2
GCACGCCAGCGGGTAGGGGT	TPT1_-_45915532.23-P1P2
GCACGCCCCGGCGGAGGGTG	UBE2N_+_93835347.23-P1P2
GCACGCCGGACCGGAGAGCG	POP5_+_121019173.23-P1P2
GCACGCCGTGTCAGTCGGGA	DDX1_-_15732017.23-P1P2
GCACGCGGCCCGGTCGCTGT	BOP1_+_145515090.23-P1
GCACGCGGGGCCCAAGATGG	UQCC2_+_33679456.23-P1P2
GCACGGATGGCTCGGATACG	RPS24_+_79793693.23-P1P2
GCACGGATGGTCCAACTCAG	ASNA1_+_12848657.23-P1P2
GCACTCAGCTACAGAGCCCG	ADAT2_-_143771826.23-P1P2
GCACTCAGGAGGGACAGTCG	RHPN1_-_144451032.23-P1P2
GCACTCCGCCCTAGTTTCTA	EIF4A1_-_7476155.23-P1P2
GCACTCGCGGCGGAGGCAAG	ATRIP_-_48488160.23-P1P2
GCACTGCTCCAGGCAGGCGA	SNAPC4_-_139271939.23-P1P2
GCACTGCTGCCACACGCTCA	PWP1_+_108079592.23-P1P2
GCACTGGAAGGGCCGTGGAA	CENPA_+_26987565.23-P1
GCACTGTAGGTGAGCGCGAG	NUF2_-_163291869.23-P1P2
GCACTGTCAAGTGAAATGCG	non-targeting_00833
GCACTGTCTCCTGCCCGATG	MED30_+_118533216.23-P1P2
GCAGAACAGGAGCCAAACAC	DRG1_+_31795995.23-P1P2
GCAGAACCTACTATGTGCGG	DHFR_+_79950771.23-P1P2
GCAGAACGCTCGGTGAGAGG	DNAJA1_-_33025302.23-P1
GCAGAAGGACGGGAGAGCAG	PPP2R1A_+_52716105.23-P2
GCAGAAGTTGGGGTCTCCGT	TIMM10_+_57298154.23-P1P2
GCAGACAGCAGTACCCACAC	KIF18B_-_43025076.23-P1P2
GCAGAGAGGCACAAAGGACG	RPL37_-_40835245.23-P1P2
GCAGAGCCAGTAACAGACAG	MSTO1_+_155582425.23-P1P2
GCAGAGCCGTGGGGGACCCG	MRPS14_-_174992444.23-P1P2
GCAGAGCGAGAACATTCCAG	EIF5_-_103800597.23-P1
GCAGAGCGCAGCGCCTACCG	CTDP1_+_77439877.23-P1P2
GCAGAGCGCCCCGACCGGGA	CDAN1_+_43029296.23-P1P2
GCAGAGCTACCATGAGCAAG	KIAA1143_+_44803082.23-P1P2
GCAGAGCTCGGGCGAGCGGG	PABPN1_-_23791109.23-P1P2
GCAGAGGCCGAGTCCGTCAC	ANLN_-_36429483.23-P1P2
GCAGAGGGCAGTCGGAACAC	DRG1_+_31795837.23-P1P2
GCAGAGGGCCTTACCCGAGG	NELFE_-_31926676.23-P1P2
GCAGAGGTGAGTGACGGCTC	CTR9_+_10772865.23-P1P2
GCAGAGTGCTAGCTCCCCGG	SAP130_+_128785612.23-P1P2
GCAGAGTTCCGCCTCACCTC	CAP1_+_40506449.23-P1P2
GCAGCAAACGCCGAACTCCC	PIK3R4_-_130465652.23-P1P2
GCAGCAACCGCACGGCCGCA	SMC3_+_112327512.23-P1P2
GCAGCAAGTGTCGGATCCGC	PSMB1_+_170862342.23-P1P2
GCAGCACCGGCAAGCAACCC	MARS_+_57881899.23-P1P2
GCAGCACCTCGGAAAGCCCA	GOLT1B_+_21654809.23-P1P2
GCAGCACCTCGGGCTCAGGG	PPP1R10_-_30584296.23-P1P2
GCAGCAGAGTCCGCACGCTC	CCND1_-_69455972.23-P1
GCAGCAGAGTGCGGCAACAC	CLNS1A_-_77348782.23-P1P2
GCAGCAGCATGGGACAGTCA	PPAN_-_10217084.23-P1P2
GCAGCAGGCGGGCCCCCGCG	UXS1_+_106810727.23-P1P2
GCAGCATGAGTGTACTGCTG	NDUFAF7_-_37458865.23-P1P2
GCAGCCACCCGGTCCCCCTC	MED28_-_17616331.23-P1P2
GCAGCCAGCGCGGCTCCTAT	HMGB1_-_31040100.23-P1
GCAGCCCAAAAAACAAAGCA	ALG1L_-_125655482.23-ENST00000340333.3
GCAGCCCACAGCGCGCACCG	MRPS5_-_95787528.23-P1P2
GCAGCCCCTCGGGTGAGTGT	NUTF2_-_67880898.23-P1P2
GCAGCCCGCACCCCGCGCAG	ABCG1_-_43639282.23-P1P2
GCAGCCGAGCGGAAAGGAAG	RPL13_+_89627082.23-P1P2
GCAGCCGGGACCCGTTACCC	TAF1B_+_9983626.23-P1P2
GCAGCCTCGCCATCAGACTC	SAP30BP_+_73663509.23-P1P2
GCAGCCTCTGGGTCCTCGGT	ATP6V1A_-_113465930.23-P1P2
GCAGCCTGATAGGATGGCGG	CENPE_+_104119466.23-P1P2
GCAGCCTGGCCGACCTCACT	HECTD1_-_31676484.23-P1P2
GCAGCCTTGCCACACACCTC	PPIE_-_40204965.23-P1P2
GCAGCGAAGGACTATGGCAG	N6AMT1_+_30257657.23-P1P2
GCAGCGAATGCGGCAGCGGG	PPP1R15B_-_204380714.23-P1P2
GCAGCGACGAGAGACCTCTC	PDCD6_+_271780.23-P1P2
GCAGCGAGACCCACAAATAA	WTAP_-_160148580.23-P1P2
GCAGCGAGAGGGTTCGAAGA	GRWD1_-_48949265.23-P1P2
GCAGCGAGGTGCAAACGCGA	TUBB_+_30688145.23-P1
GCAGCGATCAGAGCAGCGCT	PPRC1_-_103892809.23-P1P2
GCAGCGCCCCGGTCTTCTCA	OVCA2_+_1945406.23-P1P2
GCAGCGCCGGGACCCCGCGG	KCMF1_-_85198522.23-P1P2
GCAGCGCGAGAGGCCTTCGG	EARS2_+_23568615.23-P1P2
GCAGCGCGCTCCCCTACCAC	UTP3_+_71554274.23-P1P2
GCAGCGCGTACTTTGGGCTC	DDX42_-_61851682.23-P1P2
GCAGCGCTTTAAGATTTCCG	PNO1_-_68385065.23-P1P2
GCAGCGGAGGGTGTACACGA	TUT1_-_62344700.23-P2
GCAGCGGCCAATCAAGGCAG	KATNB1_-_57769705.23-P1P2
GCAGCGGCGACCGGAGCGGT	NEDD8_+_24701514.23-P1P2
GCAGCGGCGCACACCCGACG	PSMD14_+_162165011.23-P1P2
GCAGCGGGCTCGAGTGCTAA	ANAPC1_-_112641707.23-P1P2
GCAGCGGGTACCGGGAGCTG	CTBP2_+_126849547.23-P1P2
GCAGCGTACAGGGATGATCA	POLR2L_-_842509.23-P1P2
GCAGCGTCCCGTGAGGAGAG	COX10_-_13972882.23-P1P2
GCAGCTACGAACGGGACCGG	COPS6_-_99686659.23-P1P2
GCAGCTACTTCCGTTTCGCG	non-targeting_01611
GCAGCTCTGGCCGCTTCCTA	CDC40_-_110501684.23-P1P2
GCAGCTGAAGGAGAGTCTAC	MED29_-_39882278.23-P1P2
GCAGCTGCCGGACCCAGGTG	DMAP1_-_44679204.23-P1P2
GCAGCTGCTGACGTGCGGGG	YEATS2_-_183415613.23-P1P2
GCAGCTGCTGTTCTGAGGTA	TNNT2_+_201346744.23-P1P2
GCAGCTGGGCCAATGAACGG	HMGN2_-_26798921.23-P1P2
GCAGCTGGGTCAGAACCAAG	CKAP5_-_46867793.23-P1
GCAGCTTTGGCACTCGGGAC	TAF1C_-_84220621.23-P1P2
GCAGGAAGTGAGGATACTTC	CDK11A_+_1655752.23-P1P2
GCAGGAATGATGACCTCTAT	PCID2_-_113841577.23-P2
GCAGGACGCTAGGCCGGCAC	SRSF11_+_70671425.23-P1
GCAGGACTAGAGTTTCCTCG	CEP152_+_49103178.23-P1P2
GCAGGAGAAACACTCACCTC	RPL17_-_47018832.23-P1P2
GCAGGAGAAGGTAGATTCCC	SMC6_-_17935048.23-P1P2
GCAGGAGCAGGGAGCTTGCG	TUBGCP3_+_113242380.23-P1P2
GCAGGAGCCCGTCCCCACAG	PNO1_+_68385251.23-P1P2
GCAGGAGGCCGGCTACTGCG	FXN_+_71650715.23-P1P2
GCAGGATGACAAAGCCGAGG	RRM1_+_4116464.23-P1P2
GCAGGATGGGTGAGCTGTTG	RPS23_+_81574124.23-P1P2
GCAGGCACGCGAGGCCCCTC	IARS_+_95055891.23-P1P2
GCAGGCCACCGTAGCAAGAG	SCNM1_+_151138551.23-P1P2
GCAGGCCCAGATATCCGCTC	KRT10_+_38975898.23-P2
GCAGGCCCGCGCCGCCACCA	PSMA1_+_14541841.23-P1P2
GCAGGCCTGGAGCACGTAGG	RPAP1_+_41836408.23-P1P2
GCAGGCGAAGGGCGGAAGCA	non-targeting_03021
GCAGGCGAGGTGCACCGAGT	OIP5_-_41624496.23-P1P2
GCAGGCGAGTCAGGTCTCTC	DPY19L2_+_64062235.23-P1P2
GCAGGCTCACCTGCTAACCC	RAD51C_+_56769980.23-P1P2
GCAGGCTCGTTCGCTCTCAC	FARS2_+_5261818.23-P1P2
GCAGGCTGGGGTGTTGGCCG	SBDS_+_66460166.23-P1P2
GCAGGGAAGGGATCCGAGTC	SPATA5L1_+_45694633.23-P1P2
GCAGGGACAGACGGCGCGGT	MIS12_+_5389906.23-P1P2
GCAGGGACAGCTTTAAAGAC	LAMTOR3_-_100815552.23-P1P2
GCAGGGCAATGCGCCACCAG	non-targeting_02962
GCAGGGCAGCGATGTCAGAG	TAF1_+_70586687.23-P1P2
GCAGGGCCCGGCCGGCTCCA	ZNHIT2_-_64885126.23-P1P2
GCAGGGGAAAGGGAACGACG	RPS19_+_42364314.23-P1P2
GCAGGGGCCGACGGGAGTGG	CYC1_-_145149982.23-P1P2
GCAGGGGCTGAGTCACGGCG	PSMD12_+_65362472.23-P1P2
GCAGGGGTGTGGAAACTTAC	CCDC86_-_60609589.23-P1P2
GCAGGGTAGAGGTCACATCA	RPS28_+_8386629.23-P1P2
GCAGGGTCTGGTCTGACGGA	NDUFA4_-_10979541.23-P1P2
GCAGGGTGCACAGACCAGGT	CUL7_-_43021163.23-P1P2
GCAGGGTGTAGAGCAGCGTC	PTPMT1_+_47587224.23-P1P2
GCAGGTCGCTGGGAACCACG	NOLC1_+_103912187.23-P1P2
GCAGGTGGCCACATGGATCC	POLR1B_-_113300081.23-P1P2
GCAGGTGGCGAGCGAGGGTA	MRPL4_-_10363144.23-P1P2
GCAGGTGGGAGCCGACGGGT	AURKA_+_54967204.23-P1P2
GCAGGTTTGCAGTTTCCTGT	HIST1H2AB_+_26033710.23-P1P2
GCAGTCGCAGGAGAGTTCTG	EMC3_+_10028457.23-P1
GCAGTCGGGAAGAAGCACCG	ZCRB1_+_42719871.23-P1P2
GCAGTCTCCGTTGGAAGCCC	SKA1_+_47901483.23-P1P2
GCAGTCTGAGCCCGACGATG	PRPF40A_+_153573902.23-P1P2
GCAGTGGGCGCCGGCTCCCT	DDN_+_49393129.23-P1P2
GCAGTGTCGGGCGCAGACGG	MAGOH_+_53704169.23-P1P2
GCAGTTGCCAGTCTTCTCCA	ERVW-1_-_92100569.23-ENST00000493463.2
GCATAGCTCACCTTGTCGTA	RPL13A_+_49994109.23-P2
GCATCACGGCCTCCATACCT	C6orf15_-_31080269.23-P1P2
GCATCCGGGCCTGAGAGTGC	C12orf45_-_105380117.23-P1P2
GCATCGAGAGGAAGTCGCTG	RINT1_-_105172650.23-P1P2
GCATCGCAGGGAGGACCCGA	TMEM240_+_1475962.23-P1P2
GCATCGCCCGCGACCACCCA	COQ5_-_120966902.23-P1P2
GCATCGCGACGCAGTCAACA	FNTB_+_65381194.23-P1P2
GCATCTCCTGGTTCCAGTGG	NPAT_-_108093360.23-P1P2
GCATCTGAGTAACATGGCGG	NDUFS3_-_47600652.23-P1P2
GCATCTTGCTGACAAACGAG	TRAPPC1_-_7834858.23-P1P2
GCATGCTGAGGCGGCCGCGT	U2AF2_+_56166451.23-P1P2
GCATGGAATCGGTTATACTC	NDUFS5_-_39494549.23-P2
GCATGGAGGAATCGGCGAAA	DHX9_+_182808482.23-P1P2
GCATGGATGGCGACGGATAA	RPL11_+_24018347.23-P1P2
GCATGGCCAGCTATCCTTAC	PEF1_+_32110444.23-P1P2
GCATGGCGACGGCTCGAGTG	ATP6AP1_-_153657070.23-P1P2
GCATGGCGGAGGCGGATCTC	XRCC1_-_44079606.23-P1P2
GCATGGCGGCCCCCGAGTCA	NBAS_+_15701407.23-P1P2
GCATTGCATAGCAGGTTCTA	OR4N2_+_20296017.23-ENST00000315947.1
GCCAAAACCGAGCTGGTGAG	VPS72_+_151162629.23-P1P2
GCCAAACGAAGTCGTGGAGG	SF3A2_-_2236863.23-P1
GCCAAATCGGCGCAGTTCCC	NHLRC2_+_115614433.23-P1P2
GCCAACACGCCCAATCAGCA	non-targeting_01549
GCCAACATGGCGGCGGAACG	PPP1R7_-_242089926.23-P1P2
GCCAAGAGGAAACGGCGTGG	BRIX1_-_34915874.23-P1P2
GCCAAGCAAGGCGGCACCTG	PSMB7_-_127177647.23-P1P2
GCCAAGCACCGGCTCATGTG	CENPA_-_27008953.23-P2
GCCAAGGATCACACTTACCA	RCC1_+_28832591.23-P1
GCCAAGGCGGCGGGAGTCTG	DKC1_-_153991190.23-P1P2
GCCAAGGTAATCGAGAACAG	BUD31_+_99006639.23-P1P2
GCCAATAGGCCCGAGCCCCG	SCAF1_+_50145523.23-P1P2
GCCACAGAGGGCAGCGAATG	PPP1R15B_-_204380704.23-P1P2
GCCACAGCCTCGGAACGATG	KLHL11_-_40021667.23-P1P2
GCCACATGGCGGCGCTCCTG	EARS2_+_23568646.23-P1P2
GCCACCCGCATAGACGGGAG	RPS27_-_153963444.23-P1P2
GCCACCCGGCCCGCTTACCT	FBLIM1_+_16085338.23-P1P2
GCCACCGCAGAGATTTCCAA	GPKOW_-_48979874.23-P1P2
GCCACCGCCGGGAATCACAC	REV3L_-_111804372.23-P1P2
GCCACCGGCACCCAACTCAC	PSMA5_-_109969028.23-P1P2
GCCACCGTGTGAACCGCCCA	non-targeting_00792
GCCACGCGAGAGTAGAAGGG	ZNF559_-_9434970.23-P1P2
GCCACGCGCAGCTGGAGCAG	CDIPT_+_29874463.23-P1P2
GCCACGGACCCCGCCAGCTC	NDUFA11_-_5903762.23-P1P2
GCCACGGGTGAGCGGCGGTG	TIMM44_+_8008475.23-P1P2
GCCACGTTGAGGAGCCGACT	PES1_-_30987845.23-P1P2
GCCACTAGCATACGCGCAGG	non-targeting_03760
GCCACTGAGTTAGAAACTGG	DDX11_+_31226823.23-P1P2
GCCACTGCCACTGATGCCCA	LCN10_+_139636425.23-P1P2
GCCACTGCGCCGGTAGGCGG	PSTK_-_124739917.23-P1
GCCACTGGGCTGCTTCTATA	CCT4_-_62115399.23-P1P2
GCCACTGGGGAAGTAATGGG	CSH2_+_61950460.23-P1
GCCAGAACCGGCCCAAAACA	RPUSD3_-_9885662.23-P1P2
GCCAGAGGCGACTGGAGCGG	SBNO1_-_123849326.23-P1P2
GCCAGAGGCGGGGCCGGAGT	STIL_+_47779776.23-P1P2
GCCAGCAGGTTCCCTCTCCC	GEMIN7_-_45582583.23-P1P2
GCCAGCCACACCATAGGGAG	SSBP1_+_141438407.23-P1P2
GCCAGCCATGGCGACATCCT	MRPS2_-_138392571.23-P1P2
GCCAGCCCCTACCAGCTCGG	HNRNPL_-_39342945.23-P2
GCCAGCCGAGGGCCAGACGG	ELP2_+_33709768.23-P1P2
GCCAGCCTGGATCTTGAGGT	POLR1A_+_86332775.23-P1P2
GCCAGCGACACCGCATTAGT	GGPS1_+_235491914.23-P1P2
GCCAGCGACCCATCCCGGGG	PRSS50_-_46759323.23-P2
GCCAGCGCAACTGTCTGAGG	CENPC_-_68411111.23-P1P2
GCCAGCGCCGGGCACCACTC	ANKS6_-_101558384.23-P1P2
GCCAGCGGCCCCAAGACCCG	FNTA_-_42911755.23-P1P2
GCCAGCGGCGAGTCCGGGAA	RPL14_+_40499019.23-P1P2
GCCAGCTCGCCCTCACCTCA	RPL19_+_37356595.23-P1P2
GCCAGCTGCCGGTCTTTCGG	SEC61B_-_101984591.23-P1P2
GCCAGGAGAGTAAGGCTGGG	ZNF468_-_53360496.23-P1P2
GCCAGGAGGCCGCACACACA	DHODH_+_72049721.23-P2
GCCAGGCGGCGCCACTACAG	EIF2B5_+_183853180.23-P1P2
GCCAGGGACCACGAGAGGGG	PRKRA_-_179315511.23-P1P2
GCCAGGGAGGCGAGCCCACG	NHP2_-_177580863.23-P1P2
GCCAGGGCTTGCCCGTCCGA	PNKP_-_50370388.23-P1P2
GCCAGTCACAGGCATGCTAA	non-targeting_02347
GCCAGTCGGCAGGTCTGAGG	NUDCD3_+_44530237.23-P1P2
GCCATAGCGAACCAAAACAC	HIST2H3A_+_149824198.23-P1P2
GCCATAGGGAACAGAGATCC	WARS_+_100841441.23-P1P2
GCCATCACCGAAGCGGGAGC	RPL26_+_8286473.23-P1P2
GCCATCCCTATAGAGAAGAA	NRDE2_+_90798265.23-P1P2
GCCATCGGAGGAGGGCGGGC	ARL4D_-_41476546.23-P1P2
GCCATGCGGGAGAGCGACAC	NELFA_+_2010657.23-P1P2
GCCATGGCGGGCGCGGAATC	ALYREF_-_79849452.23-P1P2
GCCATGGCTAAGGCCGAGGG	MZT1_-_73301757.23-P1P2
GCCATGGGCACAGTGGAGGG	SNAPC4_+_139271610.23-P1P2
GCCATGGGCGCGCTCTCCTA	NCKAP1_+_183902936.23-P1P2
GCCCAAAGGAAAGCAGTGAG	TICRR_-_90118737.23-P1P2
GCCCAAAGTGAGGACGCATT	non-targeting_00497
GCCCAACGGCGTCGGAGCAG	DR1_+_93811837.23-P1P2
GCCCAAGCGCCTACTCGCAC	RBM25_+_73525283.23-P1P2
GCCCACACCTAAGGGTATGA	GTF3C3_-_197664192.23-P1P2
GCCCACGCTGGCAGCCACCG	YRDC_-_38273817.23-P1P2
GCCCACGGGCGCAGGCACCA	EIF4G1_-_184032787.23-P1P2
GCCCACTGCGGCGGCGACAA	HUWE1_-_53710518.23-P1P2
GCCCAGAACCCGGCGGTCAC	CCNL1_+_156877964.23-P1P2
GCCCAGACGCGGGAAGAGCT	BARD1_+_215674388.23-P1P2
GCCCAGCACAATAGGGGCGG	non-targeting_03661
GCCCAGCAGGTGGTGAACGG	TSEN34_-_54695081.23-P1P2
GCCCAGCCTGCGGGGTCGTC	CHCHD1_-_75541863.23-P1P2
GCCCAGCGCAGCTCTCCGAA	PKM_+_72500912.23-P2
GCCCAGCTCGGCGAGGACCC	CCDC130_+_13842618.23-P2
GCCCAGCTCTGGGACAGACG	HYOU1_-_118927773.23-P1P2
GCCCAGGACCCGAAATGAAG	CHMP5_+_33265229.23-P1P2
GCCCAGGGCCGCGAACCCCG	UBL5_+_9938801.23-P1P2
GCCCAGTACGTATACCTCGT	GPN2_-_27216692.23-P1P2
GCCCAGTTCCTCCAGAAGCG	PPIH_+_43124361.23-P1P2
GCCCAGTTGTCACCGTACGG	non-targeting_03725
GCCCATAGCCAGTTCCGGGG	TADA3_+_9834144.23-P1P2
GCCCATCCTCGGGTCACCGG	PPP1CB_+_28975374.23-P1P2
GCCCATGCTCTGTCTCTCCG	OR1E2_+_3336675.23-ENST00000248384.1
GCCCCAACCCTAGGCGCCTC	GTF2F1_-_6393149.23-P1P2
GCCCCACCGGCAGACTAACA	ANAPC4_+_25378934.23-P1P2
GCCCCACGTGCGATCCTTCC	BYSL_-_41889282.23-P1P2
GCCCCACTCGGGTAAGGAAG	VPS18_-_41187068.23-P1P2
GCCCCAGACGCCCCTATCTC	DPM2_-_130700076.23-P1P2
GCCCCAGGGGCCGACGGGAG	CYC1_-_145149979.23-P1P2
GCCCCCAAACGCCTGAGATT	SIN3A_-_75748095.23-P2
GCCCCCACGGAATGAGGCAG	FGFR1OP_+_167413231.23-P1P2
GCCCCCAGCCCAGACGCCGG	PPP4R2_+_73046422.23-P1P2
GCCCCCAGCCGGCCCACGTC	MRPL54_+_3762727.23-P1P2
GCCCCCAGGAAGCAGCGCGG	CNOT2_+_70637651.23-P1P2
GCCCCCGGGAAGTGTCTCTG	PWP2_-_45527254.23-P1P2
GCCCCCGGTTGACTAGGAGC	NVL_+_224517861.23-P1P2
GCCCCGAGGAGCGGGTAGAA	NISCH_-_52489862.23-P1P2
GCCCCGAGTTAAGGGATTGC	non-targeting_01314
GCCCCGCCCCCAGTAGTACA	NUS1_+_117996627.23-P1P2
GCCCCGCGAGACCCAGACAA	RPS2_-_2014704.23-P1P2
GCCCCGCGGGGAGGCTCTCG	CYS1_-_10220299.23-P1P2
GCCCCGCGGTGCTGACATCC	PSMD13_-_237015.23-P1P2
GCCCCGCTGCACAGTCCGGC	ERCC2_+_45873802.23-P1P2
GCCCCGGGCCCGGAGCTCAA	NFYB_-_104531637.23-P1P2
GCCCCGGGCGCGCGCCAACC	CDCA5_-_64851508.23-P1P2
GCCCCGTACGGATACCGGAA	SNW1_+_78221331.23-P2
GCCCCTAGTCTAGGGCGTAC	NDC1_-_54303966.23-P1P2
GCCCCTGCTTCTGTTCCCAG	LCE1E_+_152758791.23-P1P2
GCCCCTTCCCAGACGTTCAG	EIF2S3_+_24073421.23-P1P2
GCCCGACAAGCTAAGAGTCG	TUBA1B_-_49525164.23-P1P2
GCCCGACGACCCTGCGACCG	OTOP1_-_4228541.23-P1P2
GCCCGACGCAAGAAGGACAA	NDUFA4_-_10979611.23-P1P2
GCCCGACTCGGGGCTCACCA	PAM16_-_4401236.23-P1P2
GCCCGAGCACGAGCTGTGAG	CCT2_-_69979270.23-P1P2
GCCCGAGGCAATCTCGGAGG	RBBP8_-_20513527.23-P1P2
GCCCGAGGGAGCCGCAAGGG	TEAD3_-_35464741.23-P1P2
GCCCGATCCTCTCTCCCTAG	PRDM10_-_129872675.23-P1P2
GCCCGCAGCTATGTCTTCAC	ZRANB2_-_71546722.23-P1P2
GCCCGCAGGCCAGACAGAGG	PGPEP1_+_18451834.23-P1P2
GCCCGCAGGGTTCAGCTGAA	UQCRC2_+_21964884.23-P1P2
GCCCGCATTCAGCACCAGGC	non-targeting_00389
GCCCGCCATGGCCGCAGTCA	CEBPZ_+_37458694.23-P1P2
GCCCGCCCCAGACTACGGAG	SRP54_-_35452459.23-P1P2
GCCCGCCCCTCACCTCCTTT	PDAP1_-_99006167.23-P1P2
GCCCGCCGAGGCCTGACCCC	PHF12_+_27278232.23-P1P2
GCCCGCCGGAAACCCGCGTT	ADRM1_+_60878013.23-P1P2
GCCCGCCGGCACCATGGTGA	LSM4_+_18433820.23-P1P2
GCCCGCCGTGGCAGAAGGAA	PNPT1_-_55920900.23-P1P2
GCCCGCCTGCGCTCGGGAGT	THAP11_+_67876226.23-P1P2
GCCCGCGACCCACATCCGAT	TRMT5_+_61447755.23-P1P2
GCCCGCGAGCGAGGTGAGGT	ROMO1_-_34287382.23-P1P2
GCCCGCGGCGCAGGCAGTCT	DNM1_-_130965664.23-P1P2
GCCCGCGGGAAGATGAATAA	BAP1_+_52443883.23-P1P2
GCCCGCGGTACAAGGACAGA	TIMM8A_-_100603477.23-P1P2
GCCCGCTCGCCGCACCACGG	BTF3L4_+_52522155.23-P1P2
GCCCGCTGCCGGGTAGAGGT	PPME1_+_73882513.23-P1P2
GCCCGCTGGAGCCCAAATCG	DCLRE1B_+_114448004.23-P1P2
GCCCGCTTACCTTTGGCGCA	XRCC6_+_42017336.23-P1P2
GCCCGGAAGCGACATACGAC	non-targeting_01490
GCCCGGACCGGCCCAGGAGA	PSAT1_+_80912504.23-P1P2
GCCCGGAGACCCGGTCGGGA	PSMD4_-_151227243.23-P1P2
GCCCGGAGCTGCAGCCACCG	ZMAT5_+_30162943.23-P1P2
GCCCGGCAAGGGCCTATCAG	CNIH4_-_224544568.23-P1P2
GCCCGGCCCCGGCCAGGAGA	NAGLU_+_40688325.23-P1P2
GCCCGGCCCTAAACTCCTAG	PPP2R3C_+_35591052.23-P1P2
GCCCGGCGGAGCGCGCAACG	RNF113A_+_119005641.23-P1P2
GCCCGGCGTGCGTGTGGCGG	TXN_-_113018848.23-P1P2
GCCCGGCTGCAGCGGTGGGA	ZFP69B_-_40915817.23-P1P2
GCCCGGGAGCGCAGACCCTT	CD8B_-_87088921.23-P1P2
GCCCGGGCCCGAGAAGCGAG	MED26_-_16738545.23-P1P2
GCCCGGGCGAAAGCTCACCG	NOM1_+_156742639.23-P1P2
GCCCGGGCGCGACAATCGGG	RPS14_+_149829235.23-P1P2
GCCCGGGGAGGGCAGTAGAA	OTX1_-_63277962.23-P1P2
GCCCGGTGACAGGATGGTGA	VPS29_+_110939846.23-P1P2
GCCCGGTGGAACTAAGACCA	MRPL55_-_228296929.23-P1P2
GCCCGTAGAGGAAGACACTG	ATP6V1D_+_67826485.23-P1P2
GCCCGTAGGCGAGGAACCGT	non-targeting_02314
GCCCGTGCTAGGTGGAAGGT	CACNB3_+_49212320.23-P1
GCCCGTGGAGCACGCCGATA	NSUN4_-_46806501.23-P1P2
GCCCGTGGCAAGGGGACTGT	FARSA_-_13044322.23-P1P2
GCCCGTGGCGCCGACAGGAT	RPS23_+_81574137.23-P1P2
GCCCGTTCAGGACCCCGGCG	POP7_-_100303773.23-P1P2
GCCCTAGCGTCGGGAGCCAG	CCDC144A_-_16593812.23-P1P2
GCCCTCACTCGGGTCCGAGT	CNIH4_-_224544955.23-P1P2
GCCCTCAGTTACCCAAGAAG	non-targeting_01105
GCCCTCCTTCCAGACTCCAC	FRG2_-_190948162.23-ENST00000378763.1-ENST00000504750.1
GCCCTCGCTCAACCCCACGC	YRDC_-_38273805.23-P1P2
GCCCTCGTCGCTGAAGGTAG	BRF2_-_37707179.23-P1P2
GCCCTCTCACGGGAGAACTG	DDX3X_+_41193418.23-P1P2
GCCCTGAACAAACTGCACAG	CDC6_+_38444169.23-P1P2
GCCCTGAGCCCAGCAGCGGA	TUT1_-_62344688.23-P2
GCCCTGCCAAGAGTAAGGCC	MED31_-_6554743.23-P1P2
GCCCTGCGAGGGGAGATCTG	UBQLN4_+_156023201.23-P1P2
GCCCTGGGCTCCCGGGTACT	EXOSC10_-_11159878.23-P1P2
GCCCTGGGGCAGGCTCTCAA	RFT1_-_53164286.23-P1P2
GCCCTGGGTTGTGGAAGAGG	COX15_+_101491824.23-P1P2
GCCCTGTGCCGATGAAGATC	ARF4_-_57583033.23-P1P2
GCCCTTGTCGGCCGCCATTC	DDX54_-_113623260.23-P1
GCCCTTTGTGAGGACACTGG	DYNLRB1_+_33114412.23-P2
GCCGAAACTCTGGGGTAGAG	POLR3C_+_145610906.23-P1P2
GCCGAATCGGCAACTCAGAT	TICRR_+_90118911.23-P1P2
GCCGAATGGAGCAACAGCAG	GMPS_+_155588486.23-P1P2
GCCGACAGAGGCGGCGATTG	CENPJ_+_25496971.23-P1P2
GCCGACAGCAGCCCGGAGGT	SNAPC5_+_66790086.23-P1P2
GCCGACCCAGAGCTCCGGGT	RBBP8_+_20513550.23-P1P2
GCCGACCTCACAGGACCTAA	MRPS12_+_39421621.23-P1P2
GCCGACGCAGACGGAAAAAG	E2F6_-_11606226.23-P1P2
GCCGAGCCGAGGTCAGTCAA	ABHD11_+_73152963.23-P1P2
GCCGAGCGCGGCCAAGGACT	EIF4B_-_53400313.23-P1P2
GCCGAGCGGCAAGGCAGCGA	TRAPPC4_-_118889508.23-P1P2
GCCGAGGCGGGAGCAAAACC	CACNB3_+_49209404.23-P2
GCCGAGGCTTCCCTAAGGAG	ZNF718_+_124436.23-ENST00000510175.1-ENST00000511079.1-ENST00000513304.1-ENST00000513889.1
GCCGAGGGCGACCCGAGAAG	TLN1_+_35732116.23-P1P2
GCCGAGGGCGGAGTTGGGAA	BUD13_-_116643492.23-P1P2
GCCGATACTTGTCCACCCAG	RFC3_+_34392320.23-P1P2
GCCGATCAGCTCCGACCCCA	ORC6_+_46723615.23-P1P2
GCCGATCCGGGTAACGTCAG	RNGTT_-_89673280.23-P1P2
GCCGCACGGGAGGAGCAACC	INCENP_+_61891506.23-P1P2
GCCGCACGGTGGACGAGGTA	NELFA_+_2010470.23-P1P2
GCCGCACTCCGGCTCCACTG	ARCN1_+_118443216.23-P1P2
GCCGCACTGGCCCAACTGTA	TUBG1_+_40761774.23-P1P2
GCCGCAGCGGGATAACCTTG	PKM_+_72523549.23-P1
GCCGCAGCTCCCCCCACGGA	ABHD17A_-_1885483.23-P1P2
GCCGCAGGTTCTACACTGTC	SUPV3L1_+_70940020.23-P1P2
GCCGCAGTTCGCTACAATAG	DCTN4_-_150138465.23-P1P2
GCCGCCATATTACGGATCTC	CCP110_+_19535267.23-P1P2
GCCGCCCGCCGCGAGATCCG	H2AFZ_-_100871162.23-P1P2
GCCGCCCGGCCAGCCGACCA	SDHAF2_+_61197543.23-P1P2
GCCGCCGACTGAAGTAGCAA	GTF3C1_+_27561207.23-P1P2
GCCGCCGAGATCCAGTCCTG	EMC7_-_34393868.23-P1P2
GCCGCCGCGCAGCCGAACAG	C7orf26_+_6629657.23-P1P2
GCCGCCGCGTGCGAATCTGG	EEF1A1_+_74230493.23-P1P2
GCCGCCGCTGGAGACTGCTG	PSMD2_+_184017090.23-P1P2
GCCGCCGGATGGCGTAGGAT	CCDC84_-_118868873.23-P1P2
GCCGCCGGGGCCAGGTGATC	FOXD4_+_118156.23-ENST00000382500.2
GCCGCCTGGAGATACAAGAC	OSBP_-_59383167.23-P1P2
GCCGCCTTAGCGGGAGGAGT	UQCC2_-_33679502.23-P1P2
GCCGCGACGGCGTTCAGAAC	NAF1_-_164087674.23-P1P2
GCCGCGAGCTCCTTGTCCCA	NSL1_-_212965068.23-P1P2
GCCGCGATAACATTAGGTCA	LST1_+_31555066.23-P2
GCCGCGCAGCGAGGAAGGTG	ZNF763_+_12035921.23-P1P2
GCCGCGCCAGCTCCCGTACA	POGZ_+_151431895.23-P1P2
GCCGCGCGCGCGTCCACCCA	TUBA1B_-_49524730.23-P1P2
GCCGCGCGGACGGCTGACAG	LETM1_-_1857794.23-P1P2
GCCGCGCTTGGCGGGCTCAG	MCM7_-_99698958.23-P1P2
GCCGCGGAGCCTAAGCAGCG	MRPL43_-_102747237.23-P1P2
GCCGCGGAGGAAAGATACTG	EXOC7_+_74099798.23-P1P2
GCCGCGGCGCCTCCCGAAGC	RPP40_-_5004221.23-P1P2
GCCGCGGCGGATGATGGCGG	RANGAP1_-_41682205.23-P1P2
GCCGCGGCTGAGTCTTCCCA	NAPA_+_48018236.23-P1P2
GCCGCGGGCGCCGAGAAACC	TBCA_-_77071772.23-P1P2
GCCGCGGGCTCACAGTGGTC	PTK2_-_142011334.23-P1P2
GCCGCGGGGGCCCTCTACAG	SRF_-_43139626.23-P1P2
GCCGCGGGTGCTGAAGATCC	NCL_-_232329157.23-P1
GCCGCGGTCAGTTCCTCCCA	NUP35_+_183989595.23-P1P2
GCCGCGGTCCCGGGCCTAAG	RPLP0_-_120638701.23-P1P2
GCCGCGGTGCGGAGAGCAGG	RANGAP1_+_41682168.23-P1P2
GCCGCGTGTGGAAGTCTGTG	GTF2H2_+_70363453.23-ENST00000274400.5-ENST00000330280.7
GCCGCTCACCGCAGACGTGG	CEP85_-_26560748.23-P1P2
GCCGCTCGGCCCCTACCTGT	VPS13D_+_12290170.23-P1P2
GCCGCTCGTCTGCCTGGCTG	NBEAL1_-_203879620.23-P1P2
GCCGCTGCACACGCTCCCGG	LSM4_-_18433893.23-P1P2
GCCGCTGTTGGTGCCGCTCG	RBX1_+_41347427.23-P1P2
GCCGCTTCAGGCTAATCCAG	CTR9_+_10772881.23-P1P2
GCCGCTTCCTCTTGGCGGGT	SNRNP48_-_7590481.23-P1P2
GCCGGAAAGGAACCCTGGTC	NDUFAB1_+_23607647.23-P1P2
GCCGGAAAGGCTGGATACCT	SNW1_+_78221318.23-P2
GCCGGAAGCCCGCCAGGCAC	OVCA2_+_1945367.23-P1P2
GCCGGAAGCGCCTACTCCAG	SNRPD1_+_19192288.23-P1P2
GCCGGAAGTGACCTCTAGAG	CWC25_+_36981567.23-P1P2
GCCGGAGAGCCGGCTAGATA	TMEM199_-_26684696.23-P1P2
GCCGGAGCGGGCAGAGTTGG	UBAP1_-_34179122.23-P1P2
GCCGGAGCTGGCGAGCCGAG	EXOC5_+_57735449.23-P1P2
GCCGGAGCTGGTGCCTGCGG	RNF8_-_37322005.23-P1P2
GCCGGAGGGATCATGCGACC	BCL2L1_-_30310581.23-P1
GCCGGAGGTCGCGGAGAGCT	RAD9A_-_67159481.23-P1P2
GCCGGAGTCAGAGAGGAACG	ZNF335_+_44600775.23-P1P2
GCCGGCACAGAAGAACAACC	PSMD13_+_237011.23-P1P2
GCCGGCACCGGCAACGGAAA	SRSF11_+_70671413.23-P1
GCCGGCAGCCCCAGCCATCG	DDX19B_+_70328743.23-P2
GCCGGCCAAGATGTCTGACA	COPS2_+_49447762.23-P1P2
GCCGGCCACGGCAATGAATG	DNM1L_+_32832245.23-P1P2
GCCGGCCCGATGAGCTGCAG	TAF10_+_6633406.23-P1P2
GCCGGCCCGGGCGGCTCCCA	NOM1_-_156742480.23-P1P2
GCCGGCCGCGATGCATTCTG	UBE2L3_-_21922010.23-P1P2
GCCGGCCGGAGACTCCGCTC	WDR77_-_111991851.23-P1P2
GCCGGCCGGGCGGCGAGTAG	CTCF_+_67596356.23-P1P2
GCCGGCCGTGGTCGCCGAGT	GTF3A_-_27998904.23-P1P2
GCCGGCCTGGAGTGAGATGG	EIF4E_+_99849828.23-P1P2
GCCGGCGCTTCCACTTCCCC	CAPZB_-_19812015.23-P1P2
GCCGGCGGCGGCAACAACGG	PAXBP1_-_34143891.23-P1P2
GCCGGCGGCTCTACAGGGAG	EXOC5_+_57735310.23-P1P2
GCCGGCGGCTGCAGATTGAC	RTTN_+_67872899.23-P1P2
GCCGGCGGTGCTCGCAAGCG	EIF3L_-_38245450.23-P1P2
GCCGGCGTCCGGGAACGCTC	BCAR1_+_75299852.23-P2
GCCGGCGTGGTGAAGCGGTA	TBCA_+_77072022.23-P1P2
GCCGGCTCGGCGAGCGGTGG	KANSL1_-_44270717.23-P1P2
GCCGGCTGTGGAAGCTCCCG	TAF1B_-_9983662.23-P1P2
GCCGGCTTAGTTAGGAGCTA	PHF5A_+_41864653.23-P1P2
GCCGGCTTGTTCGGGAGAGA	BCL2L1_+_30311683.23-P2
GCCGGGAAAGGAGAGGATCC	SLC39A7_-_33168709.23-P1P2
GCCGGGAACCCGCGTTGGCG	ATR_+_142297571.23-P1P2
GCCGGGACGGGCAGTAGAGC	GBF1_+_104005322.23-P1P2
GCCGGGACTGCGGTGAGTCC	TUBGCP2_+_135122315.23-P1P2
GCCGGGAGCGGCAGAAGTTA	METTL14_-_119606733.23-P1P2
GCCGGGAGCTTGCTAGCCCG	TUBE1_-_112408676.23-P1P2
GCCGGGCACTAATGCAACTG	non-targeting_01853
GCCGGGCAGAATAAGCGTGC	GCOM1_+_57884167.23-P1P2
GCCGGGCCCGGCGCTTCCAG	CADM4_+_44143915.23-P1P2
GCCGGGCCCGGGGAGTAGGA	EGLN2_-_41284185.23-P2
GCCGGGCCCGGTGCGGGAAC	COPS2_-_49447577.23-P1P2
GCCGGGCGAGACCCATTCGG	KIAA0947_-_5423055.23-P1P2
GCCGGGCGGAGATACGACCC	DNAJC9_-_75006969.23-P1P2
GCCGGGCGGCGGCGATGCTG	ANKLE2_+_133338375.23-P1P2
GCCGGGGAAGCGGGCAGACG	H3F3A_+_226250520.23-P1P2
GCCGGGGACACGCTTCTAGT	DARS_-_136742757.23-P1P2
GCCGGGGCAGCGGAGCAGGG	DPH1_-_1933503.23-P1
GCCGGGTTCTGGTGTAGGAG	TFIP11_+_26908413.23-P1P2
GCCGGTAAGAGAGCCCCGGG	CENPN_-_81040900.23-P1P2
GCCGGTAGGAGCGGGGAGGT	SMC4_-_160117489.23-P1
GCCGGTCCGTGCCTCCAAGA	RPS26_-_56435953.23-P1P2
GCCGGTCGGAACTGCTCCGG	CDC20_-_43824671.23-P1P2
GCCGGTGACGGAGACTGCCC	MRPL33_-_27994633.23-P1P2
GCCGGTGAGACCCGGGAACG	TIMELESS_-_56842914.23-P1P2
GCCGGTGAGATTGGAAGTGG	STX5_+_62599448.23-P1P2
GCCGGTTCACGTGCAGGCAG	SRFBP1_-_121297703.23-P1P2
GCCGTAAGGTGCATGGGTAG	MRPL1_-_78784033.23-P1P2
GCCGTAGTTACGGTCGACTG	PSMD9_-_122326708.23-P1P2
GCCGTCCCGGAGACCCGGTC	PSMD4_-_151227239.23-P1P2
GCCGTCGTCGCCGCCATCCT	EEF2_+_3985431.23-P1
GCCGTGCGGAAGAAAAGGGT	TAF1D_-_93474665.23-P1
GCCGTGCGGACATCATGGAG	non-targeting_01402
GCCGTGCGGTTGCTGCTCCG	SMC3_-_112327541.23-P1P2
GCCGTGGACCCTCTGGTATA	PRMT1_-_50180469.23-P1P2
GCCGTGGCCCCGGGTCGGGA	CDK2_+_56360661.23-P1P2
GCCGTGTCAGTCGGGAGGGA	DDX1_-_15732021.23-P1P2
GCCGTGTGCTCACCCACGTG	MDN1_+_90529477.23-P1P2
GCCGTTAGAGGAGCTGAGGG	CEP85_-_26560720.23-P1P2
GCCTAACGATGCCGCCGGAG	UTP18_-_49337959.23-P1P2
GCCTACAGAAAGCTGCGCTG	TTK_+_80714409.23-P1P2
GCCTAGCGCCGCACAAGGAG	PSME1_+_24605434.23-P1P2
GCCTAGCTTTGGGAAGCCAG	RAB6A_+_73471947.23-P1P2
GCCTAGGCTCCGGATCCCCG	UBE2L3_-_21922123.23-P1P2
GCCTAGGCTTGTATGAGAGG	non-targeting_00634
GCCTAGGGTTGGCTACAATG	RPL13A_-_49991095.23-P1
GCCTATGGTTCATGAGGACA	OR2T29_-_248722384.23-ENST00000328570.3
GCCTCAAGCCGGCACCTGAG	NUP93_-_56764101.23-P1P2
GCCTCACACTACTTCCGACC	RPS19BP1_-_39928789.23-P1P2
GCCTCACAGCTCCAAGAACC	THOC5_-_29949679.23-P1P2
GCCTCAGCGGGAGCCACCGG	MIOS_-_7606882.23-P1P2
GCCTCATGTTGGAACCGAGG	LRRC37A3_-_62915391.23-P1P2
GCCTCCAAGATGGCGAGCGG	SRP72_-_57333814.23-P1P2
GCCTCCACCGGAGTGAGGTA	TBCE_+_235530696.23-P1P2
GCCTCCACGCCGAGGCGAAG	IPO7_-_9406168.23-P1P2
GCCTCCAGGCTCGGGTCCAG	ABHD11_-_73153094.23-P1P2
GCCTCCAGGCTTTGTCATGG	WDR74_+_62607035.23-P1
GCCTCCCGGCGTGGAGATGG	CCDC137_-_79633802.23-P1P2
GCCTCCCGGGCCAACGCTCA	SARS_+_109756585.23-P1P2
GCCTCCGCGCGGCCCTCGCA	RHOQ_-_46769664.23-P1P2
GCCTCCGGGAGCCACCTGAA	METAP2_-_95868001.23-P1P2
GCCTCCTCCCAGCTCCGGGT	AIFM1_-_129299770.23-P1P2
GCCTCCTCCTCGGCCGGCAG	CSTF3_+_33183038.23-P1P2
GCCTCCTCTTAGGGCTGAGG	PALB2_+_23652295.23-P1P2
GCCTCGCCGTTTGTCCCTTG	AAAS_+_53715355.23-P1P2
GCCTCGCGTCACAGCCGGGA	EIF3I_-_32688045.23-P1P2
GCCTCGGCGAGACCACCCGT	XPO5_-_43543686.23-P1P2
GCCTCGGCGTCGCTCTGGAC	ISCU_-_108956377.23-P1P2
GCCTCGGGCTTGAGGGGAAG	OLFML3_-_114522092.23-P1P2
GCCTCGGTAAGGGATCAGTG	PRPF40A_+_153573726.23-P1P2
GCCTCTCAGGCTAATCCCGA	SASS6_+_100598418.23-P1P2
GCCTCTCAGGGAGCGACCAT	KTI12_-_52499454.23-P1P2
GCCTCTCCCCCTCTGCTAGG	CYP4F11_-_16045665.23-P1P2
GCCTCTCCGGAGATGGTCTG	HINFP_-_118992311.23-P1P2
GCCTCTCCGGAGCCCAGGGT	BCL2L1_-_30311293.23-P2
GCCTCTGCGACAGTTTCCCG	RBM8A_-_145507619.23-P1P2
GCCTCTGGCAGGTACTGGAT	MRPS10_+_42185527.23-P1P2
GCCTCTGGCTAACCTACCCC	MED9_-_17380350.23-P1P2
GCCTCTTCCTGTCTGTACCA	RPS5_-_58898655.23-P1P2
GCCTGAACCGACCTACGAGG	non-targeting_01615
GCCTGAACCGCGCCAGGAGA	TOE1_-_45805871.23-P1P2
GCCTGAGCGGGTCGCGAGCG	TANGO6_-_68877504.23-P1P2
GCCTGAGCTCCGGATCACGA	non-targeting_03068
GCCTGAGGGCGCGCACGGTC	MRPS26_+_3026905.23-P1P2
GCCTGATTGGCCGTGTTGTA	NHP2_+_177580913.23-P1P2
GCCTGCAACTCTTAACCAGG	RPF2_+_111303276.23-P1P2
GCCTGCCAGACACACTGTGA	SBDS_+_66460557.23-P1P2
GCCTGCCCCTTGCCCTGATG	F8A1_+_154114503.23-P1P2
GCCTGCCGCGAGGGCAGTGA	WDR43_-_29117980.23-P1P2
GCCTGCGCAGCCAGGGATAG	ACOT12_+_80689672.23-P1P2
GCCTGCGCTGCGCTAGGGCG	SKA1_-_47901441.23-P1P2
GCCTGCGGAAGCACACGGCG	YEATS2_+_183415634.23-P1P2
GCCTGCGGGTGCAGCGGCAC	DDX55_+_124086731.23-P1P2
GCCTGGACCAAAGCACTCAC	RPS27_+_153963275.23-P1P2
GCCTGGAGCCGGGAACCGCA	RPLP1_+_69745416.23-P1P2
GCCTGGAGGAGTGGCGAAAC	SCNM1_-_151138590.23-P1P2
GCCTGGCACCGCCCGAACCC	non-targeting_01609
GCCTGGGGGGAGCGGACTAC	ARFRP1_-_62338974.23-P1P2
GCCTGGTGTTAGGCCACCGG	non-targeting_02172
GCCTGTCCAAGAAACTCCAC	ISY1_-_128879876.23-P1P2
GCCTGTGCTGGGCCACCGGA	WDR82_-_52312175.23-P1P2
GCCTGTGGCCAGTCACCCGG	TRPM7_+_50978930.23-P1P2
GCCTGTGGTAATCCTTACCG	PRIM1_+_57146097.23-P1P2
GCCTGTTGTGGAGTACGCTT	EMC4_-_34517276.23-P1P2
GCCTTCGGGACTCACCGCAC	INCENP_+_61891519.23-P1P2
GCCTTCTGGGAAAGCAGCGT	CCT8_-_30446001.23-P1P2
GCCTTGAAGGCAGCATCACC	CFDP1_-_75448478.23-P2
GCCTTGGCCTCCCAGATGGA	ZNF720_+_31724629.23-P1P2
GCGAACTCGGTGAAAGGAAT	HNRNPU_+_245027773.23-P1P2
GCGAAGAGCGGAGGCGACCA	RAD17_+_68665711.23-P1P2
GCGAAGATGGCGGAGAACAG	PFDN2_+_161087799.23-P1P2
GCGAAGGCCCTTGGAAGCTA	PRMT1_+_50180741.23-P1P2
GCGAAGTGAGCCCATGTCAG	RNMT_+_13726813.23-P1P2
GCGACAGCCGCAGCGTGAGG	ATP6AP2_+_40440237.23-P1P2
GCGACATGGCCTAACAGTGA	RBBP4_-_33117002.23-P1P2
GCGACCCACAGAGCCGATCG	FDPS_-_155278687.23-P1P2
GCGACCCGCGGCCCCGAGGG	RTEL1_+_62289914.23-P1P2
GCGACCCTACAGCACCGCGT	non-targeting_02779
GCGACCGCGGAGAGCACCCT	CSTF1_+_54967480.23-P1P2
GCGACCGCGGAGCCCACCCT	C16orf86_+_67700726.23-P1P2
GCGACCGCGTATGGCAGCGT	NUP88_-_5322557.23-P1P2
GCGACGACAGCAAGGCGACC	SMNDC1_-_112064631.23-P1P2
GCGACGGAGGTAGGCTTACG	CCDC174_-_14693290.23-P1P2
GCGACGGCGACACTTTGCTA	PRPF6_-_62612504.23-P1P2
GCGACGGCGGCTCTCGTAGG	OSBP_+_59383170.23-P1P2
GCGACGTGCGGTCCACAGGG	ALG13_+_110924898.23-P1P2
GCGACTACGTCGGGCCGCTG	OPA1_-_193311193.23-P1P2
GCGACTAGGGCCGCGCGTAC	PES1_-_30987859.23-P1P2
GCGACTCCAGGGAGCTCCGG	BORA_+_73302094.23-P1P2
GCGACTGGGACGGGACCAAG	POLR3H_+_41940181.23-P1P2
GCGACTTCGGCCGCTCATGG	TSPYL5_-_98290076.23-P1P2
GCGACTTGAAGCCTTCGGAG	NDUFB8_+_102289308.23-P1P2
GCGAGACCCCCTAGTAACAG	GTF2H1_-_18344160.23-P1P2
GCGAGAGCCGGGTGGACCCA	DDX21_-_70715913.23-P1P2
GCGAGATCCGGCCCAGAGGG	CUL3_-_225450135.23-P1P2
GCGAGCACAAGAGCCTCCGC	SLC7A6OS_-_68344774.23-P1P2
GCGAGCACGTCGGCCGGCGG	PDCD7_-_65425740.23-P1P2
GCGAGCAGAGCCGTGGTCCG	EIF1AX_-_20159725.23-P1P2
GCGAGCAGCGGCGACCGACG	DDX55_-_124086680.23-P1P2
GCGAGCAGGTAACGGATCCC	ADSL_-_40742729.23-P1P2
GCGAGCCGGATGTGCCAAGA	SEC16A_+_139377476.23-P1P2
GCGAGCGAGGAGACCACCGG	DUT_+_48624411.23-P1P2
GCGAGCGGAATCAGGGTAAC	SF3B4_+_149899609.23-P1P2
GCGAGCGGCCTGGGTTCCGT	NUP214_-_134001039.23-P1P2
GCGAGCGGCGCGGCAGAGTG	KANSL2_+_49075987.23-P1P2
GCGAGCGGCTCCAGAGCCAA	ECT2_-_172468705.23-P1P2
GCGAGCGGCTGAAGGGTCTG	RNF8_-_37322257.23-P1P2
GCGAGCTGTTCCCCGAGGAG	TXNL4A_+_77748133.23-P1P2
GCGAGGACCATGCATGGACA	non-targeting_01672
GCGAGGACGGCAAGCCGGAG	MRPS35_+_27863749.23-P1P2
GCGAGGAGCAAGTATTCCCC	non-targeting_03721
GCGAGGAGCCGTAAGTACCG	UBA3_+_69129471.23-P1P2
GCGAGGAGTTAGCACGGCGG	EIF3J_+_44829331.23-P1P2
GCGAGGCACCGGGACGTCGG	NPLOC4_+_79604108.23-P1P2
GCGAGGCGCACACGGAGGGA	GRSF1_-_71705116.23-P1P2
GCGAGGCTCCTGGCGCACTA	FOXL2_+_138665948.23-P1P2
GCGAGGGCAACACGACAACT	GNL3L_+_54556690.23-P1P2
GCGAGGGCGGAAGCGGACCA	CHMP7_-_23104167.23-P1P2
GCGAGGGTAAGTGACTGTAG	MED1_+_37607273.23-P1P2
GCGAGGGTCGGAAATCTGTG	MAGOH_+_53703946.23-P1P2
GCGAGGTCTGAGCACCTAGG	POLR2A_-_7388024.23-P1P2
GCGAGGTGGAAACAAGATGG	RSL1D1_+_11945362.23-P1
GCGAGGTGGCGGGGGACGGT	non-targeting_00558
GCGAGGTGGGCCAAGATGCG	QRSL1_+_107077661.23-P1P2
GCGAGTCAGCCCGGTCCTCA	GLMN_-_92764279.23-P1P2
GCGAGTCGCGCCGAGGATGG	EEF2_-_3985443.23-P1
GCGAGTCTGCAGACTGGGCA	non-targeting_00859
GCGAGTGAGCGACGTCAAGG	PEF1_-_32110231.23-P1P2
GCGAGTGCCGGCCGAAAGCT	NOP2_+_6677431.23-P1P2
GCGAGTGGTGGCCGAAGCAG	PSMD12_+_65362663.23-P1P2
GCGATACGTATGAGGTCTCT	non-targeting_03665
GCGATAGGCGACGCGGGGAG	PRPF38A_-_52870263.23-P1P2
GCGATAGGGACCCGGGAACG	ABCB10_-_229694297.23-P1P2
GCGATCGCTGAGGAGCAAGG	ZFC3H1_+_72057599.23-P1P2
GCGATCTCCGAGCGGAATCA	SF3B4_+_149899616.23-P1P2
GCGATGAGATTCATGAGGTT	SEC61A1_+_127783820.23-P2
GCGATGGGCCCATAGCCCCC	YJEFN3_+_19627083.23-P1
GCGATGTCTAAGGTATGTGG	ORC3_-_88299920.23-P1P2
GCGATTACGAGTTACTTATA	non-targeting_03489
GCGCAACAAGGCGTACTCTC	COQ5_+_120966966.23-P1P2
GCGCAACCTTTCCAAGGGAG	SLC25A3_-_98987494.23-P1P2
GCGCAAGAGCACAGGAAGTA	DHPS_-_12792690.23-P1P2
GCGCAAGCTGAGGCGGCGGT	THOC7_-_63849519.23-P1P2
GCGCACCTCGGAGTGTAAGG	HAUS6_+_19102512.23-P1P2
GCGCAGAGGGAGGTGCATCA	ZBTB17_-_16302519.23-P1P2
GCGCAGCAGCGACTCCAAAA	CDAN1_-_43029292.23-P1P2
GCGCAGCCGCGCCACATCCG	URI1_+_30433533.23-P1P2
GCGCAGCGGGGTCCGAGTCA	non-targeting_01655
GCGCAGCGTAGCCCGGAACA	MRPL49_+_64889828.23-P1P2
GCGCAGGACCAGCTTCCGGG	FAM207A_-_46359938.23-P1P2
GCGCAGGTAGCGGGACATGG	SRSF10_-_24306749.23-P1P2
GCGCATCATGGCGGCTGAGT	EMC1_+_19577987.23-P1P2
GCGCCAAGGACACTCAGGGA	AURKA_-_54967108.23-P1P2
GCGCCACAGATCCGAACAGT	PMPCB_-_102938097.23-P1
GCGCCACGCGCCGACAATGG	HTATSF1_-_135579420.23-P1P2
GCGCCAGTGAGAACCGGGGC	TOMM40_-_45394587.23-P1P2
GCGCCCAAACCGGCCAGCCA	VPS37A_+_17104482.23-P1P2
GCGCCCACTCACCTTCCGAG	GLI4_+_144349643.23-P1P2
GCGCCCAGGTGGGAAGAGGC	C19orf25_+_1479146.23-P1P2
GCGCCCCGCGGGAACCTCCA	TSEN54_+_73512666.23-P1P2
GCGCCCGCAAGCCCTGGATG	TGS1_+_56686066.23-P1P2
GCGCCCGCCGGAGACTCCCG	TPR_-_186344310.23-P1P2
GCGCCCGGAAACGTTAACCT	non-targeting_00209
GCGCCCGGCGCGGAGACCGA	POLR3D_-_22102673.23-P1P2
GCGCCCTAAGGTGACCGTCA	MRPL21_-_68671264.23-P1P2
GCGCCCTGTGTGTCCTACGG	MRPS9_-_105654578.23-P1P2
GCGCCGAAAGCGAAGAAGGA	RPL23A_-_27047048.23-P1P2
GCGCCGACGGAGACCCGTAG	NAA15_-_140222716.23-P1P2
GCGCCGATGGGAAGAACAAC	SUPT4H1_-_56429520.23-P1P2
GCGCCGCCACCGGCCCTGCT	SMG5_-_156252584.23-P1P2
GCGCCGCCGCCGGGGCTCTA	CFDP1_+_75467325.23-P1
GCGCCGCGTGAGTCCCCCAC	PTMA_-_232573243.23-P1P2
GCGCCGGAATAGCACATCAA	non-targeting_00678
GCGCCGGCCATGGGTTCTGG	PRSS50_-_46854052.23-P1
GCGCCGGGACCCGGAGGAAC	PPWD1_-_64859203.23-P1P2
GCGCCGGGTGAGCAGCGTCT	TAF6_+_99716935.23-P1P2
GCGCCGGTAGGAGCCACCTC	MRPL44_-_224822384.23-P1P2
GCGCCGTGGAGGGCCAGCGC	non-targeting_02905
GCGCCTAAAGGTGGAGAACG	LARS2_-_45430137.23-P1P2
GCGCCTAAGTGGTTCCGGGT	SDHD_-_111957602.23-P1P2
GCGCCTACTGATGCCGAAAG	IPO11_+_61708632.23-P1P2
GCGCCTAGCAGGTCCTCTAC	ARF4_+_57583046.23-P1P2
GCGCCTCGGCCGGACGCTGA	CMPK1_+_47799589.23-P1P2
GCGCCTCTTTCCCTTCGGTG	RPL10_-_153626735.23-P1P2
GCGCCTGGTGGGCAGCATGT	RRP9_+_51975876.23-P1P2
GCGCCTTCCGACCCAGCTGT	PDCD2_+_170893697.23-P1P2
GCGCGAAGGCTAAGGGAGTG	GPN3_+_110906029.23-P1P2
GCGCGACCCGGTCCCTGCAC	PPA2_-_106395142.23-P1P2
GCGCGACCGGAAGGAGCAGG	EIF1_-_39845517.23-P1P2
GCGCGAGCGTCGACAGGGTG	LENG8_-_54960616.23-P1P2
GCGCGAGGAAGTGAGGTCTC	NFYC_+_41157619.23-P1P2
GCGCGAGGCCGGGAAGGTGA	MFN2_-_12040541.23-P1
GCGCGAGGTGGCAGTGGCAG	VCP_-_35072566.23-P1P2
GCGCGAGTCCGCGGAAGCCA	SRPRB_+_133524690.23-P1P2
GCGCGCAAGTCCAACAAGGG	ZNF131_+_43121840.23-P1P2
GCGCGCCACGCCCGAGTCCC	DDX51_+_132628854.23-P1P2
GCGCGCCCGTTGCAAGATGG	HSF1_-_145515300.23-P1P2
GCGCGCCGCCGGTCATGTGT	non-targeting_02432
GCGCGCCGGTCGCCCAGACA	HIRA_+_19435207.23-P1
GCGCGCCGGTGGCGAGGTTA	DDX19A_-_70380833.23-P1P2
GCGCGCGAGGCCCTGCAGTC	HJURP_+_234763174.23-P1P2
GCGCGCGCGAGCGCAGCGGT	CLASRP_-_45542349.23-P1P2
GCGCGCGGGAAGTCTCTGTA	DONSON_+_34960976.23-P1P2
GCGCGCTCACTGACCTGAGG	MIOS_+_7606694.23-P1P2
GCGCGCTCGCATCCCCAAGA	VBP1_-_154444762.23-P1P2
GCGCGCTGCAGGCATCCGCA	TBCB_-_36606452.23-P1P2
GCGCGCTGCGCCCGAAGCGG	NUP98_+_3818746.23-P1P2
GCGCGCTGGTTCACCGGTAG	PSMB5_-_23504062.23-P1P2
GCGCGCTTGGGCTCGCGATG	FNBP4_+_47788834.23-P1P2
GCGCGGAACTCGCCACGGTA	PRIM1_-_57146107.23-P1P2
GCGCGGAATCCGGGATCCGG	CYFIP1_+_22893097.23-P1P2
GCGCGGACGCAATGGCTTCA	COX5B_-_98262560.23-P1P2
GCGCGGAGAAGGGGTGCGAG	POLR2E_+_1095334.23-P1
GCGCGGAGCGAACGAAGCAG	MAT2A_+_85766280.23-P1P2
GCGCGGAGCGTACCCTGCTG	FGFR1OP_-_167412853.23-P1P2
GCGCGGAGCTGCTTCTTTGG	CTCF_-_67596515.23-P1P2
GCGCGGCAGCCGGAGTGGTC	GAK_-_926017.23-P1P2
GCGCGGCCAGCCGCGTTCCC	ABCB10_+_229694285.23-P1P2
GCGCGGCCCAGAGGCGGCAA	CPSF6_+_69633592.23-P1P2
GCGCGGCCGCCGCTGATACA	RNF103_+_86850947.23-P1P2
GCGCGGCCGCCGGCCCAGTG	PRPF18_-_13629033.23-P1P2
GCGCGGCCTGGGATGCGCTT	NSMCE1_+_27280033.23-P1P2
GCGCGGCGCCCGGGAAATGG	CPNE7_+_89642219.23-P1P2
GCGCGGCGCTCTATATAAGT	TPI1_-_6976675.23-P1P2
GCGCGGCGTCCGGGATGACA	SEC63_+_108278979.23-P1P2
GCGCGGCGTGAGAAGCCATG	RPL10A_-_35436216.23-P1P2
GCGCGGCTAGTGTGACTCAG	PSMB7_+_127177501.23-P1P2
GCGCGGCTCGGAGAGAAGAA	CHTF8_+_69166252.23-P1P2
GCGCGGCTGCACTCCCAAGA	LSM12_+_42143951.23-P1P2
GCGCGGGCCAGCCGGAGCTG	INTS8_+_95835490.23-P1P2
GCGCGGGCGCGGAAGACGGG	THOC6_-_3074073.23-P1P2
GCGCGGGGTCGCGGTTCCTG	MRPS11_-_89010986.23-P1P2
GCGCGGGTGTGCGAGACAGA	METAP1_-_99916941.23-P1P2
GCGCGGTCCTCGGAGACACG	IMPDH2_+_49066801.23-P1P2
GCGCGGTGCGACGAAGGAGT	H2AFZ_+_100871399.23-P1P2
GCGCGGTGGACGGTCTGAAA	PRPF4_-_116037979.23-P1P2
GCGCGGTTGAGAAGACCGGT	DDX21_-_70715959.23-P1P2
GCGCGTCACGGGGGAAACGT	USP39_-_85829973.23-P2
GCGCGTCGAAGGTAGCTCTA	BCLAF1_+_136610935.23-P1P2
GCGCGTGACGGTACCTGTGG	SCAP_-_47517296.23-P1P2
GCGCGTGGTGCAGTCCCTGG	C1orf109_+_38156159.23-P1
GCGCGTGTGCTGAGACCCCA	DARS_+_136743138.23-P1P2
GCGCGTGTGGCAGTCGCGGA	STARD7_+_96874548.23-P1P2
GCGCTACTGCGCAAAGATGG	WDR75_-_190306224.23-P1P2
GCGCTATACCGGCGTCACTA	UBE2D3_-_103748127.23-P1P2
GCGCTCACCGCTGAAGACCA	ATP6V0C_+_2564168.23-P1P2
GCGCTCAGGCCGTTGTTCTA	TUBB_+_30689619.23-P2
GCGCTCCCCGGGCCCAAAGG	SF1_+_64545784.23-P1P2
GCGCTCCCGCCAAGCACCGG	PCNA_-_5100179.23-P1P2
GCGCTCCCGCCTCAGCTCCA	GTF3C5_+_135906441.23-P1P2
GCGCTCCGCGCCTCACCCAA	RACGAP1_-_50419239.23-P1P2
GCGCTCCGGCCGCGTCAGGA	EP400_+_132434542.23-P1P2
GCGCTCGCGCAGGAGACCCC	CENPA_-_26987167.23-P1
GCGCTCTCTCTCACGTCCAA	FRG2_-_190948402.23-ENST00000378763.1-ENST00000504750.1
GCGCTCTGGCTACTTTTCTC	RPA2_-_28241061.23-P1P2
GCGCTCTTTGCACCTCATCA	F8A1_-_154114513.23-P1P2
GCGCTGACGCCGAGCCATGG	PDCD5_-_33072173.23-P1P2
GCGCTGCTCGCCGGGTCCTG	DIS3_-_73355816.23-P1P2
GCGCTGCTGCTGGGAGCCCA	LIN54_+_83933984.23-P1
GCGCTGCTGTCCGGATGGGT	RABGGTB_-_76251996.23-P1P2
GCGCTGGAGCGGCCAGAAAA	KRR1_+_75905342.23-P1P2
GCGCTGGGACTAGAAGCTCC	SPTLC1_-_94877454.23-P1P2
GCGCTGGGTGCACGTCCCCA	UBA5_-_132379254.23-P1P2
GCGCTGTGATGGTAAGACCT	CENPK_+_64858912.23-P1P2
GCGCTTCACTGATACCCGGA	EEF2_+_3984167.23-P2
GCGGAAAGGCACCGCGGAGT	RPS28_+_8386770.23-P1P2
GCGGAAAGGGAAAACAACTA	ACTR6_-_100594606.23-P1P2
GCGGAACATGGCGGAGGCAG	BDP1_+_70751690.23-P1P2
GCGGAACCCGAACGGAAGGT	DDX41_+_176943914.23-P1P2
GCGGAACCGCGAGGGTGGCG	ARL2_-_64781781.23-P1P2
GCGGAACGTGGCCGGAGCAG	METTL1_+_58165829.23-P1P2
GCGGAAGCTACCTATCTGGT	LAMTOR4_-_99746568.23-P1P2
GCGGAAGGCAACTGCCTGAG	SRSF2_+_74733314.23-P1P2
GCGGAAGTAGACGTACCTCA	MCRS1_+_49961900.23-P1P2
GCGGAAGTCAGACTATGGGG	NBPF12_-_146373567.23-P1P2
GCGGACCACTGCAGACTGAG	NOP10_+_34635309.23-P1P2
GCGGACCTAAGGTCCCGCTT	non-targeting_01871
GCGGACCTCGCCGCTATCTC	AASDHPPT_+_105948405.23-P1P2
GCGGACGCGGCGGCATTAAA	PCNA_+_5100595.23-P1P2
GCGGACGTGGCAGCTCCCGG	SEC13_-_10362784.23-P1P2
GCGGACTCAGCTCGACAAGG	WDR5_+_137001233.23-P1P2
GCGGACTCAGGACTCCGAAC	POLR2A_+_7388145.23-P1P2
GCGGACTGCGAGTCTCTTTG	HSPE1_-_198365117.23-P1P2
GCGGACTGGCCAGTCTCTAG	LARS_+_145561989.23-P1P2
GCGGAGACCGAGCTGGGATC	CLK2_+_155243222.23-P1P2
GCGGAGAGGTGAGGTTCCGG	NEDD1_-_97301092.23-P1P2
GCGGAGCAAGAGTGAGTGTT	RPL7L1_-_42847700.23-P1P2
GCGGAGCAGCATGGTCCCGC	NFS1_-_34287220.23-P1P2
GCGGAGCAGGCGAGAGGCGA	ZNF574_-_42580351.23-P1
GCGGAGCCCTCGCCGACCAA	PDCD6IP_+_33840649.23-P1P2
GCGGAGCCGAGCCGGAACTG	MIS18BP1_+_45722268.23-P1P2
GCGGAGCGCGCGCGAAGCGG	NFYC_+_41157405.23-P1P2
GCGGAGCGGAGCCTGCGAGA	UBR5_+_103424940.23-P1P2
GCGGAGGACCCCGCTCTCAG	IARS2_-_220267547.23-P1P2
GCGGAGGAGCTGCAGATCTT	POLA2_-_65029809.23-P1P2
GCGGAGGCGATGGTGGACGA	NOL7_-_13615654.23-P1P2
GCGGAGGCTGCTGCCCCGGG	HNRNPL_+_39340578.23-P1
GCGGAGGTGGCCACCGAGAG	RPAIN_-_5323902.23-P1P2
GCGGAGTACAGCGGTCCTGG	SLC7A6OS_-_68344821.23-P1P2
GCGGAGTCGGTGGGTGCAGA	ANAPC2_+_140082980.23-P1P2
GCGGATGACAAACAGAGGGT	non-targeting_02555
GCGGATTGCGGGAGAGAGGA	SRSF11_+_70687220.23-P2
GCGGATTTCTGCTACTTATA	HIST1H2BC_-_26124187.23-P1P2
GCGGCAACAGCAGACATGTC	SDHA_-_218477.23-P1P2
GCGGCAATGAGGAAGCGCCC	INTS1_-_1543942.23-P1P2
GCGGCACCAGCCACTCCGCA	TIMM44_-_8008522.23-P1P2
GCGGCACCCTGAGAGATGTC	SLMO2_-_57617811.23-P1P2
GCGGCACGGACGCTAGAAAT	CRNKL1_-_20033040.23-P1P2
GCGGCACGTGTGTCATTCCC	NOC3L_+_96122658.23-P1P2
GCGGCAGAGCGAGCCCGCAG	SRSF1_-_56084574.23-P1P2
GCGGCAGCAGGCATAGCCGG	MRTO4_+_19578634.23-P1P2
GCGGCAGGAACGAACCGGAT	non-targeting_00702
GCGGCAGGTCCCGGGAACCA	NKAP_+_119077637.23-P1P2
GCGGCAGTACTGGGACAGTT	MRPL22_-_154320698.23-P1P2
GCGGCATAAAGCGCTCTCTC	MED21_-_27175691.23-P1P2
GCGGCCAAACGGCACGGTCG	UBE2M_+_59070110.23-P1P2
GCGGCCAAGACTCTACCCCA	RPL13A_+_49991194.23-P1
GCGGCCACCGCCAGTTTCCA	COG2_+_230778253.23-P1P2
GCGGCCAGCTGGGCTCGGAG	RAB18_-_27793285.23-P1P2
GCGGCCCAAGCGGTTTCAAA	CKAP5_+_46867805.23-P1
GCGGCCCCGCCACCCGAGGG	SDHC_+_161284139.23-P1P2
GCGGCCCGCCGTCCCAGACG	BARD1_+_215674399.23-P1P2
GCGGCCCGGCACGTGTCTTA	NOP14_+_2965104.23-P1P2
GCGGCCCGGCGGGGACTAGG	GAB2_-_78128897.23-P1P2
GCGGCCCGGTCTCGGAGAAG	CCT7_-_73461472.23-P1P2
GCGGCCGAACAGGTTACCCA	CHMP6_+_78965716.23-P1P2
GCGGCCGAAGGCTTACCGCA	EXOC1_+_56719956.23-P1P2
GCGGCCGAGACCCCCTGTCC	RRP1_+_45209480.23-P1P2
GCGGCCGCACTCACCCACTC	GABPA_+_27107880.23-P1P2
GCGGCCGCCCCTGTGGTGTG	SRSF6_-_42086572.23-P1
GCGGCCGCCGAGGGACCGGT	NUP88_+_5322944.23-P1P2
GCGGCCGCCGGGTTGAGCTG	PWP2_-_45527277.23-P1P2
GCGGCCGGCGACCGTTCCGG	MRPL3_+_131221782.23-P1P2
GCGGCCGGGATGGCAACAGA	EIF3D_-_36925159.23-P1P2
GCGGCCGTTAAGGACAGTTG	VBP1_-_154444784.23-P1P2
GCGGCCTACATCGAGGAGGT	SDAD1_+_76911899.23-P1P2
GCGGCCTGAAGAGACACCGG	MYCBP_-_39338779.23-P1P2
GCGGCCTGAGGAGACCCGTT	PAF1_+_39881751.23-P1P2
GCGGCGAAGGAGCTCCCGTG	VARS_+_31763097.23-P1P2
GCGGCGAGCAGCAACCATGT	CHMP4B_-_32399280.23-P1P2
GCGGCGAGCAGTGGCCGTTA	TMX2_-_57480081.23-P1P2
GCGGCGAGGTAGCTTCTGGA	GTF3C3_+_197664394.23-P1P2
GCGGCGAGTCTCCATGGCGG	PGS1_-_76374755.23-P1P2
GCGGCGATGGCAGGAGGATT	RPL17_-_47018796.23-P1P2
GCGGCGCAGCTCACACCCGA	TOMM20_-_235292128.23-P1P2
GCGGCGCCCAGCGTCCCGTG	COX10_-_13972875.23-P1P2
GCGGCGCCCAGGCCAAGCTA	PPIA_+_44836735.23-P1P2
GCGGCGCCTCTGGCAGGTAC	MRPS10_+_42185532.23-P1P2
GCGGCGCGAAGACCTGGGTG	PIAS4_+_4007982.23-P1P2
GCGGCGCGCAAGGAAAGATC	EXOSC9_-_122722527.23-P1P2
GCGGCGCGCGGGCTACCCAA	CD8B_+_87088914.23-P1P2
GCGGCGCGCTGCCTCATGGA	PPP1CA_-_67188610.23-P2
GCGGCGCGGACAGTATCTGT	ENO1_+_8938733.23-P1P2
GCGGCGCGTTGCGACATGGA	E4F1_-_2273621.23-P1P2
GCGGCGGATACCGGCAGTGC	RPL36_+_5690349.23-P1P2
GCGGCGGCACCAAGTATCCG	SMG1_+_18937294.23-P1P2
GCGGCGGCAGCAGCGACTGG	CDK9_-_130548401.23-P1P2
GCGGCGGCAGTGAGAGCGAG	SHQ1_+_72897517.23-P1P2
GCGGCGGCCGAGAGACAACA	MED12_+_70338481.23-P1P2
GCGGCGGCCGCCCCCAATGC	TIMM22_-_900407.23-P1P2
GCGGCGGCCGTAAGGTGCAT	MRPL1_-_78784027.23-P1P2
GCGGCGGCGACAGGACCGAG	CHMP2A_+_59066434.23-P1P2
GCGGCGGCGAGGCGAAGCGA	CPSF4_-_99036611.23-P1P2
GCGGCGGCGATTAGAGGTGG	MED8_+_43855245.23-P1P2
GCGGCGGCGCGGTGTACCCT	SRRM1_-_24969785.23-P1P2
GCGGCGGCGGCGGTCGAAAG	PPP4C_-_30087361.23-P1P2
GCGGCGGCTCGGCTGTAAGG	UBA1_-_47053257.23-P1
GCGGCGGGAACTGCAATTGG	CENPN_-_81040819.23-P1P2
GCGGCGGGAAGATGTAAGTT	RNPS1_+_2318045.23-P1P2
GCGGCGGGAGCAGAGATCTG	SNRNP200_+_96971234.23-P1P2
GCGGCGGGAGCCCTGCGTGA	CBX1_+_46178553.23-P1P2
GCGGCGGGCCCGTCGGAAGG	EIF4A1_+_7476226.23-P1P2
GCGGCGGGCCTCACCTCCCG	XRCC3_-_104181768.23-P1P2
GCGGCGGGGCGGAGAAACGG	SRSF11_-_70687171.23-P2
GCGGCGGTACTGGGATGGGT	NBPF3_-_21766682.23-P1P2
GCGGCGGTGATCCCCAGGCA	EXOSC6_-_70285804.23-P1P2
GCGGCGTGGCTACTAGGAGA	MRPL13_+_121457360.23-P1P2
GCGGCGTGGGAGCACCTCTG	INO80B_-_74682279.23-P1P2
GCGGCTAGAACGGAGGCGAC	RPA3_-_7679719.23-P1P2
GCGGCTCCCGCCACTTTACT	HAUS1_+_43684350.23-P1P2
GCGGCTCGCGGTCGGGAAGA	VPS28_-_145653897.23-P1P2
GCGGCTCGGAGCGCGAAACA	HAUS7_+_152736011.23-P1;TREX2_+_152736011.23-P1P2
GCGGCTCGGCTGTAAGGAGG	UBA1_-_47053260.23-P1
GCGGCTGACAACTCAGACCA	PPIL2_+_22020326.23-P1P2
GCGGCTGACAGGACACAACT	PSMD6_-_64009133.23-P1P2
GCGGCTGAGAGTCCTTCTAG	GTF2H2C_-_68856063.23-P1P2
GCGGCTGAGGCGCCAGTACC	SMARCB1_-_24129238.23-P1
GCGGCTGCAGCAAGGACCCG	MMS22L_-_97730942.23-P1P2
GCGGCTGCCGCTAGCGCTCC	DNM1_+_130965698.23-P1P2
GCGGCTGCGGAGGGTATCTG	GMPS_-_155588366.23-P1P2
GCGGCTGCGGATGAAGTCCT	TSSK3_-_32828205.23-P1P2
GCGGCTGCGTGAGAGGCGCG	ZNHIT3_-_34842510.23-P1P2
GCGGCTGCTTTAAGATTCTA	METTL16_+_2415104.23-P1P2
GCGGCTGTAGGTGCGCAGGG	TRNP1_+_27320231.23-P1P2
GCGGCTTCGGCGCGGAGGGG	MVK_-_110011650.23-P1P2
GCGGGAACTGAGGCGACTGT	RFC4_+_186524226.23-P1P2
GCGGGAAGAGCGGGCCGAGT	ANKRD49_+_94226755.23-P1P2
GCGGGAAGAGGAAATGTGCG	ZNF658_+_40791787.23-ENST00000377626.3-ENST00000602553.1
GCGGGACAAGAAAATTCATG	CNOT2_-_70637260.23-P1P2
GCGGGACAGGCGGTTCACTG	PPIL2_+_22020458.23-P1P2
GCGGGACAGGGATTGACTCT	RBMXL1_-_89458380.23-P1P2
GCGGGACCCGACTCAGGTGA	CCAR1_-_70481045.23-P1P2
GCGGGACCCGTTGGCAGAGG	BIRC5_-_76210386.23-P1P2
GCGGGACCCTGTTGGGTGAG	EIF3F_-_8009270.23-P1P2
GCGGGACCGAGGGTGAGTTT	DDX5_+_62502182.23-P1P2
GCGGGACCTGCTCGGAGGAA	RPN2_-_35807762.23-P1P2
GCGGGACGCGGGGCTCACCC	TFDP1_+_114239040.23-P1P2
GCGGGACGGCGACCAAAGGA	TRRAP_-_98476562.23-P1P2
GCGGGACTAACGCTTACCTG	C7orf50_+_1177904.23-ENST00000357429.6-ENST00000397098.3-ENST00000397100.2
GCGGGAGAACCGAGCGCTTC	WDR25_-_100842832.23-P1P2
GCGGGAGCCGGGTCCAGGTC	TELO2_-_1543611.23-P1P2
GCGGGAGCGCGGGCTTTGGA	FEN1_-_61560380.23-P1P2
GCGGGCAAACTGAAGAGCGG	THOC1_-_268006.23-P1P2
GCGGGCAGTCCAGCCAGGGT	ALG14_+_95538155.23-P1P2
GCGGGCCACCTTCCTCGTCT	TKT_-_53289752.23-P1
GCGGGCCCCGGGTACCTGGA	VPS28_-_145653878.23-P1P2
GCGGGCCCGGAGCTCAACGG	NFYB_-_104531640.23-P1P2
GCGGGCCCGGGAGGGATGAA	NCKAP1_+_183902661.23-P1P2
GCGGGCCCGGGCGTCGAGGA	FAM229A_-_32827685.23-P1P2
GCGGGCCGAAGGAGTCGCCA	USP36_+_76836854.23-P1P2
GCGGGCCGCGACCACCCCCC	MTG2_+_60758146.23-P1P2
GCGGGCCGCGGAACACAGAT	NAPA_-_48018280.23-P1P2
GCGGGCCGCGGCCATGGGAG	MRGBP_-_61427884.23-P1P2
GCGGGCCTCAGCGGAACCCA	BUB1_-_111435372.23-P1P2
GCGGGCGAGTTGGTAACCAG	ZBTB11_-_101395936.23-P1P2
GCGGGCGCGCGCAGAGGTAC	BCLAF1_-_136610528.23-P1P2
GCGGGCGCGGAATCGGGCAT	ALYREF_-_79849458.23-P1P2
GCGGGCGGAGGTTTCCGAGG	DDX6_+_118661671.23-P1P2
GCGGGCGGGCGAAGCTGGAG	NPLOC4_+_79604076.23-P1P2
GCGGGCGGGGAGCCCCGGAA	JAZF1_+_28220008.23-P1P2
GCGGGCGTCAGCTGACTGTT	FAM50A_-_153672500.23-P1P2
GCGGGCTAAGACGCCGGAGG	GLMN_+_92764515.23-P1P2
GCGGGCTCCCGGGCCTACAG	COQ4_-_131085196.23-P1P2
GCGGGCTCCGCGTCCCTCTG	C17orf58_-_65989632.23-P1P2
GCGGGCTGCGAGGGACTCGG	ORC1_+_52869878.23-P1P2
GCGGGCTGCGAGGTCTGGCT	SEH1L_-_12948049.23-P1P2
GCGGGCTGGAAGGTCACACG	MRPL12_+_79670502.23-P1P2;SLC25A10_+_79670502.23-P1P2
GCGGGCTGGCGACGTAGAGG	POLR2D_+_128615628.23-P1
GCGGGCTGTGGGGCTCCGAG	NFKBIE_-_44233230.23-P1P2
GCGGGGAAGAGAGACTGCGG	MED22_+_136214889.23-P1P2
GCGGGGAGAGGGCATAGAGT	COPZ1_-_54719176.23-P1
GCGGGGAGCCGGGCCAGCAC	PSMB6_-_4699534.23-P1
GCGGGGAGGCTGTCTTGAGG	SF3A1_+_30752830.23-P1
GCGGGGCACGGCCTCCATGG	PTPN23_+_47422581.23-P1P2
GCGGGGCCGGTGTTCGGGTA	DCTN2_-_57940910.23-P1P2
GCGGGGCGCGGGCTTCTCGG	ANKLE2_+_133338404.23-P1P2
GCGGGGCGGCCCGAGCACCG	WEE1_+_9595254.23-P1P2
GCGGGTACCACGCGGAGAAC	CDC123_+_12238270.23-P1P2
GCGGGTCAGGAGCGTAGAGG	FAF2_-_175875400.23-P1P2
GCGGGTCCGGGTGAAGCGGG	KLC2_-_66025303.23-P1P2
GCGGGTCGGAGCCATGGCGG	PPIH_-_43124126.23-P1P2
GCGGGTGCGGTTCAGTCGGT	MANF_-_51422730.23-P1P2
GCGGGTGGTTTGCTTAGGTG	RPS9_-_54704761.23-P1P2
GCGGGTGTAAGAACAACCGG	MAK16_+_33342747.23-P1P2
GCGGGTTACCCCAAACCATG	BCS1L_-_219524504.23-P1P2
GCGGGTTCCGGTGACCACGA	NUBP1_-_10837703.23-P1P2
GCGGGTTGTATTTGGAAACG	POLR2K_-_101162912.23-P1P2
GCGGTACAGGAGAGTCGCTA	TUT1_+_62358953.23-P1
GCGGTACCAGGCGCAGATCA	MRPS23_+_55927367.23-P1P2
GCGGTACCCGGATGTAGGGA	MOB4_+_198380762.23-P1P2
GCGGTACCCGGGCCCCGATG	DDX51_+_132628798.23-P1P2
GCGGTAGAACGCCTCCCGAA	SEC61A1_+_127783788.23-P2
GCGGTCAGACCAGCCCGAGA	ZNF763_-_12035979.23-P1P2
GCGGTCATGGGACTTCAGCA	RPP30_-_92631746.23-P1P2
GCGGTCCTTCGCGGCGTCCC	THAP11_-_67876223.23-P1P2
GCGGTCGAAAGGGGAGTTCA	NDUFA8_+_124922010.23-P1P2
GCGGTCTGGGCGTGAGTGCA	CTNNBL1_-_36322495.23-P1P2
GCGGTCTGTAAACTTCCCGG	NUP43_-_150067567.23-P1P2
GCGGTGAGAGGGCTGAGTGA	BCS1L_-_219524485.23-P1P2
GCGGTGAGCGAGCTCGACTC	THG1L_-_157158658.23-P1P2
GCGGTGAGTACAAGGTGGTG	GEMIN7_-_45582556.23-P1P2
GCGGTGCCTTGGGAGAAATA	PSMG2_-_12703261.23-P1P2
GCGGTGCGGCCTGGGAGAGT	EIF3B_-_2394510.23-P1P2
GCGGTGCTCTGCGAAGCCGG	KIF23_+_69706676.23-P1P2
GCGGTGGCCGGGTGCCGGTA	ANAPC13_+_134204787.23-P1P2
GCGGTGGCGCTGGTCTTCTT	H2AFX_-_118965752.23-P1P2
GCGGTGGCGGTTCGGAGTGA	LAS1L_+_64754657.23-P1P2
GCGGTGGCGTGTTAACCGGT	non-targeting_02497
GCGGTGGGTGGAACTCACCT	SYF2_-_25558938.23-P1P2
GCGGTGTCCATGCTGACCTG	BMS1_-_43278259.23-P1P2
GCGGTTCAGTCGGTCGGCGG	MANF_-_51422736.23-P1P2
GCGGTTGCAGGCCCTATTCC	C1QBP_-_5342105.23-P1P2
GCGGTTGCGGAGGACGAGTA	non-targeting_01578
GCGGTTGGCTTGAGCGGGAC	SAE1_-_47634161.23-P1P2
GCGGTTTCCGGCGGGAGCGT	ORC5_+_103848434.23-P1P2
GCGTACAGGGATGATCATGG	POLR2L_-_842512.23-P1P2
GCGTACCCGAGCGATGTCCC	TCP1_-_160210626.23-P1P2
GCGTACCGCGGAGCCCGGAA	DHX16_-_30640796.23-P1P2
GCGTACGTGCTCGCTCACGG	CLK2_+_155243270.23-P1P2
GCGTACTGGTCTGAGAGGAA	INTS2_-_60005353.23-P1P2
GCGTAGCAGGGGAGCGCCCG	HGS_-_79651070.23-P1P2
GCGTATTGCCTGGAGGATGG	NOLC1_-_103912173.23-P1P2
GCGTCAACAGCTGAAACCCT	RPS29_-_50065393.23-P2
GCGTCACCCCCGGAGAGGAG	MEX3A_+_156052061.23-P1P2
GCGTCAGCGACCCTCTCCCG	COPA_-_160313051.23-P1P2
GCGTCCAACCGACTCCACGG	TUBGCP5_+_22833539.23-P1P2
GCGTCCAAGCAAACCGGGAA	SLC39A7_-_33168697.23-P1P2
GCGTCCACGGGTGAGTATGG	EWSR1_-_29664350.23-P1P2
GCGTCCCGCAAGGAAGGTAC	EIF3H_+_117768010.23-P1P2
GCGTCCCTAGTGGAGCGCAG	CLSPN_+_36235482.23-P1P2
GCGTCCGGGTAGCCCCGAAA	MRPL54_+_3762712.23-P1P2
GCGTCCTAGCAGGCGGAGGA	MARS2_+_198570142.23-P1P2
GCGTCCTGGGAAGGGAGATC	MYC_-_128748589.23-P1P2
GCGTCCTGGGGGCGCGGAGA	CCDC130_-_13858696.23-P1
GCGTCGCAGAGAGCATCGGC	MRPL3_+_131221797.23-P1P2
GCGTCGCGTAGGAGGGAGGA	RNASEH2C_+_65488225.23-P1P2
GCGTCGGCGGGCGCCCACTG	non-targeting_02787
GCGTCGGGCCCCTGGATCCG	RPUSD4_+_126081489.23-P1P2
GCGTCGGGCTGGAATAGAGG	non-targeting_01978
GCGTCTGCAGGAAGGTCCTA	MRPL53_-_74699602.23-P1P2
GCGTGAAGAAGCGGCTCCCG	CSNK1A1_+_148930963.23-P1P2
GCGTGACCGCGCTCCGGTAA	LRRC37A3_+_62915581.23-P1P2
GCGTGACGGGTGAAGCTCTG	TOP2A_+_38573936.23-P1P2
GCGTGAGGAATCTTAAGAGT	non-targeting_00540
GCGTGCCACTTGCTCCTCCT	KIF20A_+_137514862.23-P1P2
GCGTGCGGGCGGGTTAGCGA	ELL_+_18632806.23-P1P2
GCGTGCGTCCTAGCAGGCGG	MARS2_+_198570146.23-P1P2
GCGTGCTGAGGCGGGTGGCA	VEZT_-_95611616.23-P1P2
GCGTGCTGGCCGGGCAACCC	UBTF_-_42295646.23-P1P2
GCGTGGACAGCGGGACGAAG	PRODH_-_18923755.23-P1
GCGTGGCGCAGGCGAATCCT	MCM6_+_136633947.23-P1P2
GCGTGGCGGCGATCCCCACG	DIMT1_+_61699669.23-P1P2
GCGTGTCGCAAGCGATGCAA	non-targeting_01340
GCGTGTGGAGAGACCGCCAA	UBC_+_125399044.23-P1P2
GCGTGTGTGCGCCTAATCTC	BTF3_-_72794314.23-P1P2
GCGTGTTGGGTGGCTTCCTG	RPS13_+_17099232.23-P1P2
GCGTTCAGATGCGTCTTGGC	non-targeting_01465
GCGTTCCGTGGCGGGAACTG	RFC4_+_186524236.23-P1P2
GCGTTCTGTCCGCAGGACAT	NOB1_+_69788621.23-P1P2
GCGTTGGCGAAGCCAGCTGC	ANAPC10_+_146019317.23-P1P2
GCGTTGGCGGAGGGAAACCC	UBR4_-_19536410.23-P1P2
GCGTTTGACTCACCGAATTG	non-targeting_00461
GCTAAAACCGAGATGACTAG	USP39_-_85830050.23-P2
GCTAAACCTGGAGACTCGGG	YPEL5_-_30369859.23-P1P2
GCTAACTAAACGGCTTACCA	RPS4X_-_71497046.23-P1P2
GCTAAGAGAAGGCGGGACAG	WBP11_+_14956444.23-P1
GCTAATGGCCAAAGGGACAG	DCTN5_+_23653002.23-P1P2
GCTACAACCGGCGAGCGATA	non-targeting_02577
GCTACAAGCGGCCACAAGGA	DDX49_-_19030553.23-P1P2
GCTACAGCAAACCCACGGCA	non-targeting_03504
GCTACAGTGATAGGACAGGA	PIGH_+_68066617.23-P1P2
GCTACATTTGAGCGACGCCA	ZNHIT3_+_34842541.23-P1P2
GCTACGAGCGCTCCCGAGGA	RAC1_+_6414690.23-P1P2
GCTACGCGGGGCTACCGGAT	DYNLRB1_-_33104256.23-P1
GCTACGGAGGACCCCGCGAA	EPRS_-_220219801.23-P1P2
GCTACGGCGGCGCAGAAATG	ELP3_-_27950736.23-P1P2
GCTACTGCGGCTCCCTCCGG	UBR4_-_19536774.23-P1P2
GCTACTTTGGGATAAAGCGT	POLR2E_+_1089885.23-P2
GCTAGAGCGGCGCCACGTCC	RABGGTA_-_24740777.23-P1P2
GCTAGAGTTAGGCCCCGAAG	HCFC1_-_153237197.23-P1P2
GCTAGCACTGACGTGTCTCT	SEC61A1_-_127771292.23-P1
GCTAGCCCGAAGGCATGCAG	OXA1L_+_23236287.23-P1P2
GCTAGCGAGAATGGCGGGAC	YBX1_+_43148077.23-P1P2
GCTAGCGTAGCGCTTCACGT	PRPF19_-_60674010.23-P1P2
GCTAGCTAGTCGTTCTGAAG	NDUFS5_-_39492036.23-P1
GCTAGGAGCACCGAGCAGCT	MRPL2_+_43027142.23-P1P2
GCTAGGCCGCGGGACCCGGA	NDUFB10_-_2009571.23-P1P2
GCTAGGCCGGCAACTGGGGT	MRPL19_-_75874385.23-P1P2
GCTAGGCCTGGTCATCTCTA	PSMC6_+_53174114.23-P1P2
GCTAGGGGCCGCCATCTCCA	NDC1_+_54303930.23-P1P2
GCTAGGTCCTAGGAGGGGGA	RPL29_+_52029718.23-P1P2
GCTAGTACAGCTTAGTGGAC	MST1_-_49726291.23-ENST00000449682.2
GCTAGTAGCCGGGTGAGTGG	RPL26L1_-_172386481.23-P1P2
GCTAGTCCGTTAGAGGCGTG	SNAPC1_-_62229148.23-P1P2
GCTATCACCCCTAGGGAGAG	PRDM10_+_129872660.23-P1P2
GCTATGGCGATGAGCAGCGG	SMN1_-_70220949.23-ENST00000380707.4;SMN2_-_69345531.23-ENST00000380743.4
GCTCAAGGACCCGGCACCAG	LETM1_-_1857844.23-P1P2
GCTCACACAAAGCCCAGACG	HNRNPM_-_8509876.23-P1
GCTCACACGTGAGTCCGGAG	RRP15_+_218458668.23-P1P2
GCTCACAGCATGATGGGTAA	non-targeting_00639
GCTCACAGGACCTAAAGGTG	MRPS12_+_39421616.23-P1P2
GCTCACCAAGCGTGACCGAG	HMGCS1_-_43313473.23-P1P2
GCTCACCTGCGTAGCCCAGT	RRP7A_-_42915735.23-P1P2
GCTCACGGCGGCGTGAAACA	non-targeting_02879
GCTCACGGGCGCCTACGTCA	GAK_+_926096.23-P1P2
GCTCACTCAAAGTCTCCAGT	EIF3G_-_10230531.23-P1P2
GCTCAGAGCGTCGGGATATC	TFRC_+_195808942.23-P1P2
GCTCAGTCAGTCGCCTCCTC	PSMD1_+_231921605.23-P1P2
GCTCATCGGGCCGGTGGGAG	TAF10_-_6633436.23-P1P2
GCTCATGTCTAAGGCGGCAG	non-targeting_00982
GCTCCAACGGCAAAGCTCTA	CFDP1_-_75467319.23-P1
GCTCCACCGAGGCATCGCCC	NDUFB7_-_14682785.23-P1P2
GCTCCACGCAGAAGGCGAGC	PRPF38B_+_109234979.23-P1P2
GCTCCACGTCAGAGGGAACC	SEC62_-_169684596.23-P1P2
GCTCCAGGTCAGAGAATACG	ERVW-1_+_92106817.23-ENST00000603053.1
GCTCCAGTGCTACGTGTCCC	SEC61G_+_54826873.23-P1P2
GCTCCATCTTCCCTTAGTCG	SF3A3_-_38455652.23-P1P2
GCTCCATGCCGCCCCCAACA	NOC4L_+_132629017.23-P1P2
GCTCCCAACCCGGGGACTAA	NDUFAF3_-_49059542.23-P1P2
GCTCCCACGCCACAGCCCGG	COX7C_+_85914019.23-P1P2
GCTCCCAGGCGGCGAAAGCA	MRPS6_+_35445873.23-P1P2
GCTCCCAGTCCCCAAATGGA	UBR5_-_103424582.23-P1P2
GCTCCCCGCAGGGTTAGTCG	non-targeting_00311
GCTCCCCGCGTCCAAGATGG	EXOC4_-_132937863.23-P1P2
GCTCCCCGGGCCGCAGACCA	MRPL32_+_42972018.23-P1P2
GCTCCCTCAAAGCGGAGGTG	TVP23C_+_15466886.23-P1P2
GCTCCGAAGCGACGCCGGGA	NAA10_-_153200438.23-P1P2
GCTCCGACCCCCGAGATGAG	non-targeting_00303
GCTCCGACCGGAATCGGAAG	C19orf25_+_1479200.23-P1P2
GCTCCGCCCGGACTCCGGCA	ZNF830_-_33288620.23-P1P2
GCTCCGCGGCGAACACGCCT	MBTPS1_-_84150406.23-P1P2
GCTCCGGCAAGGCTCCCCGG	XRN2_+_21284193.23-P1P2
GCTCCGGCTTCGGCGCGGAG	MVK_-_110011647.23-P1P2
GCTCCGGGAAACGCTTCCAG	CNOT1_-_58663535.23-P1P2
GCTCCGTGAGGTCAGAAGTG	UBA5_-_132379610.23-P1P2
GCTCCTCATCCACACCACGT	HAMP_+_35771624.23-P1P2
GCTCCTCCCCGCTCGGCCCT	SMG6_+_2206838.23-P1P2
GCTCCTCCCGGGGTTTGTAG	PPIL4_+_149867157.23-P1P2
GCTCCTCGGATCGCCTGGAG	NCOA4_-_51565283.23-P1P2
GCTCCTGGCTCCCAACACTA	CCDC144NL_-_20799255.23-P2
GCTCCTGTAAAACGCTAGAG	SF3B5_+_144416685.23-P1P2
GCTCCTTCTACGGATATCTG	CINP_+_102829193.23-P1P2
GCTCGAAAGCCCCAGCTCTA	XRN1_-_142166648.23-P1P2
GCTCGCAGCCGCGACTCCTC	BMS1_+_43278253.23-P1P2
GCTCGCCCCCTCCAGGCGGT	POU5F1B_-_128428164.23-P1P2
GCTCGCCGCCGAGCTGGTAG	HNRNPL_+_39342928.23-P2
GCTCGCCGCTAACACATCTG	POLR3A_-_79789274.23-P1P2
GCTCGCGACGACGACAGAGG	GSPT1_-_12009772.23-P1P2
GCTCGCGCGAGAGACCCGGA	RSRC2_-_123011510.23-P1P2
GCTCGCGGACGGTGGCCGAC	TUBGCP2_-_135122422.23-P1P2
GCTCGCTCCGCCAGGAGCTG	NDUFAF7_+_37458807.23-P1P2
GCTCGCTGGCGGGAGGCCAC	SNRPA1_+_101835417.23-P1P2
GCTCGGAAGAGAGATAGCAT	MRPS18B_+_30585681.23-P1P2
GCTCGGAGAAGAGGGGAGAG	CCT7_-_73461481.23-P1P2
GCTCGGAGCAGCCACCGCCT	NPB_+_79860094.23-P1P2
GCTCGGATCGCCGCGGGATC	TONSL_-_145669819.23-P1P2
GCTCGGCCGGGCGCACTAAC	SRSF10_-_24306779.23-P1P2
GCTCGGCGAGGCCCAGGCGC	ORC6_+_46723646.23-P1P2
GCTCGGCGGGACATACTAAC	GTF2B_-_89357167.23-P1P2
GCTCGGCGTGAGTCGCTGCG	RPAP3_+_48099773.23-P1P2
GCTCGGCTGCGCTCACCGGT	BRF1_+_105767309.23-P1P2
GCTCGGGAGCAGAACAGCTT	PRKRIP1_-_102004751.23-P2
GCTCGGGCTCGCGGACGGTA	CHTF18_-_838687.23-P1P2
GCTCGGGGCTCTGGATGCTC	PFDN4_-_52824696.23-P1P2
GCTCGTGTGCAGGCCCGGCT	PSMD3_-_38137147.23-P1P2
GCTCTAAGGGGATTCGTGAC	ARGFX_-_121286860.23-P1P2
GCTCTATTGTATTGGCGGAG	ACIN1_-_23540730.23-P2
GCTCTCACCTGAGGTCTCGT	SET_+_131451919.23-P1P2
GCTCTCAGAGGCTAAGAAGG	TTC1_-_159436177.23-P1P2
GCTCTCAGCACTAACCGCCG	PABPC1_-_101734307.23-P1P2
GCTCTCAGCTTCGGGTCCTG	IMP3_+_75932526.23-P1P2
GCTCTCGCAACTCAAGATGG	NMT1_-_43138703.23-P1P2
GCTCTCGCGGTTCATGACAG	SEPSECS_-_25161998.23-P1P2
GCTCTCTAGGCGGAGTGGGG	FAM133B_+_92219692.23-P1P2
GCTCTGACCACTCACCCAAC	EIF3F_+_8009255.23-P1P2
GCTCTGGAGGGCTTGAGCGG	OGT_+_70753018.23-P1P2
GCTCTGGGCAGCGGCAACCC	AQR_-_35261877.23-P1P2
GCTCTGGGGTCATCACGCAC	WDR33_-_128568762.23-P1P2
GCTCTGTCCCGACGCCTGAC	ECD_-_74927754.23-P1P2
GCTCTTCAGCCAGACAGCAC	LST1_-_31554050.23-P1
GCTCTTGGCGGCGGAGGCAA	KPNA6_+_32573691.23-P1P2
GCTCTTTGGCGCGGATTAGG	TADA2A_-_35767029.23-P1P2
GCTGAAACCTGCTAGGGTCC	TBL3_+_2022121.23-P1P2
GCTGAAGGAAGAACGTGAGT	PFDN6_-_33257405.23-P1P2
GCTGACCCGCGGCGGAGACA	RNF20_+_104296142.23-P1P2
GCTGACTGCAGTAGCCGCGG	HUWE1_+_53710912.23-P1P2
GCTGAGAACAGACCTAGGAC	AP2M1_+_183894728.23-P2
GCTGAGACAGAAGGTTGTGT	MED20_+_41888837.23-P1P2
GCTGAGAGGAGCTATCACAT	GPR61_-_110082553.23-P1P2
GCTGAGGAAATGCGCCACCA	SRSF7_-_38978026.23-P1P2
GCTGAGGACGCCGTACCCCT	NCAPH2_-_50946722.23-P1P2
GCTGAGGCAGCGGAGACCCG	UTP20_+_101674131.23-P1P2
GCTGAGGGCGATGGCTGCTG	EIF2B4_+_27593168.23-P1P2
GCTGAGGGTACCCCACACCG	PPARGC1B_+_149110296.23-P1P2
GCTGAGTACCCAGAGTTGCG	GEMIN6_-_39005409.23-P1P2
GCTGATAGAGAAACTACTTA	MFAP1_-_44116904.23-P1P2
GCTGATTTAGATAATTCTAT	ESF1_+_13763379.23-P2
GCTGCAAAGACGAAGAGATC	PKM_-_72523504.23-P1
GCTGCACCGCGAAGGCCCGG	GCOM1_+_57884092.23-P1P2
GCTGCACTACTAAACCTCCG	non-targeting_02821
GCTGCAGACGGAAACTGACT	MRPS11_-_89010934.23-P1P2
GCTGCAGACTCTCACCGCAG	PSAT1_-_80912059.23-P1P2
GCTGCAGCGCTCGGCACTGT	HSCB_+_29138256.23-P1P2
GCTGCAGGTCGGCCAGAGAG	RPL3_+_39715378.23-P1P2
GCTGCATTGAGGCGGGTGAA	RPS8_-_45241305.23-P1P2
GCTGCCATGGCTCAATACAA	FAM50A_-_153672598.23-P1P2
GCTGCCCACCCGTAAGGCCC	non-targeting_00799
GCTGCCCATTTAGGGAAGTG	TREML2_-_41168880.23-P1P2
GCTGCCCCTGCGCCATGGTC	C19orf53_+_13885284.23-P1P2
GCTGCCCTAGGAGCCAGGAG	COX15_-_101491751.23-P1P2
GCTGCCGACGTGCGCTCCGG	PGK1_+_77359761.23-P1P2
GCTGCCGGAGGCGCTCCCTG	SF3A2_+_2243491.23-P2
GCTGCCGGAGGTGGGATACA	PLRG1_+_155471467.23-P1P2
GCTGCCTCACTTCCCTAAAT	TREML2_+_41168862.23-P1P2
GCTGCCTCGCAGAGCTGCCC	SAMM50_+_44351418.23-P1P2
GCTGCGATGCCGCTGGATCA	RPS18_+_33239917.23-P1P2
GCTGCGCCGCCGGGAGCTCA	MBTPS1_-_84150360.23-P1P2
GCTGCGCTGGAGCTCTAGGC	PPP1R2_+_195270106.23-P1P2
GCTGCGGAGCGCAGCTGTGA	NRBP1_-_27651525.23-P1P2
GCTGCGGAGCGGGTGTGAGG	TBCB_-_36606424.23-P1P2
GCTGCGGCCGAGACCCTACG	RPP14_+_58292286.23-P1P2
GCTGCGGCCGGCCAGAATCC	CCT4_+_62115687.23-P1P2
GCTGCGGCGCACTTCCGTAG	RARS2_+_88299680.23-P1P2
GCTGCGGTCAGCGGATTGTG	IPO9_+_201798535.23-P1P2
GCTGCGTAGAGAACGTGTGG	MMGT1_-_135056233.23-P1P2
GCTGCGTCTACTGCGAGGTA	RPL9_+_39460504.23-P1P2
GCTGCTAGTCGCGGACGCAA	COX5B_-_98262552.23-P1P2
GCTGCTCCAGTCGCTATCGG	SNRNP70_-_49588721.23-P1P2
GCTGCTCTTCCCGGTCATGG	RPN1_+_128369636.23-P1P2
GCTGCTGAACTGTGCAGGGT	UTP15_-_72861666.23-P1P2
GCTGCTGCTAACGCGGTCCC	EIF3D_+_36925166.23-P1P2
GCTGCTGGGTCCAACTGCAA	ILF3_+_10765043.23-P1P2
GCTGCTTGCTGCAGGCTCTG	VPS35_+_46723052.23-P1P2
GCTGGAAGAGCGCCTCACCG	METAP1_+_99916870.23-P1P2
GCTGGACCCGTCTGGGAGGT	ISG20L2_+_156698201.23-P1P2
GCTGGACTGCGGGCCGAGGG	CS_-_56693735.23-P1P2
GCTGGAGACCCGCTCACAAC	SLC35B1_-_47785236.23-P1P2
GCTGGAGACTCAGGACCCGT	DOHH_-_3500585.23-P1P2
GCTGGAGCCTCAGCGAGCGG	PPP2CA_+_133561727.23-P1P2
GCTGGCAGCGCCGGGCAACT	DMRTA2_+_50889084.23-P1P2
GCTGGCCAAGCCTGCTGCGG	PTCD3_+_86333402.23-P1P2
GCTGGCCCTGAAAGAGCTAC	TBC1D28_+_18547242.23-ENST00000405044.1
GCTGGCGGAGGAGCAGACGG	TAF5_-_105127776.23-P1P2
GCTGGCGGCCGCGGAGTCTT	EXOC2_+_693074.23-P1P2
GCTGGCTACGTGCGACTGTG	LONP1_+_5720108.23-P1P2
GCTGGCTCCAGGCTCGACAC	ZC3H18_+_88636860.23-P1P2
GCTGGCTCGTGCCAGAACTA	EPRS_-_220219785.23-P1P2
GCTGGCTGCGTAGGAGGGAC	RNF168_+_196230575.23-P1P2
GCTGGGAAAAGGCTTGTGAA	ZNF24_+_32924385.23-P1P2
GCTGGGAACAGGAACTGGGC	AHCY_-_32891145.23-P1P2
GCTGGGACCGAGCTGAGGGG	SIN3A_+_75747995.23-P2
GCTGGGACGAAAGCTCAGGA	RRN3_+_15187949.23-P1P2
GCTGGGATAAGACGAGCCCA	PEX1_-_92157440.23-P1P2
GCTGGGCAAAAGCACCCCGG	CRKL_-_21271801.23-P1P2
GCTGGGCGGCCCAACCGGGA	RPP38_+_15139555.23-P1P2
GCTGGGCGTTGGCCGCGCAG	GEMIN8_-_14047941.23-P1P2
GCTGGGCTCGGAGCGGAACG	RAB18_-_27793292.23-P1P2
GCTGGGCTGGCTGTGGTGTA	DBR1_+_137893673.23-P1P2
GCTGGGGCCCGGGGGCTCAT	POLR3D_-_22103044.23-P1P2
GCTGGGGCGAGGTGACCCAT	non-targeting_03049
GCTGGGGCTCCGCTTCGGGG	PDPK1_-_2588046.23-P1P2
GCTGGGGGACGGGCTCCCGG	KPNA6_-_32574074.23-P1P2
GCTGGGTCACCTGTAATTGT	LYRM4_-_5260892.23-P1P2
GCTGGTAACGGCCAAAGAGG	TNPO3_+_128694944.23-P1P2
GCTGGTCCGAGCGCGGGAAA	NCAPG2_+_158497431.23-P1P2
GCTGGTGGGAGTTGACGACG	SRP54_-_35452258.23-P1P2
GCTGGTTATCGGGAGTTGGA	TAF1D_+_93474608.23-P1
GCTGGTTGGTAGACCTCGAG	GOSR2_-_45000934.23-P1P2
GCTGTCAGAGGGCTCTGTAT	TKT_+_53269134.23-P2
GCTGTCCGGGCCTTCATGTC	RPS15_-_1438633.23-P1P2
GCTGTCCTCAGGGGTCGAGG	ZNF559_-_9435103.23-P1P2
GCTGTCCTCTGGGACAACTC	CHD4_-_6716063.23-P1P2
GCTGTCGGCAGTGAAGTAAG	ZNF674_+_46404797.23-P1P2
GCTGTCGGCCGTAGGGCCAG	AURKB_-_8113518.23-P1P2
GCTGTCTCACCGGTGAGACC	PSMB2_+_36107087.23-P1P2
GCTGTCTCATTGATAGGAGA	HIST2H3D_-_149785258.23-ENST00000331491.1
GCTGTGCGGGGAGCCGGAAA	EIF4G1_-_184032400.23-P1P2
GCTGTGGAAACCGAGCTGGT	PSMB6_+_4700842.23-P2
GCTGTGGCCCTCGTCATCAA	BOP1_-_145512830.23-P2
GCTGTGGCTGTGATTGAGAG	POLD3_-_74303671.23-P1P2
GCTGTGGGCGGCTTCTCCGT	MRPS18A_+_43655465.23-P1P2
GCTGTGGGGCTGCGGCGGTG	TRAPPC11_-_184580498.23-P1P2
GCTGTGTAATCATTAAGGAG	PSMC2_-_102988137.23-P1P2
GCTGTGTCAGCTGACCCAAG	ATP6V1G1_-_117350067.23-P1P2
GCTGTGTCGGACCCGTGCTG	MRPS28_+_80942452.23-P1P2
GCTGTGTGGCGCCTTATTCT	DDX18_-_118572337.23-P1P2
GCTGTGTGGCTGAAAAGTGA	ABCE1_-_146019516.23-P1P2
GCTGTGTTCGCGGACTCAGG	MFAP1_+_44116853.23-P1P2
GCTGTTCACGAACTGCTCCA	COPS3_-_17184489.23-P1P2
GCTGTTGCGCCGAGCAGTCA	TP53RK_+_45318049.23-P1P2
GCTGTTTCCCACAAACAAGA	non-targeting_01147
GCTTAAATGACCGGCTTCCA	RRP12_-_99161036.23-P1P2
GCTTACCACCGACGACCAAT	non-targeting_00314
GCTTACCGGCAGCAACCACC	RPL27_+_41150471.23-P1P2
GCTTACGAGGGGGCGCTGCT	non-targeting_01498
GCTTAGATGCGCCACGGTTT	DYNLL1_-_120933933.23-P1P2
GCTTATTCTAGGCACTTGTT	DDX18_-_118572348.23-P1P2
GCTTCATGCCGCTCAGAAAG	SNAPC2_+_7985235.23-P1P2
GCTTCCACACGCGGACTCAC	GTF2H2C_+_68856066.23-P1P2
GCTTCCAGGATCCTGAGATC	VMP1_-_57785088.23-P1P2
GCTTCCCCAGCGCCCAAGGA	NBPF15_+_148556443.23-P1P2
GCTTCCCCTCTGTCTCAGAC	PRMT5_+_23395600.23-P2
GCTTCCCGGGCTCGGGTAAC	MED18_-_28655598.23-P1P2
GCTTCCCTGAGCGTTGGCCC	SARS_-_109756603.23-P1P2
GCTTCCGGAAGAGGTCGCCA	MOCS3_-_49575382.23-P1P2
GCTTCCTCGGGTCAGACTAC	POGZ_+_151431645.23-P1P2
GCTTCCTGCCCTTACCGTTC	TAF8_+_42018316.23-P1P2
GCTTCCTTCCAGTAAGGAGT	MCL1_+_150552050.23-P1P2
GCTTCGCTTCCGGGACTACT	UBE2Z_+_46985838.23-P1P2
GCTTCTGTCTATCACATAAG	SMC4_-_160122206.23-P2
GCTTCTTGGAGCCTTTTTTA	HIST1H2BM_+_27782850.23-P1P2
GCTTGACTCTGACGTCAGAG	RNPS1_+_2318108.23-P1P2
GCTTGACTTACCCAATTGTG	TRIM49C_+_89764400.23-ENST00000432771.1-ENST00000448984.1
GCTTGCCCAAGCCGCCGCTG	POLR2D_-_128615513.23-P1
GCTTGCCTAGGCGCTACCAC	non-targeting_00797
GCTTGCCTGGAACTCCTGTA	DNAJC19_+_180707118.23-P1P2
GCTTGCGGCACTTGTGGTGT	CCNK_+_99969150.23-P2
GCTTGCGGGCCTTTCAAACA	LSM11_-_157170761.23-P1P2
GCTTGCTGTGAGTGTCTCTA	RPL38_-_72199864.23-P1P2
GCTTGGAAACACTCACCCGC	SMARCE1_-_38804030.23-P1P2
GCTTGGCAGCGGATAAAAGG	SCD_-_102107036.23-P1P2
GCTTGGCGCGGGCGCTTCGT	NBAS_+_15701258.23-P1P2
GCTTGTCGACGCTGTCGCAG	RBM39_+_34330107.23-P1P2
GCTTGTCGGTGAAGCGGCAG	ARPC2_-_219081929.23-P1
GCTTGTCTTGTCAGTCACTG	IPO13_-_44412643.23-P1P2
GCTTGTTGGAGCCCAGGCGG	LRRC37B_+_30334606.23-P1P2
GCTTTCAGTTCCCCGCGCCC	CHMP3_-_86790522.23-P1P2
GCTTTGCTGGGGCCGCGGAG	POLRMT_+_633481.23-P1P2
GCTTTGCTTGGTAGATACTG	ARPC3_+_110883121.23-P2
GCTTTTCGCTGACTACATTC	PSMA2_+_42971715.23-P1P2
GGAAAAGAAGGGCAATCCGG	STRAP_+_16035493.23-P1P2
GGAAAAGTCCTCAATACGGT	DDB1_-_61081136.23-P2
GGAAACAGTGGTGCGCGGAG	PRPF31_-_54619172.23-P1P2
GGAAACCAGACTCCAAACAT	WDR92_-_68384657.23-P1P2
GGAAACTCCGAGGGGGGAAG	SIN3A_-_75743971.23-P1
GGAAAGAAAGGGCTGTGTCA	NXF1_+_62566715.23-P2
GGAAAGAGTAGACGAACCGG	CS_-_56694134.23-P1P2
GGAAAGGGCGCGCCAGAACC	NAA38_+_117824200.23-P1P2
GGAAAGTGGTGACACCGCCG	INTS6_+_52027127.23-P1P2
GGAAAGTTGGGCGACTGTCG	TWF1_-_44199727.23-P1P2
GGAAATCTTCCATTAAACAA	WDR74_-_62609072.23-P2
GGAAATGCCCGGCGCCGCAG	RAC3_+_79989567.23-P1P2
GGAACAAGGAACAGGGAACA	GTF2E1_+_120461646.23-P1P2
GGAACACTTACCGGGGTCAC	LCE1C_-_152779087.23-P1P2
GGAACAGCAGCTGGTACCGA	SUPT5H_-_39936257.23-P1P2
GGAACAGCCGCAGCCGGTGT	TTK_-_80714487.23-P1P2
GGAACATGGCCCTGTATCAG	TARS2_-_150459943.23-P1P2
GGAACCAGCCCTAGAAGCGC	EEF1B2_+_207024362.23-P1P2
GGAACCAGGAGATGCGGCGC	NPAT_+_108093330.23-P1P2
GGAACCCAGCCCTCCCACAG	PSMG1_-_40554934.23-P1P2
GGAACCCCTGCGCAGATCTC	ATP6V1E1_-_18111500.23-P1P2
GGAACCCGCGTGCGACCCTC	TFAM_+_60145205.23-P1P2
GGAACCCGGGGAACCAGTGG	POLR3F_+_18448066.23-P1P2
GGAACCCGTCCGTGCTGCTG	MRPL27_-_48450272.23-P1P2
GGAACCGGCAAAATCCGCTC	HIST2H2BE_+_149858162.23-P1P2
GGAACCTTCCCAAGGCGGGG	SSX4_-_48242899.23-ENST00000376886.2
GGAACGAAAAGTCCTCAATA	DDB1_-_61081132.23-P2
GGAACGAGGACCCCGAGCGG	SMAGP_-_51664165.23-P1P2
GGAACGCCCCAGCGAAAGTC	MRPS22_+_139063052.23-P1P2
GGAACGCGACACCGGGTAGA	GMPPB_-_49761366.23-P1P2
GGAACGCGCAGGCAGCACCG	PAF1_-_39881702.23-P1P2
GGAACGGGCCGGCGGGACAC	ATP6AP2_+_40440259.23-P1P2
GGAACTCCGGGATATCTACT	RPL36_+_5690269.23-P1P2
GGAACTTCCACTCACCATGG	RPL4_-_66797132.23-P1P2
GGAACTTCCTGACTCCTCGG	PRPF4B_+_4021634.23-P1P2
GGAACTTGAGATTGAAAATA	PMPCB_-_102940675.23-P2
GGAAGAAAAGGCGACGGTGG	NOS1AP_+_162039558.23-P1P2
GGAAGAACGGGCAACAGCAG	ANAPC1_-_112641691.23-P1P2
GGAAGACCCCGACTCCTTAC	MCL1_-_150552064.23-P1P2
GGAAGAGAGAAAGGTTGTGA	SYF2_+_25558954.23-P1P2
GGAAGAGAGGGCGTACCTGA	IARS_-_95055898.23-P1P2
GGAAGAGCGAACGGGAGCGA	SNIP1_+_38019797.23-P1P2
GGAAGAGCTGACGGACGCGT	non-targeting_02523
GGAAGAGGCGCAGGAAGCCA	PRKRIP1_+_102004333.23-P2
GGAAGAGGCGGGAGTGGACC	ASF1B_+_14247360.23-P1P2
GGAAGATCCTAGAGGTCCCA	DHX16_+_30640731.23-P1P2
GGAAGCACTGGAGAGTGTCA	FAM32A_-_16296256.23-P1P2
GGAAGCAGAGGAGCAGGTAA	VPS41_+_38948746.23-P1
GGAAGCAGGACGCTGGACCC	CBX1_-_46178513.23-P1P2
GGAAGCAGGACGTTCTCACC	POLA2_-_65029495.23-P1P2
GGAAGCAGTGAATAAGCGGT	HIST1H2BN_-_27806378.23-P1P2
GGAAGCTGCGTGAAGCCCCT	DDX54_-_113599226.23-P2
GGAAGGAAGGTAGAGGATGA	PMPCB_+_102937876.23-P1
GGAAGGACCCGGCGCCACTT	non-targeting_00445
GGAAGGATCCTGCACTGAGG	CDC6_-_38444255.23-P1P2
GGAAGGCAGGGAGGTTCTGA	SF3A3_-_38455462.23-P1P2
GGAAGGCGCAGAGCCCTGTC	RPS17_+_82824718.23-ENST00000330339.7
GGAAGGGACCCCGGACCCGG	RAD9A_-_67159466.23-P1P2
GGAAGGGATTATACGCCGCC	non-targeting_00895
GGAAGGGCGCCGGCAAATGG	MMGT1_-_135056168.23-P1P2
GGAAGGGTTCGGTCGCCCCG	RNPC3_+_104068758.23-P1P2
GGAAGGTCAGCGTGTGAAGT	TIMM23B_-_51371437.23-P1P2;TIMM23_+_51623316.23-ENST00000260867.4
GGAAGTAGCAATGGACGCGC	GTF3C1_+_27561198.23-P1P2
GGAAGTAGGAACCTCCTGCC	GTF2A2_+_59949653.23-P1P2
GGAAGTGCCGCGGAAAGTGG	MRPL24_+_156710843.23-P1P2
GGAATACTTAAGGCTTTAGA	SRSF6_-_42090114.23-P2
GGAATCCCTACGCGTCCCTT	PSMA3_-_58711627.23-P1P2
GGAATCCGCGGAAGGCGAGG	CD2BP2_-_30366557.23-P1P2
GGAATGGCGGCCGCCCGCTC	PPP1R10_-_30585037.23-P1P2
GGAATTGCTCTGGCGATCGA	PSMB3_-_36909059.23-P1P2
GGACAAAAGCAAACCCCAAC	PCID2_-_113841606.23-P2
GGACAAACCGGCCTTTCCGG	QARS_-_49142355.23-P1P2
GGACAAGCGCCGGGCCTCAG	BUB1_-_111435363.23-P1P2
GGACACAGTCAGCGTTGGGC	non-targeting_00953
GGACACCAGGCATACGCTAG	NAT10_-_34127246.23-P1P2
GGACACCCGAGGCGCAGCAG	BRCA2_+_32889673.23-P1P2
GGACACGAACATAGCCACGG	CDC45_+_19467480.23-P1P2
GGACACGCTTCACTGATACC	EEF2_+_3984171.23-P2
GGACAGCAGTTACACTGCGG	H2AFX_+_118966156.23-P1P2
GGACAGCGAAATGGCGCCTC	COPE_+_19030144.23-P1P2
GGACAGCGCCGGGTGACCAG	SNRPG_-_70520494.23-P1P2
GGACAGCGCGAGGAGAAAGA	PRMT5_+_23398566.23-P1
GGACAGCGTGCGAGCTCCGG	HYOU1_+_118927661.23-P1P2
GGACAGCTCCGGGTAGACAG	URB2_+_229762047.23-P1P2
GGACAGCTGAGGTACCGAGA	POLR1E_+_37486167.23-P1P2
GGACATAGCCGTATCTCTCC	SMU1_-_33076622.23-P1P2
GGACATCCAAGATTCCTGGT	RSL24D1_-_55488741.23-P1P2
GGACATCCTAGTTCAGACGG	KCMF1_+_85198557.23-P1P2
GGACATCGCCCCCTCTGTCT	TEN1_+_73975344.23-P1P2
GGACATGGAGCTCCAACCAG	RPL23A_+_27047315.23-P1P2
GGACCAAAGCGCCTGAGGAC	XRCC5_-_216974154.23-P1P2
GGACCACCGAATGCCGCCTC	CENPI_+_100353181.23-P1P2
GGACCACTGTGACGAACTTG	RANBP2_+_109335924.23-P1P2
GGACCAGCCGGTGACCCGGT	non-targeting_02526
GGACCCAACGGTAGATGCTG	non-targeting_00815
GGACCCCAAAGAGCCCCGGG	GOLGA6L1_+_22736950.23-ENST00000560659.2
GGACCCCCAGAGCCCGTCAG	NSF_+_44668460.23-ENST00000398238.4
GGACCCCCGGAGTGTAAGAC	RSL1D1_-_11933355.23-P2
GGACCCGAGCGGCCGTACCA	YARS2_+_32908426.23-P1P2
GGACCCGCAGCCAAGTGGAA	NOL9_-_6614523.23-P1P2
GGACCCGGTGGGCTTCGCGG	BCR_-_23523174.23-P1P2
GGACCCGGTTGCAAGTGTTG	COA5_+_99224908.23-P1P2
GGACCCTCGTACGGGAGTGA	CRCP_-_65580068.23-P1P2
GGACCCTGAACCCGAACCAT	CDC40_+_110501678.23-P1P2
GGACCCTGACATCAAGACAG	non-targeting_00178
GGACCGAAAAGGGAAATTAC	SRFBP1_+_121297913.23-P1P2
GGACCGAGCCTCCGCCACTG	WDHD1_-_55493772.23-P1P2
GGACCGAGCGGGTCTCTCCA	TSPYL5_-_98290161.23-P1P2
GGACCGCACTGCGGGCGTCG	DOHH_+_3500631.23-P1P2
GGACCGCATCCGCCAGACAC	MINOS1_+_19923571.23-P1P2
GGACCGCGGACAGCTTACGA	PDCD6IP_+_33840165.23-P1P2
GGACCGCGGCAGGCGAAGTG	CSNK2B_+_31633873.23-P1P2
GGACCGCGTCTTCAGTACCA	BET1_-_93633620.23-P1P2
GGACCGGGCCGCCTACTCCG	RAD21_+_117886444.23-P1P2
GGACCGGGTGCCTCAGCTGG	RBM25_-_73525471.23-P1P2
GGACCGGTGCGGACAGGAAG	WDR4_+_44299648.23-P1P2
GGACCTAGGTCGCGGCGACA	RPL37A_-_217363600.23-P1P2
GGACCTGTCCGTGCGCCCAG	NDUFB8_-_102289541.23-P1P2
GGACGAAATCTCATGATGAT	SON_-_34921974.23-P2
GGACGAAGCGGGGAATGCAG	PRODH_-_18923767.23-P1
GGACGAAGTCTATAAAGGGC	ATF4_-_39916548.23-P1P2
GGACGATTGGTTGAGGCCGG	non-targeting_01393
GGACGCCGCTTCTCCGCCCG	HNRNPL_-_39340587.23-P1
GGACGCCGGCGCGAGAGCAG	RAN_+_131356569.23-P1P2
GGACGCGCGCGTCCTCACGG	NSF_-_44668038.23-ENST00000398238.4
GGACGCGTCTGGGCTGCTGG	RCL1_-_4792974.23-P1P2
GGACGCTCCGGGACGATGTG	PEX1_+_92157741.23-P1P2
GGACGCTGCAGAGTGAGTAT	RPL31_-_101618787.23-P1P2
GGACGGAAGAGGCCCTGCGG	PAFAH1B1_-_2497281.23-P1P2
GGACGGAAGCCGAGTGGAGA	MRPL10_-_45908914.23-P1P2
GGACGGACCCGAGGAGTCAG	SUGP1_-_19431214.23-P1P2
GGACGGAGACTGCCCAGGTG	MRPL33_-_27994638.23-P1P2
GGACGGAGGAGCCCAGCACA	C1QBP_-_5342366.23-P1P2
GGACGGAGGCCGGGATACTT	EIF6_+_33872338.23-P1P2
GGACGGCCCGCGGGCGTAAG	NUBP2_-_1832989.23-P1P2
GGACGGCTGCAGGAGATCCG	CHORDC1_-_89955982.23-P1P2
GGACGGGCGGAGAGAAACCC	GAPDH_-_6643761.23-P1
GGACGGGGGTCGGGGCTCAA	CNOT3_+_54641532.23-P1P2
GGACGGGTGACGAAAGAAGA	AKIRIN2_-_88411464.23-P1P2
GGACTAAGTCAGTAAAAGAG	MED7_+_156570278.23-P1P2
GGACTAGAACGAAAGGAGTG	GINS1_-_25388381.23-P1P2
GGACTAGGAAACCCTCCGAT	SRSF3_+_36562405.23-P1P2
GGACTAGGACGCGGCTGGAG	LIMS1_-_109150969.23-P1P2
GGACTAGGCCTTCGCCTCGG	HNRNPC_+_21737602.23-P1P2
GGACTCACGAAGACAAGGTC	XAB2_-_7694376.23-P1P2
GGACTCAGGAGGATGAAACA	NUP160_-_47869693.23-P1P2
GGACTCCAGCATGGCGACCG	MRPS5_+_95787523.23-P1P2
GGACTCCCAAGCCACAGTAC	RPS29_-_50052869.23-P1
GGACTCCCTCTCACCCGCCC	MRPS28_-_80942263.23-P1P2
GGACTCCGGCGGGAGAGTAA	YEATS4_-_69753803.23-P1P2
GGACTCGGCGGGCGCTGTTG	ANAPC11_-_79849637.23-P1P2
GGACTGCCCCGGGCCGCTGA	ESPL1_-_53662296.23-P1P2
GGACTGGAGCAGGGACAACG	PKM_-_72500954.23-P2
GGACTGGGCGACCCTCGTAC	CRCP_-_65580060.23-P1P2
GGACTGGGCTGGGGCCCTGG	SIGLEC14_+_52150020.23-P1P2
GGACTGGGGCCGGATAATGG	TSR2_-_54466860.23-P1P2
GGACTGGGGTTCCCCTGCAC	TOMM22_+_39078005.23-P1P2
GGACTTACCATGGCGAGCAG	RPL39_-_118925550.23-P1P2
GGACTTCCCCATGGCGACCA	KIN_-_7829906.23-P1P2
GGACTTCCGGGCTCCGCCCG	NBPF12_+_146373532.23-P1P2
GGACTTGGAACCCTTTCCAG	ZNRD1_+_30029087.23-P1P2
GGACTTGTGGCGGTCGAGCG	MCM6_+_136633964.23-P1P2
GGAGAACCCTTGAGGTATGG	MRPL45_+_36453156.23-P1P2
GGAGAAGAATCGGATCAATA	ABCF1_-_30546354.23-P2
GGAGAAGACGCAGCCCAGAT	TAMM41_-_11888321.23-P1P2
GGAGAAGCAGGAAGTAGCGG	ZNF687_-_151254788.23-P1P2
GGAGAAGCCGAGGCCAAGCG	ERAL1_+_27182214.23-P1P2
GGAGAAGCGGGCGGACCGGA	GTF2A1_+_81687215.23-P1P2
GGAGAAGCTGCTTCTTGGTG	KRT8_-_53298844.23-P1
GGAGAAGGGCGACTACAATG	RPUSD4_-_126081590.23-P1P2
GGAGACAGGGACCTATACAA	non-targeting_01814
GGAGACCGCGCTCAACACTG	GUCD1_-_24951897.23-P1P2
GGAGACCGGCCAGCAAGCGA	C16orf86_+_67700770.23-P1P2
GGAGACCTCGGTGGGCAGAA	CASP8AP2_-_90539622.23-P1P2
GGAGACTATCGGGAAGAGGT	NOL8_+_95087456.23-P1P2
GGAGACTCGCAGTCCGGCCC	HSPE1_+_198365089.23-P1P2
GGAGACTGGGAGGGCTTCCG	EMC7_+_34394068.23-P1P2
GGAGAGAAGTGTGAGCGTAA	RPS9_+_54704997.23-P1P2
GGAGAGAGCGGGACTTCAGG	DNAJC8_+_28559474.23-P1P2
GGAGAGCCACCCCGGAAGAG	YEATS4_+_69753819.23-P1P2
GGAGAGCGACGTGAGTCCTG	MAX_+_65569008.23-P1P2
GGAGAGCGCAGAGTAGAGCA	SLBP_-_1713995.23-P1P2
GGAGAGCGTGCGGCCGGGTA	MRPL36_+_1799899.23-P1P2
GGAGAGGCCCGCGAACTGAC	MEPCE_-_100026436.23-P1P2
GGAGAGGTCAGATTGCTGTC	NDUFB3_-_201936782.23-P1P2
GGAGAGGTGGTCGGAGAAGT	GTF2A2_+_59949667.23-P1P2
GGAGAGTCGTTACGGCTGTG	non-targeting_02584
GGAGATACCCCTCACTCTGG	SMARCB1_-_24134004.23-P2
GGAGATGCTCCTCTCCGCAA	TAF2_-_120845040.23-P1P2
GGAGCAACGTAAAAAGGCTA	DDX46_-_134109475.23-P2
GGAGCAAGGCAAGCGGCCTA	ATP6V1G1_+_117350079.23-P1P2
GGAGCACTAAGTCTCTCGCG	SAP18_+_21714669.23-P1P2
GGAGCAGACTTAGAGGGTTC	HIST1H2BB_-_26043881.23-P1P2
GGAGCAGACTTGGCCAGCTC	HIST1H2BL_-_27775680.23-P1P2
GGAGCAGAGCCGGAAGCGGG	WBP1L_-_104503698.23-P1P2
GGAGCAGATAATAGCAGCCA	ZCRB1_-_42719876.23-P1P2
GGAGCAGCAATGGCGGCGGG	WDR43_-_29117577.23-P1P2
GGAGCAGCCGGACTCTGAGG	CYS1_+_10220308.23-P1P2
GGAGCAGCGGCCGCTCTGGT	UBE2Z_-_46985826.23-P1P2
GGAGCAGCGTTGGCTTCGAG	KANSL3_+_97303993.23-P1P2
GGAGCAGGATCCAGGTACAG	ARPC3_-_110888115.23-P1
GGAGCAGGCGAAGAGAATGA	PSMD14_+_162165252.23-P1P2
GGAGCCACGGGTGTCCGAGC	non-targeting_02294
GGAGCCAGCGCAACTGTCTG	CENPC_-_68411108.23-P1P2
GGAGCCCAGAGGCACCGCCC	PLK4_-_128802116.23-P1P2
GGAGCCCGGGAGGGACAGAC	RPL13A_+_49994249.23-P2
GGAGCCCGGGCGCCCAGGAT	CDC42_+_22379552.23-P1P2
GGAGCCCGTGTGATTCCCGG	REV3L_+_111804354.23-P1P2
GGAGCCCTTCCCCTACCTGG	FOLR3_+_71846807.23-P2
GGAGCCGAAGCCGCCCTCCA	TIMM13_-_2427532.23-P1P2
GGAGCCGCGGCCCCTCCTCG	TXNL4A_-_77748145.23-P1P2
GGAGCCGGCGAAAGAGATCG	DDX52_-_36003440.23-P1P2
GGAGCCGGCTGCCGTAAGTG	non-targeting_02296
GGAGCCGTGAGCTTGTCCAG	NAF1_+_164087918.23-P1P2
GGAGCCTAGAGTCCGGCTGT	SPC25_+_169746886.23-P1P2
GGAGCCTCAGCGAGCGGAGG	PPP2CA_+_133561724.23-P1P2
GGAGCCTCCCTCTTCCACCG	RPL10A_-_35436407.23-P1P2
GGAGCCTGGGCGACCTGCGG	UTP18_-_49338383.23-P1P2
GGAGCCTTACTATCTCGCTC	IK_+_140027496.23-P1
GGAGCCTTGCGCGCGCAGTG	SKP2_-_36152218.23-P1P2
GGAGCGAACGAAGCAGCGGG	MAT2A_+_85766276.23-P1P2
GGAGCGACCTCGCTAACATT	non-targeting_02533
GGAGCGACCTCGTTCTGGTG	DYNC1I2_-_172544214.23-P1P2
GGAGCGAGTCGTGACCGGTT	PPME1_-_73882402.23-P1P2
GGAGCGCGCTGGTGCTCGGG	KPNB1_+_45727339.23-P1P2
GGAGCGCGGGAGCTTAGGCA	UTP20_-_101674128.23-P1P2
GGAGCGCGTGGGGCCAAGAA	TSEN2_-_12526016.23-P1P2
GGAGCGGCCGCCCTCGATCC	BCL2L1_+_30310660.23-P1
GGAGCGGCGGGGTAAGATGG	SCAF1_-_50145510.23-P1P2
GGAGCGGCTAGGTGGTGCAC	ELAC2_+_12921317.23-P1P2
GGAGCGGCTCATTGAGAGTC	DMRTA2_+_50889102.23-P1P2
GGAGCGGCTGGCGGCTTCGA	UPF1_-_18942807.23-P1P2
GGAGCGGGAAGGCTAAAACG	NUP107_-_69080796.23-P1P2
GGAGCGGGAGCAGAGCGATG	ZNF718_+_124420.23-ENST00000510175.1-ENST00000511079.1-ENST00000513304.1-ENST00000513889.1
GGAGCGGTATGGGTAACCGA	non-targeting_01972
GGAGCGTAGCGGACAGGTGG	UBE2I_+_1359730.23-P1P2
GGAGCGTTCGCAAGGGGTGT	RBM10_-_47004526.23-P1P2
GGAGCTCAGTCTCTTCACCA	ZNF720_-_31724619.23-P1P2
GGAGCTCCCGACAGCCCCTA	UBAP1_+_34179139.23-P1P2
GGAGCTGCACCCGCGTGAGT	CUL7_-_43021528.23-P1P2
GGAGCTGCGCGATGCGGTGG	HSPA9_-_137911079.23-P1P2
GGAGCTGGCGCTCTAGCCCA	ZNRD1_-_30029063.23-P1P2
GGAGCTGGCGGTCCGAGCTG	NVL_+_224517846.23-P1P2
GGAGCTGTATCGAACAGACA	KRT10_-_38978838.23-P1
GGAGGAAATGTGCGTGGATG	ZNF658_+_40791781.23-ENST00000377626.3-ENST00000602553.1
GGAGGAACCCAATTCAAAAG	non-targeting_00697
GGAGGAACCCGGGCCAAACA	RSL24D1_-_55488919.23-P1P2
GGAGGAAGACCCCTAGTGTT	CCDC144NL_+_20799243.23-P2
GGAGGAAGAGCGAGCCCGGA	ADRM1_-_60878073.23-P1P2
GGAGGAATATAACCTTGCTG	ZNF207_+_30687708.23-P2
GGAGGACGCGCTCCTGGGAG	ABCG1_+_43639503.23-P1P2
GGAGGAGATAGGCATCTTGG	PSMC4_-_40477133.23-P1P2
GGAGGAGCCAAGAGGCGGGT	TARS_+_33441121.23-P1P2
GGAGGAGCGGGATCTAACCC	FAF2_-_175875441.23-P1P2
GGAGGAGCTGAGGAACCGAG	PET117_+_18118767.23-P1P2
GGAGGAGGAGGCGGCACCAA	RAD51D_-_33446789.23-P1P2
GGAGGAGGAGTCCGGACCGG	ILF3_+_10765009.23-P1P2
GGAGGAGGCGCCGGCCGTGA	HSD17B12_+_43702297.23-P1P2
GGAGGATCAGAACAATCGTT	non-targeting_02207
GGAGGATCGTGGTACTGCTA	MCM2_-_127317312.23-P1P2
GGAGGCACAAAGGACGAGGA	RPL37_-_40835249.23-P1P2
GGAGGCAGCAGCGGTAGAGG	PC_+_66725818.23-P1P2
GGAGGCAGCCGCAACTTGTG	GRPEL1_+_7069324.23-P1P2
GGAGGCCACGCAGGAGATCA	MRPL55_-_228296953.23-P1P2
GGAGGCCCACACCTCTCGGA	TULP1_-_35480615.23-P1P2
GGAGGCCCCATACTCACCCT	VPS41_-_38969076.23-P2
GGAGGCCGCACGGTAAGCGG	RPS19_-_42364369.23-P1P2
GGAGGCCGGCCGGGCTACTG	PSMG3_-_1609603.23-P1
GGAGGCGAAGAAGACGCCAG	GARS_+_30634882.23-P1P2
GGAGGCGCATATGGAAAGGG	HAPLN2_-_156589396.23-P1P2
GGAGGCGCCGCGGCACTTAC	RPP40_+_5004190.23-P1P2
GGAGGCGCCGCGGCCAGCGG	TWISTNB_+_19748599.23-P1P2
GGAGGCGCGGAGCGAAGTGA	RACGAP1_+_50419209.23-P1P2
GGAGGCGGAACTCTGAGGTG	CAP1_-_40506478.23-P1P2
GGAGGCGGCCCGGCGGTAGG	MED14_+_40594765.23-P1P2
GGAGGCGGCGCAGGGCCTGA	GRSF1_-_71705573.23-P1P2
GGAGGCTGACTACCCTGCGG	WDR55_-_140044473.23-P1P2
GGAGGCTGAGGCTATGATGG	ATP6AP1_-_153657047.23-P1P2
GGAGGCTGCCATGGACGACG	POLR2E_+_1095301.23-P1
GGAGGCTGCGGCGGCTGACT	MED22_+_136214930.23-P1P2
GGAGGCTTCAGCAGACGCGG	DNMT1_-_10305600.23-P1P2
GGAGGGACACCGGTCAGGGA	non-targeting_01548
GGAGGGACCCGGACAGTCAG	CHAF1B_+_37757724.23-P1P2
GGAGGGAGGTCACGGCGTAA	CHCHD4_+_14166228.23-P1P2
GGAGGGATCCGAAGGGGGGC	CDC7_+_91966603.23-P1P2
GGAGGGCCCGCGGGTAGGCA	INTS4_+_77705685.23-P1P2
GGAGGGCCGCGCAGTCGGAC	TAF12_+_28969568.23-P1P2
GGAGGGCCGGACAACCGCGG	SRSF6_+_42086965.23-P1
GGAGGGCTACGACTGAGGAA	HCFC1_+_153236644.23-P1P2
GGAGGGCTGCAGGACCGGCA	TWF1_+_44199942.23-P1P2
GGAGGGGAGAGCCCGAGCGC	UPF2_+_12084799.23-P1P2
GGAGGGTCGCGGCTCTGATC	DPH6_+_35838318.23-P1P2
GGAGGGTCGGTGTTGAGTAG	RPS3A_-_152021035.23-P1P2
GGAGGGTGCAGTGCCGGCGT	GTF2E2_+_30515555.23-P1P2
GGAGGTCCTGCCTCCAGGTA	FOLR3_-_71846819.23-P2
GGAGGTGGAAGGCGGGAAAA	HAUS8_+_17186228.23-P1P2
GGAGGTGGCCCCGGATGCTG	GUK1_-_228328011.23-P1P2
GGAGGTGGCGAACCAGCGAA	NASP_+_46049787.23-P1P2
GGAGGTGGGGAGGTCAAGAA	NOL12_+_38082661.23-P1P2
GGAGGTGTCTTGGTTGTGGA	IK_+_140038551.23-P2
GGAGTAAGCTGTGGCGGCGT	INO80B_-_74682266.23-P1P2
GGAGTAGACAGCAGAACCAG	RBM42_-_36120005.23-P1P2
GGAGTAGAGCTGCCTCTCAG	TSSK3_-_32828258.23-P1P2
GGAGTAGCAGACAACTGAAG	ILF2_-_153643469.23-P1P2
GGAGTCAACGCCGGGGAATA	non-targeting_03671
GGAGTCCAAACAGCCTTACC	PTCD1_-_99063736.23-P1
GGAGTCGCCCCACTCACCCG	MRPS24_-_43909060.23-P1P2
GGAGTCGGGGGACTTGGTAC	MRPL35_+_86426814.23-P1P2
GGAGTCGTCGAACCGAGACT	SUPT6H_+_26989285.23-P1P2
GGAGTCTACCCAGGCCAGAG	TMA16_+_164416318.23-P1P2
GGAGTGAACGATTCAACCCG	TCERG1_-_145826962.23-P1P2
GGAGTGAGAGGCGGCGCGCA	KPNB1_+_45727288.23-P1P2
GGAGTGCTGAACCACTGCGT	non-targeting_00822
GGAGTGGACGTGCCACTATG	SART1_-_65729256.23-P1P2
GGAGTGTCCGGCCCCAGGTA	PTCD1_+_99063727.23-P1
GGAGTGTGATGGAGACCACG	PRPF31_-_54619200.23-P1P2
GGAGTGTTCTGAGGGAAGCA	BUB3_-_124913938.23-P1P2
GGAGTTCAAGCCGGCCGCCC	GNB1L_-_19842322.23-P1P2
GGAGTTGGCGAGTAGTAGCG	RPL41_-_56510638.23-P1P2
GGAGTTTCTGTGGGCGGACA	MED20_+_41888805.23-P1P2
GGATACCCCCAGCCCCGGGA	PHF12_+_27278322.23-P1P2
GGATACTGGATTCGGTGCTG	TOP3A_+_18218270.23-P1P2
GGATCAAGCGGGTGAGGGAA	SFSWAP_+_132196022.23-P1P2
GGATCACACTGGTAAGGAGG	CBLL1_-_107384632.23-P1P2
GGATCACTGGCCGCAAGTAT	non-targeting_01586
GGATCAGAGCAAGGACAAGG	MRPL50_+_104160660.23-P1P2
GGATCCGACGCCCGAGCCAG	FBLIM1_+_16085294.23-P1P2
GGATCCGTAATATGGCGGGG	CCP110_-_19535293.23-P1P2
GGATCGCGCCACGAAAATAG	non-targeting_02607
GGATCGCGGAGGGAATGCCC	VHL_-_10183539.23-P1P2
GGATCTGCCACACGCGCGGG	NAA35_+_88556248.23-P1P2
GGATGACGGAGTATCGGAGA	OR2A1_+_144015597.23-ENST00000408951.1
GGATGCAGGGCCGCGTGGCA	C6orf15_+_31080311.23-P1P2
GGATGCCGCAGATGTGTTAG	POLR3A_+_79789257.23-P1P2
GGATGCCGCGGCGGGCCTGT	ERCC3_+_128051692.23-P1P2
GGATGGCCCGCTTCTCTTAC	TDGF1_-_46619494.23-P1P2
GGATGGCGGACATTCAGGTG	RPS11_-_49999733.23-P1P2
GGATGGCGGCGCGCAAGGGT	GRWD1_-_48949282.23-P1P2
GGATGGGAGGATGGACGTAC	RARS_-_167913515.23-P1P2
GGATGGTGCCGGGAACCCGT	non-targeting_00481
GGATGTGCCTGTAGAAACCG	WDR46_+_33256781.23-P1P2
GGATGTTTCTGTGCTCGTGG	RPL9_+_39460483.23-P1P2
GGATTAGGCGCACACACGCG	BTF3_+_72794288.23-P1P2
GGATTCAAACTAGTGGCGGG	SKA3_+_21750674.23-P1P2
GGATTCCACGGAAACGGCTT	GON4L_-_155826980.23-P1
GGATTCCCAGGGACTGTCGG	POLR2G_-_62529086.23-P1P2
GGATTCGAGGCGGGGAGCAT	MZF1_+_59084628.23-P1P2
GGATTCGAGGGATGGCACGA	DDX19B_+_70333144.23-P1
GGATTGCAGGATGGCGCCGA	RPS15A_-_18801590.23-P1P2
GGATTGCTGCCTGCAGCTGA	DPH1_+_1936853.23-P2
GGATTTCCGGAGGGGCCCGG	LAMTOR3_-_100815661.23-P1P2
GGCAAAGGTACCACCTACAG	PIK3C3_+_39535224.23-P1P2
GGCAAAGGTCGGACCCTCTA	HIST1H2BL_-_27775105.23-P1P2
GGCAACCAGGAGCTATAGGG	SLC35G6_+_7384868.23-ENST00000412468.2
GGCAACCCGCGAGCTTACAC	COX5A_+_75230394.23-P1P2
GGCAACTACGCCCGCAGGAA	MDN1_-_90529439.23-P1P2
GGCAACTTGCGTCTAAGTGG	RBBP5_-_205091086.23-P1P2
GGCAAGAACCGCTTGTAGTT	CLP1_-_57425273.23-P1P2
GGCAAGACAGAGAGGTGAGG	ALG1L_-_125655452.23-ENST00000340333.3
GGCAAGCGGCCGCCTTTCCA	MCM4_-_48873574.23-P1P2
GGCAAGCTCAGTGTGATCCC	GATA1_+_48644988.23-P1P2
GGCAAGGCTACGGAGGAGGG	CSNK1A1_-_148930629.23-P1P2
GGCAAGGTCAGGCCAAGTGG	MOG_+_29624931.23-P1P2
GGCAATGCCTAAAGGAGGTG	PDAP1_+_99006152.23-P1P2
GGCAATGTGACCCTTCCCAG	RAE1_+_55926696.23-P1P2
GGCACAGCAGCCCGCCGTAA	KDM8_+_27215236.23-P1P2
GGCACAGGGAGCTGCTGCGG	KAT8_-_31129029.23-P1
GGCACCAGCGACCCATCCCG	PRSS50_-_46759320.23-P2
GGCACCCAATGCCTGGTCAG	CDC37_+_10506514.23-P1P2
GGCACCCCCGGCACCCAGTG	EIF2S2_-_32699538.23-P1P2
GGCACCGGAAGACGCTTCCT	INTS9_+_28747443.23-P1P2
GGCACCTTAGCTGTCCACGG	non-targeting_01328
GGCACGAATCGCGACTCCCC	ATP6V0D1_-_67515053.23-P1P2
GGCACGCGACTCAGCAACCT	DNLZ_-_139258138.23-P1P2
GGCACGCGCCGGGAGACCTC	PPARGC1B_+_149110158.23-P1P2
GGCACGGGAGAAGGACATCG	SUPV3L1_+_70940042.23-P1P2
GGCACGGGCCACCGTGGAGT	TUBGCP5_-_22833553.23-P1P2
GGCACGTTGGAGTCATAAGA	NARS_+_55288999.23-P1P2
GGCACTACACATCGCCCCGA	XRCC2_-_152373174.23-P1P2
GGCACTAGGAGCCCTCCGAC	TRMT6_-_5931159.23-P1P2
GGCACTCCTGGTATGCAGGG	RFC1_+_39367769.23-P1P2
GGCACTGACGTGTCTCTCGG	SEC61A1_-_127771295.23-P1
GGCACTGCGCGCCGGCACGA	PSTK_-_124714003.23-P2
GGCACTGTCATTCTCACCTG	HNRNPM_+_8536305.23-P2
GGCAGAACGTGCCAACGGCT	GLE1_+_131267242.23-P1P2
GGCAGACGGAGTGGACGTCT	PPP1R7_+_242089597.23-P1P2
GGCAGAGAGGCGCCCGTGAG	CDK9_-_130548749.23-P1P2
GGCAGAGCAAGACGGGATAG	SRP68_-_74068607.23-P1P2
GGCAGAGCCGACGGAGGACA	COQ4_+_131085154.23-P1P2
GGCAGAGTGCGCAGGCTCGA	NDUFB4_+_120315227.23-P1P2
GGCAGATGCCGCAGGTCCTT	SUPT4H1_-_56429477.23-P1P2
GGCAGATGGTGGTAGATCAG	TCOF1_+_149737342.23-P1P2
GGCAGCAAGTCGAGGAGTCG	NDUFA2_+_140027134.23-P1P2
GGCAGCAGCAGCCAGTATTC	SCFD1_-_31091592.23-P1P2
GGCAGCAGCGAGAATCTACA	DDX11_+_31226729.23-P1P2
GGCAGCAGCGGAGCAACTGA	TBCC_-_42713803.23-P1P2
GGCAGCAGCTTCGCTGTCCA	ZNF24_-_32924370.23-P1P2
GGCAGCCAGGGAAGCCTCCG	COASY_-_40714203.23-P1P2
GGCAGCCCGGTAGCAAGCCG	POLR3F_+_18448087.23-P1P2
GGCAGCCGAGACTCGGAACG	METTL1_+_58165841.23-P1P2
GGCAGCCGCACCGAGTCCTA	PPP2R1A_+_52716201.23-P2
GGCAGCCGCTGGGAGACCGG	RAB4A_-_229406955.23-P1P2
GGCAGCCGGCCCAGACCCGT	YJEFN3_-_19639771.23-P2
GGCAGCCGGCGGTAAGGACG	GINS4_+_41386860.23-P1P2
GGCAGCCGGGCGACAGGCGG	MED9_-_17380394.23-P1P2
GGCAGCCGTGCGACAGGATT	COPS4_-_83956404.23-P1P2
GGCAGCCTGATGCGTTAGAG	non-targeting_02274
GGCAGCGCAACTGTAAGGAC	RMI1_+_86595743.23-P1P2
GGCAGCGCGCCCTCCCCCGA	PYROXD1_-_21590691.23-P1P2
GGCAGCGGCAGCGCGAGACC	SETD1A_+_30969358.23-P1P2
GGCAGCGGCGCTGGAGTGAG	SAP130_+_128785641.23-P1P2
GGCAGCGTAGGGCCACTCCG	CDC27_+_45266436.23-P1P2
GGCAGCGTTGGCGGTCCCTC	TAF5_+_105127794.23-P1P2
GGCAGCTCCCCGCCCAGTGA	TSR1_-_2241289.23-P2
GGCAGCTCCGAAACTCACAC	RPL12_-_130213255.23-P1P2
GGCAGCTCCGCCGCTTTCCA	BUD13_+_116643652.23-P1P2
GGCAGCTGGACCAGGAATTA	UFM1_+_38924080.23-P1P2
GGCAGCTGGCAGGGATTGCG	SDAD1_+_76912051.23-P1P2
GGCAGCTTGGCTAAAAGTAA	MRPL2_+_43027129.23-P1P2
GGCAGGAAGGCTCGGACCGG	LRR1_+_50065858.23-P1P2
GGCAGGAAGTGGCGGTGCGA	PFN1_+_4851832.23-P1P2
GGCAGGAGCGTAGAGAGCGC	NUDC_-_27248296.23-P1P2
GGCAGGAGCGTCGGGTGGGT	FTSJ3_-_61904976.23-P1P2
GGCAGGATTCAGGTCAACTT	USP36_+_76836485.23-P1P2
GGCAGGCCGGTAAGTAACTG	UQCRB_+_97247725.23-P1P2
GGCAGGCGCGGTTAGTACCG	SMC6_+_17935063.23-P1P2
GGCAGGCGGCGTCCCCAAGG	RPL15_+_23959041.23-P1P2
GGCAGGGCAGGGATCTGCGT	MIPEP_+_24463484.23-P1P2
GGCAGGGCCAGGCTGACTGG	MED12_+_70338552.23-P1P2
GGCAGGGCGGCTGGCACAAA	EGLN2_-_41305138.23-P1
GGCAGGGGCCTAGTTTTCCT	GEMIN8_-_14047956.23-P1P2
GGCAGGTGATTCGTCGGCCC	SNUPN_+_75918041.23-P1P2
GGCAGTCGCCTCCAGAACAC	PGS1_+_76374776.23-P1P2
GGCAGTCGGAGGAACAGACG	CSTF3_-_33182802.23-P1P2
GGCAGTCTCTGCATATCATG	TAF12_+_28969521.23-P1P2
GGCAGTGGAACGCACCGCCC	NOS1AP_+_162039585.23-P1P2
GGCAGTTGCCGTGTTCTGGA	PHAX_+_125939292.23-P2
GGCATCCACTCACCATCCTG	RPL5_+_93297664.23-P1P2
GGCATGATGGCTGGACTCAA	TRAIP_-_49893903.23-P1P2
GGCATGCGCTCGCATCATGG	EMC1_+_19577996.23-P1P2
GGCATGTCGGGAGGGCACCG	DHX33_-_5372196.23-P1P2
GGCCAAAGCGGGAATCTGGG	SKP2_-_36152309.23-P1P2
GGCCAACCACACTGGAAAGT	OR2T5_-_248651931.23-ENST00000366473.2
GGCCAAGACTCGCTCTTCTA	HIST1H2BJ_-_27100913.23-P1P2
GGCCAAGATGGCGACGGGAA	BRD8_+_137514287.23-P1P2
GGCCAAGCGGCTCGAAGTGG	SETD2_-_47205192.23-P1P2
GGCCACACGGCGCGACAAGA	LSM7_+_2328561.23-P1P2
GGCCACCCGGCGCGAGTCCG	SRPRB_+_133524699.23-P1P2
GGCCACCCTGAAGCAGGAGA	GRB2_-_73389861.23-P2
GGCCACCGGAAGCCGTACAC	SSRP1_-_57103355.23-P1P2
GGCCACGAAAGGACAGTCCG	HMGCS1_-_43313515.23-P1P2
GGCCACGCCGCGCCGGCTCT	CCT6A_-_56119502.23-P1P2
GGCCACTAGAGAAGGGCGAG	KANSL2_+_49076002.23-P1P2
GGCCACTCCTTACCCGCCTG	MRPL10_-_45908834.23-P1P2
GGCCAGACTGGCCATCATGT	LPA_-_161084950.23-P1P2
GGCCAGAGGCGCCTAGGGTT	GTF2F1_+_6393129.23-P1P2
GGCCAGCAGGACCAAGCATG	ALG1_+_5121857.23-P1P2
GGCCAGCCCCATAGGTCCAG	NAA10_-_153200217.23-P1P2
GGCCAGCCTGCAGATAGCAC	OSGEP_-_20922972.23-P1P2
GGCCAGCGGCGGCTTCTGAT	TWISTNB_+_19748588.23-P1P2
GGCCAGCGGGAACTGTGTAG	PELO_-_52095976.23-P1
GGCCAGGAGAGCCGCAATGG	CLTC_+_57697287.23-P1P2
GGCCAGGCAGGAGTTTCTCT	HIST2H2AA3_+_149814282.23-ENST00000369161.3
GGCCAGGCTGGAGGACTAGA	CCDC144NL_+_20771332.23-P1
GGCCAGGGTCGGCTACTGGG	KAT5_+_65479809.23-P1P2
GGCCAGGTCTAGGTTCCCAG	LAS1L_+_64754550.23-P1P2
GGCCAGTCATTCCAGCTCCG	SMG1_-_18937299.23-P1P2
GGCCATAGCTGCTCCAGCGG	CCT6A_+_56119524.23-P1P2
GGCCATGGCAGCTGTAGTAT	SLC39A9_-_69865448.23-P1P2
GGCCATGGCTGACCAACGCG	NDUFAF3_+_49059560.23-P1P2
GGCCATGGTTTCAGACGGTG	GTF2H3_-_124118424.23-P1P2
GGCCATTGTCAGCCCTGTGA	SPCS3_-_177242413.23-P2
GGCCCAAGCAGAGCCAGCTA	PLA2G10_-_14788222.23-ENST00000438167.3
GGCCCACAGCTGCCTGGGTA	MRPL51_+_6602410.23-P1P2
GGCCCACGCCCACCCGAGGA	POTEI_-_131267022.23-ENST00000451531.2
GGCCCAGCCAGCGCCCGCGA	ARPC4_-_9834808.23-P1P2
GGCCCAGGAGCGAGCCCGTG	PRODH_+_18905892.23-P2
GGCCCAGTCCTGGGCGGCAG	ETF1_-_137878812.23-P1P2
GGCCCATCCGCCCCAATGGA	ZNF687_+_151255019.23-P1P2
GGCCCCACAGCCCGGGAAGG	NFKBIE_+_44233200.23-P1P2
GGCCCCACGTGAGGCTTGGT	ESF1_+_13765535.23-P1
GGCCCCAGCCGACTTGAGGG	DYNLRB1_-_33104419.23-P1
GGCCCCAGTGCTGTAGAAGT	TRAPPC4_-_118889743.23-P1P2
GGCCCCCACCAGAGCTCCCA	KRT10_-_38978663.23-P1
GGCCCCCATCGAATCCCTGA	non-targeting_02740
GGCCCCCCACACACCCGCTG	GTF3C2_-_27579592.23-P1P2
GGCCCCCGCGCTTGGAAGAT	DHX33_-_5371956.23-P1P2
GGCCCCGGCGGCAGCCATGC	PDCD2_-_170893673.23-P1P2
GGCCCCGGGTGTCCCGAGAG	WDTC1_-_27561600.23-P1P2
GGCCCCGGTGAGGACCAAGA	PSMB3_-_36909230.23-P1P2
GGCCCCTACCTGAGTGAGAA	GTF2E2_-_30515502.23-P1P2
GGCCCCTCCATGCCGCCCCA	PSMG4_+_3259244.23-P1P2
GGCCCCTCTGCCATCACATA	KCNA10_+_111061723.23-ENST00000369771.2
GGCCCCTGGCAGCCACGACA	USF2_-_35760358.23-P1P2
GGCCCGACCCAAAAGTAAGG	KARS_-_75681569.23-P1P2
GGCCCGACGGAGCCGTGTGG	ATR_-_142297649.23-P1P2
GGCCCGAGACAAAGCCATCG	HNRNPK_-_86594674.23-P1P2
GGCCCGCAAAACACCACGAG	KTI12_-_52499429.23-P1P2
GGCCCGCACGCCCTAGGGTA	RPL12_+_130213322.23-P1P2
GGCCCGCCGCGTGAGAGGAC	SF1_+_64545972.23-P1P2
GGCCCGCCTAAACTCTTCCT	POT1_+_124569865.23-P1P2
GGCCCGCGAGTCACACCGCA	EIF3CL_-_28415135.23-ENST00000380876.4-ENST00000398943.3-ENST00000398944.3
GGCCCGCGTGGTGACGCCAG	ARL2_+_64781852.23-P1P2;SNX15_+_64781852.23-P1
GGCCCGCTCTCACTTTTCAG	NSMCE2_-_126104115.23-P1P2
GGCCCGCTTCCAGGTCTCAC	PSMB2_-_36107100.23-P1P2
GGCCCGGAAGACGATTCACG	RPL30_+_99057534.23-P1P2
GGCCCGGACGACTGCAACAG	SMC5_+_72874111.23-P1P2
GGCCCGGACGCCATTTCCAG	DHX36_+_154042240.23-P1P2
GGCCCGGCAGTCTTTCACGG	CTPS1_+_41445384.23-P1P2
GGCCCGGGAGCCGCCTGAGG	HIRA_+_19419231.23-P2
GGCCCGGGGTGATATTTAGG	UBA1_-_47050478.23-P2
GGCCCGGTCGCTGTCGGAAG	BOP1_+_145515084.23-P1
GGCCCGTCCGTGCTGTTCTG	SRSF2_+_74733361.23-P1P2
GGCCCGTGCAAGTCCGGGGA	ZRSR2_+_15808801.23-P1P2
GGCCCTCCCCTGGCCACGCG	UBTF_-_42295898.23-P1P2
GGCCCTGAGGACTCAGCGAA	RBM17_-_6131049.23-P1P2
GGCCCTGCGCCGGAGATGGA	CENPJ_+_25496834.23-P1P2
GGCCCTGCGGCTGACAGCAG	NCAPH_-_97001726.23-P1P2
GGCCCTGCGGTGTGACTCGC	EIF3CL_+_28415115.23-ENST00000380876.4-ENST00000398943.3-ENST00000398944.3
GGCCCTGGAACGGAGCTTCG	NUP160_+_47869833.23-P1P2
GGCCCTGGCGTCGCGTAGGA	RNASEH2C_+_65488232.23-P1P2
GGCCCTGGGACCGAGAAGAG	TMSB10_-_85132984.23-P1P2
GGCCCTTCCGTTGGCAGCGC	ANAPC11_+_79849685.23-P1P2
GGCCGAACGAGGACCCCGAG	SMAGP_-_51664162.23-P1P2
GGCCGAGCTGGAGGGCGCCG	NELFB_-_140149841.23-P1P2
GGCCGAGGCAGCGCAGCCTA	HCRTR1_-_32083351.23-P1P2
GGCCGAGGCCCCGGGTTGAG	MAD2L2_+_11741173.23-P1P2
GGCCGAGGCGACCGAAGTAA	WDR74_+_62609282.23-P2
GGCCGAGGCTGCGATTCCAG	AHCY_-_32890950.23-P1P2
GGCCGAGGGTAGCTTGAGCG	EIF5_-_103800558.23-P1
GGCCGAGGTCACCGCAGCAT	non-targeting_01500
GGCCGCAAACACTTACTCTA	ZWINT_-_58120962.23-P1P2
GGCCGCACAAGGAGTGGAGT	PSME1_+_24605428.23-P1P2
GGCCGCACCTCCAGGTCCCG	LSM5_-_32534855.23-P2
GGCCGCACGCCCGACAGCGG	ATP2A2_+_110719114.23-P1P2
GGCCGCAGCTGCCATCTTAG	ARGLU1_+_107220466.23-P1P2
GGCCGCCACGCAGAGGTCTA	OGFOD1_-_56485723.23-P1P2
GGCCGCCAGCGGCTTCTCCG	MVD_-_88729483.23-P1P2
GGCCGCCAGTTGTCACCACA	ANAPC5_-_121790201.23-P1P2
GGCCGCCCGCGCTCATGGGG	PUF60_-_144911439.23-P1P2
GGCCGCCCGGGAAGTCAACA	MED30_-_118533205.23-P1P2
GGCCGCCCGGGGACTCTCAG	NUTF2_+_67880960.23-P1P2
GGCCGCCGGCGGGTACCTGG	TRMT112_-_64084926.23-P1P2
GGCCGCCGGTAGTCCATGAC	RIOK1_+_7390229.23-P1P2
GGCCGCCTCAACCCGTCTTA	ZRANB2_-_71546527.23-P1P2
GGCCGCGAGAAGGCCGGGGA	ZBTB17_-_16302540.23-P1P2
GGCCGCGCGAAGGCAACCGT	TACC3_-_1723216.23-P1
GGCCGCGCGAAGGCTTCTGG	CEP97_+_101443780.23-P1P2
GGCCGCGCGACGATGGAACG	C9orf16_+_130922642.23-P1P2
GGCCGCGCTGGGAGCTTGGG	RPS15A_+_18801235.23-P1P2
GGCCGCGCTGGTGAACAGGT	RPL8_+_146017745.23-P1P2
GGCCGCGCTTGGGTGTCCCT	UXT_+_47518485.23-P1P2
GGCCGCGGACACCATGCAGT	MAK16_-_33342733.23-P1P2
GGCCGCGGAGCCCTGCGAGT	EIF3B_-_2394542.23-P1P2
GGCCGCGGATCCGTCTACTG	COPB1_-_14521337.23-P1P2
GGCCGCGGCCCGGTACCAAC	XPO5_+_43543679.23-P1P2
GGCCGCGGCTCACTTACCTC	INTS1_-_1543963.23-P1P2
GGCCGCGGCTCGTGAGGTGA	PI4KA_+_21213009.23-P1P2
GGCCGCGGCTGCGCCATCCG	HUS1_+_48019118.23-P1P2
GGCCGCGGGGAGCCACCGAC	MAD2L2_-_11741158.23-P1P2
GGCCGCGTAAGAGGGGAAGG	FAM136A_-_70528767.23-P1P2
GGCCGCTCGCAGCCTAGAGC	UPF1_+_18942771.23-P1P2
GGCCGCTGCTCTCCGGCTGA	CLSPN_+_36235519.23-P1P2
GGCCGGACCGGGAAGACAGC	LSM2_-_31774578.23-P1P2
GGCCGGAGCGTGTCCCCGTC	RPAP2_-_92764613.23-P1P2
GGCCGGAGCTGCTACTATCA	SUGT1_+_53227010.23-P1P2
GGCCGGAGCTTAGGTCGGGA	ATP6V1C1_-_104033365.23-P1P2
GGCCGGAGGCGCCTGTCGTT	NAA25_-_112546549.23-P1P2
GGCCGGAGTGGGGACTCACC	WDHD1_-_55493748.23-P1P2
GGCCGGATCTCGCTTCTCAG	GTF3C4_+_135545609.23-P1P2
GGCCGGCAGGCGGAGTGAGG	GUCD1_-_24951865.23-P1P2
GGCCGGCCCAGACCCGTCGG	YJEFN3_-_19639774.23-P2
GGCCGGCCCCGCAGGGTCTT	DCTN1_+_74618971.23-P1P2
GGCCGGCCGAAAGCTAGGTC	NOP2_+_6677426.23-P1P2
GGCCGGCCTGACGTCCAAGG	COPS4_-_83956572.23-P1P2
GGCCGGCCTGCACGGGTACA	DDX56_-_44613091.23-P1P2
GGCCGGCGCCCATATGGAAT	FAM136A_-_70529195.23-P1P2
GGCCGGCGCCGCCCGCAGGG	COX11_+_53045613.23-P1P2
GGCCGGCGCCGGATGGAAGG	C9orf16_+_130922603.23-P1P2
GGCCGGCGCGAGACTCACCA	HNRNPR_-_23670707.23-P1P2
GGCCGGCGGAACCCAAGGCG	TTC4_-_55181476.23-P1P2
GGCCGGCGTCCCCAACATGG	BNIP1_-_172571554.23-P1P2
GGCCGGCGTTGCCGGGGTAA	TSEN2_-_12525993.23-P1P2
GGCCGGCTCCGTTGAGGGAA	UNC50_-_99225100.23-P1P2
GGCCGGCTCTTACCGTCTGT	LIN52_+_74551686.23-P1P2
GGCCGGCTTGGTCACTATGG	PSMC4_-_40477115.23-P1P2
GGCCGGGAAGCTTCGTCCAG	LSG1_+_194392901.23-P1P2
GGCCGGGACCCGACTGAACG	CFL1_-_65625654.23-P1P2
GGCCGGGACGAGGGAGACCG	COG6_+_40230096.23-P1P2
GGCCGGGCCCGAGCAGAGTG	YY1_-_100705185.23-P1P2
GGCCGGGGACAGGTGTCCAG	CRNKL1_+_20033001.23-P1P2
GGCCGGGGACCGGCTCCCGG	LURAP1_+_46669040.23-P1P2
GGCCGGGGACGGTGTGAGAG	PSMD11_-_30771536.23-P1P2
GGCCGGGGCCGGAGTATCTG	ZFC3H1_-_72057382.23-P1P2
GGCCGGGGCGGAGGGTACGA	MED19_+_57479647.23-P1P2
GGCCGGTGTCTAACAGGATC	TTI2_-_33370638.23-P1P2
GGCCGTAAACCTGAATTCCG	ANKRD49_-_94226994.23-P1P2
GGCCGTACGCCCGAGAACTG	SMC1A_-_53449606.23-P1P2
GGCCGTAGAGGGTGAGTCGG	EXOC3_-_443416.23-P1P2
GGCCGTCACCCGGCAGACTC	SGPP1_+_64194764.23-P1P2
GGCCGTGAGAACACGCTGTG	ABCE1_-_146019502.23-P1P2
GGCCGTGAGACAGCAAGTGT	PSMB1_+_170862351.23-P1P2
GGCCGTGCCGGGCGCCATCA	NELFCD_-_57556367.23-P1P2
GGCCGTGGGGCGGCATGGAG	PSMG4_-_3259264.23-P1P2
GGCCGTGTTAGTCTGCCGGT	ANAPC4_-_25378954.23-P1P2
GGCCGTTAGAGGGACCTTGT	non-targeting_00605
GGCCGTTAGGAACATCCAAG	DMAP1_-_44679254.23-P1P2
GGCCTACATGATGGCCAGTC	LPA_+_161084930.23-P1P2
GGCCTAGGGAGAGGCTACAC	MED11_-_4635030.23-P1P2
GGCCTCACCAGCGCCATGCT	COQ2_+_84205909.23-P1P2
GGCCTCACCTGGCTGCCGGT	MRPL4_+_10362971.23-P1P2
GGCCTCACGTAAAGAAGGGT	VPS25_+_40925531.23-P1P2
GGCCTCCCGAGAGGCTCCAG	TIMM10_-_57298218.23-P1P2
GGCCTCCCGGACGCTACCAG	BNIP1_+_172572005.23-P1P2
GGCCTCCGCGCTCTCCGGTC	POP5_-_121019190.23-P1P2
GGCCTCCGGAGCCATGGCGG	METTL17_-_21458170.23-P1P2
GGCCTCCTCAAGCTACAGGG	NR2C2AP_-_19313951.23-P1P2
GGCCTCGCTCGCTCCCGACC	COA5_+_99224923.23-P1P2
GGCCTCGGCCGCCGCAATGC	MED8_+_43855428.23-P1P2
GGCCTCTCAGGTACAACAGA	MZF1_-_59084690.23-P1P2
GGCCTCTCTCAGTCCGGGTT	KCTD10_+_109915092.23-P1P2
GGCCTCTGAGGAGGCGAATC	SNRPB_+_2451365.23-P1P2
GGCCTCTGCCCCCTCACGCA	GNPNAT1_-_53258340.23-P1P2
GGCCTGAAGCCCTAAGCCTA	non-targeting_02159
GGCCTGACTCGCAGTAGACG	UFL1_+_96969723.23-P1P2
GGCCTGCCGCAGGGAGAAGA	PNN_-_39644486.23-P1P2
GGCCTGCTCATCTCCCCGTA	ZRSR2_+_15808666.23-P1P2
GGCCTGCTCCCGGAGAGATA	SMU1_+_33076608.23-P1P2
GGCCTGGAGGACTAGCGAGG	SON_-_34915373.23-P1
GGCCTGGGCGGGCTCAGTGG	SLC16A5_-_73084264.23-P1P2
GGCCTGGGCTCCAACAAGAG	LRRC37B_-_30334632.23-P1P2
GGCCTGTGTGGCCTTCCCGG	GLE1_-_131267022.23-P1P2
GGCCTTGACCCTCCGCACCA	COPS5_-_67974325.23-P1P2
GGCCTTGGGCAGAGTAACCC	RPL35_-_127624006.23-P1P2
GGCCTTGTGGTGACAACTGG	ANAPC5_+_121790181.23-P1P2
GGCCTTTCGGAACATCCCCG	PAXBP1_-_34143986.23-P1P2
GGCCTTTGCTGACTCGTCGG	SARS2_+_39421325.23-P1P2
GGCGAAAAAGAAGCAGTCCT	DNAJC9_+_75007004.23-P1P2
GGCGAAGCCTGTTAAAGCTT	RPS17_-_82824897.23-ENST00000330339.7
GGCGAAGGCGAAGAAGGTCG	NOP14_+_2965021.23-P1P2
GGCGAATTCTTTCGGCCTGT	ZNF317_-_9251162.23-P1P2
GGCGACACTCACCCATCGCT	RPS8_+_45241261.23-P1P2
GGCGACCAGCCGGTGAGTGC	CLASRP_-_45542376.23-P1P2
GGCGACCTCAGCCTCCGTCG	PRSS50_-_46854008.23-P1
GGCGACGACCAAGGCTAGGA	PRPF6_+_62612569.23-P1P2
GGCGACGACGAGAAGGGAGT	RBM10_+_47004643.23-P1P2
GGCGACGCGGGGCCATGTGC	NAA25_+_112546552.23-P1P2
GGCGACGGTGAGGTCGACGC	HSPA5_+_128003614.23-P1P2
GGCGACTGCGGCCGAAACCT	SART3_+_108954905.23-P1P2
GGCGAGAAGAACCAGAAGGT	NUP43_-_150067430.23-P1P2
GGCGAGAAGGCAGGCACGAG	DBF4_-_87505724.23-P1P2
GGCGAGCAGAGAGCGTCGGG	FNBP4_-_47788874.23-P1P2
GGCGAGCGGGGCCGCTTCCA	GFER_-_2034253.23-P1P2
GGCGAGGAGGATCGACAGAG	GTF2H4_-_30876180.23-P1P2
GGCGAGGAGTTGCAGAGTGG	DDX10_-_108536148.23-P1P2
GGCGAGGCGACAAGAGAAGA	CDC73_-_193091272.23-P1P2
GGCGAGGCGGCCGAGCTGGT	UBA52_-_18682701.23-P1
GGCGAGGCTAGGTGAGCCGT	TPX2_-_30327161.23-P1P2
GGCGAGTAGAGAGGCCATGG	SURF6_-_136202973.23-P1P2
GGCGAGTCGCCGGTGCGTAT	RPL35A_-_197677180.23-P1P2
GGCGAGTGAGCAGTGTGGAT	DHODH_-_72042714.23-P1
GGCGATACTCGGGAACTCCT	TIPIN_-_66649057.23-P1P2
GGCGATGGCAGTGCGGGTGA	E4F1_-_2273644.23-P1P2
GGCGATGGCCTGGATCTCGG	TOMM40_-_45394995.23-P1P2
GGCGATGTGTGGCGACTGTG	FNTB_-_65381231.23-P1P2
GGCGCAACGAGGGCGAACAA	RBMX_-_135962895.23-P1P2
GGCGCAAGCCGGCAAGATGG	ISCU_-_108956404.23-P1P2
GGCGCAAGGCCTGCGACAGG	AURKB_-_8113837.23-P1P2
GGCGCAAGGCGTGGAGTCGA	CIAPIN1_+_57481287.23-P1P2
GGCGCACCCGGGGAGCAAGG	PSMD1_-_231921650.23-P1P2
GGCGCACGCGCATCTGGGAT	FAM133B_-_92219443.23-P1P2
GGCGCAGAACTGGCAACGGG	METTL23_+_74722937.23-P1P2
GGCGCAGACGTCCCCATCAG	CCDC78_-_776828.23-P1P2
GGCGCAGAGCGTTCTCGGCG	HS6ST1_+_129076424.23-P1P2
GGCGCAGCCAGGAGCCCAAC	CLP1_+_57425308.23-P1P2
GGCGCAGCGCCTAGGCGACC	CENPK_+_64858943.23-P1P2
GGCGCAGCGTTAGATGGCGG	DCAF6_+_167906008.23-P1P2
GGCGCAGGCGCAGCTCAGTC	EXOSC2_+_133569139.23-P1P2
GGCGCAGGTCCCAGCACCGG	RPS19BP1_-_39928369.23-P1P2
GGCGCCAGGCGCCCCTAAGA	ARGLU1_-_107220477.23-P1P2
GGCGCCCAGCGGAGCTAATC	DHDDS_-_26758867.23-P1P2
GGCGCCCGAAGGTCCGACTG	C7orf26_+_6629704.23-P1P2
GGCGCCCGCGGTTCAGGTGA	NFRKB_+_129765383.23-P1P2
GGCGCCCGGGAGCCACGCGT	RPL21_+_27825728.23-P1P2
GGCGCCCGTCCGACTGAGGC	RAN_+_131356632.23-P1P2
GGCGCCCTTGTCAGTGGAGG	URM1_-_131133686.23-P1P2
GGCGCCGATCCCGACTGTAG	POLR3B_-_106751729.23-P1P2
GGCGCCGCCATGCCTACCCG	INTS4_-_77705700.23-P1P2
GGCGCCGCCCTGGTACAGAC	RPS5_+_58898640.23-P1P2
GGCGCCGCGCGACCAGGAGG	LIN54_+_83933961.23-P1
GGCGCCGGCCCCATCACTCA	NOL6_-_33473848.23-P1P2
GGCGCCTCTTACCAATCGGG	ARID3A_-_926025.23-P1P2
GGCGCCTGCCTCTTTCTGAG	SNAPC2_-_7985249.23-P1P2
GGCGCGCAACAGCCATGGTG	RPS20_+_56986933.23-P1P2
GGCGCGCACGCAAAGCCCGG	TADA2A_-_35766991.23-P1P2
GGCGCGCCAGGGGTTCAGTG	TBP_-_170863462.23-P1P2
GGCGCGCCGGCGGCCATCAA	TACC3_-_1723252.23-P1
GGCGCGCCGGCGGCTCACGG	AFG3L2_-_12377212.23-P1P2
GGCGCGCGGCCGTAAGACCG	KANSL3_+_97304019.23-P1P2
GGCGCGCGGTTACCGTGGAA	MCM4_+_48873564.23-P1P2
GGCGCGGACCGGGAGCTACC	TSFM_-_58176641.23-P1P2
GGCGCGGACTCAGCTCGACA	WDR5_+_137001236.23-P1P2
GGCGCGGAGAGTTTCCCGGG	WNK1_-_861784.23-P1P2
GGCGCGGCCTGACGGGACCA	DKC1_-_153991174.23-P1P2
GGCGCGGCGCGGTAACAAGT	WDR1_+_10118295.23-P1P2
GGCGCGGCGGCTGTACAACT	C9orf78_+_132597511.23-P1P2
GGCGCGGCTGCCTCACATGG	EIF2S2_-_32699803.23-P1P2
GGCGCGGGAGCCGGACTGAG	PGAM1_-_99185976.23-P1P2
GGCGCGGGCAGGACTCGTCC	NCAPG_-_17812684.23-P1P2
GGCGCGGGCTCGGGCAGCTG	GAB2_-_78128828.23-P1P2
GGCGCGGTCGTAGCTCATGC	PSMA7_-_60718363.23-P1P2
GGCGCGGTTGGCGCGAAAGT	TOPBP1_+_133380779.23-P1P2
GGCGCGTCAGTACAGACCGT	FAU_-_64889639.23-P1P2
GGCGCGTGCGAGCCCCGAGG	JAZF1_+_28219944.23-P1P2
GGCGCGTGCGCCCTCTTACT	IARS2_-_220267478.23-P1P2
GGCGCTAGCGGCGGCTGGAA	DPH6_-_35838270.23-P1P2
GGCGCTAGCTGCCCGTCCCG	PXN_-_120703482.23-P1P2
GGCGCTCACGCAAGCATGGT	RPL36A_-_100646038.23-P1P2
GGCGCTCCGGGATCCATACC	RARS2_-_88299642.23-P1P2
GGCGCTCGGAGCGGTAGATT	CSTF1_-_54967707.23-P1P2
GGCGCTCGGGACGTACAGGA	PPP1R8_+_28157750.23-P1P2
GGCGCTGACGTACGTAGCAT	non-targeting_03624
GGCGCTGACTCCGAGCTCCG	non-targeting_00860
GGCGCTGAGAGGCGAAGAGC	GTF2F2_+_45694677.23-P1P2
GGCGCTGCAGCGAGAGACCG	DPH2_-_44435901.23-P1P2
GGCGCTGCCGGGAGGATTGA	TTC4_-_55181504.23-P1P2
GGCGCTGGCCGCAGTCTGAC	PPP2R1A_-_52693331.23-P1
GGCGCTGGTGGTCGATCGTG	CHERP_+_16653219.23-P1P2
GGCGCTTACCTGAGGGATCC	ADAT3_+_1905424.23-P1
GGCGCTTCAAGGAGTTCCTG	MCM5_-_35796550.23-P1P2
GGCGGAACAGCCCAAATCTG	NKAP_-_119077682.23-P1P2
GGCGGAACCCGCGGGAGGTG	XRCC3_+_104181754.23-P1P2
GGCGGAACCGAGAGGCCAGG	NCBP1_+_100396123.23-P1P2
GGCGGAACCGAGTGCCTGTC	CWC15_+_94706513.23-P1P2
GGCGGAAGAAGGAGACCGGA	CUL2_+_35379513.23-P1P2
GGCGGAAGCCCTTTACACTA	PRPF38A_-_52870281.23-P1P2
GGCGGAAGGCCAGGAAGAAA	GPN1_-_27852111.23-P1P2
GGCGGACCGAGGCGAGATGG	FNTA_-_42911495.23-P1P2
GGCGGACGACTAGAGTCGTT	NUDC_-_27248261.23-P1P2
GGCGGACGAGCGGAGTCCAG	GTF3C6_-_111280005.23-P1P2
GGCGGACTTCTGCCAAGCAC	CENPA_-_27008942.23-P2
GGCGGAGCCATATTCGTTAT	non-targeting_02046
GGCGGAGCCCGGTGACAGGA	VPS29_+_110939852.23-P1P2
GGCGGAGCTGGAGTCCGGCT	RAB4A_-_229406931.23-P1P2
GGCGGAGGATGTTTCCTCAG	TERF1_-_73921145.23-P1P2
GGCGGAGGGAATGCCCCGGA	VHL_-_10183543.23-P1P2
GGCGGAGGTGAAAGTATTGG	DLD_-_107531673.23-P1P2
GGCGGAGTTAACCGAAGAGG	CNOT1_+_58663696.23-P1P2
GGCGGATCCGAGGACAGAGG	WDR26_+_224622428.23-P1P2
GGCGGATGCGGCGGGCCAAC	HIST2H3D_-_149784861.23-ENST00000331491.1
GGCGGCACCTAACCCAGTTC	UQCRH_+_46769378.23-P1P2
GGCGGCACTCAGACTTAACG	KIAA0391_+_35591777.23-P1P2
GGCGGCAGAGATCGGCTATG	PRODH_+_18905874.23-P2
GGCGGCAGCGCGGTCAGTGG	SNRNP40_+_31769621.23-P1P2
GGCGGCAGGAGCGGCTGCGT	SYS1_+_43991799.23-P1P2
GGCGGCAGGTGAGAGTGGTG	CIAPIN1_+_57481238.23-P1P2
GGCGGCAGTGGCGGTCCCAC	RTF1_-_41709376.23-P1P2
GGCGGCCACGTTCTTCGGAG	PSMG1_+_40555286.23-P1P2
GGCGGCCCCTCCTCCCAGAG	COPS3_+_17184553.23-P1P2
GGCGGCCCGGCCCTCCAACT	NELFB_+_140150090.23-P1P2
GGCGGCCCGGCGGTAGGCGG	MED14_+_40594762.23-P1P2
GGCGGCCCTCGCAGGGAGTG	RHOQ_-_46769671.23-P1P2
GGCGGCCCTGGCAAGAACGA	PSMG2_+_12703052.23-P1P2
GGCGGCCGAAAGAGGAAACA	RPL8_-_146017783.23-P1P2
GGCGGCCGAGGATGTCGCCA	MRPS2_+_138392554.23-P1P2
GGCGGCCGCGAGCCGAGCTG	RAC3_+_79989590.23-P1P2
GGCGGCCGCGGCGGTGAACG	PSMD8_-_38865454.23-P1P2
GGCGGCCGGCGTCACCGCTG	PARN_+_14724082.23-P1P2
GGCGGCCGGGCAGCATGGCG	EXOSC4_-_145133639.23-P1P2
GGCGGCGACATGGTGAGTGT	RPL37A_-_217363610.23-P1P2
GGCGGCGAGGGACTAGGACG	LIMS1_-_109150960.23-P1P2
GGCGGCGCGCGCCCGCTTAC	TRNT1_+_3168671.23-P1P2
GGCGGCGCGCGGACCCCGAG	PTMA_+_232573482.23-P1P2
GGCGGCGCTCACCCCCAACA	LTV1_+_144164581.23-P1P2
GGCGGCGCTTGACCTGCGAG	CCDC115_+_131099673.23-P1P2
GGCGGCGGCCGCAAATCCCG	SSU72_-_1509959.23-P1P2
GGCGGCGGCGACGGTGACCC	YARS_+_33282894.23-P1P2
GGCGGCGGCGCAAGCTGAGG	THOC7_-_63849512.23-P1P2
GGCGGCGGCGGCTCTGACGT	ETF1_-_137878861.23-P1P2
GGCGGCGTCCGTGGTCTGTC	UQCRC1_+_48647028.23-P1
GGCGGCTCAGTGCGTGAGGT	GRPEL1_+_7069734.23-P1P2
GGCGGCTCGTGAGGTGATGG	PI4KA_+_21213006.23-P1P2
GGCGGCTGCAGAAGACAGCG	RSL1D1_-_11945349.23-P1
GGCGGCTGCAGAGCGATCAT	YY1_+_100705824.23-P1P2
GGCGGCTGCGAGGCAAGGAC	LYRM4_+_5260749.23-P1P2
GGCGGCTGCTGTTGGTGAGT	RPL30_+_99057726.23-P1P2
GGCGGCTGGCGGGAAACCCA	RPA3_-_7680087.23-P1P2
GGCGGCTGTAACTGTGAGGA	DOLK_+_131709816.23-P1P2
GGCGGCTTCTCAGGCGGTGG	POLR1C_-_43484871.23-P1
GGCGGGAACGTGAAGCTCCG	HSPA14_-_14880317.23-P1P2
GGCGGGAAGTCTCTGTAGGG	DONSON_+_34960973.23-P1P2
GGCGGGACATACTAACCGGC	GTF2B_-_89357171.23-P1P2
GGCGGGACCCGAGGACGGAG	EIF6_+_33872401.23-P1P2
GGCGGGACGCACGGCACGAT	GEMIN4_-_655466.23-P1P2
GGCGGGACTTCAGGCGGCGG	DNAJC8_+_28559468.23-P1P2
GGCGGGAGCCTTAATCGGGT	DHX8_-_41561447.23-P1P2
GGCGGGCAAGAGGGGAGTCC	RTF1_-_41709401.23-P1P2
GGCGGGCAGATGAGGCCTAG	RGP1_-_35749376.23-P1P2
GGCGGGCAGCGGAGGAGGTA	DDX6_+_118661800.23-P1P2
GGCGGGCAGGCGGCTGACAT	NDUFAB1_-_23607588.23-P1P2
GGCGGGCAGTAGCCGCTGAG	NUDT21_+_56485197.23-P1P2
GGCGGGCCAGGAACACAGAA	TOMM20_-_235292152.23-P1P2
GGCGGGCCCAAGCCTGAAAA	LURAP1_+_46669076.23-P1P2
GGCGGGCGATTTGTAGGTAA	MIS18A_+_33651321.23-P1P2
GGCGGGCGCCACACTTGAAG	HAUS5_-_36103661.23-P1P2
GGCGGGCGCGGAGCGAATCC	DDX42_+_61851679.23-P1P2
GGCGGGCGCTGTGCGCACAG	NUP153_+_17707041.23-P1P2
GGCGGGCGGAGAGGACGCGA	RPLP2_+_810206.23-P1P2
GGCGGGCTACCTCAGTTCTC	SMC1A_+_53449593.23-P1P2
GGCGGGCTTCGGAGGCGTGC	SNAPC1_-_62229166.23-P1P2
GGCGGGGACGGAGAGGATGT	DPPA2_-_109035169.23-P1P2
GGCGGGGATCTGAGAAGCGA	GNL3L_+_54556706.23-P1P2
GGCGGGTGAACTAAGAGCGG	TM7SF2_-_64879615.23-P1P2
GGCGGGTGTGAGAGTCCGTA	VMP1_-_57785061.23-P1P2
GGCGGGTGTTGAGAGCGGTG	SMC2_-_106856631.23-P1P2
GGCGGTAGCGATGGACACTC	RPF2_-_111303321.23-P1P2
GGCGGTAGCGTGAAACTTGG	RBM19_+_114404081.23-P1P2
GGCGGTCGCGACATCCTCAC	RFFL_-_33416281.23-P1P2
GGCGGTGAGTGGGGAGCTCG	PFDN4_-_52824681.23-P1P2
GGCGGTGCGCGCAACTTCTC	RPA1_-_1733303.23-P1P2
GGCGGTGGGTGTCTGCACTT	RPS27A_-_55459862.23-P1P2
GGCGTAGTGACCATCATGTG	SNRPD2_+_46195138.23-P1P2
GGCGTATCATCTGCGTTTCT	METTL16_+_2415138.23-P1P2
GGCGTCAACCCTAAATCCCG	non-targeting_02815
GGCGTCCCAGGCGGTTGCAA	CXXC1_-_47814050.23-P1P2
GGCGTCCCTGGCGCCTTCCA	RPSA_-_39448290.23-P1P2
GGCGTCCGGAAGAAGCCAGT	DYNC1I2_+_172544609.23-P1P2
GGCGTCGCCGCCATGGACCT	GEMIN4_+_655371.23-P1P2
GGCGTCGGAGGCGGTAGTGA	SHFM1_+_96339150.23-P1P2
GGCGTCGGCAGCAGTGTCGA	U2AF1_+_44527626.23-P1P2
GGCGTCGGCGGAGGCGATGG	NOL7_-_13615647.23-P1P2
GGCGTCGGGCCGCACGATGA	PSMD3_+_38137095.23-P1P2
GGCGTGAGCAGGGTATGACA	HIST1H2BJ_-_27100591.23-P1P2
GGCGTGAGCTCTCGGAGTAG	STARD7_-_96874031.23-P1P2
GGCGTGAGGCTACGAGCGGT	GEMIN5_+_154317730.23-P1P2
GGCGTGCCCATGTGTCAGGT	CTU2_-_88772951.23-P1P2
GGCGTGCGCGAGGACCCCGA	LRR1_-_50065670.23-P1P2
GGCGTGCTGCCCTGGCTCAG	CCT8_+_30445740.23-P1P2
GGCGTGGAGAGTTCCGAAGG	CEBPZ_+_37458499.23-P1P2
GGCGTGGGGACTGTGTCGAG	KIF14_+_200589810.23-P1P2
GGCGTGGTGCAGACCCACAA	RNF123_-_49727542.23-P1P2
GGCGTGTGTCGGGCGAGCCT	non-targeting_00774
GGCGTTCACATACCCGGGGA	OTX1_-_63277951.23-P1P2
GGCGTTGGAGGTCGGCGATA	PHAX_-_125936678.23-P1
GGCTAACCCTCGGGCTTGAG	OLFML3_-_114522086.23-P1P2
GGCTAAGGCAGCTGCAGTAC	NPM3_-_103543139.23-P1P2
GGCTACACGTAGGGCCACCT	SNAPC3_+_15422891.23-P1P2
GGCTACCACCTCTGCTTCAG	POLE_-_133263932.23-P1P2
GGCTACGATGGCAGCGTCAG	AARS2_+_44281044.23-P1P2
GGCTACGTCCTCGATGTCTA	ORC3_-_88299910.23-P1P2
GGCTACTGCCCGCCATTAAC	NUDT21_-_56485228.23-P1P2
GGCTACTTCGATGGCAGTGG	USP5_-_6965971.23-P2
GGCTAGCACGCCAGCCTCTT	SLC1A5_+_47288025.23-P2
GGCTAGCCAGCCACACCATA	SSBP1_+_141438412.23-P1P2
GGCTAGCCCACCGCAGACTG	DYNC1H1_+_102430905.23-P1P2
GGCTAGCCCAGCCGCCTCCT	PRKRIP1_-_102036882.23-P1
GGCTAGGAAGAGGCCGCGTG	MRPL14_+_44095138.23-P1P2
GGCTAGGCTGACCCTCCTGC	RNF40_-_30773681.23-P1P2
GGCTAGGTACTGAGCGCGCG	MRPS21_-_150266318.23-P1P2
GGCTAGTCACGCTCGGTACC	MRPS23_+_55927379.23-P1P2
GGCTAGTGCACAACATTTGC	non-targeting_00535
GGCTCACTTCCGTCCGTGGG	ABHD17A_+_1885470.23-P1P2
GGCTCAGAGGTGCACCACGT	WDR77_+_111991860.23-P1P2
GGCTCAGGGCGTCCACATTG	SPDL1_+_169010824.23-P1P2
GGCTCCAAGTAGACCAGCGG	SSBP3_+_54872054.23-P1P2
GGCTCCAGCGGCTCCACATC	ASNA1_+_12848373.23-P1P2
GGCTCCAGGAAGTCGTGCTG	TRAIP_+_49893983.23-P1P2
GGCTCCAGGCTCGACACGGG	ZC3H18_+_88636857.23-P1P2
GGCTCCAGTGTACCTGGCAG	HIST1H2AE_-_26217364.23-P1P2
GGCTCCAGTTCCGCATGCCA	non-targeting_01632
GGCTCCCACAGCTAACATGG	MRPS9_-_105654556.23-P1P2
GGCTCCCAGCGAAAGCAGCA	MIPEP_+_24463500.23-P1P2
GGCTCCCCGGGAAGCGAAAG	PSMA1_-_14541640.23-P1P2
GGCTCCCGGCCCCCGACCCA	ARID3A_+_926082.23-P1P2
GGCTCCCGGGCTGCGAGGTC	SEH1L_-_12948044.23-P1P2
GGCTCCGCGATCGGCTCTGT	FDPS_+_155278669.23-P1P2
GGCTCCTGCCGGGTCCCCTC	URB1_+_33765254.23-P1P2
GGCTCCTGCGACCCCCGAGT	HSPD1_+_198364452.23-P1P2
GGCTCGAACGTGCTTGATGG	POLD2_-_44162910.23-P1P2
GGCTCGAGCACCGTAATCCC	NOL10_-_10830055.23-P1P2
GGCTCGCCCGGTGCCCACCT	PSMC3_-_47447759.23-P1P2
GGCTCGCGAGATCTTCTCTG	NMD3_-_160939105.23-P1P2
GGCTCGCGCCCGGATCCCTC	ADAT3_-_1905438.23-P1
GGCTCGGCGCACGGATATGG	SRSF1_-_56084638.23-P1P2
GGCTCGGCGTCCCAACACGG	MED7_-_156569591.23-P1P2
GGCTCGGGTAACCGGAGTGC	MED18_-_28655606.23-P1P2
GGCTCTCCTGACGCGCCGGG	NBPF15_-_148556006.23-P1P2
GGCTCTGAGCGCCGGCTGTG	DHX8_-_41561378.23-P1P2
GGCTCTGGACTTAGACCCAA	TSEN54_-_73511850.23-P1P2
GGCTCTGGCAGGCTCCGGGT	HDAC7_+_48213344.23-P1P2
GGCTCTGGCGTCCTGGATGG	COX11_+_53045977.23-P1P2
GGCTCTGGGTGGCCAGCTGT	GLRX5_-_96001390.23-P1P2
GGCTCTTCTGTGTCCAGCGG	CCDC144NL_+_20771514.23-P1
GGCTGAAGCGAGGGATCCAC	SUGP1_-_19431183.23-P1P2
GGCTGACTCTGGGAGGCGTT	AAMP_+_219134841.23-P1P2
GGCTGAGGCCGTTAACGCCT	YPEL1_-_22090026.23-P1P2
GGCTGAGGCGAGAGGTTGGT	ACTR8_+_53916142.23-P1P2
GGCTGAGGCGGGTGGCATGG	VEZT_-_95611619.23-P1P2
GGCTGAGGTTGAACAGGCTG	ZNF207_+_30687693.23-P2
GGCTGCAGAGCCCGACTTAG	MMS22L_+_97730632.23-P1P2
GGCTGCAGAGTGAGTATGGG	RPL31_-_101618790.23-P1P2
GGCTGCAGGAGGCACCGGAT	ACTR1B_-_98280407.23-P1P2
GGCTGCAGGGATGGCGATCA	GJA3_+_20735159.23-P1P2
GGCTGCAGTTGGAACGATGG	VPS51_-_64863728.23-P1P2
GGCTGCCGCAGATGATGGAA	NMT1_-_43138762.23-P1P2
GGCTGCCTGTGGGCAAGGAG	PPP1CA_+_67168772.23-P1
GGCTGCGAAGGGCCAGGTGT	RPL36AL_+_50087292.23-P1P2
GGCTGCGCAGACCGACTCGG	COG2_+_230778278.23-P1P2
GGCTGCGCCCTTGTCAGTGG	URM1_-_131133683.23-P1P2
GGCTGCGCCGGACGGCTCCC	MRPS6_+_35445887.23-P1P2
GGCTGCGCGCGGTCCGCCAG	RAD51_+_40987382.23-P1P2
GGCTGCGGCGGAACGGCTGT	CCNB1_-_68463002.23-P1P2
GGCTGCGGGACCCGTTCTCA	YKT6_+_44240680.23-P1P2
GGCTGCGTCCCGCATCATAG	non-targeting_01030
GGCTGCGTCGGTCCAATCCC	COPB2_-_139108414.23-P1P2
GGCTGCTCAGGGGAAAGAAC	RRM1_+_4116116.23-P1P2
GGCTGCTGCCGGCGGCGACC	ANAPC15_-_71823727.23-P1P2
GGCTGCTGCGGGTCCGTGAT	RRM2_+_10262952.23-P1P2
GGCTGCTTGGTTGGTCAGTG	EIF5A_-_7210932.23-P1P2
GGCTGGACCCGGGACTCTCA	TANGO6_-_68877660.23-P1P2
GGCTGGAGCCCAAATCGCGG	DCLRE1B_+_114448001.23-P1P2
GGCTGGATCCCGCCATCGAG	GEMIN6_+_39005603.23-P1P2
GGCTGGCGGGGCACGAGTAG	MED10_-_6378376.23-P1P2
GGCTGGCGGTAGAAGTAGCT	NDUFA6_-_42486727.23-P1P2
GGCTGGCTGGGCGGTTAGGA	CENPT_+_67867777.23-P1P2
GGCTGGGACAGCAGGCCGAT	GRB2_+_73389905.23-P2
GGCTGGGATAATCCGTGGGG	WDR7_+_54318670.23-P1P2
GGCTGGGCAGGTTCCGCCAC	POLR1B_+_113300085.23-P1P2
GGCTGGGCAGTTGGCTGGAG	TBCE_-_235530783.23-P1P2
GGCTGGGGCCACGGGTGAGT	MRPS24_+_43909046.23-P1P2
GGCTGGGGCGCGGGAGACCG	TMSB10_+_85133250.23-P1P2
GGCTGGGTAGGCGACCCGGA	TAF7_+_140700317.23-P1P2
GGCTGGGTAGTCAAAGTCGG	non-targeting_02741
GGCTGGGTTCAAGTGAGTGT	EXOSC8_-_37574969.23-P1P2
GGCTGGTCCCGGGTGATGCT	REXO2_-_114310257.23-P1P2
GGCTGGTTGCCTAAAAGCAG	KDM8_+_27215335.23-P1P2
GGCTGTAAAACCGCCAGAGG	MRTO4_-_19578535.23-P1P2
GGCTGTAGCGGCCGTGGAGG	GLRX3_-_131934729.23-P1P2
GGCTGTGAGGACGTGTTCCG	GOSR2_-_45000519.23-P1P2
GGCTGTGGGACGGAACTACA	MTPAP_-_30638029.23-P1P2
GGCTGTGTAGACTGTTGGGT	TRMT10C_-_101280737.23-P1P2
GGCTGTTAGGGGGAAGACCC	RNF4_-_2471345.23-P1P2
GGCTGTTGCCCCACGAAACG	ATF4_-_39917038.23-P1P2
GGCTGTTTCCTGGCCGAGGT	DCTN3_+_34620473.23-P1P2
GGCTTCGCTAGGGAGCCTCC	CCDC137_-_79633788.23-P1P2
GGCTTCTCAGGCCTCTCCGG	SENP6_+_76311992.23-P1P2
GGCTTCTGTGCGCGCCACGA	non-targeting_02409
GGCTTCTTCTAGGCCAACTT	MTRNR2L1_+_22022917.23-P1P2
GGCTTGGGGTAAGTTGAGCG	RPS12_-_133135766.23-P1P2
GGCTTTCCCGGGCCCCCCAC	SUMO2_+_73178795.23-P1P2
GGGAAACAGATGGCGACGGC	YTHDC1_-_69215755.23-P1P2
GGGAAAGGCTACCACTCAAC	CENPH_+_68485427.23-P1P2
GGGAAATGATCCCGAGTACG	GTPBP4_+_1034604.23-P1P2
GGGAACAGACGCGCCTCCCG	OSTC_+_109572000.23-P1P2
GGGAACAGCGCCATGACCAC	NRDE2_-_90798256.23-P1P2
GGGAACCAGAGAATGACACA	OR7A17_+_14992143.23-ENST00000327462.2
GGGAACCCGAGATCTGCGCA	ATP6V1E1_+_18111483.23-P1P2
GGGAACCCGGCTGCAGCGGT	ZFP69B_-_40915813.23-P1P2
GGGAACCCGGGGGAAGATGG	PELP1_+_4607399.23-P1P2
GGGAACGCGGCGCAACAGAG	CHORDC1_-_89955894.23-P1P2
GGGAACGTCGGGAAGCGAGG	EIF1_+_39845185.23-P1P2
GGGAACTCCTGGGGCGAGAA	TIPIN_-_66649067.23-P1P2
GGGAAGAACGTGAGTAGGTT	PFDN6_-_33257410.23-P1P2
GGGAAGAGGCCGAAACCCAG	GTF2H1_+_18344179.23-P1P2
GGGAAGCAACCACAAGGCAC	non-targeting_02358
GGGAAGCACGCTGAAACCCT	CLCC1_+_109506061.23-P1P2
GGGAAGCGCCGCGGTAGGGT	SSU72_+_1509976.23-P1P2
GGGAAGCTGGAGCTGTTGCG	RPA1_-_1733358.23-P1P2
GGGAAGGAGTGGGGCGAACA	SNAPC3_-_15422880.23-P1P2
GGGAAGGCGGAGTGAGTGTA	UBE2D3_+_103748297.23-P1P2
GGGAAGGTCGTCCCTGTGAC	UQCRFS1_+_29704050.23-P1P2
GGGAAGGTGTGAGTCGTGAA	SURF6_+_136202983.23-P1P2
GGGAAGTCAGCCGTGAGACC	TARDBP_-_11072919.23-P1P2
GGGAAGTCCCCAGACAAGAG	CEP192_+_12991736.23-P1P2
GGGAATGTGCGGAATGAGCC	TEAD3_-_35464797.23-P1P2
GGGACAACCACGAGCCGCGG	UBA2_+_34919311.23-P1P2
GGGACAAGGAGGTCCGGTTA	MRPL50_+_104160649.23-P1P2
GGGACAAGTGCTAAGTATTG	POLR2D_+_128604811.23-P2
GGGACACATACCAAAGTCAC	LCE1E_+_152758771.23-P1P2
GGGACACGGCGGTAACCGTA	SETD2_-_47205071.23-P1P2
GGGACACGGTGTGACTGGGG	MAD2L1_+_120987540.23-P1P2
GGGACACTGACCAATTGTGC	non-targeting_02055
GGGACAGCGCGGCTTCCGCC	ARMC7_-_73106057.23-P1P2
GGGACAGGACGGCTGGGACA	RRM2_+_10262870.23-P1P2
GGGACAGGGCGTCAGAGAAG	non-targeting_02010
GGGACCAGAGGCGACTGGAG	SBNO1_-_123849323.23-P1P2
GGGACCCCCCGCCCAAAGTC	PSMB4_+_151372088.23-P1P2
GGGACCCGAGCGCGACGGTG	CMTR1_-_37401025.23-P1P2
GGGACCCGGAGCCGAAACAC	SMC4_-_160117471.23-P1
GGGACCGCGAGGCCTTCCAG	RPP21_-_30312986.23-P1P2
GGGACCGTCTTCTCTCACCA	FCF1_+_75179898.23-P1P2
GGGACGAGTTACAGCTGCCG	IGBP1_-_69353829.23-P1P2
GGGACGCAGCTAGACCTTGG	CUL1_-_148396040.23-P1P2
GGGACGCGAGCAAACTAGGC	RBM28_-_127983894.23-P1P2
GGGACGCGAGTTGGAGATGT	ELP5_-_7155875.23-P1P2
GGGACGCGGGACCCGTACAG	URB2_-_229762001.23-P1P2
GGGACGGGAAAGACTGGTCC	non-targeting_00807
GGGACGGGCACCTCTAGGGC	MRPL24_-_156710833.23-P1P2
GGGACGGGGCCGCACAGGAC	CNN2_+_1026619.23-P1P2
GGGACGGTGCCTCAACCGGG	PIAS4_+_4008092.23-P1P2
GGGACGTGAGCCAGGGCAGT	KRTAP4-7_+_39240927.23-ENST00000391417.4
GGGACGTGGTGGTAGCCGTT	ZNF207_-_30677224.23-P1
GGGACTAGAGCCAGGGTAAG	CEP152_+_49103224.23-P1P2
GGGACTAGCCGGGTTGTATT	POLR2K_-_101162904.23-P1P2
GGGACTCGCGTGACAGTTCC	YARS_+_33282919.23-P1P2
GGGACTCGGCGGCCCCGATG	WDR18_-_984406.23-P1P2
GGGACTCGGTTGGCGTTGTG	VPS33A_+_122750974.23-P1P2
GGGACTGGAGCAGATTTGAC	HIST1H2BM_+_27782830.23-P1P2
GGGAGAACGCGCGAGAGGTG	RUVBL1_+_127842420.23-P1P2
GGGAGAAGATGGCGACCGTG	PSMC3_+_47447767.23-P1P2
GGGAGAAGGGGCAGACCGGT	NASP_-_46049966.23-P1P2
GGGAGAAGTGCAGTTCCCCC	ZBTB11_+_101395930.23-P1P2
GGGAGACCTTGGCGGAGCGG	DLD_-_107531642.23-P1P2
GGGAGATAGAAACTGGCCCG	TGS1_+_56686046.23-P1P2
GGGAGCAACCAGGAGCTATA	SLC35G6_+_7384871.23-ENST00000412468.2
GGGAGCAAGAGCCGCTGGAA	ABT1_-_26597263.23-P1P2
GGGAGCAAGATGGCGATTCC	NSRP1_-_28443874.23-P1P2
GGGAGCAAGCGCGGAAGGCT	POLR2I_+_36605783.23-P1P2
GGGAGCCCAAGCTCTCAACG	AFG3L2_-_12377232.23-P1P2
GGGAGCCCCGCACACAATAG	BCR_-_23522920.23-P1P2
GGGAGCCGCCTAGCATCACC	REXO2_+_114310243.23-P1P2
GGGAGCCGGCTCCGCCCTAA	DYNC1H1_+_102430877.23-P1P2
GGGAGCGCCACCGCCGACTC	STIL_-_47779785.23-P1P2
GGGAGCGCCCGAGGGACGGT	PSMG3_+_1610218.23-P2
GGGAGCGCCGCTGCTTACCT	MRPL16_+_59578187.23-P1P2
GGGAGCGCCGGAGTTCCTTG	RCC1_-_28844804.23-P2
GGGAGCGCGGGCGTCAGTCA	non-targeting_00731
GGGAGCGGCGGTCCAGACTG	DRAP1_-_65686753.23-P1P2
GGGAGCGGCGTCTTCTCGCG	TFIP11_+_26908398.23-P1P2
GGGAGCGGCGTGCGTAATGT	POLRMT_+_633505.23-P1P2
GGGAGCTGCAATTACCGTGT	BANP_+_87985113.23-P1P2
GGGAGGAAGGAGGCGAACTG	DNM1L_-_32832237.23-P1P2
GGGAGGAGCGGTAACTACCC	DNAJA1_-_33025322.23-P1
GGGAGGAGGAAACCAGACCC	NUP62_-_50432220.23-P1P2
GGGAGGAGGAGACTGCGCAG	SRRM1_+_24970012.23-P1P2
GGGAGGAGTCGGAACCCGAA	DDX41_+_176943922.23-P1P2
GGGAGGCAGCGGCTGTAGCG	IPO13_-_44412666.23-P1P2
GGGAGGCCGGGACAAGGCGC	PSMD2_-_184017084.23-P1P2
GGGAGGCCTCCGCTCCGGAA	ATP6V1F_+_128503227.23-P1P2
GGGAGGCGCGAGAATGGAGG	RFC2_+_73668703.23-P1P2
GGGAGGCGGACCATGAGGAG	DNLZ_+_139257766.23-P1P2
GGGAGGCGGCACCAAGGGTA	RAD51D_-_33446794.23-P1P2
GGGAGGCTCGAGGTCCGTCT	PPP1R12A_-_80328652.23-P1P2
GGGAGGGCAAGTGAGTGCGG	WDR82_+_52312203.23-P1P2
GGGAGGGCCCCGAGGTAGTG	MYCBP_+_39338845.23-P1P2
GGGAGGGCCCCTGGGTAATG	TM7SF2_-_64879547.23-P1P2
GGGAGGGCCCGCAAGGAGGG	NPEPPS_+_45608486.23-P1P2
GGGAGGGCTGGGGGCCTACT	C1orf109_+_38157864.23-P2
GGGAGGGTTTCATCCCGCAG	TULP1_-_35480631.23-P1P2
GGGAGGTCCGAACAAACGAA	non-targeting_01283
GGGAGTAAGGGACTTAGCAG	ZNHIT6_+_86173852.23-P1P2
GGGAGTGAAAGCGAAAGCCC	PSME2_+_24615830.23-P1P2
GGGAGTGGCCGGCGACAAGA	HSD17B10_+_53461288.23-P1P2
GGGAGTGGCTGCTCGCGGAG	MASTL_-_27444320.23-P1P2
GGGAGTGGGACAACTCCTAA	USP8_-_50716851.23-P1P2
GGGAGTTAGCGTCCTCAATG	SPDL1_-_169010834.23-P1P2
GGGAGTTCCTAGTAAAGTGG	HAUS1_-_43684365.23-P1P2
GGGATAAATGGAGGAGTACG	HSPA9_-_137911031.23-P1P2
GGGATACCGAACCCAAAGGA	USP37_-_219433009.23-P1P2
GGGATCAAGGCGAGAGGATC	AATF_-_35306346.23-P1P2
GGGATCAGGAGGGACGTCGC	non-targeting_00359
GGGATCCGGTGTTCCAACCC	NIP7_-_69373724.23-P1P2
GGGATCTGGATCCGGATCAG	KXD1_-_18668945.23-P1P2
GGGATGAGCCGTGCTCCCGG	DNAJC19_+_180707414.23-P1P2
GGGATGCAGTATCTCACAGG	EXOSC1_-_99205735.23-P1P2
GGGATGGACAGACTCCAAAC	LST1_+_31554051.23-P1
GGGATGGCACGAGGGATCGT	DDX19B_+_70333136.23-P1
GGGATGGCAGCCGATTGGTA	RPL34_+_109541791.23-P1P2
GGGATGGCCGAAGGTTGCGG	HSP90B1_+_104324674.23-P1P2
GGGATGGCCGCCACAGCTGT	DDX46_-_134094510.23-P1
GGGATGGTCTCCATATGTGA	KCNA10_-_111061735.23-ENST00000369771.2
GGGATGTCGCGACCGCCCCC	RFFL_+_33416253.23-P1P2
GGGATGTTGGTCAGGATCAT	PRPF38B_+_109235390.23-P1P2
GGGATTCAGCCCCACAAAAT	KANSL1_-_44270236.23-P1P2
GGGATTCCAGACTTAGGGAA	SLC4A5_+_74517243.23-P1
GGGATTCTCACACGGTTCCA	C3orf17_-_112738463.23-P1P2
GGGCAAAGACCTCCTAGCAG	CYP4F11_+_16045652.23-P1P2
GGGCAAAGGACAGTCCGGTG	CHEK1_-_125495912.23-P1P2
GGGCAAAGGCGACGGAATGG	NUBP1_-_10837726.23-P1P2
GGGCAACCCGCTCTCCGTTC	USP19_-_49158246.23-P1P2
GGGCACAGAATGAGACCTGA	MRPL9_-_151735983.23-P1P2
GGGCACAGTCAGCCACGCAG	KRT8_-_53298430.23-P1
GGGCACCAAGCAGAACCGTT	AASDHPPT_+_105948450.23-P1P2
GGGCACCAGCGACTCCCAGT	RPS29_-_50052902.23-P1
GGGCACCTTGCAGTATCACT	WDR7_-_54318645.23-P1P2
GGGCACGGGTAGCTCGGGTG	ATP6V1B2_+_20054954.23-P1P2
GGGCACTGCGGTGAAAGCCG	AP2M1_-_183892660.23-P1
GGGCACTGGCGCACCGTCCC	ARMC7_+_73106080.23-P1P2
GGGCACTGTGAAAGGCACTA	SF3A1_-_30736509.23-P2
GGGCAGAGGACTGGGAACCG	PELO_-_52084090.23-P2
GGGCAGAGGCGGAGCCGCTG	BRCA2_-_32889662.23-P1P2
GGGCAGCACCTCCCAAGCTG	SCAP_-_47517316.23-P1P2
GGGCAGCAGCGGCTTTAGCG	UBE2M_-_59070250.23-P1P2
GGGCAGCAGCTGCGACGGGT	LSM5_-_32529957.23-P1
GGGCAGCATGTCGGCAACAG	RRP9_+_51975867.23-P1P2
GGGCAGCCAGCGAGGGAGAA	KIF23_+_69707149.23-P1P2
GGGCAGCGGCCACAGCACCG	WEE1_-_9595630.23-P1P2
GGGCAGCGGCGCCAACTACA	WAC_+_28822278.23-P1P2
GGGCAGCTCGACCTCCTCTC	CHAF1A_+_4402728.23-P1P2
GGGCAGCTTGAAGGGCGAGA	POLE2_+_50154818.23-P1P2
GGGCAGGCAGTGAGTGATCC	NSRP1_-_28443894.23-P1P2
GGGCAGGCTCCTCTCCAAAA	UBA52_+_18682887.23-P1
GGGCAGGGCCATGTTCACGA	PDCD7_-_65426129.23-P1P2
GGGCAGGGGGCCTGAAGCGG	MTOR_+_11322547.23-P1P2
GGGCAGGGGTCTCGGTCATA	non-targeting_01798
GGGCAGGGTGGTGGATCTGT	RIOK1_-_7390078.23-P1P2
GGGCAGGTGAGCGGAGACTG	VPS37C_+_60928845.23-P1P2
GGGCAGTGAAGTAAGCGGGA	ZNF674_+_46404792.23-P1P2
GGGCAGTGCTCGCCTAAAGG	LARS2_-_45430128.23-P1P2
GGGCAGTGGACCACAGCGGG	AQP7_+_33402012.23-P1P2
GGGCATCCCCCGCCCCCCAC	TRNP1_+_27320260.23-P1P2
GGGCATGGATGTCTCCCTCT	SF3B3_-_70558137.23-P1P2
GGGCCAAAGGCAATACTCAC	EIF4E_-_99850247.23-P1P2
GGGCCAAGAATCCCCGTTCG	SUMO2_-_73178625.23-P1P2
GGGCCAAGGGCAAAACCCGG	NOP16_+_175815510.23-P1P2
GGGCCAGAAGGTGCGCGCAG	NUP98_-_3818519.23-P1P2
GGGCCAGACTAGAGGAGTGG	LTB4R2_-_24779567.23-P1P2
GGGCCAGAGAGAGGCCGTAA	RPL3_+_39715369.23-P1P2
GGGCCAGCCACACACTGTAC	TACC3_+_1725320.23-P2
GGGCCAGGACACGCTCCCTT	TIGD1_-_233415185.23-P1P2
GGGCCAGGGAACTCCGAACA	GTF2E1_+_120461660.23-P1P2
GGGCCAGTGACTAGAAGGCG	GTF3C6_-_111279959.23-P1P2
GGGCCCACCGTCTTCATTAT	ZNF407_+_72343057.23-ENST00000299687.5
GGGCCCACGTGCCCGTGGAA	N6AMT1_-_30257642.23-P1P2
GGGCCCAGCCAGGCGTCGCG	URI1_+_30433164.23-P1P2
GGGCCCAGGGAGAACGGGGA	KIF4A_-_69509986.23-P1P2
GGGCCCATAGGGGAAGATGG	WDR33_+_128568707.23-P1P2
GGGCCCCAGCGCCTACTGCT	SMG6_-_2206815.23-P1P2
GGGCCCCAGCGGAATGACCA	USP5_+_6961501.23-P1
GGGCCCCAGGCAGCGTGTGT	DAP3_-_155658930.23-P1P2
GGGCCCCAGGGAATGCTCAG	IFITM3_+_320534.23-P1P2
GGGCCCCCTCCCAAAACCCG	DDX59_+_200639063.23-P1P2
GGGCCCCGGGCCGCGCTCGA	MYBL2_+_42295803.23-P1P2
GGGCCCGAACCCTCGTGTGA	PHB2_+_7079788.23-P1P2
GGGCCCGAGCGGCAAGGCGG	ANKRD11_-_89556765.23-P1P2
GGGCCCGCCACGCCGTAACC	non-targeting_03639
GGGCCCGCCCGGCCAGTCGG	ZNF236_+_74534757.23-P1P2
GGGCCCGCCGCGCCCTTGGA	ADAT3_+_1907955.23-P2
GGGCCCGCGGGAACCACACA	EEF1A1_-_74230714.23-P1P2
GGGCCCGCGGGACCGCGCAC	TBCD_+_80710368.23-P1P2
GGGCCCGCGTCAGTCACCTC	HAUS3_-_2243782.23-P1P2
GGGCCCGCTTGAGGCGTAGG	PCID2_+_113862975.23-P1
GGGCCGACGTGCACCAAGGT	RCC1_-_28844824.23-P2
GGGCCGCAGCCATGAGGTGA	RPL19_-_37356608.23-P1P2
GGGCCGCCCCCCGAAGCCCA	ZNF236_-_74534593.23-P1P2
GGGCCGCCCGGTCTCAGCTC	RBBP5_-_205091035.23-P1P2
GGGCCGCCGAAGCCTGGATC	ECD_-_74927732.23-P1P2
GGGCCGCGCTGAGGGACCGG	GARS_+_30634632.23-P1P2
GGGCCGCGGAAGCCTGGAGT	CIAO1_-_96932005.23-P1P2
GGGCCGCGGCGGCCTGTTCA	USP19_+_49158108.23-P1P2
GGGCCGCGGGGAACGTCCTC	CHERP_-_16653216.23-P1P2
GGGCCGCTTGGAGCTCGTGT	MRPL41_-_140446416.23-P1P2
GGGCCGGAACCGCCATGTTG	TRAPPC8_-_29523060.23-P1P2
GGGCCGGAACGCGAAGAGGG	ROMO1_-_34287419.23-P1P2
GGGCCGGACATCTCCACTAC	USP39_+_85843306.23-P1
GGGCCGGAGCCGCTACAGGG	CDC27_+_45266576.23-P1P2
GGGCCGGCTTGAAAAGAGGT	CDC26_+_116037656.23-P1P2
GGGCCGGGACGGACTCGACA	TSG101_-_18548267.23-P1P2
GGGCCGGGCATGCTGGGATC	BCAR1_+_75285561.23-P1
GGGCCGGGCCGCGTCCGCAG	MCM3_-_52149354.23-P1P2
GGGCCGGGTACCATGGACGT	CTNNBL1_-_36322534.23-P1P2
GGGCCGGTAGTGGAGATGTC	USP39_-_85843325.23-P1
GGGCCGTCCGGACTCTACTG	CHCHD2_+_56174001.23-P1P2
GGGCCGTGGCCCAGACAGTG	TNPO3_+_128694901.23-P1P2
GGGCCGTTAACGCCTAGGCA	YPEL1_-_22090031.23-P1P2
GGGCCTAGCAGAGCGAGGGT	SMARCE1_+_38803858.23-P1P2
GGGCCTCAGAGAGCGAACCG	INO80_+_41408265.23-P1P2
GGGCCTCCGTACCTTACGGG	MLST8_+_2255502.23-P1P2
GGGCCTCGACCCGGCCGGGG	RGPD6_+_111334479.23-ENST00000329516.3
GGGCCTGCAACGTGTCTCTG	DDB1_+_61100555.23-P1
GGGCCTGCCGGGAGTGAGCG	NOL11_-_65714041.23-P1P2
GGGCCTGGCCGCGAATACCC	EIF3G_-_10230310.23-P1P2
GGGCCTGGCGAGAGTTTGTG	TRMT112_+_64085002.23-P1P2
GGGCCTGGGATAGTGGAGTA	SNRPE_-_203830935.23-P1P2
GGGCCTGTGTCGGGTAGAAA	CCDC174_-_14693310.23-P1P2
GGGCGAACCAGTCTCTTCCT	PTCD1_-_99036387.23-P2
GGGCGAACGGTCTTCGGAAG	NAA20_-_19998029.23-P1P2
GGGCGAAGAGGTTCTATCCG	IPO7_-_9406180.23-P1P2
GGGCGACCCGAGAAGCGGCG	TLN1_+_35732111.23-P1P2
GGGCGACCCGAGAGTCGTTG	ZNF131_-_43121745.23-P1P2
GGGCGACGAACGGAAGATGG	SYMPK_+_46366386.23-P1P2
GGGCGAGAGAACGAAGACTG	RAD51C_+_56770199.23-P1P2
GGGCGAGCCTAGGGTCCGAG	RPA2_+_28240864.23-P1P2
GGGCGAGCCTCCACCTGTGG	SNRNP48_-_7590517.23-P1P2
GGGCGAGCGCGAGGAAATGG	DICER1_+_95623669.23-P1P2
GGGCGAGCTGAACCCAGACT	RNF14_-_141349121.23-P1P2
GGGCGATCCGAGGAGACCTT	NCOA4_+_51565254.23-P1P2
GGGCGCACGCGGCCTCGGTC	TIMM13_+_2427547.23-P1P2
GGGCGCAGGAGCGGCACTCG	SOD2_+_160114265.23-P1P2
GGGCGCCACCGCGAACTCGG	MED21_-_27175714.23-P1P2
GGGCGCCCAGAGTTCCGGGA	CDC123_-_12238200.23-P1P2
GGGCGCCGCCATCTTCCCTC	MRPL38_-_73900966.23-P1P2
GGGCGCCGCCCTGAGCCGGA	CENPE_+_104119357.23-P1P2
GGGCGCCGGCCGTGACGGTG	HSD17B12_+_43702292.23-P1P2
GGGCGCCGGGTGAGAGCGTG	MRPL36_+_1799909.23-P1P2
GGGCGCCTGGTGTCTCAGAG	SDE2_+_226187037.23-P1P2
GGGCGCGCCGCGCGGTGAGT	POLD2_+_44163100.23-P1P2
GGGCGCGCGCGGTCAGCTGT	MBTPS2_-_21857794.23-P1P2
GGGCGCGGCATAGCCCGGCT	PNN_-_39644446.23-P1P2
GGGCGCGGCGGTGGCGACTC	PCBP1_+_70314626.23-P1P2
GGGCGCGGCTACCATGGCGG	DDX20_-_112298555.23-P1P2
GGGCGCGGCTTGGCAGACGG	TP53RK_+_45317813.23-P1P2
GGGCGCGGTCGCAGTCTCCA	NRF1_-_129251633.23-P1P2
GGGCGCGTGGGACCTTACGC	EIF3A_+_120840264.23-P1P2
GGGCGCTATGCTATCACCCG	PDRG1_+_30539748.23-P1P2
GGGCGCTCCCGGCATCCCTC	CPSF4_-_99036577.23-P1P2
GGGCGCTCGGCAAGGTAGGT	RPS7_-_3622948.23-P1P2
GGGCGCTGCCGTAAATCAGG	PSMD8_-_38865407.23-P1P2
GGGCGCTGCGGGCGATGCGG	ATP6V1B2_-_20054940.23-P1P2
GGGCGCTGCTGCCCCAACAC	EMC3_+_10052774.23-P2
GGGCGGAAGCATGAGGCTAA	ARHGAP11B_-_30918382.23-P1P2
GGGCGGACACGTGGCAACAG	ATP1A1_-_116915929.23-P1P2
GGGCGGACAGACGAGCTGAC	EXOC1_-_56720023.23-P1P2
GGGCGGACATTAAAGTGAAG	KIF18A_+_28129657.23-P1P2
GGGCGGCATTCGGTGGTCAG	CENPI_-_100353207.23-P1P2
GGGCGGCCAGAGAAGAGTCA	NDUFS5_-_39492056.23-P1
GGGCGGCCCAGGCCGAAGAG	MRPS34_-_1822906.23-P1P2
GGGCGGCCCGGGACACCGAC	VPS13D_-_12290177.23-P1P2
GGGCGGCCGCGTCCTCAAGC	NUP93_-_56764090.23-P1P2
GGGCGGCCTGCTCCAGGAAA	DDOST_-_20987605.23-P1P2
GGGCGGCGACGACTACTCAG	HAUS7_+_152735963.23-P1;TREX2_+_152735963.23-P1P2
GGGCGGCGCTGGACCCGACG	DRAP1_-_65686955.23-P1P2
GGGCGGCGGAGACCCGAACA	NISCH_-_52489660.23-P1P2
GGGCGGCGGCACCATGGGCC	CADM4_+_44143932.23-P1P2
GGGCGGCTCCCGGACGGTGG	PRPF4B_+_4021605.23-P1P2
GGGCGGCTCCGTGACCACGG	EIF2B4_+_27593203.23-P1P2
GGGCGGCTGCAGCTACGAAC	COPS6_-_99686651.23-P1P2
GGGCGGGAAGAGACTGCGAG	SUPT16H_-_21851767.23-P1P2
GGGCGGGACGCGCAGCGCTA	COG6_-_40229866.23-P1P2
GGGCGGGACTGAGTGACCTA	RPL28_+_55897540.23-P1P2
GGGCGGGGATACTAAAGCGA	CDK7_-_68530696.23-P1P2
GGGCGGTACGGTAACCGAGG	GAR1_-_110736887.23-P1P2
GGGCGGTCCGCGGTCCTGGG	PPP2R1A_-_52693691.23-P1
GGGCGTCAGCGAGAGACAAT	ZNF506_-_19932561.23-P1P2
GGGCGTCCAGGAGTGACCTG	DSN1_+_35402097.23-P1P2
GGGCGTCGGAGACATCTTCT	THOC1_-_268026.23-P1P2
GGGCGTCGGGCGAACAACGC	VCP_-_35072535.23-P1P2
GGGCGTGAGCGAGAGCGATG	SART3_+_108954728.23-P1P2
GGGCGTGCCAGGGTATTGAG	non-targeting_03628
GGGCGTGGAAAGCTAACCAA	BANF1_+_65770320.23-P1P2
GGGCTACAGGGTATCCACGT	RRP12_+_99161057.23-P1P2
GGGCTACGAGGCCGGTGAGG	SART1_-_65729572.23-P1P2
GGGCTAGCCGGAGGAAGCTT	ORC1_+_52869923.23-P1P2
GGGCTCAACGGCTCGCGGAG	PRC1_+_91537748.23-P1P2
GGGCTCACTAGCTTCCCTCC	RPL39_-_118925380.23-P1P2
GGGCTCACTTACGAGAGCTA	PUF60_-_144911459.23-P1P2
GGGCTCAGGGTGCAGTTGTA	AP2S1_-_47354099.23-P1P2
GGGCTCAGTAGCGATAGCAG	ARIH1_-_72766686.23-P1P2
GGGCTCCAACGAGGTAAGTG	TOPBP1_+_133380602.23-P1P2
GGGCTCCCCCGAAATCTGGA	POLR1C_-_43477509.23-P2
GGGCTCCGAATAACCTAGAA	MT2A_+_56642728.23-P1P2
GGGCTCCGAGGCCTAGAGTC	ERH_-_69864782.23-P1P2
GGGCTCCTGCGAGAAGCAAG	HAUS3_+_2243788.23-P1P2
GGGCTCGCGGAGCGGCTACG	PRC1_+_91537740.23-P1P2
GGGCTCGGCCCCTGAGACAG	TIMM22_-_900430.23-P1P2
GGGCTCGGTGGGTACTGTCG	POP1_-_99129573.23-P1P2
GGGCTCTCCCAATCCCGACA	HBS1L_-_135375685.23-P1P2
GGGCTCTCGCGAGTCTGGGT	POLE_+_133263949.23-P1P2
GGGCTCTGCCAGGCATCTAG	KLF7_+_208031206.23-P1P2
GGGCTCTGCGGCCGTCACCA	NSA2_-_74063188.23-P1P2
GGGCTGAAGGCGATCCGGAG	BPTF_-_65821672.23-P1P2
GGGCTGAAGGGGATACTCAC	DPH2_-_44435714.23-P1P2
GGGCTGCAGGGTCCGGTACC	RPS10-NUDT3_-_34393835.23-P1P2
GGGCTGCCGGACGGTGGGAA	SMC5_-_72873963.23-P1P2
GGGCTGCGCCGAGGTCGTAG	JMJD6_+_74722579.23-P1P2
GGGCTGCGGATAGACAGTAG	NACA_-_57119029.23-P1P2
GGGCTGCGTCGGCCTGAGCA	HTATSF1_-_135579440.23-P1P2
GGGCTGGAGAGGGAACCATG	SAMM50_-_44351462.23-P1P2
GGGCTGGAGGAAGAGCGGTG	PRKRA_-_179315799.23-P1P2
GGGCTGGCACATGTGTATGG	WDR4_+_44299621.23-P1P2
GGGCTGGCACCTTCCCTAAG	RPL11_+_24018674.23-P1P2
GGGCTGGGCAAGGCGAACTT	ZNF492_+_22817388.23-P1P2
GGGCTGGTTGGCGCGGAATC	POLA1_-_24712065.23-P1P2
GGGCTGTAGCCGGAGTGGAG	EGLN2_-_41284213.23-P2
GGGCTGTCAGCCGGCCTAGG	NOMO3_-_16326444.23-P1P2
GGGCTGTCCGGACGGTGCAG	COPS8_-_237994589.23-P1P2
GGGCTGTCTAGACCCACCCA	EXOC8_-_231473564.23-P1P2
GGGCTGTGCTGGGTCCGCTA	WRB_+_40752275.23-P1P2
GGGCTGTTGCAGCTGATGGG	CCNK_+_99969115.23-P2
GGGCTGTTTTGGGGCGACGG	WDR54_+_74649083.23-P1P2
GGGCTTACAGTGGCGGGAGT	DTL_-_212209126.23-P1P2
GGGCTTACCAGCGCAGCGGC	HIST2H3A_+_149824178.23-P1P2
GGGCTTCACGAAGGTGCTGG	NDUFA6_-_42486713.23-P1P2
GGGCTTCCTACTCTAAACCA	COPZ1_+_54719129.23-P1
GGGCTTCCTAGGGGGATACG	TAF2_-_120844853.23-P1P2
GGGCTTCGGCGGAACCCGAG	BRF1_-_105767306.23-P1P2
GGGCTTGCCTGTATAGGGTT	UQCRB_+_97247539.23-P1P2
GGGCTTGGTAGGACTGCGGA	ESF1_+_13765524.23-P1
GGGGAACCGGGATCCCTCTC	TLCD1_-_27053186.23-P1P2
GGGGAACGCTCAGGAGCCGG	BCAR1_+_75299843.23-P2
GGGGAACGGCTTGTGGAGAG	MTBP_-_121457873.23-P1P2
GGGGAAGCGCTCACTTACCG	EXOSC1_-_99205715.23-P1P2
GGGGAAGGTGACATATACAG	RPL4_+_66797200.23-P1P2
GGGGACATCCCAGAGACTCT	RPP30_+_92631924.23-P1P2
GGGGACCCGGACGGAGGTAG	NDUFB10_-_2009580.23-P1P2
GGGGACCGGAGAACCAGGAC	ATP6V0D1_-_67515028.23-P1P2
GGGGACGATGATGATTGGTA	WBP1_-_74685547.23-P1P2
GGGGACGCCGGCTGACTGGT	NPB_+_79860130.23-P1P2
GGGGACGGTTGAGCCTTGGG	TIMM9_-_58893843.23-P1P2
GGGGACGTTGTCTGCAGGTA	RPL34_-_109541761.23-P1P2
GGGGACTACCCTAGGTGAAA	RAD17_+_68665692.23-P1P2
GGGGAGAAGCAGAACACCGG	CCNB1_+_68463036.23-P1P2
GGGGAGAGTAGTCTGCCGGA	RPAP2_+_92764606.23-P1P2
GGGGAGCACGTCACCCTTCG	non-targeting_02061
GGGGAGCAGGAAAACTCTAG	TAF6_-_99716931.23-P1P2
GGGGAGCCCAAGCGCATCCC	NSMCE1_-_27280049.23-P1P2
GGGGAGGAAGCGACCAGGTC	CSNK2B_-_31634088.23-P1P2
GGGGAGGCACCTCGGAGATC	LAMTOR2_-_156024648.23-P1P2
GGGGAGGGCGGGGAAATAAG	FARS2_-_5261304.23-P1P2
GGGGAGGGTGGTGTACGTGA	HSPD1_+_198364183.23-P1P2
GGGGAGGTCCCATCTTTCCT	NCAPH_+_97001557.23-P1P2
GGGGAGTAAGCCACTGCCGG	THOC5_-_29949705.23-P1P2
GGGGAGTCTCAGTCCTGTGT	UBA52_-_18684292.23-P2
GGGGAGTTGGGCTCGTTACG	PCBP1_+_70314830.23-P1P2
GGGGATGCTGAAAAGCAACG	MED29_-_39882017.23-P1P2
GGGGATGGCACAGGATGTTG	NXF1_-_62566496.23-P2
GGGGATGTCACAGAACGCCG	TRAPPC11_+_184580504.23-P1P2
GGGGATTAGCCTGAGAGGTC	SASS6_-_100598444.23-P1P2
GGGGCAAGAGCTGGTAACCC	KIF20A_+_137514914.23-P1P2
GGGGCAAGGGAAGCTAGTAG	TINF2_+_24711839.23-P1P2
GGGGCAGAGCCCGGCTGAGA	SNRNP25_-_103898.23-P1P2
GGGGCAGCCCCGGTAGCTGA	CUL1_-_148396020.23-P1P2
GGGGCCAGCAGCCGTCTACC	GMPPB_+_49761355.23-P1P2
GGGGCCAGGGAAGCCGTACC	CHAF1B_+_37757745.23-P1P2
GGGGCCAGTGATCCGCGTCA	DNAJC11_-_6761928.23-P1P2
GGGGCCATGGCGGAGGAGCA	ALG2_+_101984159.23-P1P2
GGGGCCCAGCCGGCGACGGG	EIF1AX_+_20159985.23-P1P2
GGGGCCCGCGGCTCTGCAGT	DDN_+_49393144.23-P1P2
GGGGCCCTGCCAGACGCACA	GTF3C5_-_135906397.23-P1P2
GGGGCCCTGGACCTACTCCG	MRPL15_-_55047895.23-P1P2
GGGGCCGAGAGCCAGCGTAG	HNRNPH1_-_179050392.23-P1P2
GGGGCCGCTGGCCGGTGAGG	SETD1A_-_30969713.23-P1P2
GGGGCCGGGCGGCGACTGGT	non-targeting_01333
GGGGCCGGGGCGGTAAGAGT	PDCD6_+_271842.23-P1P2
GGGGCCTAGACCACCAACCC	CHMP1A_+_89723672.23-P1P2
GGGGCCTAGTGTGGGGCTGA	STX18_+_4543702.23-P1P2
GGGGCCTCCATGCGGCAGAA	NUP205_-_135242670.23-P1P2
GGGGCCTCGGCGCTGACCAG	NDUFS3_-_47600710.23-P1P2
GGGGCCTGAAGCGGCGGTAC	MTOR_+_11322541.23-P1P2
GGGGCCTGAGGGGGACCGGG	MED28_+_17616313.23-P1P2
GGGGCCTTCGGCCAACTTTG	non-targeting_02387
GGGGCGAGCGCTGACATAAG	NDUFA2_-_140027105.23-P1P2
GGGGCGCAGCGGCGTCAAGA	KLHL11_+_40021619.23-P1P2
GGGGCGCAGCGGGGTCGCTG	POLR2F_-_38349783.23-P1P2
GGGGCGCGCGCCAACCGGGA	CDCA5_-_64851512.23-P1P2
GGGGCGCGCGCCGCTCAGAG	TRNT1_-_3168701.23-P1P2
GGGGCGCTCTCTCCCGGTGT	KIF18B_+_43025067.23-P1P2
GGGGCGCTGGAAACCCTTAC	ANAPC13_-_134204795.23-P1P2
GGGGCGGACCTAGCTTCCCA	SNUPN_+_75918062.23-P1P2
GGGGCGGCGCAGAGCGTTCT	HS6ST1_+_129076429.23-P1P2
GGGGCGGCTGGCACAAACGG	EGLN2_-_41305141.23-P1
GGGGCGGGAGGCTCTCGGGA	EP400_-_132434629.23-P1P2
GGGGCGGGCGGACAGACTGC	ATP6V0B_-_44440640.23-P1P2
GGGGCGGGGAGTGAAGACCC	CYCS_+_25164679.23-P1P2
GGGGCGGTGGACAGTCATGG	DTYMK_+_242626191.23-P1P2
GGGGCGGTGTCAGGTCCCGG	CHMP1A_-_89724068.23-P1P2
GGGGCGGTTCAGACTCAGGG	DDX23_+_49245865.23-P1P2
GGGGCGTCCGGAACAGTCGA	PKMYT1_+_3030383.23-P1P2
GGGGCGTGCCAGTTTATAAA	TXN_+_113018808.23-P1P2
GGGGCTCGGCGCGATGGAGG	EXOSC5_+_41903223.23-P1P2
GGGGCTCTCATAGTGCTGGA	DTYMK_+_242626160.23-P1P2
GGGGCTGCAGGCCGCTACCA	NCAPD3_-_134093802.23-P1P2
GGGGCTGCTGGGACTCGCGT	SRP9_-_225965560.23-P1P2
GGGGCTGGAGCAGACTTAGA	HIST1H2BB_-_26043875.23-P1P2
GGGGCTGGCAGAGGCGAGGG	CDIPT_+_29874410.23-P1P2
GGGGCTGGCGAGTGGATTCA	ALDOA_+_30077177.23-P1P2
GGGGGAAACGAAACTGAGGG	CMTR1_-_37401070.23-P1P2
GGGGGAAGCAGTCTTTAGTC	non-targeting_01138
GGGGGACGGCGGGGACAGAA	WDR1_-_10117920.23-P1P2
GGGGGAGCTCCCTACCAGAT	LAMTOR4_+_99746556.23-P1P2
GGGGGATCTACAGCAGCCAA	MRPL18_-_160211527.23-P1P2
GGGGGATCTTAGTCCTTACG	non-targeting_01697
GGGGGATTCACGGGTCAATG	non-targeting_00863
GGGGGCAGAGGTGGAGGCAT	SF3A1_-_30736749.23-P2
GGGGGCCAGGAGAGCCGCAA	CLTC_+_57697290.23-P1P2
GGGGGCCCCGAGAACTCCAA	LENG8_+_54960715.23-P1P2
GGGGGCCGCACAGGACGGGA	CNN2_+_1026615.23-P1P2
GGGGGCCGCGAAGTTGGAGA	POP4_-_30097259.23-P1P2
GGGGGCCGGGAAGACGCAAG	ACTR2_-_65454971.23-P1P2
GGGGGCGGAAGCACGATCTC	EFTUD2_+_42976772.23-P1P2
GGGGGCTCCGGCAGCGGACG	USP7_-_9057709.23-P1P2
GGGGGCTGCGAGAGTGACCG	PDCD5_-_33072142.23-P1P2
GGGGGCTTACGTGACCCGGG	LSM5_+_32534880.23-P2
GGGGGCTTGCCTGAAGCGAG	CCNK_-_99947816.23-P1
GGGGGCTTTAGGACGTGAGC	SPTSSA_+_34931459.23-P1P2
GGGGGGCTCTCACCGAGCGG	RBBP6_+_24550948.23-P1P2
GGGGGTATGCGGAACCCGGT	INTS8_+_95835564.23-P1P2
GGGGGTCCCCGAGGAACTTA	TONSL_-_145669773.23-P1P2
GGGGTCATCGGAGAAGCCCG	DENR_+_123237807.23-P1P2
GGGGTCCCGGGCTAAGGCGG	DCTN2_-_57940946.23-P1P2
GGGGTCCTAGCAGGAAAGAC	CYP2A13_-_41594703.23-P1P2
GGGGTCGCCGAGCTAACCCG	TRAPPC3_+_36615009.23-P1P2
GGGGTCGTGCTTCGGGAAAC	FOXL2_+_138665897.23-P1P2
GGGGTCTCAGGGTCAGGTCG	RFC5_-_118454562.23-P1P2
GGGGTCTGCGAAGAGATGGG	UBQLN4_+_156023323.23-P1P2
GGGGTCTTTCGAGAGGAGAG	CA5A_+_87969837.23-P1P2
GGGGTGACAGGGACACAACA	MOK_+_102771461.23-P1P2
GGGGTGAGGGTCCAATTCGG	non-targeting_00089
GGGGTGAGTTGATGGTATCT	FOLR3_-_71825990.23-P1
GGGGTGGCGGTGGAAGTTAA	ACTL6A_-_179280784.23-P1P2
GGGGTGGGAGAGTTCTACGA	AKIRIN2_+_88411936.23-P1P2
GGGGTGGGTAGGGTCTCACC	TRAPPC5_+_7745760.23-P1P2
GGGGTTCTCTATCTAGTCCA	DCTN4_+_150138508.23-P1P2
GGGGTTGAACGTTGCAACTA	USPL1_-_31192127.23-P1P2
GGGTAAAGATGGCGGAGCGC	PSMA2_+_42971742.23-P1P2
GGGTAAATTAGGGAGTTGGT	NDUFB3_-_201936802.23-P1P2
GGGTACAGCGGCGGTTTCTG	DDX24_+_94547508.23-P1P2
GGGTACAGGCCTGGAGCTAG	CDC26_+_116037488.23-P1P2
GGGTACCGCGTCTGCAGGTC	DBF4_+_87505889.23-P1P2
GGGTACCGTGAATCGGGGAA	SARNP_+_56211428.23-P1P2
GGGTACTTGGTGAATCCTAT	DHODH_-_72049691.23-P2
GGGTAGAGTTGTAGCCGAGG	SACM1L_-_45730905.23-P1P2
GGGTAGATAGCACCGCTTAC	non-targeting_01075
GGGTAGCAAAGCCGAGCTCT	SEC62_-_169684666.23-P1P2
GGGTAGCGGCGGCGGGAAAT	SNRPB_+_2451405.23-P1P2
GGGTAGGAAGGAGCGCACCG	MRPS18A_-_43655340.23-P1P2
GGGTATAGGGGAAGCGCTCC	PSMA3_-_58711601.23-P1P2
GGGTCAATGAGAGGACTAAG	PFDN5_+_53689579.23-P1P2
GGGTCACATAGCCAACCTCC	SNAPC5_-_66790097.23-P1P2
GGGTCACTGTGCAGGCGCTT	RFC5_-_118454586.23-P1P2
GGGTCAGTCAATCCCAGCAG	WDR24_-_740033.23-P1P2
GGGTCCAGACTCACCCGTAG	ELOVL1_-_43833593.23-P1P2
GGGTCCAGGTGGAGGTCTTG	MRPL37_-_54665902.23-P1P2
GGGTCCCAGACTCAGCCCTA	XRCC2_-_152373149.23-P1P2
GGGTCCCGTTCACTAAAGGC	TUBA3D_+_132233982.23-ENST00000321253.6
GGGTCCCTGTAGAACCACTG	COPG1_-_128968486.23-P1
GGGTCCGGCGTGGTTCAGGC	GNL2_+_38061508.23-P1P2
GGGTCCGGTAAGTATCGAGG	ALG14_+_95538302.23-P1P2
GGGTCCGGTGAGTAAGTGAG	CPAMD8_+_17137774.23-ENST00000443236.1
GGGTCCTCGGAGACACGCGG	IMPDH2_+_49066798.23-P1P2
GGGTCGACGGTGGCCGATAG	WDR12_-_203776953.23-P1P2
GGGTCGCCGGCTGCTTACGT	STX18_+_4543725.23-P1P2
GGGTCGGCGATATGGAAGAT	PHAX_-_125936686.23-P1
GGGTCGGGCCTTGAGGTGGA	HAUS8_+_17186239.23-P1P2
GGGTCGGGCGCTCCTGAGGT	CACTIN_-_3626555.23-P1P2
GGGTCGGTCCGTCACAGAGG	PSMA4_+_78833014.23-P1P2
GGGTCTCGCGAGGTTCACAG	non-targeting_00503
GGGTCTCTGACGTGGAGAGA	NAPG_+_10526066.23-P1P2
GGGTCTGAAAGGGAGTGTTC	PRPF4_-_116037989.23-P1P2
GGGTCTGGCGCGGAAAACGA	ESPL1_-_53662083.23-P1P2
GGGTCTGGTGGGTCGAGGAA	BRIP1_+_59940833.23-P1P2
GGGTCTGTCACCGAACACGT	FAM72D_-_143913113.23-ENST00000400889.1
GGGTCTTGGCGAACGGTCTT	NAA20_-_19998023.23-P1P2
GGGTCTTGGTGGTTTCGCCG	MRPL32_-_42972023.23-P1P2
GGGTGAGGAGCTGGTGGCGT	UBL5_-_9938639.23-P1P2
GGGTGAGGCGGTCCGCGAAG	CCDC59_+_82752125.23-P1P2
GGGTGAGTGAGAGAGTTGGT	SRSF3_-_36562179.23-P1P2
GGGTGCAGCAGCCGTCTGAG	COG4_+_70557377.23-P1P2
GGGTGCCGGTGGAGTCGTGT	PSMA5_+_109968996.23-P1P2
GGGTGCCTCAGAAGACCCTC	MED17_+_93517550.23-P1P2
GGGTGCGCTGCAGCGGTCTG	TSEN34_-_54695166.23-P1P2
GGGTGCGGCGAGGGAGTTCC	ECT2_+_172468782.23-P1P2
GGGTGCGTGGCGGAAGTTAA	GON4L_+_155826818.23-P1
GGGTGCTAACCTCCCTCACG	TBL3_-_2022111.23-P1P2
GGGTGCTCGAGCACGCTGGT	NOL10_+_10830023.23-P1P2
GGGTGCTGCAGGGCCACCGG	PLA2G10_-_14788129.23-ENST00000438167.3
GGGTGCTGCGAGCAGGTCTG	LSM2_-_31774599.23-P1P2
GGGTGGAGCAGAGCCGGAAG	WBP1L_-_104503694.23-P1P2
GGGTGGAGGAACAGCACCGA	ALG2_-_101984133.23-P1P2
GGGTGGAGGAACCGCTCCGG	FBXO5_-_153304140.23-P1P2
GGGTGGCCCGACCCACCCAT	non-targeting_00623
GGGTGGCGACAGTGCTATGA	PHAX_-_125939291.23-P2
GGGTGGCGATTGGACTTGGT	CHMP6_-_78965692.23-P1P2
GGGTGGCGCTCTCCGTTCGG	PCID2_+_113862955.23-P1
GGGTGGCTCCGGAACGGTAA	TAF8_-_42018330.23-P1P2
GGGTGGCTCGCGCAGCTTGT	GTF2A1_+_81687253.23-P1P2
GGGTGGCTGAGAAGGCAGCG	TMED2_-_124069112.23-P1P2
GGGTGGCTGGCTCAGAAAAA	GAPDH_-_6647239.23-P2
GGGTGGGGCAGGCGACGGTG	DERL2_+_5389484.23-P1P2
GGGTGGGTCGGTAGTAGCGA	DCTN3_+_34620457.23-P1P2
GGGTGTCAGGCTCTCGGTGG	SP2_-_45973616.23-P1P2
GGGTGTCAGTACCTGCGCTG	SRP72_-_57333845.23-P1P2
GGGTGTCTCAGAGAGGCTTG	SDE2_+_226187030.23-P1P2
GGGTGTCTGAGTGCTCCGCG	RARS_-_167913535.23-P1P2
GGGTGTGTAAAGTAGTATGG	CRLS1_-_5986777.23-P1P2
GGGTGTTGCCGAGTGCGAGG	POLR1E_-_37486076.23-P1P2
GGGTGTTGTTTCCCTCACAC	KDM2A_+_66886784.23-P1P2
GGGTTAAGCAGCAGTAGGCG	LTB4R2_+_24779396.23-P1P2
GGGTTAGAACCGAGGATCAA	ALG1_+_5122098.23-P1P2
GGGTTCCGGCCGCACCGTGT	DHX15_+_24586128.23-P1P2
GGGTTCCGGGTCCCAAGATT	NR2C2AP_+_19314199.23-P1P2
GGGTTCCTGAGCGGATGCTG	MBTPS2_-_21857766.23-P1P2
GGGTTCCTGGACGGACACTA	EIF3E_+_109260706.23-P1P2
GGGTTCTCCCGGAGGCAGAC	WDR25_+_100842799.23-P1P2
GGGTTCTGACAGTAAATCTA	KAT8_+_31141331.23-P2
GGGTTGAGCCTTGGGAGGGA	TIMM9_-_58893848.23-P1P2
GGGTTGCCTGAGGACCTACC	MRPS31_-_41345123.23-P1P2
GGGTTGGAGCCCAGGTGAGA	NMD3_-_160939520.23-P1P2
GGGTTGGATTTCATCCTCAT	OR2T29_+_248722733.23-ENST00000328570.3
GGGTTGTGTACGGTCCGCAG	ORC4_+_148778281.23-P1P2
GGGTTTGGTACCGAGCGGAG	SLC39A10_-_196521978.23-P1P2
GGTAACGCCCCAGCAGTCCG	DPH3_-_16306427.23-P1P2
GGTAAGACACAGTACAAACG	HIST2H2BE_-_149858212.23-P1P2
GGTAAGCGGATTGGGAACCA	RPL24_-_101405503.23-P1P2
GGTAAGGACAGGAACCGCCG	RMI1_+_86595732.23-P1P2
GGTAAGTGCGTGTGCAGAGG	SUPT5H_-_39936298.23-P1P2
GGTAAGTTGAAGCGGGTCAG	EFTUD2_+_42976714.23-P1P2
GGTAAGTTTGCTGGCTCTGG	EEF1G_+_62341280.23-P1P2
GGTACACCGAGGAACAGCCA	WDR61_-_78591737.23-P1P2
GGTACACGCGCGCTGCGGCA	TSR1_+_2239717.23-P1
GGTACACGGAATCCCAACGC	RPL41_+_56510460.23-P1P2
GGTACCAACGCAAAAGGACA	NDUFB6_-_32573089.23-P1P2
GGTACCGGCGGTCGTCGGGT	MSRB1_+_1993208.23-P1P2
GGTACCTAAGTTCCCGCTGT	PIK3C3_-_39535233.23-P1P2
GGTACCTGCTGTAGTCACGA	SNRPF_-_96252795.23-P1P2
GGTACGCGCCGGCATCTCGG	DNMT1_-_10305582.23-P1P2
GGTACGCGTGGGCCCTGACG	IMP3_+_75932082.23-P1P2
GGTACGGGATCGGAGCGAAG	TOMM22_-_39078185.23-P1P2
GGTACTCTAGAAAGAACCCT	POT1_-_124569870.23-P1P2
GGTACTGAGCGCGCGAGGTG	MRPS21_-_150266323.23-P1P2
GGTACTGCACCCTTCACACG	PHB2_-_7079800.23-P1P2
GGTACTGGGACAGTTGGGTA	MRPL22_-_154320703.23-P1P2
GGTAGACGCGCGGGGTCCCA	HSPA14_-_14880699.23-P1P2
GGTAGACGCGGTGAACGTGG	non-targeting_00778
GGTAGAGCGGCATGGTAGTA	ACTR10_+_58666925.23-P1P2
GGTAGAGTATGGGGTCCGAG	XRCC1_-_44079668.23-P1P2
GGTAGCCGTAGAGGGTGAGT	EXOC3_-_443413.23-P1P2
GGTAGCGCCAATCTAGGCAG	BGLAP_-_156182840.23-P1P2
GGTAGCGCCAGGGGACAACG	SLMO2_-_57617833.23-P1P2
GGTAGCGGCCCGACAGACCA	UQCRC1_-_48647042.23-P1
GGTAGCGTACTCATCCTCCC	NOL12_+_38082332.23-P1P2
GGTAGCTGCTTCTCGACAGA	BUD31_+_99006585.23-P1P2
GGTAGGCCCTACCTGGAAGA	RPL21_+_27825711.23-P1P2
GGTAGGCCCTGGGAGAACTC	POLR3K_-_103144.23-P1P2
GGTAGGCGCGGCTGACCGGT	DERL2_-_5389442.23-P1P2
GGTAGGCTGCAGGCTCGGGG	ACTR1B_+_98280464.23-P1P2
GGTAGGGCAGAGGCACCGGA	COX17_-_119395995.23-P1P2
GGTAGGGCCCTGGACCCGCG	UXS1_+_106810706.23-P1P2
GGTAGGGCGCATTACAGCGA	ZNHIT2_-_64885059.23-P1P2
GGTAGGGGCCAGGCGGGCAA	ELOVL1_-_43833608.23-P1P2
GGTAGGTGTTGTGTCTGAGG	ZMAT2_-_140080084.23-P1
GGTAGTGCCGCCGGGACTCT	SRSF7_+_38978481.23-P1P2
GGTAGTGGCGGAGAGGATCG	MCM2_-_127317301.23-P1P2
GGTATCAAGGAATCCCGGCG	PRMT5_+_23398587.23-P1
GGTATCACCGTGCCCCGGGA	CCNL1_+_156877490.23-P1P2
GGTATCTGGGACGAAAGCTC	RRN3_+_15187953.23-P1P2
GGTATGCGGACGGGGAACTC	non-targeting_02774
GGTATTGGAGCTGAAGGCGG	COG3_-_46039318.23-P1P2
GGTCAAGCAGCGGCCAATCA	KATNB1_-_57769699.23-P1P2
GGTCACCAGGACCCCTTCTG	ALDOA_+_30077139.23-P1P2
GGTCACGTAGGTTCAGTGGG	GUK1_-_228327987.23-P1P2
GGTCACTCACTGGGCCATGG	PGD_+_10459169.23-P1P2
GGTCAGCAAGAAGTTCGTGT	PPP1CA_-_67188663.23-P2
GGTCAGCCGCTGTCTGTTAC	MSTO1_-_155582441.23-P1P2
GGTCAGGGTCCGCCAGCTCG	CEP68_-_65283603.23-P1P2
GGTCAGGTATGTGCAGATGA	WBP11_+_14946647.23-P2
GGTCCAATGGAGCGAGGCGT	SRP9_-_225965515.23-P1P2
GGTCCAGGTAGCTACAGCAG	EXOSC7_-_45017841.23-P1P2
GGTCCAGTTCTCCGGCCTGG	ATRIP_-_48488199.23-P1P2
GGTCCATACGGCGTTGTTCT	RPSA_-_39448255.23-P1P2
GGTCCCAAGTGCTCGGTGGG	TUBB_+_30689505.23-P2
GGTCCCAGCTACCGCGAAGA	FAU_-_64889592.23-P1P2
GGTCCCAGGGTCGGGAGTCA	PGPEP1_-_18451728.23-P1P2
GGTCCCCCTCACGTCCGGCT	CUL3_-_225449997.23-P1P2
GGTCCCCGCCTGCCGCACCA	TKT_+_53289954.23-P1
GGTCCCGCGAGTGAGCAGTG	DHODH_-_72042709.23-P1
GGTCCCGGGTGCTTCCCCTA	NUP107_-_69080973.23-P1P2
GGTCCCGGTCCCGGCGTCAG	CAPZB_-_19811972.23-P1P2
GGTCCCGGTTCCTCTCGAGT	CPSF1_+_145634685.23-P1P2
GGTCCCGTCGCAGACTGTGG	CTU2_+_88772905.23-P1P2
GGTCCGAGCGCGGGAAACGG	NCAPG2_+_158497428.23-P1P2
GGTCCGGGAGCGGCGCTCAG	MEX3A_-_156052213.23-P1P2
GGTCCGTATGACGCTTCTTC	CENPW_+_126661305.23-P1P2
GGTCCTGGCACGCCTCGGAG	STAT5A_-_40440847.23-P1P2
GGTCCTGTCTCTCGAGTTGG	C12orf60_-_14956657.23-P1P2
GGTCCTGTTGCCCAAGAAAA	HIST2H2AC_+_149859102.23-P1P2
GGTCCTTGGACTTAGAGAGT	CYCS_+_25164869.23-P1P2
GGTCCTTGGCCACAGTAAAG	EIF3I_+_32688206.23-P1P2
GGTCGACCTGGGGCCTCTCG	PET117_-_18118759.23-P1P2
GGTCGAGCGGGTGCTGCTAG	ING3_-_120590856.23-P1P2
GGTCGATGCCGGAGTCAGAG	ZNF335_+_44600782.23-P1P2
GGTCGCAAGGCTCTCCCCCA	EXOC7_-_74099399.23-P1P2
GGTCGCAGGAGTAACCTACT	NUP54_+_77069544.23-P1P2
GGTCGCCATGAACAGTGTGG	TRIAP1_+_120884159.23-P1P2
GGTCGCCGCGGAGAAATTGT	MCRS1_+_49961849.23-P1P2
GGTCGCGATACGCTCCTCAG	CNOT3_-_54641691.23-P1P2
GGTCGCGCAGAGCTGACTCT	AAMP_+_219134851.23-P1P2
GGTCGCGCCGGCAAGAGCAG	PFDN2_+_161087778.23-P1P2
GGTCGCGCGAAGGTTCAGCA	GTF3A_-_27998788.23-P1P2
GGTCGCGGGGCGCACATCTG	RPF1_-_84945270.23-P1P2
GGTCGCTGCGGTGTTGCTGT	IK_-_140027453.23-P1
GGTCGCTGGTTGCTACGAGC	PAK1IP1_-_10695248.23-P1P2
GGTCGGACATCGTGAACCCC	PSMD9_+_122326749.23-P1P2
GGTCGGAGGGATCCGAAGGG	CDC7_+_91966607.23-P1P2
GGTCGGAGTTTGAGCCCCGG	PAM16_+_4401248.23-P1P2
GGTCGGCCCGACGCAGGGGG	CIAO1_+_96932066.23-P1P2
GGTCGGCGCCGCGTGCGGGC	PPA1_+_71993121.23-P1P2
GGTCGGCGTGGTCTTGCGAG	EIF3M_-_32605405.23-P1P2
GGTCGGCTGGCGGCGGTGAG	RNF14_-_141348739.23-P1P2
GGTCGGCTGTGTAGACTGTT	TRMT10C_-_101280733.23-P1P2
GGTCGGCTTTTCTACTGCTT	SPATA5_-_123844278.23-P1P2
GGTCGGGACAGGTTGCACGC	MT2A_+_56642522.23-P1P2
GGTCGGGCTAACAAGCGCAG	EIF2B5_-_183853234.23-P1P2
GGTCGGGGCTGGTTCCCTCG	SLC39A10_-_196522142.23-P1P2
GGTCTAAGAAGGAGAGTATG	DCAF6_-_167905955.23-P1P2
GGTCTAGTGCCCATTTACTC	PPY_+_42019795.23-P1P2
GGTCTCAGCTGTTCCGCCTG	GPN2_+_27216709.23-P1P2
GGTCTCCAGCGAAAGAGCAA	PSTK_+_124713944.23-P2
GGTCTCCCGCAGGCCCTCGT	CHCHD4_-_14166123.23-P1P2
GGTCTCCCGGCTAGTCGCCC	PSME2_-_24615835.23-P1P2
GGTCTCCGCCTCGCCCAGAA	CDC16_-_115000772.23-P1P2
GGTCTCGCGATAGCCAGCCG	NDUFA11_+_5903777.23-P1P2
GGTCTCTCTCACCATTATCA	WBP11_-_14946707.23-P2
GGTCTGAGGGGGCTTGTAGG	MNAT1_-_61201531.23-P1P2
GGTCTGCAAACTCCGGTGGT	UTP3_-_71554284.23-P1P2
GGTCTGCAACAGCAACCGTG	BRF2_-_37707367.23-P1P2
GGTCTGCTCAAATCTAGGTG	non-targeting_00652
GGTCTGGCCAGGCTCCGACA	INTS2_-_60004971.23-P1P2
GGTCTGGCGTGGAGAGTTTG	MRPL18_-_160211509.23-P1P2
GGTCTGTGTGTGGGACTGAG	BAP1_+_52443980.23-P1P2
GGTCTTCATCTATCAGCCCA	SLC25A26_-_66119330.23-ENST00000354883.6
GGTCTTGCCGAGGCCCGGGC	DNM2_-_10828821.23-P1P2
GGTCTTTGGTCGGGTTTCGG	STX5_+_62599500.23-P1P2
GGTGAACGAAGAAGGCGTCC	MCM10_-_13203599.23-P1P2
GGTGAACGGCTGCGCGACAG	RPL18A_-_17970722.23-P1P2
GGTGAAGCCGAATGAAATTG	GPKOW_-_48980022.23-P1P2
GGTGAAGTGCGGAAAACCAG	MCM5_-_35796201.23-P1P2
GGTGAATACCCTGACTCCTA	BGLAP_+_156183115.23-P1P2;PMF1-BGLAP_+_156183115.23-P1P2;PMF1_+_156183115.23-P1P2
GGTGACCCGGCGTGGCTACT	MRPL13_+_121457366.23-P1P2
GGTGACGCGGCGCTGCTCCA	CDT1_+_88870237.23-P1P2
GGTGAGAATAGTCATCAGGT	LSM3_+_14220565.23-P1P2
GGTGAGAATTGGCTATATCC	METTL3_+_21979431.23-P1P2
GGTGAGAGCAGCGAGCCCGG	SET_-_131451955.23-P1P2
GGTGAGATCAAGCGAAGAGG	THOC2_-_122866493.23-P1P2
GGTGAGCAGCCGGAGGATCG	USP10_-_84733673.23-P1P2
GGTGAGCGGGCGTCGGGAGT	MEPCE_-_100026461.23-P1P2
GGTGAGGACCCCAGCGTCGT	WDR83OS_+_12780145.23-P1P2
GGTGAGGAGAGGCGCCTGAG	NUMA1_+_71791334.23-ENST00000393695.3
GGTGAGGAGGAGTAGCGCTG	RPL7L1_-_42847842.23-P1P2
GGTGAGGCCCGAGGGCCCGC	FAM32A_-_16296348.23-P1P2
GGTGAGGGCTCTGGCGCCGG	RNF40_-_30773702.23-P1P2
GGTGAGGGGCGGCTTTGAGT	NBEAL1_-_203879821.23-P1P2
GGTGAGTAGGAAACAGCTAG	BET1_-_93633591.23-P1P2
GGTGAGTCGGAGCTCTATGG	EIF4G2_+_10830444.23-P1
GGTGAGTGCGTCAATCACTG	non-targeting_01723
GGTGATAGCCAACAGGAACC	SNX15_-_64781624.23-P1
GGTGATATCCTACGGGATTA	non-targeting_01763
GGTGATTTGGCGGCTCCGAC	KIF11_-_94352939.23-P1P2
GGTGCAAACCCTCCCGATGA	GRB2_-_73401305.23-P1
GGTGCACAGAGGTCCCCGTG	KIAA0947_+_5422874.23-P1P2
GGTGCACGGTGGCCACAGTA	GTF3C2_-_27579430.23-P1P2
GGTGCACGTACTCCCAACTG	POLR2H_-_184081237.23-P1P2
GGTGCAGCCGGCGCATGGGA	POLR2B_+_57845253.23-P1P2
GGTGCAGCGCGACGAAAGGA	non-targeting_00881
GGTGCAGCGCGCTGTCAGAC	EIF2B1_+_124118187.23-P1P2
GGTGCAGCGGGAGATTCACC	BRK1_-_10157427.23-P1P2
GGTGCAGTCCCCGGTACTGA	RBBP4_-_33117042.23-P1P2
GGTGCATACGGCTGCCGGCA	GTPBP4_-_1034422.23-P1P2
GGTGCATGCCGTGGGTCTGA	SEPHS2_+_30457164.23-P1P2
GGTGCCACAGTGGTTCTACA	COPG1_+_128968468.23-P1
GGTGCCCAGACTGGGAAGGA	SIN3A_-_75743934.23-P1
GGTGCCGAGGCGTAGACGGT	non-targeting_01717
GGTGCCGGACCATGGCGCAG	C19orf53_-_13885302.23-P1P2
GGTGCCGTTGCTGAACTAAG	non-targeting_00442
GGTGCCTGACCAGAAGGGTT	RNPC3_+_104068769.23-P1P2
GGTGCCTGCGAAGAGCCACA	LSM7_+_2328574.23-P1P2
GGTGCGCCGGCTGGATGGCT	ACOT12_-_80689897.23-P1P2
GGTGCGGACGCTTTCCCTAC	KIF14_+_200589734.23-P1P2
GGTGCGGCGCGGGATGCTCC	MRPS27_+_71616011.23-P1P2
GGTGCGGGTCCGGGTGAAGC	KLC2_-_66025300.23-P1P2
GGTGCGTCCGCGGCTGATCG	MRPS34_+_1823083.23-P1P2
GGTGCGTGACGCTACTAGGA	non-targeting_03530
GGTGCTCATGCTCGCTGCAG	SAP18_-_21714706.23-P1P2
GGTGCTCCGCCGGGAAGATG	FAM207A_-_46359977.23-P1P2
GGTGCTGCCATCCCAGCCAA	NCL_+_232326465.23-P2
GGTGCTGCCCCTACGGCCCG	non-targeting_01312
GGTGCTGCGCTCCTCTAATT	HMGA1_-_34204692.23-P1P2
GGTGGAAGTAGCAGCCAGGG	SLC4A5_+_74517447.23-P1
GGTGGAGCTCCATAAGCTAA	SARNP_+_56211448.23-P1P2
GGTGGAGGACACAGCAGCAT	PPAN_-_10217074.23-P1P2
GGTGGATCTAGAGCTGAAGA	PFDN1_+_139682624.23-P1P2
GGTGGATTCCCAGGGACTGT	POLR2G_-_62529083.23-P1P2
GGTGGCAGCGCCCTCTCCCG	TPI1_-_6976921.23-P1P2
GGTGGCAGTGGCGGTGATGT	CAMLG_+_134074264.23-P1P2
GGTGGCAGTTACAGCTACTG	ABCF1_+_30539238.23-P1
GGTGGCCTCCGAGCAGCTCA	MRPL15_-_55047812.23-P1P2
GGTGGCGGCGCAGTCTCGGT	VPS72_+_151162601.23-P1P2
GGTGGCGGCGCGGGTGACCA	NAA35_-_88556178.23-P1P2
GGTGGCTGTTGGCTTGGCGG	CCDC144A_-_16593586.23-P1P2
GGTGGGAAGCGATACTGCCA	VPS25_+_40925514.23-P1P2
GGTGGGAGCGCGGGCGACGG	CPSF3_+_9564024.23-P1P2
GGTGGGCTCTGAACCCTGAA	MRPL28_+_420497.23-P1P2
GGTGGGCTGCGGAATTCTCG	BANP_+_87985096.23-P1P2
GGTGGTCCTCCCGTAGGAAC	VPS33A_+_122750997.23-P1P2
GGTGGTCTGGGAACCCACGT	DHX37_+_125473628.23-P1P2
GGTGGTCTTGCGGGAGGCGT	PARS2_+_55230144.23-P1P2
GGTGGTGATACCGGGTACCC	CCDC84_-_118868904.23-P1P2
GGTGGTGCGCTGCCTACTCC	SFPQ_-_35658295.23-P1P2
GGTGGTGGCGGCGACACCGA	RCL1_+_4792990.23-P1P2
GGTGGTTACCAGATCTGCAC	DNTTIP2_+_94344679.23-P1P2
GGTGGTTGCTGTCCGCGGAG	MAD2L1_+_120987919.23-P1P2
GGTGTAAGTGGCCGCGGTCG	RRS1_+_67341681.23-P1P2
GGTGTACAGCGAACCCAAAG	PAK1IP1_+_10695250.23-P1P2
GGTGTCAGTGGCGCTAGCGG	ACTR1A_+_104262449.23-P1P2
GGTGTCTAGGTGAGTCGCGG	HNRNPH1_+_179050622.23-P1P2
GGTGTCTCGAAGATGCTCGA	OTOP1_+_4228580.23-P1P2
GGTGTCTCTAGGGTGATACG	RPL38_-_72199874.23-P1P2
GGTGTCTGCACTACAGCGAA	TRAPPC1_+_7835084.23-P1P2
GGTGTGAGCCCGGCCCGTGG	AHCTF1_+_247094988.23-P1P2
GGTGTGAGCTGCATCGCGGG	SPTSSA_+_34931416.23-P1P2
GGTGTGCTTCGCGACCTGTC	NOP9_+_24769138.23-P1P2
GGTGTGGATTCCGCCGGTGA	EIF2B2_-_75469671.23-P1P2
GGTGTGTGTGAAGCGTACCT	NUDCD3_+_44530211.23-P1P2
GGTGTTAGAGAACGTCGCGG	MIS18BP1_+_45722381.23-P1P2
GGTGTTGCTGCGGAGAGGTG	NEDD1_-_97301083.23-P1P2
GGTGTTGGAGAGACCGCTAC	PSMB5_+_23504053.23-P1P2
GGTTAAACGAAGCCACCCGC	non-targeting_02177
GGTTAGAGCCCGTGCGGAGG	TRA2B_+_185655783.23-P1P2
GGTTAGCCGGGACCCGACTC	CCAR1_-_70481039.23-P1P2
GGTTAGGAAGCCACTATGTC	HIST1H2AE_-_26217209.23-P1P2
GGTTAGGGGTGTACAAGACG	GINS3_+_58426428.23-P1P2
GGTTATCGTGAGGCGGAGCG	HSPA8_+_122933024.23-P1P2
GGTTATTCGGTGAGCGGTGG	PSMA4_-_78832818.23-P1P2
GGTTCAGAGCCCACCGGAAC	MRPL28_-_420527.23-P1P2
GGTTCAGCCAAGGTCACAGA	BANF1_-_65770396.23-P1P2
GGTTCAGCTGTGAACGAAGA	MCM10_-_13203591.23-P1P2
GGTTCCACCATACTCACCCG	EWSR1_+_29664332.23-P1P2
GGTTCCCACTGTCATCGTAC	SEC63_-_108279195.23-P1P2
GGTTCCCGACTCCGGCAAGA	GNB1L_+_19842341.23-P1P2
GGTTCCGTGGGCAAGGCCGT	NUP214_-_134001051.23-P1P2
GGTTCCTGGGAGCGGCGCAG	WDR24_-_740276.23-P1P2
GGTTCGCCCGCTTCCTTTAT	KRT17_-_39780860.23-P1P2
GGTTCGCTTACACGCCGTCC	non-targeting_00210
GGTTCGGATGGCGAAGGATT	RPL6_-_112847347.23-P1P2
GGTTCGTCAGCTCTCACCCC	HDAC3_-_141016238.23-P1P2
GGTTCTCACCGCTGCTATGG	MRPL39_+_26979780.23-P1P2
GGTTCTCCAGGCCTCACCCG	TUBGCP6_-_50683394.23-P1P2
GGTTCTTCAGGATCTCAGGG	DPH1_+_1936832.23-P2
GGTTGCCCAGCCATTAACAC	SLC25A26_-_66119533.23-ENST00000354883.6
GGTTGCGGCGGGGACTTCAG	KAT8_-_31129050.23-P1
GGTTGCGGGGCATAGACGAG	PXN_+_120703483.23-P1P2
GGTTGCTGCAGTGCATTCGG	ZNF284_-_44576326.23-ENST00000421176.3
GGTTGGAGAGCGAGCAGGTA	SRP14_+_40331287.23-P1P2
GGTTGGCCAAGAGCATGTCG	HYPK_-_44093008.23-P1P2
GGTTGGCCCGGTAGGTCCTC	MRPS31_+_41345107.23-P1P2
GGTTGTCCCACTCCTCTCCG	USP8_+_50716821.23-P1P2
GGTTGTGAGCCCGCTATCAG	NELFE_+_31926720.23-P1P2
GGTTGTGAGCCGGGTCGCTG	RNF123_-_49727026.23-P1P2
GGTTGTTTGGGCTGTCCCTG	WDR70_-_37379443.23-P1P2
GGTTTGAATGTGAGGCGGAG	CSE1L_-_47662888.23-P1P2
GGTTTGTGTCGGCTCGGAGG	MYBBP1A_-_4458722.23-P1P2
GTAAAGCGGAAGGCTCCCCG	CENPW_-_126661477.23-P1P2
GTAAAGTAGTATGGAGGCAG	CRLS1_-_5986783.23-P1P2
GTAAATAGCTGTGAAACTAC	TBC1D3_-_36357846.23-ENST00000537432.1
GTAAATGCTTGTTTACATGT	DNAJA1_-_33027087.23-P2
GTAACAAGCCGCGGCAACAG	PPP6C_-_127952026.23-P1P2
GTAACAGCGGCAGGTAGAGA	METTL14_+_119606842.23-P1P2
GTAACATATCAGACGGTCCA	non-targeting_00463
GTAACCGAACTGCAGCGCCC	DAD1_-_23057953.23-P1P2
GTAACCTGGATATAGAACCG	KXD1_-_18669142.23-P1P2
GTAACGCTTGCGTGGGACGG	non-targeting_00739
GTAACGGATCCCGGGCTGAG	ADSL_-_40742737.23-P1P2
GTAACGGGCAGGCTCGGGAG	TPRKB_+_73964387.23-P1P2
GTAACTCCCCGCGGGACCCA	EXOSC2_-_133569408.23-P1P2
GTAACTCGGAGCCGTTGGGT	PTBP1_-_797442.23-P1P2
GTAACTGAATATTGGATACA	OR4K1_-_20403828.23-ENST00000285600.4
GTAAGAGGCGACGCTGGAGC	CHD4_+_6716555.23-P1P2
GTAAGCAGCTCGGAAAGGTC	NUP155_-_37370958.23-P1P2
GTAAGCCGCCCGGGAGAGAA	EEF1G_-_62341383.23-P1P2
GTAAGCTCGTGTAACGGCGG	ERH_+_69864986.23-P1P2
GTAAGGAACTTGGCCTTTCA	NANOG_+_7942378.23-P1P2
GTAAGGCGTGAGGCTACGAG	GEMIN5_+_154317734.23-P1P2
GTAAGTCCCGTCGGGCTCCA	POLR2I_-_36605759.23-P1P2
GTAAGTCGGCCTTCCCAACA	PFDN5_-_53689354.23-P1P2
GTAAGTGAGGGGACGATCCC	CPAMD8_+_17137763.23-ENST00000443236.1
GTAATTCAGAGCGGCGGCGG	CBLN1_+_49315691.23-P1P2
GTACAAGGGGCCCCTACAAG	DDX49_-_19030541.23-P1P2
GTACACGGTTGTGGAGGGTA	RNF103_+_86850932.23-P1P2
GTACAGGACTCACCCCTCCG	SNRNP27_+_70121140.23-P1P2
GTACCAACCCCGGGCACCAT	non-targeting_03114
GTACCAGGCGACTCCGGGAC	RRP1_-_45209489.23-P1P2
GTACCCACAGAGGCCCGCCG	HUS1_+_48019133.23-P1P2
GTACCCACGAGTCCCCGGCA	RPE_+_210867340.23-P1P2
GTACCCAGAGCAGAGGGTGA	BRCA1_-_41277311.23-P1P2
GTACCCCTAGTCAGGGAGAG	USP37_-_219433042.23-P1P2
GTACCCGCGGGCTGCAGAGA	POLR3E_+_22308794.23-P1P2
GTACCCGGCTTATTATTCCG	CDK1_+_62538309.23-P1P2
GTACCGAGAAGGCTAGGGAT	INTS5_-_62420595.23-P1P2
GTACCGCGGCGACACAACCC	CTDP1_+_77439863.23-P1P2
GTACCGGAGGAGAAAGATGG	PSMB6_-_4699495.23-P1
GTACCGGCTGCGGGCGATTC	MRPL34_+_17416659.23-P1P2
GTACCTGGGGATCTCACCCG	NCAPD2_+_6603301.23-P1P2
GTACGCACCTGAGGCTCTCC	KIF4A_+_69510413.23-P1P2
GTACGCGCACCGGAAGACGG	RPS4X_+_71497070.23-P1P2
GTACGGAAGAACCAGGAGTT	FCF1_-_75179892.23-P1P2
GTACGGAGCCCCCGAAAGAC	SEC61B_+_101984577.23-P1P2
GTACGGCATGGCGCACTGCG	non-targeting_01040
GTACGTGCGACTGTGGGGAG	LONP1_+_5720103.23-P1P2
GTACTTAAGGCGTCTGTTCT	EIF4A3_+_78120934.23-P1P2
GTAGAAACCGCGGCGATACT	WDR46_+_33256771.23-P1P2
GTAGACACGCTGAAGGGACT	WDR36_-_110428101.23-P1P2
GTAGACGTGCAAAAGCCGCA	non-targeting_00091
GTAGACTCCGGACCCGCCAG	NUFIP1_+_45563572.23-P1P2
GTAGAGCCGCTCTCTCTCAC	CDCA8_-_38158209.23-P1P2
GTAGATGCTGGCGAAGGCCA	TKT_-_53269130.23-P2
GTAGCACTACTGCGCAACGA	RBMX_-_135962885.23-P1P2
GTAGCAGGCGGGGACCGAAC	MKRN1_+_140179259.23-P1P2
GTAGCAGTTTTAGAGCTAAT	PMPCB_-_102941127.23-P2
GTAGCATTTATAACAATTAT	RPS3_+_75111893.23-P2
GTAGCCAATAGGAGCCGCGC	HMGB1_+_31040082.23-P1
GTAGCCATCGGTGTGTGGCA	BDP1_-_70751510.23-P1P2
GTAGCCGGTCAGACAAGCAC	CHTOP_-_153606538.23-P1P2
GTAGCCTGCGAGTGTTCTGA	BUB3_-_124913930.23-P1P2
GTAGCCTTCGCGGGGCAAAA	TMEM258_+_61560026.23-P1P2
GTAGCGGCCGTGGAGGAGGT	GLRX3_-_131934733.23-P1P2
GTAGCTCCGACCGGCTGAGG	HNRNPK_+_86595098.23-P1P2
GTAGCTCGGACGGCAAGCGG	PLK4_-_128802078.23-P1P2
GTAGCTGCAGACATAGTACC	PPWD1_-_64859355.23-P1P2
GTAGCTGCTGGGAGAACCAG	ATL2_+_38604046.23-P1P2
GTAGCTGGGAAACCTCGTTA	DDX54_-_113599205.23-P2
GTAGCTGTAGCTTCCGAATT	RBM22_-_150080586.23-P1P2
GTAGCTTTGGCCAGGTTCTT	TACC3_+_1725283.23-P2
GTAGGACCCAACACAAGGAA	OR1D2_-_2995858.23-ENST00000331459.1
GTAGGACGGTGCCCCGAGAG	RBM4_-_66406629.23-P2
GTAGGCCAGGATCTCTAGGC	RBMXL1_-_89458434.23-P1P2
GTAGGCGGCATAAGAGGAGT	TSR2_-_54467042.23-P1P2
GTAGGCGGCGGCGGTCCCGA	YKT6_-_44240662.23-P1P2
GTAGGCGGCGGTGGCTGAGA	TMED2_-_124069104.23-P1P2
GTAGGCGGGAGGCGAGGTGA	CTBP2_-_126849603.23-P1P2
GTAGGCTCCAAGGAAGCCAA	EXOC4_+_132937814.23-P1P2
GTAGGCTCCGGCGTCTGCAG	TRAPPC3_+_36615028.23-P1P2
GTAGGGACAGAACCTTCCCA	SSX4_-_48242891.23-ENST00000376886.2
GTAGGGCCGCCACTCACTGT	FARSB_-_223520739.23-P1P2
GTAGGGCTCACTGGGTCTGT	GSDMA_+_38119266.23-P1P2
GTAGGGCTGGGAGAATCGGA	PPP1R11_-_30035402.23-P1P2
GTAGGGTCTCCCGAAGAACA	SKP1_-_133512401.23-P1P2
GTAGGGTTGCGAGGGGTGCC	non-targeting_00410
GTAGGTCAGGGATCAGGGAC	LST1_+_31555054.23-P2
GTAGTACGGTCTTGAAATGG	OGT_+_70752948.23-P1P2
GTAGTACTGCCGGTTGGTCA	TRAPPC8_+_29523066.23-P1P2
GTAGTCGGCTGCAATGGCGC	CCDC59_+_82752145.23-P1P2
GTAGTCTCAGACCAGACCAC	NDOR1_-_140100218.23-P1P2
GTAGTGACTAGCGAGAAGTT	TMA16_+_164416208.23-P1P2
GTAGTGAGCCGCCTGCCAAC	non-targeting_00620
GTAGTTTGTAGCGGACAACA	MRPS14_+_174992540.23-P1P2
GTATAATGCGAGGGTCTGGA	MYC_-_128748308.23-P1P2
GTATAGAGGCCCGTCCTCTG	ZNF253_-_19976741.23-P1P2
GTATCCAGCAGCTGGGTCTG	GSDMA_+_38119296.23-P1P2
GTATCCCGCGGGCCAAGGGG	MRPL20_+_1342447.23-P1P2
GTATCCGCCCGGGTGACCTT	SDHA_+_218895.23-P1P2
GTATCTATTAGTGAGTATAT	TAF1D_-_93471390.23-P2
GTATCTTCAGACAGCCAAGG	RPS24_+_79793627.23-P1P2
GTATGACAAAGGAGGAGAAC	DNAJA1_-_33026888.23-P2
GTATGAGAAATACGCGCGGC	non-targeting_00358
GTATGGCCGAGGCCAGGAAG	TCOF1_-_149737329.23-P1P2
GTATGGCGACACCCAGCCTG	CHCHD1_-_75541853.23-P1P2
GTATGGCGGGCGTAGAGCGT	non-targeting_01406
GTATTAGCAAGCAGCAAATA	CEP97_-_101443523.23-P1P2
GTATTCTCCGAGCTTCGCAA	RPS25_+_118888990.23-P1P2
GTATTGTTCGAATAGACCTG	SPCS3_-_177242377.23-P2
GTCAAAGCTGGTGGTCCCTA	ALG13_+_110924465.23-P1P2
GTCAAGACGCTACCTTCCTG	OGFOD1_+_56485469.23-P1P2
GTCAAGCCGCGCGGGAAACT	UNC45A_+_91473462.23-P2
GTCAAGTGAGTGTTGGCGGG	EXOSC8_-_37574976.23-P1P2
GTCACAACCAGGGCACACGG	USP9X_+_40945320.23-P1P2
GTCACACGTGGCGCCAGCGG	GNL3_-_52720071.23-P1P2
GTCACCCGCAGCGCCTGAAG	ACIN1_-_23564284.23-P1
GTCACCCGGCAGACTCCGGA	SGPP1_+_64194760.23-P1P2
GTCACCCGTTAAATATTGAA	non-targeting_00959
GTCACCGGGAGGAGATAACG	DCUN1D5_-_102962856.23-P1P2
GTCACCTGGCACCGGCTGAA	VPS18_-_41186699.23-P1P2
GTCACGGAGCGCCCGAGGGA	PSMG3_+_1610222.23-P2
GTCACGGCCACTTCCGACCA	PNKP_-_50370765.23-P1P2
GTCACGGGAGTCCTCCGCCC	PKMYT1_+_3030402.23-P1P2
GTCACTAGTCACGAAGGCTG	HARS2_+_140071077.23-P1P2
GTCACTGGCACCAACTACTC	RCOR1_+_103058974.23-P1P2
GTCACTGTAGGTGCGGCCCA	FARSB_-_223520751.23-P1P2
GTCAGACAAGTCGGAGGGGA	SPCS2_-_74660310.23-P1P2
GTCAGAGGAACCAGAATTGC	OR7A10_+_14952616.23-ENST00000248058.1
GTCAGATCTGAGGCGAGGCT	TPX2_-_30327150.23-P1P2
GTCAGCAGATCTCTGCCATG	SLC4A5_+_74590462.23-P2
GTCAGCAGCAGCGAGATGGA	COG3_+_46039129.23-P1P2
GTCAGCCGCCGCAGCCATCT	SEC16A_-_139377484.23-P1P2
GTCAGCCGCGGAGTGAGCGA	PRRC2A_-_31588521.23-P1P2
GTCAGCCTCACCCTTTCCCG	NUP205_-_135242651.23-P1P2
GTCAGCGCCCGGGGTCGGAG	RPP14_+_58292248.23-P1P2
GTCAGCTCGGCCGGGCTCGT	CTPS1_-_41445838.23-P1P2
GTCAGCTGCGCCAACGACTC	KIAA0391_+_35591884.23-P1P2
GTCAGGATGTAAAAGACGAA	KAT8_+_31141409.23-P2
GTCAGGCCGGCCATGAGACC	RBM28_-_127983855.23-P1P2
GTCAGGCCGGCTCTCCTGCG	SACM1L_-_45730829.23-P1P2
GTCAGGGCAGTTTCTACCGC	RAE1_-_55926344.23-P1P2
GTCAGGGGTGCTAACATGGA	non-targeting_01019
GTCAGGTGCGGACTCGGGGT	RPS11_-_49999745.23-P1P2
GTCAGTCCGTCGGGAGGGCT	SRCAP_-_30710513.23-P1P2
GTCAGTGGCCCGGTCAGTGG	CCT3_-_156307863.23-P1P2
GTCAGTTGTCTGCTACTCAG	ILF2_+_153643443.23-P1P2
GTCATAATCAAGGAGTATGG	DPY19L2_-_64062190.23-P1P2
GTCATCAGCGGGATAAGACA	EIF3L_+_38245454.23-P1P2
GTCATGCAGGCGGCCAGGTG	ANKS6_+_101558408.23-P1P2
GTCATGGACGAGGACTACTA	NELFCD_-_57556383.23-P1P2
GTCATTGCCCCAGTAGAGTC	CHCHD2_-_56174016.23-P1P2
GTCCAAACCCGGACTGAGAG	KCTD10_-_109915112.23-P1P2
GTCCAACAGGCAGGCTCCAC	SMNDC1_-_112064253.23-P1P2
GTCCAAGTATCCAGCCTTGG	non-targeting_02053
GTCCAATTGGGGCCGTACCA	DCTN6_-_30013902.23-P1P2
GTCCACGCCCGGCTTCCCCA	CCDC78_-_776428.23-P1P2
GTCCACGGCGCAGTCAGTCC	THOC3_-_175395273.23-P1P2
GTCCACGGGAAAACCCGCAA	CDK7_+_68530926.23-P1P2
GTCCACTTGCACCACCGCGG	COASY_+_40714195.23-P1P2
GTCCAGTGTTGGCCCTATGT	non-targeting_03116
GTCCATCTGTAAGAGCTCCT	DNAJC17_-_41099633.23-P1P2
GTCCCACAGACGGTAAGAGC	LIN52_-_74551706.23-P1P2
GTCCCACCAGTCCAACTGCG	EIF1AD_-_65769584.23-P1P2
GTCCCAGCGCGCGGCCCGAA	DDX54_+_113623252.23-P1
GTCCCAGGAGGGAGAAACGA	ACTR3_+_114648069.23-P1P2
GTCCCAGGCGTCCGCCATCA	UFL1_+_96969744.23-P1P2
GTCCCAGTCCGGGCAAGAGG	UBE2H_+_129592365.23-P1P2
GTCCCCACGGCTACACCCAG	ACD_-_67694143.23-P1P2
GTCCCCCAGAGCAGCCGAGT	ZCCHC9_+_80597457.23-P1P2
GTCCCCGATAAGGTCTACCT	PRELID1_+_176731181.23-P1P2
GTCCCCGCTCCCGCACTCAC	MTG2_+_60758110.23-P1P2
GTCCCCGGCAAACTCCTCCC	ABCF1_+_30539469.23-P1
GTCCCCGGCCCTGAGAGGAG	MFN2_-_12040716.23-P1
GTCCCCGGGTCGATCCTCTG	ELP6_-_47554896.23-P1P2
GTCCCCTCTCAACCCTCTGG	PPIL1_-_36842357.23-P1P2
GTCCCGCAGAAGCTCCGGAT	SKA3_-_21750609.23-P1P2
GTCCCGCCACCCGGGAACAG	PRIM2_-_57182458.23-P1P2
GTCCCGCCTGAGTCGTCTGT	TOE1_+_45805889.23-P1P2
GTCCCGCGACTAGAAGTGTG	GABPA_+_27107761.23-P1P2
GTCCCGCTCGGAAGGTGAGT	GLI4_-_144349662.23-P1P2
GTCCCGGCGCCACTCGGCCC	TFDP1_-_114239078.23-P1P2
GTCCCGTTGAGAGAGGACAC	non-targeting_00081
GTCCCTCCGGAAGACCCCGG	HIRA_-_19435159.23-P1
GTCCCTCGGCATCGCTCCTC	TUBG1_+_40761744.23-P1P2
GTCCCTGCGAGGATCAAAGT	RBM48_-_92158122.23-P1P2
GTCCCTGGAGTCGGTACTGG	BORA_-_73302125.23-P1P2
GTCCCTGGGCGGCCTTGGGG	GIT2_+_110433842.23-P1P2
GTCCCTTCGCGAAAGAGCAC	MNAT1_+_61201445.23-P1P2
GTCCCTTTCCCCAGTAGTTT	IFITM3_-_320890.23-P1P2
GTCCGAAACCCAGCCCACGT	DHX37_-_125473637.23-P1P2
GTCCGAGAATGAAGAGTAAG	POP4_-_30097239.23-P1P2
GTCCGAGACTCTCCGACCTG	NUP54_+_77069376.23-P1P2
GTCCGAGGCTGACTACCCTG	WDR55_-_140044470.23-P1P2
GTCCGCCGACCCCCGAACTC	ALG11_+_52586530.23-P1P2
GTCCGCCGCCGGCTTCGCTA	PPIL1_+_36842544.23-P1P2
GTCCGCCGGATAGTCCCAAA	non-targeting_03470
GTCCGCGAGATCTTCGGTGG	CCNH_+_86708689.23-P1P2
GTCCGCGGAGCGACGACCGG	XRN1_+_142166856.23-P1P2
GTCCGCGTGGTTCGTTGTGG	WDR75_-_190306258.23-P1P2
GTCCGCGTGTGTGAGTACCG	PDCD11_-_105156445.23-P1P2
GTCCGCTGCGAAAGATGCTA	SNRPD3_+_24951988.23-P1P2
GTCCGCTGCGGCACACGGTC	MCM3_-_52149307.23-P1P2
GTCCGGACCCGCCAGTGGTA	NUFIP1_+_45563567.23-P1P2
GTCCGGAGATGGTCTGAGGT	HINFP_-_118992315.23-P1P2
GTCCGGAGCCGCACAAACCA	FBL_+_40336946.23-P1P2
GTCCGGATCCTGTTAGACAC	TTI2_+_33370618.23-P1P2
GTCCGGCAGTGACAGCAGTG	BOP1_+_145512867.23-P2
GTCCGGCCCCCAGTGCGTCT	TPRKB_-_73964451.23-P1P2
GTCCGGCGAAGTTAAACCCT	DPH3_+_16306434.23-P1P2
GTCCGGCGCTTGGGCCAGAG	DIMT1_+_61699702.23-P1P2
GTCCGGCGGGACCTGCTCGG	RPN2_-_35807757.23-P1P2
GTCCGGCTCGGTAAAGATGG	RBM19_+_114404111.23-P1P2
GTCCGGGACGTGGAGACCCG	SNF8_+_47022133.23-P1P2
GTCCGGGTTGTCACTCTCTC	ZC3H8_+_113012608.23-P1P2
GTCCGGTACCGGGGCTGGAA	RPS10-NUDT3_-_34393845.23-P1P2;RPS10_-_34393845.23-P1P2
GTCCGGTCTCTGGCCCATTA	XAB2_-_7694239.23-P1P2
GTCCGGTGGCCGGCTTAGTT	PHF5A_+_41864661.23-P1P2
GTCCTACGGTGGAAAAACAG	MRPL53_-_74699616.23-P1P2
GTCCTAGTTCCAGTACAGCG	NOP58_-_203130504.23-P1P2
GTCCTCAGAATGGCGGGCAC	BCAS2_+_115124198.23-P1P2
GTCCTCCACCTTTGACGCTG	GAPDH_-_6647118.23-P2
GTCCTCCCGGCGGGTAAGGG	EDC4_-_67907370.23-P1P2
GTCCTCGAGGGCCTCACCAC	PIK3R4_-_130465552.23-P1P2
GTCCTCGCCGGTGGACACTG	DCUN1D5_-_102962827.23-P1P2
GTCCTCGGTTCCCAGTGTTC	GTF2F2_-_45694663.23-P1P2
GTCCTGACAGGCTAAGGCGC	TUBGCP3_-_113242418.23-P1P2
GTCCTGACTCAAAAACGCTA	NPM3_-_103543124.23-P1P2
GTCCTGAGCCGATTACAGCT	MRPL16_+_59578213.23-P1P2
GTCCTGAGCGCTTGGGAGTT	NXF1_+_62572883.23-P1
GTCCTGCGAGCGAGGAGCGC	MYBL2_-_42295783.23-P1P2
GTCCTGCTGCGGAGCCCCAG	EIF2B1_-_124118132.23-P1P2
GTCCTGGCTCGGGAGATGGA	RPUSD3_+_9885666.23-P1P2
GTCCTGTCTCAGGTTGAGGT	MFN2_+_12042061.23-P2
GTCCTGTTCTTTCCAAAAAC	SPDYE2_-_102196628.23-ENST00000341656.4
GTCCTTTCAGCGGAGCGCGG	RPS3_-_75110586.23-P1
GTCCTTTCCAGCCCCGGTAC	RPS10_+_34393825.23-P1P2
GTCGAAAGCGGAGTGAAAGA	PPP4C_-_30087373.23-P1P2
GTCGAACACACAGACGGAAC	SF3B1_-_198299753.23-P1P2
GTCGAAGCAAAAGACACTGA	RNF113A_-_119005686.23-P1P2
GTCGAAGTAAGAGTGTGCAA	HIST2H2BF_+_149783484.23-P1P2
GTCGAGCGGTAAATACTCCC	NCAPG_-_17812596.23-P1P2
GTCGAGGTCGGGCTTGGGAA	AURKAIP1_+_1310516.23-P1P2
GTCGAGTCAAGAACCCCGGG	TSR1_-_2241066.23-P2
GTCGATGCAGGAGGGCGGAC	SRF_+_43139367.23-P1P2
GTCGCAATGGTAAGCTTCAG	RPS25_+_118888977.23-P1P2
GTCGCACAGCGCGGACATCC	INTS5_-_62420725.23-P1P2
GTCGCACCGAGGAGGCGGCT	PRKRIP1_+_102036866.23-P1
GTCGCAGCAGTTACTCACCA	RNF20_+_104296191.23-P1P2
GTCGCAGCCGCTCTCCACGG	SNRNP27_-_70121148.23-P1P2
GTCGCAGCGCGCAGCCACGG	GPS1_+_80010011.23-P1P2
GTCGCAGCTGCGGGTGAACG	KRI1_+_10676632.23-P1P2
GTCGCAGGCAGCGCGGTCGG	MCMBP_+_121632370.23-P1P2
GTCGCAGGCCGGAGGGAAGA	MRPL38_+_73900952.23-P1P2
GTCGCAGTAGGAGTCGAGAT	PNISR_+_99848916.23-P2
GTCGCCAGCCATTCCTGAGG	RBM14_-_66384112.23-P1P2;RBM4_-_66384112.23-P1
GTCGCCAGCGGCTTCAACTG	NUP153_+_17707004.23-P1P2
GTCGCCATGGCTAAGGCCGA	MZT1_-_73301754.23-P1P2
GTCGCCATGGGGCGAGGCAG	HGS_-_79651112.23-P1P2
GTCGCCCCGCGCCGCTCCAG	RAB6A_+_73472126.23-P1P2
GTCGCCCGCAGCCGGTACTG	MRPL34_-_17416686.23-P1P2
GTCGCCGGCAGCGCAGGACA	PSMA7_+_60718471.23-P1P2
GTCGCCGGCTCAATACTCCG	CPOX_+_98312416.23-P1P2
GTCGCCTACGACAGCAGCAG	CDC73_+_193091167.23-P1P2
GTCGCCTCCGAAGCTGTCAG	COG4_+_70557397.23-P1P2
GTCGCCTGTCTCCGTCGGAA	SNRNP35_-_123942744.23-P1P2
GTCGCGGCTGAATCTCTCGC	EXOSC3_+_37785000.23-P1P2
GTCGCGGGCTTGGGGCCATC	WDR54_-_74649047.23-P1P2
GTCGCGGTAAAGACAGACCC	non-targeting_02990
GTCGCTCGCGCTGGAAGAAG	C14orf178_+_78227476.23-P1P2
GTCGCTGCAGCGATCTCCCA	MRPL17_+_6704492.23-P1P2
GTCGCTGCTCCCGGAGTAGT	RCOR1_-_103058986.23-P1P2
GTCGCTGGGCCGCGGCTCCC	SLC7A5_+_87903056.23-P1P2
GTCGGACACGAACATAGCCA	CDC45_+_19467483.23-P1P2
GTCGGACGAGCGCCCCACTG	RBBP6_+_24550884.23-P1P2
GTCGGAGAGGCATCTGGGTT	RIOK2_+_96518907.23-P1P2
GTCGGAGGCGGTAGTGACGG	SHFM1_+_96339147.23-P1P2
GTCGGCAAGACGCCCGCTCC	DNM2_+_10828788.23-P1P2
GTCGGCAGGGTCGGCGGCGT	U2AF1_+_44527641.23-P1P2
GTCGGCCCCAGACTAAACCC	PSMA6_+_35761833.23-P1P2
GTCGGCGAGTAGAACCGCTG	PARN_+_14724027.23-P1P2
GTCGGCGGCGCGTTCCTCCA	SERBP1_-_67896013.23-P1P2
GTCGGCGTAGGAAATCCAGG	non-targeting_02278
GTCGGCTCCTGTGTGTAGGA	LUC7L3_-_48796990.23-P1P2
GTCGGCTGGGACGCTTCGGT	DDX47_+_12966328.23-P1P2
GTCGGCTGGGAGCCTCGTGG	WDR3_-_118472399.23-P1P2
GTCGGCTTAATCGGAACCAT	DDX27_-_47836019.23-P1P2
GTCGGGAGCCTTAGCAGCAG	DDX20_-_112298588.23-P1P2
GTCGGGCCCAGCGACCCCAG	METAP2_+_95868341.23-P1P2
GTCGGGCCGAGTGACCGAAG	PRPF8_+_1588005.23-P1P2
GTCGGGCGCAGCGCACACTG	GJA3_+_20735180.23-P1P2
GTCGGGTCACATAGGCTCAG	URB1_+_33764965.23-P1P2
GTCGGTGAGTGTGGCGGAGA	MYBBP1A_+_4458615.23-P1P2
GTCGGTGGGTACTGTCGCGG	POP1_-_99129576.23-P1P2
GTCGTCCTCCCCGGGAACAG	HDAC7_-_48213211.23-P1P2
GTCGTCGGCCGCGCCCTCTC	COX17_-_119396037.23-P1P2
GTCGTCTGAAGAGTCCCATG	OR2T5_+_248651939.23-ENST00000366473.2
GTCGTGAGTGATGGCGTCCC	MARS_-_57881904.23-P1P2
GTCGTGGGGCGCCTGGAGTG	LSM6_-_147096941.23-P1P2
GTCGTGGGTGCCGGAAGTGG	EDC4_-_67906984.23-P1P2
GTCTAATAAGTCAGGACTGG	MFN2_-_12042038.23-P2
GTCTAGAGCGGTGGTGAAAC	CWC25_+_36981555.23-P1P2
GTCTAGGGGCAATGTCTGAG	POLR2F_-_38349919.23-P1P2
GTCTCAAAGAACACTTACCG	LCE1C_-_152779080.23-P1P2
GTCTCACGGGAGAAACACCG	COX6C_-_100905522.23-P1P2
GTCTCAGACGGGGAGACTCT	HLA-C_-_31239308.23-P1P2
GTCTCCACGGCGCAGGCCCA	NRF1_-_129251646.23-P1P2
GTCTCCCCCGTTTCTCACCC	ISCA2_+_74960428.23-P1P2
GTCTCCTCCGGGACGCTGAG	GINS2_+_85722546.23-P1P2
GTCTCCTGGTCAAAGAGGCT	TBC1D28_+_18545467.23-ENST00000345096.4
GTCTCGCTGCAGTCGGAGTA	ZNF492_-_22817155.23-P1P2
GTCTCGGTAAGCTAAGAACG	RPL36AL_+_50087262.23-P1P2
GTCTGACGTGCCGGGCGGGA	SRBD1_+_45838356.23-P1P2
GTCTGACTCTCCGTCCACCA	non-targeting_02459
GTCTGAGAAGCCGGACTACG	RTCB_+_32808194.23-P1P2
GTCTGCCCGGATGGAAGCTC	WBP1_-_74685599.23-P1P2
GTCTGCCGGCCGGTAGTCCC	CPSF2_-_92588375.23-P1P2
GTCTGCCTGCGGGGACTCCA	CWC22_-_180871781.23-P1P2
GTCTGCGAGACCGACTTGGA	PREB_+_27357474.23-P1P2
GTCTGCGCGGCGAGGAGGAG	MCMBP_-_121632467.23-P1P2
GTCTGCTACCGTGACTAAGA	PSMB4_-_151372066.23-P1P2
GTCTGGAAAGACCCGCCCAG	SNW1_+_78227503.23-P1
GTCTGGAGGCCGAGCTGACC	GFER_-_2034199.23-P1P2
GTCTGGCGCTTCACCACCGG	PPP1R12A_-_80328635.23-P1P2
GTCTGGCTGGTCGCACCCGG	MRPL39_+_26979728.23-P1P2
GTCTGGGCCCGCAGTTGAAG	MKRN1_+_140179306.23-P1P2
GTCTGGGCTGCCAACATGGT	RPL27A_-_8704367.23-P1P2
GTCTGGGGAGAATGTGAGTC	HLA-C_-_31239876.23-P1P2
GTCTGTAGCTCCATAATCAA	VPS41_+_38969081.23-P2
GTCTGTGAGGCGCAGAGGTG	GTF2H2_+_70363440.23-ENST00000274400.5-ENST00000330280.7
GTCTTAAGTTCGTACCTCCA	EEF1B2_+_207024400.23-P1P2
GTCTTAGAGATAAGACATAG	TBC1D28_+_18547665.23-ENST00000405044.1
GTCTTCCAGAGCGGATATCT	KRT10_-_38975915.23-P2
GTCTTCGCGCGGAAGGTCAC	non-targeting_03351
GTCTTGACCGTATAGATAAT	HIST1H2AI_-_27775977.23-ENST00000358739.3
GTCTTTGGGCGGCTTCTCCT	CHMP3_-_86790451.23-P1P2
GTGAAACCGGGAGAGAGCAG	HMGA1_+_34204957.23-P1P2
GTGAAACCTCCCGACAAAGG	PPP2R3C_+_35590978.23-P1P2
GTGAACCCAGTTGGCGGGAG	MASTL_-_27444305.23-P1P2
GTGAACGCGGCCCTCTGTAA	TCERG1_-_145826915.23-P1P2
GTGAAGAGGAAGACGATCAA	RPL15_+_23958699.23-P1P2
GTGAAGCCGGGAAACAGCCC	GOLT1B_+_21654765.23-P1P2
GTGAAGCGCGCACATTGAGT	SPATA5_-_123844261.23-P1P2
GTGAAGCGCGGGGCGCTCCA	YBX1_+_43148871.23-P1P2
GTGAAGCGGGTCCCGCACCA	ATP6V1H_-_54755777.23-P1P2
GTGAAGGGGGACGTGAGCCA	KRTAP4-7_+_39240934.23-ENST00000391417.4
GTGAAGTGTGATGAGGGCAA	SPCS2_+_74660597.23-P1P2
GTGAATGTGAGGCGGAGCGG	CSE1L_-_47662891.23-P1P2
GTGACAGGGACACAACATGG	MOK_+_102771458.23-P1P2
GTGACCAGCTGCGCATACCG	GPN3_-_110906004.23-P1P2
GTGACCAGTTGGCGACATGG	ELP2_-_33709902.23-P1P2
GTGACGAGGACGGGCATCCG	USP9X_-_40944738.23-P1P2
GTGACGGACCAGAGCAGGTA	PSMC5_-_61904879.23-P1P2
GTGACGGCCGCCAAGAAGCA	CHMP4B_-_32399446.23-P1P2
GTGACGGGACGAGATGGTCC	RTTN_+_67872884.23-P1P2
GTGACGTGAGGAGTGCGGAG	WBP11_+_14956413.23-P1
GTGACTCGAGAGCCGGCTAT	DHPS_+_12792583.23-P1P2
GTGACTGGGGGAACCGACAG	BPTF_+_65821601.23-P1P2
GTGAGACCAGTGGACCAGAG	HYPK_-_44092879.23-P1P2
GTGAGAGCGCGACCACAGTT	POLR2H_+_184081227.23-P1P2
GTGAGCAGAGGTTTTACCTG	HSPA8_-_122932776.23-P1P2
GTGAGCCACGCCCGGGCTGT	SAP30BP_-_73663445.23-P1P2
GTGAGCCCCGCACCCGAGTT	RAD21_-_117886366.23-P1P2
GTGAGCCGCAACCTTTCCAA	SLC25A3_-_98987489.23-P1P2
GTGAGCGAAGGGAATCAGGG	non-targeting_03681
GTGAGCTCCAAGTAGACCAG	SSBP3_+_54872057.23-P1P2
GTGAGCTTGCCACATCCCCA	GATA1_-_48645022.23-P1P2
GTGAGGAAGACGCGGTCGTA	RPS20_+_56987038.23-P1P2
GTGAGGAAGCGAGGAGGCGT	SRRM2_-_2802723.23-P1P2
GTGAGGACAGTGGGAAACCT	PPIE_+_40204766.23-P1P2
GTGAGGACTCAGCGAAGGGT	RBM17_-_6131053.23-P1P2
GTGAGGAGGTCCGGGCAGGT	COPG1_-_128984639.23-P2
GTGAGGCCCGAGCTCGTTGT	TOR2A_-_130497575.23-P1P2
GTGAGGCCTTCACGAAGCGG	U2AF2_-_56165795.23-P1P2
GTGAGGCTATCAGATCGGTA	MRPL37_-_54665919.23-P1P2
GTGAGGCTCGGAGTCGCCGG	FASTKD5_+_3140485.23-P1P2
GTGAGGGCCCGGTTAGTTAG	HNRNPC_-_21737369.23-P1P2
GTGAGGGCCGCACAGGTAGA	ATP6V1H_-_54755805.23-P1P2
GTGAGGTCCGAGGAAGACAG	BYSL_-_41889603.23-P1P2
GTGAGGTGGCCGGTTTGTTA	BUB1B_-_40453297.23-P1P2
GTGAGGTGTAAGCCCTGAGG	CCT3_+_156308067.23-P1P2
GTGAGTAGAGGGCCGAAGAG	SRRT_+_100472814.23-P1P2
GTGAGTCCCAGTGGGCCACC	DCTN5_-_23652764.23-P1P2
GTGAGTGACCCACCGACTGA	CCNK_-_99947838.23-P1
GTGAGTGAGCTGTAGTTCCG	RPL7A_-_136215123.23-P1P2
GTGAGTGCCCGATCCCGCCG	PNPT1_-_55920888.23-P1P2
GTGAGTGGCGGGCCAGGGTG	NUBP2_-_1833059.23-P1P2
GTGATTCGCAATGCACGGTT	non-targeting_03063
GTGCACGCTGGAACCATGTG	WDR74_+_62607006.23-P1
GTGCACTGGTCCCCAACCGC	PPA2_-_106395156.23-P1P2
GTGCAGACGACGGAGATACG	PTPN23_+_47422702.23-P1P2
GTGCAGAGCCCCGGTACTTA	UBA3_-_69129485.23-P1P2
GTGCAGCGGCTTCGGAAGGT	NFS1_+_34287226.23-P1P2
GTGCAGCGGGCCCTTGGCGG	AARS_+_70323362.23-P1P2
GTGCAGCTGAGGTACAGCGG	DDX24_+_94547517.23-P1P2
GTGCAGGCAAGAGTGCTGGA	NEDD8_+_24701539.23-P1P2
GTGCAGTCCTGCTCCGCCTA	THAP1_+_42698211.23-P1P2
GTGCCAAGCCGGAGAAGAAT	ABCF1_-_30546344.23-P2
GTGCCCAGCTTGACAGCTAA	USP5_+_6966012.23-P2
GTGCCCCGGGGGACCAACTC	CDC5L_+_44355934.23-P1P2
GTGCCCGGAGGAATCTGCCA	CARS_-_3078598.23-P1P2
GTGCCGGGGCGGCGATCTTA	VARS_+_31763457.23-P1P2
GTGCCGGTAAGTAGAAGCTT	RPL27_-_41150504.23-P1P2
GTGCCTGGAGCGAGCAGACG	PSMA6_-_35761832.23-P1P2
GTGCCTTGGAACGCAACGCA	SNRPG_-_70520827.23-P1P2
GTGCGAAGAGTATCGAAGAG	CWF19L2_+_107328479.23-P1P2
GTGCGACGTTACGTCAAGGA	non-targeting_03168
GTGCGCAGCGCTGAGTGTCG	MCM3AP_+_47706142.23-P1P2
GTGCGCCAGGAGCACTTCCG	CHTF8_-_69166513.23-P1P2
GTGCGCCAGGGCTACATCCG	CD2BP2_-_30366596.23-P1P2
GTGCGCCGACAGCCCTCTGG	CCND1_+_69455918.23-P1
GTGCGCCTCGGGGCGAGCAG	EXOSC9_-_122722508.23-P1P2
GTGCGCGGTAAGAAGCTGCG	ZCCHC9_-_80597504.23-P1P2
GTGCGCGGTGAGGAAGACCA	MRPL20_-_1342598.23-P1P2
GTGCGCTGCCGCAACGAATA	RNF168_+_196230600.23-P1P2
GTGCGGACCGGGCCGGGTAC	SMARCB1_+_24129228.23-P1
GTGCGGATACTACCTCAAGG	TTC27_+_32853190.23-P1P2
GTGCGGCCAGTCGGCAACTG	non-targeting_03674
GTGCGGCCGTCGGGGATCTG	ESPN_+_6484906.23-P1
GTGCGGCTCGGCGGAGAGTG	UPF3A_-_115047112.23-P1P2
GTGCGGGGACGTTCGAGCAA	LRPPRC_+_44223082.23-P1P2
GTGCGGGGCTCGGGTTCTTG	PMPCA_-_139305175.23-P1P2
GTGCGTGAGGCGAGAGGAGC	UBE2N_+_93835696.23-P1P2
GTGCGTGTCAGTGGCGCTAG	ACTR1A_+_104262452.23-P1P2
GTGCTAGAGATTGCCAGCTT	TDGF1_-_46619550.23-P1P2
GTGCTCAGGCAGCGAGAACA	TAF1_-_70586444.23-P1P2
GTGCTCCGAAAGACTTACCG	MED17_-_93517473.23-P1P2
GTGCTCTGCGCTGAGGTGCT	GTF2H3_-_124118399.23-P1P2
GTGCTGCCCGGGGAGACCGG	PSTK_+_124739974.23-P1
GTGCTGCCGGGACTGCTCCG	PRPF19_-_60673960.23-P1P2
GTGCTGGCCCCGGCCGTGCT	non-targeting_00663
GTGCTTCCGCCTCCCTGTGG	MAU2_-_19431643.23-P1P2
GTGCTTCCTGTGGGACGTGG	ZNF207_-_30677213.23-P1
GTGCTTCGGCGACCGGGCGG	GRB2_+_73401721.23-P1
GTGGAAAAAGGGGTTTCCAG	NANOG_+_7942493.23-P1P2
GTGGAAAGGGAAGAACCTCC	DIS3_+_73356045.23-P1P2
GTGGAAGCAGGTGAGAATGG	PHB_+_47492183.23-P1P2
GTGGAATACGGCGGGAGGTA	TEFM_+_29233099.23-P1P2
GTGGAGAAGCATCAGCTGAG	GPR61_-_110082539.23-P1P2
GTGGAGAGGTGTTACCGGAA	PNISR_+_99873121.23-P1
GTGGAGAGTCTGCATCACCC	OR2A1_-_144015646.23-ENST00000408951.1
GTGGAGATGCAGCCTCCCCG	SARS2_-_39421318.23-P1P2
GTGGAGGACTCTGAAGCACT	DDX56_+_44613471.23-P1P2
GTGGAGGCGGCGGCGCCTAT	MMS19_+_99258100.23-P1P2
GTGGAGGCGTTCCAGCCCAA	NDUFB7_+_14682513.23-P1P2
GTGGAGGTGGCGAAACGAGG	SF3A2_-_2236876.23-P1
GTGGAGTCATAAGACGGCGT	NARS_+_55288993.23-P1P2
GTGGAGTGTCCGCTGTGCCC	EIF3M_-_32605424.23-P1P2
GTGGAGTTTGGTTCTCGAGG	MED26_+_16738991.23-P1P2
GTGGATATCTGCGCGGGGTT	non-targeting_02373
GTGGATGTGGATACCCCGAG	RBX1_-_41347436.23-P1P2
GTGGCAACCGTTGTAAGTGT	RUVBL2_-_49497190.23-P1P2
GTGGCAACGACTCCCCGGGT	MRPL43_+_102747000.23-P1P2
GTGGCACTCGGCGGTCGAAA	NDUFA8_+_124922020.23-P1P2
GTGGCACTTGTGACTGAAGG	KAT5_-_65480114.23-P1P2
GTGGCAGCTCGAGTTCCCGG	RFC3_+_34392294.23-P1P2
GTGGCAGTTGGTGAGCATCA	RUVBL2_-_49497171.23-P1P2
GTGGCCAGAGTCGTACAGGT	PLEKHN1_+_901890.23-P1P2
GTGGCCAGCCGCTGACGGGT	PTCD3_-_86333438.23-P1P2
GTGGCCAGTGCCAAGAGCAG	DDX19B_-_70328715.23-P2
GTGGCCGAGTCTCCTCACTG	MRPS26_+_3026693.23-P1P2
GTGGCCGCGGGAGAACGCTC	FAM229A_-_32827628.23-P1P2
GTGGCCGGCCGGGTCACTGG	PABPN1_-_23791085.23-P1P2
GTGGCCTAGGACGGAGGGAA	GIT2_-_110433753.23-P1P2
GTGGCCTCCCTAGTGCGGGC	SNRNP25_-_103870.23-P1P2
GTGGCCTCGGCGGGATCCTG	NAA38_-_117824411.23-P1P2
GTGGCCTGTAGAGAGAAAGG	UNC45A_+_91478755.23-P1
GTGGCCTTCACGCCCCAAGC	non-targeting_03290
GTGGCGAAGCCAGCTGCTGG	ANAPC10_+_146019314.23-P1P2
GTGGCGATGGGACTAATGTG	OXA1L_-_23235932.23-P1P2
GTGGCGCATAGGGGTTCTCC	HBS1L_+_135375911.23-P1P2
GTGGCGCCAGCTCCCGGGTT	NOP56_+_2633285.23-P1P2
GTGGCGCGACCGGAAGTGAT	METTL23_+_74722914.23-P1P2
GTGGCGCGGGACAAACGCCA	KIF11_-_94352958.23-P1P2
GTGGCGCGTGGCTTACGCAA	SLC9B1_+_103940810.23-P1P2
GTGGCGGACCCCGGAAGTGT	VPS37C_+_60928912.23-P1P2
GTGGCGGCGGTGGATATCCG	MED6_+_71067331.23-P1P2
GTGGCGGTCGGGAACTCGGT	CDK2_-_56360602.23-P1P2
GTGGCGGTGATCGCGAGGCA	non-targeting_03703
GTGGCGGTTACTGCAAGCCC	NOL9_+_6614393.23-P1P2
GTGGCGTCGGGCAGCGGGGT	ZMAT2_-_140080067.23-P1
GTGGCTACCACCCTAGAGCG	HAUS7_-_152760909.23-P2
GTGGCTATTGGGAACAAGCT	CRKL_-_21271784.23-P1P2
GTGGCTCCTGGAAGCAGGGC	TVP23C_+_15466774.23-P1P2
GTGGCTGCGCTGACACTGAG	NSUN4_-_46806520.23-P1P2
GTGGCTGCTGTGTGGACCAG	PSMB6_+_4700995.23-P2
GTGGCTGGGATCATCCGCGG	LSM6_-_147096913.23-P1P2
GTGGCTGTCTCTGCAGTCGA	MRPS35_-_27863821.23-P1P2
GTGGCTTTGTCGGTTGCTAC	non-targeting_02824
GTGGGAAGAAGTCCGAGCAG	HARS2_+_140071236.23-P1P2
GTGGGACCAGGCGGGCCAAG	TMEM199_+_26684570.23-P1P2
GTGGGAGATGTGCAGCCTCA	SLC4A5_-_74590469.23-P2
GTGGGATCGCGGGCCGTAAG	MVD_+_88729520.23-P1P2
GTGGGCACCCGAGTCCCGAG	IPO11_-_61708830.23-P1P2
GTGGGCAGGGAGAACTCCGG	ZNF253_+_19976912.23-P1P2
GTGGGCAGTCGAACAGCGGG	PPP1R8_+_28157375.23-P1P2
GTGGGCGGTCGAAGAGATGG	HAUS5_-_36103753.23-P1P2
GTGGGCGTCGGTCGTCGGTG	DCTN1_+_74618953.23-P1P2
GTGGGCTCCCGGGTACTGGG	EXOSC10_-_11159881.23-P1P2
GTGGGCTCCTTGGTACCATG	HEATR1_+_236767776.23-P1P2
GTGGGCTCGGGCAGCTTGAA	POLE2_+_50154826.23-P1P2
GTGGGCTGCAGTTGGAACGA	VPS51_-_64863725.23-P1P2
GTGGGCTGGGTGACGCCAGG	FXN_+_71650730.23-P1P2
GTGGGGACGACAGTGTCGAG	SF3B1_-_198299356.23-P1P2
GTGGGGAGAAGCGGAGAACC	STRAP_+_16035370.23-P1P2
GTGGGGAGGCGTGAGGGAAA	C1QTNF4_-_47615924.23-P1P2
GTGGGGCGAGGGAGAAACCC	PPP1CA_+_67168941.23-P1
GTGGGGCGCCTGTAAAGTTA	THG1L_-_157158472.23-P1P2
GTGGGGCGCGGGCGATTTGT	MIS18A_+_33651327.23-P1P2
GTGGGGGAGCAGCCGAAGAG	STAT5A_-_40440912.23-P1P2
GTGGGGGCCGCTAGGAAATG	RPTOR_+_78519208.23-P1P2
GTGGGGGTGTGCGATTGTGT	TSG101_+_18548431.23-P1P2
GTGGGGTCCTCGATACGGAA	SNW1_+_78227421.23-P1
GTGGGGTGGGGGAAAGGAAC	SMUG1_+_54582758.23-P1P2
GTGGGTCCGGGAGAATCTGT	IMP4_+_131100464.23-P1P2
GTGGGTCCGGTGGGGTCAGT	ASF1B_-_14247349.23-P1P2
GTGGGTCCTTCGGCAGGAGG	DDOST_+_20987846.23-P1P2
GTGGGTCGGGAGTCACGGTG	DDX46_-_134094650.23-P1
GTGGGTGCAACAAGAGAAGG	RPL18A_+_17970907.23-P1P2
GTGGTAACAGCACACGAGAG	MED4_+_48669127.23-P1P2
GTGGTAGCATAGTTCTTCAG	CFDP1_-_75448185.23-P2
GTGGTAGGACTTGCTGGTGG	RPL36A_-_100646053.23-P1P2
GTGGTCCTGAAGCCTGGATA	ARPC2_-_219103608.23-P2
GTGGTGAGAGCTGCGGAATC	RPL35_+_127624168.23-P1P2
GTGGTGAGCGCGGGTACCCG	PSMG3_+_1609624.23-P1
GTGGTGCAGGGAGCGAGAAT	HMGN2_-_26799202.23-P1P2
GTGGTGGCGGCGCTCCGCAG	NAE1_+_66864833.23-P1P2
GTGGTGTAGCAGCCATATCC	ARPC2_+_219103598.23-P2
GTGGTGTCCTGGCAAAAGCA	NACA_+_57118865.23-P1P2
GTGGTTTGATGGAGGAATAG	SPDYE2_+_102191744.23-ENST00000432940.1-ENST00000507918.1
GTGTACGTGGCTCATGGGTG	non-targeting_03162
GTGTAGGAGGGGCCGACCAG	PIGH_-_68066655.23-P1P2
GTGTATGAGGCCATAGAGGA	OR1D2_-_2995835.23-ENST00000331459.1
GTGTCCATGTGGACAGGGGT	SENP6_+_76311650.23-P1P2
GTGTCCCCGGGCTACACCTG	BRIX1_-_34916034.23-P1P2
GTGTCCCTGACGCGGATCAC	DNAJC11_+_6761910.23-P1P2
GTGTCCGGGGTGATGTCCAC	NLE1_-_33469053.23-P1P2
GTGTCGCGGCCTCTGTCCCA	PPP6C_+_127951685.23-P1P2
GTGTCGTCGGAGAGGCATCT	RIOK2_+_96518912.23-P1P2
GTGTCTACCAGTTCCTGAGA	NAT10_-_34127188.23-P1P2
GTGTGAGAGCGGTAAGATGG	PSMD11_-_30771547.23-P1P2
GTGTGCAGCGGGAAAGTCCA	CEP192_+_12991384.23-P1P2
GTGTGCAGGCCGGGAGGTAG	ARHGAP11B_-_30918429.23-P1P2
GTGTGCGCGAGTTAAGCTGG	STRIP1_-_110577243.23-P1P2
GTGTGCGCGCCTCCAGGGAA	RPAIN_-_5323498.23-P1P2
GTGTGCGGCTCCGGAGTCCG	FBL_-_40336975.23-P1P2
GTGTGGAGCAGCACTCCTTC	PSMC6_-_53174195.23-P1P2
GTGTGGCCGTGGCTACCGAT	COG8_-_69373434.23-P1P2
GTGTGGCGGTACGGTAACCG	GAR1_-_110736884.23-P1P2
GTGTGGGCCCGGGCCGTCGT	GLRX5_-_96001406.23-P1P2
GTGTGGGGTACGGCAGACGT	non-targeting_02345
GTGTGGTGCTGGCGGCGACG	PMPCA_-_139305149.23-P1P2
GTGTGGTGGTTCCCGCAGAG	THOC2_+_122866836.23-P1P2
GTGTGGTTCATGGTGACCAG	IFITM2_+_308180.23-P1P2
GTGTGTCGCATACCGCCCTC	RBM48_+_92158174.23-P1P2
GTGTGTCGCCGGCTCCTTGA	UTP15_-_72861621.23-P1P2
GTGTGTTCGCAGCCTTGCCG	CHMP7_-_23104196.23-P1P2
GTGTTAACACCCCAGCCACT	non-targeting_00281
GTGTTCGGGGAGGATTCCGA	RPS29_+_50065387.23-P2
GTGTTTGAGGATGTAGGCAC	TARS2_-_150459914.23-P1P2
GTGTTTGCTTCGGCAGAAAA	NDUFS5_-_39494612.23-P2
GTGTTTGGTGGAGCCCGCGA	EXOSC3_+_37785037.23-P1P2
GTTAAGAAGCAGTGAATAAG	HIST1H2BN_-_27806374.23-P1P2
GTTAAGGAGCAATACTACAG	HOXC10_+_54379003.23-P1P2
GTTACCAAGGCACGAGGATC	NIP7_-_69373710.23-P1P2
GTTACCGGGACCGAGGCCAC	UTP23_+_117778813.23-P1P2
GTTACCGGTCGGAATACCTA	ZNHIT6_-_86174058.23-P1P2
GTTACCTACCCAGACCCCAG	PPP1R2_+_195269654.23-P1P2
GTTACTACAGGAGCCGAAGG	non-targeting_00531
GTTAGCACGAGCCTGAAACT	TPT1_-_45915260.23-P1P2
GTTAGCCAGGTTATCCCCAG	PPP1R11_-_30035028.23-P1P2
GTTAGGGGGAAGACCCGGGC	RNF4_-_2471349.23-P1P2
GTTAGGTGAACGACGTGGTG	NOL8_+_95087581.23-P1P2
GTTATGGCCGAAGGGGACGG	ZNF100_-_21950100.23-P1P2
GTTATTTATTAACATAGACA	OR7A17_-_14992230.23-ENST00000327462.2
GTTCAGCTCTAGATCCACGG	PFDN1_-_139682650.23-P1P2
GTTCAGTCGGGTCCCGGCAG	CFL1_+_65625628.23-P1P2
GTTCCACCGCCACCCACCTC	ACTL6A_+_179280755.23-P1P2
GTTCCACTAGACACGCTGAA	WDR36_-_110428095.23-P1P2
GTTCCAGACCGGCACACAGT	SDHAF2_+_61197835.23-P1P2
GTTCCAGCGGGACCAAGCAA	RPS3A_+_152021229.23-P1P2
GTTCCCAGAACAGACCTAGG	TLCD1_+_27053148.23-P1P2
GTTCCCGGCCTGGTAAGTGT	POLR2B_+_57845291.23-P1P2
GTTCCCTGACGGTCACCTTA	MRPL21_+_68671245.23-P1P2
GTTCCCTGCCGGAGTCCGGG	ZNF830_+_33288601.23-P1P2
GTTCCGCCGGGCTCCCGATG	NHLRC2_+_115614607.23-P1P2
GTTCCGCCTGGATAGTGCGG	non-targeting_01795
GTTCCGGCCACAAGCCGCAC	RPS26_+_56436127.23-P1P2
GTTCCTCGCGCTCCCGGTAG	KRI1_-_10676612.23-P1P2
GTTCGAGTGGACCATCAGGT	COPZ1_+_54695041.23-P2
GTTCGCACGACGCAGCGGTT	PCF11_-_82868190.23-P1P2
GTTCGCCTCCGGAGCCATGG	METTL17_-_21458167.23-P1P2
GTTCGGGGAAGAGGAGCTCT	HAUS4_+_23426073.23-P1P2
GTTCGGGGCCCCACTCACTT	SNRPC_+_34725323.23-P1P2
GTTCGTCTGGGAAGGTCCTA	SPTLC1_+_94877225.23-P1P2
GTTCGTCTGGGCTGCCAACA	RPL27A_-_8704363.23-P1P2
GTTCGTTGGGGCAGCATTGT	C1D_+_68289917.23-P1P2
GTTCTACACATTGGAAATAA	non-targeting_00126
GTTCTACTGGAGACCACTTT	PPIL4_+_149867112.23-P1P2
GTTCTAGCCCTCCCATCCCA	OSTC_-_109572201.23-P1P2
GTTCTAGGGTTCATGACAGT	OR4N2_+_20296003.23-ENST00000315947.1
GTTCTGCAGAGGAGACCGGA	WDR12_+_203776353.23-P1P2
GTTCTGGGCGGACGCTCTGG	ARMC6_-_19144470.23-P1P2
GTTCTTGGCGCCGGAGGAAG	NAPG_-_10526057.23-P1P2
GTTGAAACTAGATAGGCCGC	non-targeting_02969
GTTGAAAGTAGGGACCTCAG	CCND1_-_69467368.23-P2
GTTGAAGCGGGTGAGTAGAG	POLD1_-_50887659.23-P1P2
GTTGAGACTGAGAAGAATAA	UQCRC1_+_48643236.23-P2
GTTGAGCCGGCGAGCTGCAC	CPOX_-_98312447.23-P1P2
GTTGAGCGGGACCGGAGCTG	SAE1_-_47634169.23-P1P2
GTTGAGCGGGGGCCGACCGA	TXNL4B_+_72127483.23-P1P2
GTTGAGGAGTAACGGCCCAG	TIMM23B_-_51371488.23-P1P2;TIMM23_+_51623265.23-ENST00000260867.4
GTTGAGGCCCAACCAGGGAG	YPEL5_-_30369815.23-P1P2
GTTGAGGGCGAAGAAACAAG	PCBP2_-_53836012.23-P2
GTTGAGTCTGAAGCGCTGGG	KIF18A_+_28129677.23-P1P2
GTTGATTGGGGTCCTCGATA	C14orf178_+_78227426.23-P1P2
GTTGCAGCCTGGCCTGCGCG	NUP133_-_229644064.23-P1P2
GTTGCAGGGACAAGTTTACT	HIST1H2BE_+_26184396.23-ENST00000356530.3
GTTGCCACGGCGAAAGCGGG	non-targeting_02844
GTTGCCAGGGACAGACGGCG	MIS12_+_5389910.23-P1P2
GTTGCCCCGGTTGGCATGCT	non-targeting_01794
GTTGCCTTAGAGAGGTTCCC	DPAGT1_+_118972531.23-P1P2
GTTGCGCGAGCCGGGCTGTC	ELP6_+_47555158.23-P1P2
GTTGCGCGCGCGGGAGTCAG	POLD1_-_50887603.23-P1P2
GTTGCGGAGGTTGTCGACAA	MYO1H_+_109826602.23-ENST00000431443.2
GTTGCGTAATGTACGCTCCG	non-targeting_02833
GTTGCGTGGCGGGAACGCGG	SHQ1_+_72897533.23-P1P2
GTTGCTGAGGTGACTTCAGT	SDHC_-_161284228.23-P1P2
GTTGCTTGCGAAGCCGGCTT	MED27_+_134955254.23-P1P2
GTTGGAGCCTGGCGTAGTCA	SPC24_+_11266448.23-P1P2
GTTGGCCGAGTGAGTCACTC	CYFIP1_+_22892711.23-P1P2
GTTGGCCTGGTGTTCCTCCT	POTEI_+_131267148.23-ENST00000451531.2
GTTGGCGAAGTGGGTTCCGG	TUT1_+_62358999.23-P1
GTTGGCGCGCGCGCCCTAGG	NUP155_+_37371164.23-P1P2
GTTGGCGGTCGTGGTTCCGG	SS18L2_-_42632379.23-P1P2
GTTGGGACTCCGCGATCCTC	USP10_+_84733660.23-P1P2
GTTGGGAGTGCAGCCGCGGC	LSM12_-_42143977.23-P1P2
GTTGGGCGTGGCTCTACTAG	non-targeting_01378
GTTGGGTAGAGGAAGCCGTG	ATP6V1C1_-_104033344.23-P1P2
GTTGGTCGCGCGCCTTCCTG	SF3B2_-_65819849.23-P1P2
GTTGGTTACCCCTCGATTGG	non-targeting_03589
GTTGTCGCCGGCCACTCCAC	HSD17B10_-_53461314.23-P1P2
GTTGTGAAGAGGGACAGCGA	non-targeting_02717
GTTGTGGTCAGCCATCGTCT	CENPT_-_67867769.23-P1P2
GTTTCAGCGGCAGGCGAAGG	NSMCE2_-_126104128.23-P1P2
GTTTCAGGTGGGAACTATCC	HAPLN2_+_156589260.23-P1P2
GTTTCCTGCGCAGGAGGTGA	RPL13_-_89627126.23-P1P2
GTTTCGACGGCACGGACAGA	non-targeting_00914
GTTTCTCTCGGAGGCCGGAG	ARIH1_-_72766733.23-P1P2
GTTTGCAGGAGTCTACACCC	DBR1_+_137893744.23-P1P2
GTTTGCCGAATACCGAGGCA	non-targeting_02819
GTTTTCGGGCTTGTACCGCT	MRPS16_+_75012360.23-P1P2
